solid OpenSCAD_Model
  facet normal 0 0.941493 0.337031
    outer loop
      vertex 2.4 21.8974 20.2563
      vertex 0 21.7899 20.5566
      vertex 2.4 21.7899 20.5566
    endloop
  endfacet
  facet normal 0 0.941493 0.337031
    outer loop
      vertex 0 21.7899 20.5566
      vertex 2.4 21.8974 20.2563
      vertex 0 21.8974 20.2563
    endloop
  endfacet
  facet normal 0 -0.803224 0.595677
    outer loop
      vertex 0 27.4123 19.4382
      vertex 2.4 27.6023 19.6944
      vertex 0 27.6023 19.6944
    endloop
  endfacet
  facet normal 0 -0.803224 0.595677
    outer loop
      vertex 2.4 27.6023 19.6944
      vertex 0 27.4123 19.4382
      vertex 2.4 27.4123 19.4382
    endloop
  endfacet
  facet normal 0 -0.740904 0.671611
    outer loop
      vertex 0 27.1981 19.2019
      vertex 2.4 27.4123 19.4382
      vertex 0 27.4123 19.4382
    endloop
  endfacet
  facet normal 0 -0.740904 0.671611
    outer loop
      vertex 2.4 27.4123 19.4382
      vertex 0 27.1981 19.2019
      vertex 2.4 27.1981 19.2019
    endloop
  endfacet
  facet normal 0 0.857852 -0.513896
    outer loop
      vertex 2.4 22.0338 23.032
      vertex 0 22.1977 23.3056
      vertex 2.4 22.1977 23.3056
    endloop
  endfacet
  facet normal 0 0.857852 -0.513896
    outer loop
      vertex 0 22.1977 23.3056
      vertex 2.4 22.0338 23.032
      vertex 0 22.0338 23.032
    endloop
  endfacet
  facet normal 0 -0.513896 -0.857852
    outer loop
      vertex 0 26.432 24.3662
      vertex 2.4 26.7056 24.2023
      vertex 2.4 26.432 24.3662
    endloop
  endfacet
  facet normal -0 -0.513896 -0.857852
    outer loop
      vertex 2.4 26.7056 24.2023
      vertex 0 26.432 24.3662
      vertex 0 26.7056 24.2023
    endloop
  endfacet
  facet normal 0 0.337031 -0.941493
    outer loop
      vertex 0 23.6563 24.5026
      vertex 2.4 23.9566 24.6101
      vertex 2.4 23.6563 24.5026
    endloop
  endfacet
  facet normal 0 0.337031 -0.941493
    outer loop
      vertex 2.4 23.9566 24.6101
      vertex 0 23.6563 24.5026
      vertex 0 23.9566 24.6101
    endloop
  endfacet
  facet normal 0 -0.998788 -0.0492184
    outer loop
      vertex 0 28.15 21.5
      vertex 2.4 28.1343 21.8186
      vertex 0 28.1343 21.8186
    endloop
  endfacet
  facet normal 0 -0.998788 -0.0492184
    outer loop
      vertex 2.4 28.1343 21.8186
      vertex 0 28.15 21.5
      vertex 2.4 28.15 21.5
    endloop
  endfacet
  facet normal 0 0.998803 0.0489056
    outer loop
      vertex 2.4 21.6656 21.1814
      vertex 0 21.65 21.5
      vertex 2.4 21.65 21.5
    endloop
  endfacet
  facet normal 0 0.998803 0.0489056
    outer loop
      vertex 0 21.65 21.5
      vertex 2.4 21.6656 21.1814
      vertex 0 21.6656 21.1814
    endloop
  endfacet
  facet normal 0 -0.595677 -0.803224
    outer loop
      vertex 0 26.7056 24.2023
      vertex 2.4 26.9618 24.0123
      vertex 2.4 26.7056 24.2023
    endloop
  endfacet
  facet normal -0 -0.595677 -0.803224
    outer loop
      vertex 2.4 26.9618 24.0123
      vertex 0 26.7056 24.2023
      vertex 0 26.9618 24.0123
    endloop
  endfacet
  facet normal 0 -0.595631 0.803258
    outer loop
      vertex 0 26.9618 18.9877
      vertex 2.4 26.7761 18.85
      vertex 2.4 26.9618 18.9877
    endloop
  endfacet
  facet normal 0 -0.595631 0.803258
    outer loop
      vertex 2.4 26.7761 18.85
      vertex 0 26.9618 18.9877
      vertex 0 26.7761 18.85
    endloop
  endfacet
  facet normal 0 -0.989215 0.146469
    outer loop
      vertex 0 28.0876 20.866
      vertex 2.4 28.1343 21.1814
      vertex 0 28.1343 21.1814
    endloop
  endfacet
  facet normal 0 -0.989215 0.146469
    outer loop
      vertex 2.4 28.1343 21.1814
      vertex 0 28.0876 20.866
      vertex 2.4 28.0876 20.866
    endloop
  endfacet
  facet normal 0 -0.903936 0.427668
    outer loop
      vertex 0 27.7662 19.968
      vertex 2.4 27.9026 20.2563
      vertex 0 27.9026 20.2563
    endloop
  endfacet
  facet normal 0 -0.903936 0.427668
    outer loop
      vertex 2.4 27.9026 20.2563
      vertex 0 27.7662 19.968
      vertex 2.4 27.7662 19.968
    endloop
  endfacet
  facet normal 0 0.903936 -0.427668
    outer loop
      vertex 2.4 21.8974 22.7437
      vertex 0 22.0338 23.032
      vertex 2.4 22.0338 23.032
    endloop
  endfacet
  facet normal 0 0.903936 -0.427668
    outer loop
      vertex 0 22.0338 23.032
      vertex 2.4 21.8974 22.7437
      vertex 0 21.8974 22.7437
    endloop
  endfacet
  facet normal 0 0.242978 -0.970032
    outer loop
      vertex 0 23.9566 24.6101
      vertex 2.4 24.266 24.6876
      vertex 2.4 23.9566 24.6101
    endloop
  endfacet
  facet normal 0 0.242978 -0.970032
    outer loop
      vertex 2.4 24.266 24.6876
      vertex 0 23.9566 24.6101
      vertex 0 24.266 24.6876
    endloop
  endfacet
  facet normal 0 -0.970032 0.242978
    outer loop
      vertex 0 28.0101 20.5566
      vertex 2.4 28.0876 20.866
      vertex 0 28.0876 20.866
    endloop
  endfacet
  facet normal 0 -0.970032 0.242978
    outer loop
      vertex 2.4 28.0876 20.866
      vertex 0 28.0101 20.5566
      vertex 2.4 28.0101 20.5566
    endloop
  endfacet
  facet normal 0 -0.671611 -0.740904
    outer loop
      vertex 0 26.9618 24.0123
      vertex 2.4 27.1981 23.7981
      vertex 2.4 26.9618 24.0123
    endloop
  endfacet
  facet normal -0 -0.671611 -0.740904
    outer loop
      vertex 2.4 27.1981 23.7981
      vertex 0 26.9618 24.0123
      vertex 0 27.1981 23.7981
    endloop
  endfacet
  facet normal 0 0.970032 -0.242978
    outer loop
      vertex 2.4 21.7124 22.134
      vertex 0 21.7899 22.4434
      vertex 2.4 21.7899 22.4434
    endloop
  endfacet
  facet normal 0 0.970032 -0.242978
    outer loop
      vertex 0 21.7899 22.4434
      vertex 2.4 21.7124 22.134
      vertex 0 21.7124 22.134
    endloop
  endfacet
  facet normal 0 -0.857852 -0.513896
    outer loop
      vertex 0 27.7662 23.032
      vertex 2.4 27.6023 23.3056
      vertex 0 27.6023 23.3056
    endloop
  endfacet
  facet normal 0 -0.857852 -0.513896
    outer loop
      vertex 2.4 27.6023 23.3056
      vertex 0 27.7662 23.032
      vertex 2.4 27.7662 23.032
    endloop
  endfacet
  facet normal 0 -0.989215 -0.146469
    outer loop
      vertex 0 28.1343 21.8186
      vertex 2.4 28.0876 22.134
      vertex 0 28.0876 22.134
    endloop
  endfacet
  facet normal 0 -0.989215 -0.146469
    outer loop
      vertex 2.4 28.0876 22.134
      vertex 0 28.1343 21.8186
      vertex 2.4 28.1343 21.8186
    endloop
  endfacet
  facet normal 0 0.903936 0.427668
    outer loop
      vertex 2.4 22.0338 19.968
      vertex 0 21.8974 20.2563
      vertex 2.4 21.8974 20.2563
    endloop
  endfacet
  facet normal 0 0.903936 0.427668
    outer loop
      vertex 0 21.8974 20.2563
      vertex 2.4 22.0338 19.968
      vertex 0 22.0338 19.968
    endloop
  endfacet
  facet normal 0 -0.740904 -0.671611
    outer loop
      vertex 0 27.4123 23.5618
      vertex 2.4 27.1981 23.7981
      vertex 0 27.1981 23.7981
    endloop
  endfacet
  facet normal 0 -0.740904 -0.671611
    outer loop
      vertex 2.4 27.1981 23.7981
      vertex 0 27.4123 23.5618
      vertex 2.4 27.4123 23.5618
    endloop
  endfacet
  facet normal 0 -0.803224 -0.595677
    outer loop
      vertex 0 27.6023 23.3056
      vertex 2.4 27.4123 23.5618
      vertex 0 27.4123 23.5618
    endloop
  endfacet
  facet normal 0 -0.803224 -0.595677
    outer loop
      vertex 2.4 27.4123 23.5618
      vertex 0 27.6023 23.3056
      vertex 2.4 27.6023 23.3056
    endloop
  endfacet
  facet normal 0 -0.941493 0.337031
    outer loop
      vertex 0 27.9026 20.2563
      vertex 2.4 28.0101 20.5566
      vertex 0 28.0101 20.5566
    endloop
  endfacet
  facet normal 0 -0.941493 0.337031
    outer loop
      vertex 2.4 28.0101 20.5566
      vertex 0 27.9026 20.2563
      vertex 2.4 27.9026 20.2563
    endloop
  endfacet
  facet normal 0 -0.857852 0.513896
    outer loop
      vertex 0 27.6023 19.6944
      vertex 2.4 27.7662 19.968
      vertex 0 27.7662 19.968
    endloop
  endfacet
  facet normal 0 -0.857852 0.513896
    outer loop
      vertex 2.4 27.7662 19.968
      vertex 0 27.6023 19.6944
      vertex 2.4 27.6023 19.6944
    endloop
  endfacet
  facet normal 0 0.98917 0.146776
    outer loop
      vertex 2.4 21.7124 20.866
      vertex 0 21.6656 21.1814
      vertex 2.4 21.6656 21.1814
    endloop
  endfacet
  facet normal 0 0.98917 0.146776
    outer loop
      vertex 0 21.6656 21.1814
      vertex 2.4 21.7124 20.866
      vertex 0 21.7124 20.866
    endloop
  endfacet
  facet normal -0 0.671611 0.740904
    outer loop
      vertex 0 22.8382 18.9877
      vertex 2.4 22.6019 19.2019
      vertex 2.4 22.8382 18.9877
    endloop
  endfacet
  facet normal 0 0.671611 0.740904
    outer loop
      vertex 2.4 22.6019 19.2019
      vertex 0 22.8382 18.9877
      vertex 0 22.6019 19.2019
    endloop
  endfacet
  facet normal -0 0.595631 0.803258
    outer loop
      vertex 0 23.0239 18.85
      vertex 2.4 22.8382 18.9877
      vertex 2.4 23.0239 18.85
    endloop
  endfacet
  facet normal 0 0.595631 0.803258
    outer loop
      vertex 2.4 22.8382 18.9877
      vertex 0 23.0239 18.85
      vertex 0 22.8382 18.9877
    endloop
  endfacet
  facet normal 0 0.970032 0.242978
    outer loop
      vertex 2.4 21.7899 20.5566
      vertex 0 21.7124 20.866
      vertex 2.4 21.7124 20.866
    endloop
  endfacet
  facet normal 0 0.970032 0.242978
    outer loop
      vertex 0 21.7124 20.866
      vertex 2.4 21.7899 20.5566
      vertex 0 21.7899 20.5566
    endloop
  endfacet
  facet normal 0 -0.970032 -0.242978
    outer loop
      vertex 0 28.0876 22.134
      vertex 2.4 28.0101 22.4434
      vertex 0 28.0101 22.4434
    endloop
  endfacet
  facet normal 0 -0.970032 -0.242978
    outer loop
      vertex 2.4 28.0101 22.4434
      vertex 0 28.0876 22.134
      vertex 2.4 28.0876 22.134
    endloop
  endfacet
  facet normal 0 -0.337031 -0.941493
    outer loop
      vertex 0 25.8434 24.6101
      vertex 2.4 26.1437 24.5026
      vertex 2.4 25.8434 24.6101
    endloop
  endfacet
  facet normal -0 -0.337031 -0.941493
    outer loop
      vertex 2.4 26.1437 24.5026
      vertex 0 25.8434 24.6101
      vertex 0 26.1437 24.5026
    endloop
  endfacet
  facet normal 0 -0.903936 -0.427668
    outer loop
      vertex 0 27.9026 22.7437
      vertex 2.4 27.7662 23.032
      vertex 0 27.7662 23.032
    endloop
  endfacet
  facet normal 0 -0.903936 -0.427668
    outer loop
      vertex 2.4 27.7662 23.032
      vertex 0 27.9026 22.7437
      vertex 2.4 27.9026 22.7437
    endloop
  endfacet
  facet normal 0 -0.146776 -0.98917
    outer loop
      vertex 0 25.2186 24.7344
      vertex 2.4 25.534 24.6876
      vertex 2.4 25.2186 24.7344
    endloop
  endfacet
  facet normal -0 -0.146776 -0.98917
    outer loop
      vertex 2.4 25.534 24.6876
      vertex 0 25.2186 24.7344
      vertex 0 25.534 24.6876
    endloop
  endfacet
  facet normal 0 -0.242978 -0.970032
    outer loop
      vertex 0 25.534 24.6876
      vertex 2.4 25.8434 24.6101
      vertex 2.4 25.534 24.6876
    endloop
  endfacet
  facet normal -0 -0.242978 -0.970032
    outer loop
      vertex 2.4 25.8434 24.6101
      vertex 0 25.534 24.6876
      vertex 0 25.8434 24.6101
    endloop
  endfacet
  facet normal 0 0.427668 -0.903936
    outer loop
      vertex 0 23.368 24.3662
      vertex 2.4 23.6563 24.5026
      vertex 2.4 23.368 24.3662
    endloop
  endfacet
  facet normal 0 0.427668 -0.903936
    outer loop
      vertex 2.4 23.6563 24.5026
      vertex 0 23.368 24.3662
      vertex 0 23.6563 24.5026
    endloop
  endfacet
  facet normal 0 -0.998788 0.0492184
    outer loop
      vertex 0 28.1343 21.1814
      vertex 2.4 28.15 21.5
      vertex 0 28.15 21.5
    endloop
  endfacet
  facet normal 0 -0.998788 0.0492184
    outer loop
      vertex 2.4 28.15 21.5
      vertex 0 28.1343 21.1814
      vertex 2.4 28.1343 21.1814
    endloop
  endfacet
  facet normal 0 0.513896 -0.857852
    outer loop
      vertex 0 23.0944 24.2023
      vertex 2.4 23.368 24.3662
      vertex 2.4 23.0944 24.2023
    endloop
  endfacet
  facet normal 0 0.513896 -0.857852
    outer loop
      vertex 2.4 23.368 24.3662
      vertex 0 23.0944 24.2023
      vertex 0 23.368 24.3662
    endloop
  endfacet
  facet normal 0 -0.941493 -0.337031
    outer loop
      vertex 0 28.0101 22.4434
      vertex 2.4 27.9026 22.7437
      vertex 0 27.9026 22.7437
    endloop
  endfacet
  facet normal 0 -0.941493 -0.337031
    outer loop
      vertex 2.4 27.9026 22.7437
      vertex 0 28.0101 22.4434
      vertex 2.4 28.0101 22.4434
    endloop
  endfacet
  facet normal 0 0.803224 0.595677
    outer loop
      vertex 2.4 22.3877 19.4382
      vertex 0 22.1977 19.6944
      vertex 2.4 22.1977 19.6944
    endloop
  endfacet
  facet normal 0 0.803224 0.595677
    outer loop
      vertex 0 22.1977 19.6944
      vertex 2.4 22.3877 19.4382
      vertex 0 22.3877 19.4382
    endloop
  endfacet
  facet normal 0 0.146776 -0.98917
    outer loop
      vertex 0 24.266 24.6876
      vertex 2.4 24.5814 24.7344
      vertex 2.4 24.266 24.6876
    endloop
  endfacet
  facet normal 0 0.146776 -0.98917
    outer loop
      vertex 2.4 24.5814 24.7344
      vertex 0 24.266 24.6876
      vertex 0 24.5814 24.7344
    endloop
  endfacet
  facet normal 0 0.671611 -0.740904
    outer loop
      vertex 0 22.6019 23.7981
      vertex 2.4 22.8382 24.0123
      vertex 2.4 22.6019 23.7981
    endloop
  endfacet
  facet normal 0 0.671611 -0.740904
    outer loop
      vertex 2.4 22.8382 24.0123
      vertex 0 22.6019 23.7981
      vertex 0 22.8382 24.0123
    endloop
  endfacet
  facet normal 0 0.595677 -0.803224
    outer loop
      vertex 0 22.8382 24.0123
      vertex 2.4 23.0944 24.2023
      vertex 2.4 22.8382 24.0123
    endloop
  endfacet
  facet normal 0 0.595677 -0.803224
    outer loop
      vertex 2.4 23.0944 24.2023
      vertex 0 22.8382 24.0123
      vertex 0 23.0944 24.2023
    endloop
  endfacet
  facet normal 0 -0.427668 -0.903936
    outer loop
      vertex 0 26.1437 24.5026
      vertex 2.4 26.432 24.3662
      vertex 2.4 26.1437 24.5026
    endloop
  endfacet
  facet normal -0 -0.427668 -0.903936
    outer loop
      vertex 2.4 26.432 24.3662
      vertex 0 26.1437 24.5026
      vertex 0 26.432 24.3662
    endloop
  endfacet
  facet normal 0 0.0489056 -0.998803
    outer loop
      vertex 0 24.5814 24.7344
      vertex 2.4 24.9 24.75
      vertex 2.4 24.5814 24.7344
    endloop
  endfacet
  facet normal 0 0.0489056 -0.998803
    outer loop
      vertex 2.4 24.9 24.75
      vertex 0 24.5814 24.7344
      vertex 0 24.9 24.75
    endloop
  endfacet
  facet normal 0 -0.671611 0.740904
    outer loop
      vertex 0 27.1981 19.2019
      vertex 2.4 26.9618 18.9877
      vertex 2.4 27.1981 19.2019
    endloop
  endfacet
  facet normal 0 -0.671611 0.740904
    outer loop
      vertex 2.4 26.9618 18.9877
      vertex 0 27.1981 19.2019
      vertex 0 26.9618 18.9877
    endloop
  endfacet
  facet normal 0 0.857852 0.513896
    outer loop
      vertex 2.4 22.1977 19.6944
      vertex 0 22.0338 19.968
      vertex 2.4 22.0338 19.968
    endloop
  endfacet
  facet normal 0 0.857852 0.513896
    outer loop
      vertex 0 22.0338 19.968
      vertex 2.4 22.1977 19.6944
      vertex 0 22.1977 19.6944
    endloop
  endfacet
  facet normal 0 0.803224 -0.595677
    outer loop
      vertex 2.4 22.1977 23.3056
      vertex 0 22.3877 23.5618
      vertex 2.4 22.3877 23.5618
    endloop
  endfacet
  facet normal 0 0.803224 -0.595677
    outer loop
      vertex 0 22.3877 23.5618
      vertex 2.4 22.1977 23.3056
      vertex 0 22.1977 23.3056
    endloop
  endfacet
  facet normal 0 0.740904 -0.671611
    outer loop
      vertex 2.4 22.3877 23.5618
      vertex 0 22.6019 23.7981
      vertex 2.4 22.6019 23.7981
    endloop
  endfacet
  facet normal 0 0.740904 -0.671611
    outer loop
      vertex 0 22.6019 23.7981
      vertex 2.4 22.3877 23.5618
      vertex 0 22.3877 23.5618
    endloop
  endfacet
  facet normal 0 0.998803 -0.0489056
    outer loop
      vertex 2.4 21.65 21.5
      vertex 0 21.6656 21.8186
      vertex 2.4 21.6656 21.8186
    endloop
  endfacet
  facet normal 0 0.998803 -0.0489056
    outer loop
      vertex 0 21.6656 21.8186
      vertex 2.4 21.65 21.5
      vertex 0 21.65 21.5
    endloop
  endfacet
  facet normal 0 0.98917 -0.146776
    outer loop
      vertex 2.4 21.6656 21.8186
      vertex 0 21.7124 22.134
      vertex 2.4 21.7124 22.134
    endloop
  endfacet
  facet normal 0 0.98917 -0.146776
    outer loop
      vertex 0 21.7124 22.134
      vertex 2.4 21.6656 21.8186
      vertex 0 21.6656 21.8186
    endloop
  endfacet
  facet normal 0 -0.0489056 -0.998803
    outer loop
      vertex 0 24.9 24.75
      vertex 2.4 25.2186 24.7344
      vertex 2.4 24.9 24.75
    endloop
  endfacet
  facet normal -0 -0.0489056 -0.998803
    outer loop
      vertex 2.4 25.2186 24.7344
      vertex 0 24.9 24.75
      vertex 0 25.2186 24.7344
    endloop
  endfacet
  facet normal 0 0.941493 -0.337031
    outer loop
      vertex 2.4 21.7899 22.4434
      vertex 0 21.8974 22.7437
      vertex 2.4 21.8974 22.7437
    endloop
  endfacet
  facet normal 0 0.941493 -0.337031
    outer loop
      vertex 0 21.8974 22.7437
      vertex 2.4 21.7899 22.4434
      vertex 0 21.7899 22.4434
    endloop
  endfacet
  facet normal 0 0.740904 0.671611
    outer loop
      vertex 2.4 22.6019 19.2019
      vertex 0 22.3877 19.4382
      vertex 2.4 22.3877 19.4382
    endloop
  endfacet
  facet normal 0 0.740904 0.671611
    outer loop
      vertex 0 22.3877 19.4382
      vertex 2.4 22.6019 19.2019
      vertex 0 22.6019 19.2019
    endloop
  endfacet
  facet normal -0 0 1
    outer loop
      vertex 0 26.7761 18.85
      vertex 2.4 23.0239 18.85
      vertex 2.4 26.7761 18.85
    endloop
  endfacet
  facet normal 0 0 1
    outer loop
      vertex 2.4 23.0239 18.85
      vertex 0 26.7761 18.85
      vertex 0 23.0239 18.85
    endloop
  endfacet
  facet normal 0 -0.336902 -0.94154
    outer loop
      vertex 85.4 26.1918 18.2584
      vertex 87.8 26.6029 18.1113
      vertex 87.8 26.1918 18.2584
    endloop
  endfacet
  facet normal -0 -0.336902 -0.94154
    outer loop
      vertex 87.8 26.6029 18.1113
      vertex 85.4 26.1918 18.2584
      vertex 85.4 26.6029 18.1113
    endloop
  endfacet
  facet normal 0 -0.242988 0.970029
    outer loop
      vertex 85.4 26.1918 9.74162
      vertex 87.8 25.7682 9.63551
      vertex 87.8 26.1918 9.74162
    endloop
  endfacet
  facet normal 0 -0.242988 0.970029
    outer loop
      vertex 87.8 25.7682 9.63551
      vertex 85.4 26.1918 9.74162
      vertex 85.4 25.7682 9.63551
    endloop
  endfacet
  facet normal 0 -0.514058 0.857755
    outer loop
      vertex 85.4 27.3723 10.3
      vertex 87.8 26.9977 10.0755
      vertex 87.8 27.3723 10.3
    endloop
  endfacet
  facet normal 0 -0.514058 0.857755
    outer loop
      vertex 87.8 26.9977 10.0755
      vertex 85.4 27.3723 10.3
      vertex 85.4 26.9977 10.0755
    endloop
  endfacet
  facet normal 0 -0.427618 0.90396
    outer loop
      vertex 85.4 26.9977 10.0755
      vertex 87.8 26.6029 9.88874
      vertex 87.8 26.9977 10.0755
    endloop
  endfacet
  facet normal 0 -0.427618 0.90396
    outer loop
      vertex 87.8 26.6029 9.88874
      vertex 85.4 26.9977 10.0755
      vertex 85.4 26.6029 9.88874
    endloop
  endfacet
  facet normal 0 -0.0490697 0.998795
    outer loop
      vertex 85.4 25.3362 9.57143
      vertex 87.8 24.9 9.55
      vertex 87.8 25.3362 9.57143
    endloop
  endfacet
  facet normal 0 -0.0490697 0.998795
    outer loop
      vertex 87.8 24.9 9.55
      vertex 85.4 25.3362 9.57143
      vertex 85.4 24.9 9.55
    endloop
  endfacet
  facet normal 0 0.857755 -0.514058
    outer loop
      vertex 87.8 20.9755 16.0977
      vertex 85.4 21.2 16.4723
      vertex 87.8 21.2 16.4723
    endloop
  endfacet
  facet normal 0 0.857755 -0.514058
    outer loop
      vertex 85.4 21.2 16.4723
      vertex 87.8 20.9755 16.0977
      vertex 85.4 20.9755 16.0977
    endloop
  endfacet
  facet normal 0 -0.514058 -0.857755
    outer loop
      vertex 85.4 26.9977 17.9245
      vertex 87.8 27.3723 17.7
      vertex 87.8 26.9977 17.9245
    endloop
  endfacet
  facet normal -0 -0.514058 -0.857755
    outer loop
      vertex 87.8 27.3723 17.7
      vertex 85.4 26.9977 17.9245
      vertex 85.4 27.3723 17.7
    endloop
  endfacet
  facet normal 0 -0.595704 -0.803204
    outer loop
      vertex 85.4 27.3723 17.7
      vertex 87.8 27.723 17.4399
      vertex 87.8 27.3723 17.7
    endloop
  endfacet
  facet normal -0 -0.595704 -0.803204
    outer loop
      vertex 87.8 27.723 17.4399
      vertex 85.4 27.3723 17.7
      vertex 85.4 27.723 17.4399
    endloop
  endfacet
  facet normal 0 0.740944 -0.671567
    outer loop
      vertex 87.8 21.4601 16.823
      vertex 85.4 21.7534 17.1466
      vertex 87.8 21.7534 17.1466
    endloop
  endfacet
  facet normal 0 0.740944 -0.671567
    outer loop
      vertex 85.4 21.7534 17.1466
      vertex 87.8 21.4601 16.823
      vertex 85.4 21.4601 16.823
    endloop
  endfacet
  facet normal 0 0.336902 -0.94154
    outer loop
      vertex 85.4 23.1971 18.1113
      vertex 87.8 23.6082 18.2584
      vertex 87.8 23.1971 18.1113
    endloop
  endfacet
  facet normal 0 0.336902 -0.94154
    outer loop
      vertex 87.8 23.6082 18.2584
      vertex 85.4 23.1971 18.1113
      vertex 85.4 23.6082 18.2584
    endloop
  endfacet
  facet normal -0 0.146728 0.989177
    outer loop
      vertex 85.4 24.4638 9.57143
      vertex 87.8 24.0318 9.63551
      vertex 87.8 24.4638 9.57143
    endloop
  endfacet
  facet normal 0 0.146728 0.989177
    outer loop
      vertex 87.8 24.0318 9.63551
      vertex 85.4 24.4638 9.57143
      vertex 85.4 24.0318 9.63551
    endloop
  endfacet
  facet normal 0 0.427693 -0.903924
    outer loop
      vertex 85.4 22.8023 17.9245
      vertex 87.8 23.1971 18.1113
      vertex 87.8 22.8023 17.9245
    endloop
  endfacet
  facet normal 0 0.427693 -0.903924
    outer loop
      vertex 87.8 23.1971 18.1113
      vertex 85.4 22.8023 17.9245
      vertex 85.4 23.1971 18.1113
    endloop
  endfacet
  facet normal -0 0.242988 0.970029
    outer loop
      vertex 85.4 24.0318 9.63551
      vertex 87.8 23.6082 9.74162
      vertex 87.8 24.0318 9.63551
    endloop
  endfacet
  facet normal 0 0.242988 0.970029
    outer loop
      vertex 87.8 23.6082 9.74162
      vertex 85.4 24.0318 9.63551
      vertex 85.4 23.6082 9.74162
    endloop
  endfacet
  facet normal 0 -0.671567 0.740944
    outer loop
      vertex 85.4 28.0466 10.8534
      vertex 87.8 27.723 10.5601
      vertex 87.8 28.0466 10.8534
    endloop
  endfacet
  facet normal 0 -0.671567 0.740944
    outer loop
      vertex 87.8 27.723 10.5601
      vertex 85.4 28.0466 10.8534
      vertex 85.4 27.723 10.5601
    endloop
  endfacet
  facet normal 0 0.146773 -0.98917
    outer loop
      vertex 85.4 24.0318 18.3645
      vertex 87.8 24.4638 18.4286
      vertex 87.8 24.0318 18.3645
    endloop
  endfacet
  facet normal 0 0.146773 -0.98917
    outer loop
      vertex 87.8 24.4638 18.4286
      vertex 85.4 24.0318 18.3645
      vertex 85.4 24.4638 18.4286
    endloop
  endfacet
  facet normal 0 0.0490011 -0.998799
    outer loop
      vertex 85.4 24.4638 18.4286
      vertex 87.8 24.9 18.45
      vertex 87.8 24.4638 18.4286
    endloop
  endfacet
  facet normal 0 0.0490011 -0.998799
    outer loop
      vertex 87.8 24.9 18.45
      vertex 85.4 24.4638 18.4286
      vertex 85.4 24.9 18.45
    endloop
  endfacet
  facet normal 0 -0.803204 0.595704
    outer loop
      vertex 85.4 28.3399 11.177
      vertex 87.8 28.6 11.5277
      vertex 85.4 28.6 11.5277
    endloop
  endfacet
  facet normal 0 -0.803204 0.595704
    outer loop
      vertex 87.8 28.6 11.5277
      vertex 85.4 28.3399 11.177
      vertex 87.8 28.3399 11.177
    endloop
  endfacet
  facet normal 0 -0.336943 0.941525
    outer loop
      vertex 85.4 26.6029 9.88874
      vertex 87.8 26.1918 9.74162
      vertex 87.8 26.6029 9.88874
    endloop
  endfacet
  facet normal 0 -0.336943 0.941525
    outer loop
      vertex 87.8 26.1918 9.74162
      vertex 85.4 26.6029 9.88874
      vertex 85.4 26.1918 9.74162
    endloop
  endfacet
  facet normal 0 -0.740944 0.671567
    outer loop
      vertex 85.4 28.0466 10.8534
      vertex 87.8 28.3399 11.177
      vertex 85.4 28.3399 11.177
    endloop
  endfacet
  facet normal 0 -0.740944 0.671567
    outer loop
      vertex 87.8 28.3399 11.177
      vertex 85.4 28.0466 10.8534
      vertex 87.8 28.0466 10.8534
    endloop
  endfacet
  facet normal 0 0.857755 0.514058
    outer loop
      vertex 87.8 21.2 11.5277
      vertex 85.4 20.9755 11.9023
      vertex 87.8 20.9755 11.9023
    endloop
  endfacet
  facet normal 0 0.857755 0.514058
    outer loop
      vertex 85.4 20.9755 11.9023
      vertex 87.8 21.2 11.5277
      vertex 85.4 21.2 11.5277
    endloop
  endfacet
  facet normal 0 0.242967 -0.970035
    outer loop
      vertex 85.4 23.6082 18.2584
      vertex 87.8 24.0318 18.3645
      vertex 87.8 23.6082 18.2584
    endloop
  endfacet
  facet normal 0 0.242967 -0.970035
    outer loop
      vertex 87.8 24.0318 18.3645
      vertex 85.4 23.6082 18.2584
      vertex 85.4 24.0318 18.3645
    endloop
  endfacet
  facet normal 0 -0.146773 -0.98917
    outer loop
      vertex 85.4 25.3362 18.4286
      vertex 87.8 25.7682 18.3645
      vertex 87.8 25.3362 18.4286
    endloop
  endfacet
  facet normal -0 -0.146773 -0.98917
    outer loop
      vertex 87.8 25.7682 18.3645
      vertex 85.4 25.3362 18.4286
      vertex 85.4 25.7682 18.3645
    endloop
  endfacet
  facet normal 0 -0.146728 0.989177
    outer loop
      vertex 85.4 25.7682 9.63551
      vertex 87.8 25.3362 9.57143
      vertex 87.8 25.7682 9.63551
    endloop
  endfacet
  facet normal 0 -0.146728 0.989177
    outer loop
      vertex 87.8 25.3362 9.57143
      vertex 85.4 25.7682 9.63551
      vertex 85.4 25.3362 9.57143
    endloop
  endfacet
  facet normal 0 -0.740944 -0.671567
    outer loop
      vertex 85.4 28.3399 16.823
      vertex 87.8 28.0466 17.1466
      vertex 85.4 28.0466 17.1466
    endloop
  endfacet
  facet normal 0 -0.740944 -0.671567
    outer loop
      vertex 87.8 28.0466 17.1466
      vertex 85.4 28.3399 16.823
      vertex 87.8 28.3399 16.823
    endloop
  endfacet
  facet normal 0 -0.242967 -0.970035
    outer loop
      vertex 85.4 25.7682 18.3645
      vertex 87.8 26.1918 18.2584
      vertex 87.8 25.7682 18.3645
    endloop
  endfacet
  facet normal -0 -0.242967 -0.970035
    outer loop
      vertex 87.8 26.1918 18.2584
      vertex 85.4 25.7682 18.3645
      vertex 85.4 26.1918 18.2584
    endloop
  endfacet
  facet normal 0 0.903916 0.427709
    outer loop
      vertex 87.8 20.9755 11.9023
      vertex 85.4 20.8 12.2732
      vertex 87.8 20.8 12.2732
    endloop
  endfacet
  facet normal 0 0.903916 0.427709
    outer loop
      vertex 85.4 20.8 12.2732
      vertex 87.8 20.9755 11.9023
      vertex 85.4 20.9755 11.9023
    endloop
  endfacet
  facet normal 0 -0.857755 0.514058
    outer loop
      vertex 85.4 28.6 11.5277
      vertex 87.8 28.8245 11.9023
      vertex 85.4 28.8245 11.9023
    endloop
  endfacet
  facet normal 0 -0.857755 0.514058
    outer loop
      vertex 87.8 28.8245 11.9023
      vertex 85.4 28.6 11.5277
      vertex 87.8 28.6 11.5277
    endloop
  endfacet
  facet normal 0 -0.903916 0.427709
    outer loop
      vertex 85.4 28.8245 11.9023
      vertex 87.8 29 12.2732
      vertex 85.4 29 12.2732
    endloop
  endfacet
  facet normal 0 -0.903916 0.427709
    outer loop
      vertex 87.8 29 12.2732
      vertex 85.4 28.8245 11.9023
      vertex 87.8 28.8245 11.9023
    endloop
  endfacet
  facet normal 0 -0.803204 -0.595704
    outer loop
      vertex 85.4 28.6 16.4723
      vertex 87.8 28.3399 16.823
      vertex 85.4 28.3399 16.823
    endloop
  endfacet
  facet normal 0 -0.803204 -0.595704
    outer loop
      vertex 87.8 28.3399 16.823
      vertex 85.4 28.6 16.4723
      vertex 87.8 28.6 16.4723
    endloop
  endfacet
  facet normal -0 0.336943 0.941525
    outer loop
      vertex 85.4 23.6082 9.74162
      vertex 87.8 23.1971 9.88874
      vertex 87.8 23.6082 9.74162
    endloop
  endfacet
  facet normal 0 0.336943 0.941525
    outer loop
      vertex 87.8 23.1971 9.88874
      vertex 85.4 23.6082 9.74162
      vertex 85.4 23.1971 9.88874
    endloop
  endfacet
  facet normal -0 0.671567 0.740944
    outer loop
      vertex 85.4 22.077 10.5601
      vertex 87.8 21.7534 10.8534
      vertex 87.8 22.077 10.5601
    endloop
  endfacet
  facet normal 0 0.671567 0.740944
    outer loop
      vertex 87.8 21.7534 10.8534
      vertex 85.4 22.077 10.5601
      vertex 85.4 21.7534 10.8534
    endloop
  endfacet
  facet normal -0 0.595704 0.803204
    outer loop
      vertex 85.4 22.4277 10.3
      vertex 87.8 22.077 10.5601
      vertex 87.8 22.4277 10.3
    endloop
  endfacet
  facet normal 0 0.595704 0.803204
    outer loop
      vertex 87.8 22.077 10.5601
      vertex 85.4 22.4277 10.3
      vertex 85.4 22.077 10.5601
    endloop
  endfacet
  facet normal 0 -0.857755 -0.514058
    outer loop
      vertex 85.4 28.8245 16.0977
      vertex 87.8 28.6 16.4723
      vertex 85.4 28.6 16.4723
    endloop
  endfacet
  facet normal 0 -0.857755 -0.514058
    outer loop
      vertex 87.8 28.6 16.4723
      vertex 85.4 28.8245 16.0977
      vertex 87.8 28.8245 16.0977
    endloop
  endfacet
  facet normal 0 -0.903916 -0.427709
    outer loop
      vertex 85.4 29 15.7268
      vertex 87.8 28.8245 16.0977
      vertex 85.4 28.8245 16.0977
    endloop
  endfacet
  facet normal 0 -0.903916 -0.427709
    outer loop
      vertex 87.8 28.8245 16.0977
      vertex 85.4 29 15.7268
      vertex 87.8 29 15.7268
    endloop
  endfacet
  facet normal 0 0.514058 -0.857755
    outer loop
      vertex 85.4 22.4277 17.7
      vertex 87.8 22.8023 17.9245
      vertex 87.8 22.4277 17.7
    endloop
  endfacet
  facet normal 0 0.514058 -0.857755
    outer loop
      vertex 87.8 22.8023 17.9245
      vertex 85.4 22.4277 17.7
      vertex 85.4 22.8023 17.9245
    endloop
  endfacet
  facet normal 0 0.595704 -0.803204
    outer loop
      vertex 85.4 22.077 17.4399
      vertex 87.8 22.4277 17.7
      vertex 87.8 22.077 17.4399
    endloop
  endfacet
  facet normal 0 0.595704 -0.803204
    outer loop
      vertex 87.8 22.4277 17.7
      vertex 85.4 22.077 17.4399
      vertex 85.4 22.4277 17.7
    endloop
  endfacet
  facet normal 0 -0.595704 0.803204
    outer loop
      vertex 85.4 27.723 10.5601
      vertex 87.8 27.3723 10.3
      vertex 87.8 27.723 10.5601
    endloop
  endfacet
  facet normal 0 -0.595704 0.803204
    outer loop
      vertex 87.8 27.3723 10.3
      vertex 85.4 27.723 10.5601
      vertex 85.4 27.3723 10.3
    endloop
  endfacet
  facet normal 0 0.903916 -0.427709
    outer loop
      vertex 87.8 20.8 15.7268
      vertex 85.4 20.9755 16.0977
      vertex 87.8 20.9755 16.0977
    endloop
  endfacet
  facet normal 0 0.903916 -0.427709
    outer loop
      vertex 85.4 20.9755 16.0977
      vertex 87.8 20.8 15.7268
      vertex 85.4 20.8 15.7268
    endloop
  endfacet
  facet normal 0 0.803204 0.595704
    outer loop
      vertex 87.8 21.4601 11.177
      vertex 85.4 21.2 11.5277
      vertex 87.8 21.2 11.5277
    endloop
  endfacet
  facet normal 0 0.803204 0.595704
    outer loop
      vertex 85.4 21.2 11.5277
      vertex 87.8 21.4601 11.177
      vertex 85.4 21.4601 11.177
    endloop
  endfacet
  facet normal -0 0.0490697 0.998795
    outer loop
      vertex 85.4 24.9 9.55
      vertex 87.8 24.4638 9.57143
      vertex 87.8 24.9 9.55
    endloop
  endfacet
  facet normal 0 0.0490697 0.998795
    outer loop
      vertex 87.8 24.4638 9.57143
      vertex 85.4 24.9 9.55
      vertex 85.4 24.4638 9.57143
    endloop
  endfacet
  facet normal 0 0.671567 -0.740944
    outer loop
      vertex 85.4 21.7534 17.1466
      vertex 87.8 22.077 17.4399
      vertex 87.8 21.7534 17.1466
    endloop
  endfacet
  facet normal 0 0.671567 -0.740944
    outer loop
      vertex 87.8 22.077 17.4399
      vertex 85.4 21.7534 17.1466
      vertex 85.4 22.077 17.4399
    endloop
  endfacet
  facet normal 0 -0.427693 -0.903924
    outer loop
      vertex 85.4 26.6029 18.1113
      vertex 87.8 26.9977 17.9245
      vertex 87.8 26.6029 18.1113
    endloop
  endfacet
  facet normal -0 -0.427693 -0.903924
    outer loop
      vertex 87.8 26.9977 17.9245
      vertex 85.4 26.6029 18.1113
      vertex 85.4 26.9977 17.9245
    endloop
  endfacet
  facet normal -0 0.427618 0.90396
    outer loop
      vertex 85.4 23.1971 9.88874
      vertex 87.8 22.8023 10.0755
      vertex 87.8 23.1971 9.88874
    endloop
  endfacet
  facet normal 0 0.427618 0.90396
    outer loop
      vertex 87.8 22.8023 10.0755
      vertex 85.4 23.1971 9.88874
      vertex 85.4 22.8023 10.0755
    endloop
  endfacet
  facet normal -0 0.514058 0.857755
    outer loop
      vertex 85.4 22.8023 10.0755
      vertex 87.8 22.4277 10.3
      vertex 87.8 22.8023 10.0755
    endloop
  endfacet
  facet normal 0 0.514058 0.857755
    outer loop
      vertex 87.8 22.4277 10.3
      vertex 85.4 22.8023 10.0755
      vertex 85.4 22.4277 10.3
    endloop
  endfacet
  facet normal 0 -0.671567 -0.740944
    outer loop
      vertex 85.4 27.723 17.4399
      vertex 87.8 28.0466 17.1466
      vertex 87.8 27.723 17.4399
    endloop
  endfacet
  facet normal -0 -0.671567 -0.740944
    outer loop
      vertex 87.8 28.0466 17.1466
      vertex 85.4 27.723 17.4399
      vertex 85.4 28.0466 17.1466
    endloop
  endfacet
  facet normal 0 0.803204 -0.595704
    outer loop
      vertex 87.8 21.2 16.4723
      vertex 85.4 21.4601 16.823
      vertex 87.8 21.4601 16.823
    endloop
  endfacet
  facet normal 0 0.803204 -0.595704
    outer loop
      vertex 85.4 21.4601 16.823
      vertex 87.8 21.2 16.4723
      vertex 85.4 21.2 16.4723
    endloop
  endfacet
  facet normal 0 -0.0490011 -0.998799
    outer loop
      vertex 85.4 24.9 18.45
      vertex 87.8 25.3362 18.4286
      vertex 87.8 24.9 18.45
    endloop
  endfacet
  facet normal -0 -0.0490011 -0.998799
    outer loop
      vertex 87.8 25.3362 18.4286
      vertex 85.4 24.9 18.45
      vertex 85.4 25.3362 18.4286
    endloop
  endfacet
  facet normal 0 0.740944 0.671567
    outer loop
      vertex 87.8 21.7534 10.8534
      vertex 85.4 21.4601 11.177
      vertex 87.8 21.4601 11.177
    endloop
  endfacet
  facet normal 0 0.740944 0.671567
    outer loop
      vertex 85.4 21.4601 11.177
      vertex 87.8 21.7534 10.8534
      vertex 85.4 21.7534 10.8534
    endloop
  endfacet
  facet normal 0 -1 0
    outer loop
      vertex 85.4 29 12.2732
      vertex 87.8 29 15.7268
      vertex 85.4 29 15.7268
    endloop
  endfacet
  facet normal 0 -1 -0
    outer loop
      vertex 87.8 29 15.7268
      vertex 85.4 29 12.2732
      vertex 87.8 29 12.2732
    endloop
  endfacet
  facet normal 0 1 -0
    outer loop
      vertex 87.8 20.8 12.2732
      vertex 85.4 20.8 15.7268
      vertex 87.8 20.8 15.7268
    endloop
  endfacet
  facet normal 0 1 0
    outer loop
      vertex 85.4 20.8 15.7268
      vertex 87.8 20.8 12.2732
      vertex 85.4 20.8 12.2732
    endloop
  endfacet
  facet normal -0.427548 -0.903993 0
    outer loop
      vertex 2.11441 0.472315 0
      vertex 2.46927 0.304482 34.1
      vertex 2.11441 0.472315 34.1
    endloop
  endfacet
  facet normal -0.427548 -0.903993 -0
    outer loop
      vertex 2.46927 0.304482 34.1
      vertex 2.11441 0.472315 0
      vertex 2.46927 0.304482 0
    endloop
  endfacet
  facet normal 0 1 -0
    outer loop
      vertex 83.8 49.8 0
      vertex 4 49.8 34.1
      vertex 83.8 49.8 34.1
    endloop
  endfacet
  facet normal 0 1 0
    outer loop
      vertex 4 49.8 34.1
      vertex 83.8 49.8 0
      vertex 4 49.8 0
    endloop
  endfacet
  facet normal -0.970032 -0.242978 0
    outer loop
      vertex 0.172238 2.83886 0
      vertex 0.0768585 3.21964 34.1
      vertex 0.0768585 3.21964 0
    endloop
  endfacet
  facet normal -0.970032 -0.242978 0
    outer loop
      vertex 0.0768585 3.21964 34.1
      vertex 0.172238 2.83886 0
      vertex 0.172238 2.83886 34.1
    endloop
  endfacet
  facet normal -0.740892 0.671624 0
    outer loop
      vertex 0.907958 48.3376 0
      vertex 1.17157 48.6284 34.1
      vertex 1.17157 48.6284 0
    endloop
  endfacet
  facet normal -0.740892 0.671624 0
    outer loop
      vertex 1.17157 48.6284 34.1
      vertex 0.907958 48.3376 0
      vertex 0.907958 48.3376 34.1
    endloop
  endfacet
  facet normal -0.514095 0.857733 0
    outer loop
      vertex 2.11441 49.3277 0
      vertex 1.77772 49.1259 34.1
      vertex 2.11441 49.3277 34.1
    endloop
  endfacet
  facet normal -0.514095 0.857733 0
    outer loop
      vertex 1.77772 49.1259 34.1
      vertex 2.11441 49.3277 0
      vertex 1.77772 49.1259 0
    endloop
  endfacet
  facet normal -0.671531 0.740977 0
    outer loop
      vertex 1.46243 48.892 0
      vertex 1.17157 48.6284 34.1
      vertex 1.46243 48.892 34.1
    endloop
  endfacet
  facet normal -0.671531 0.740977 0
    outer loop
      vertex 1.17157 48.6284 34.1
      vertex 1.46243 48.892 0
      vertex 1.17157 48.6284 0
    endloop
  endfacet
  facet normal 0.427509 -0.904011 0
    outer loop
      vertex 85.3307 0.304482 0
      vertex 85.6856 0.472315 34.1
      vertex 85.3307 0.304482 34.1
    endloop
  endfacet
  facet normal 0.427509 -0.904011 0
    outer loop
      vertex 85.6856 0.472315 34.1
      vertex 85.3307 0.304482 0
      vertex 85.6856 0.472315 0
    endloop
  endfacet
  facet normal 0 -1 0
    outer loop
      vertex 4 0 0
      vertex 83.8 0 34.1
      vertex 4 0 34.1
    endloop
  endfacet
  facet normal 0 -1 -0
    outer loop
      vertex 83.8 0 34.1
      vertex 4 0 0
      vertex 83.8 0 0
    endloop
  endfacet
  facet normal 0.85774 0.514084 0
    outer loop
      vertex 87.3277 47.6856 34.1
      vertex 87.1259 48.0223 0
      vertex 87.1259 48.0223 34.1
    endloop
  endfacet
  facet normal 0.85774 0.514084 0
    outer loop
      vertex 87.1259 48.0223 0
      vertex 87.3277 47.6856 34.1
      vertex 87.3277 47.6856 0
    endloop
  endfacet
  facet normal 1 0 0
    outer loop
      vertex 87.8 45.8 34.1
      vertex 87.8 29 15.7268
      vertex 87.8 45.8 0
    endloop
  endfacet
  facet normal 1 0 0
    outer loop
      vertex 87.8 45.8 34.1
      vertex 87.8 28.8245 16.0977
      vertex 87.8 29 15.7268
    endloop
  endfacet
  facet normal 1 0 0
    outer loop
      vertex 87.8 45.8 34.1
      vertex 87.8 28.6 16.4723
      vertex 87.8 28.8245 16.0977
    endloop
  endfacet
  facet normal 1 0 0
    outer loop
      vertex 87.8 45.8 34.1
      vertex 87.8 28.3399 16.823
      vertex 87.8 28.6 16.4723
    endloop
  endfacet
  facet normal 1 0 0
    outer loop
      vertex 87.8 45.8 34.1
      vertex 87.8 28.0466 17.1466
      vertex 87.8 28.3399 16.823
    endloop
  endfacet
  facet normal 1 0 0
    outer loop
      vertex 87.8 45.8 34.1
      vertex 87.8 27.723 17.4399
      vertex 87.8 28.0466 17.1466
    endloop
  endfacet
  facet normal 1 0 0
    outer loop
      vertex 87.8 45.8 34.1
      vertex 87.8 27.3723 17.7
      vertex 87.8 27.723 17.4399
    endloop
  endfacet
  facet normal 1 0 0
    outer loop
      vertex 87.8 45.8 34.1
      vertex 87.8 26.9977 17.9245
      vertex 87.8 27.3723 17.7
    endloop
  endfacet
  facet normal 1 0 0
    outer loop
      vertex 87.8 45.8 34.1
      vertex 87.8 26.6029 18.1113
      vertex 87.8 26.9977 17.9245
    endloop
  endfacet
  facet normal 1 0 0
    outer loop
      vertex 87.8 45.8 34.1
      vertex 87.8 26.1918 18.2584
      vertex 87.8 26.6029 18.1113
    endloop
  endfacet
  facet normal 1 0 0
    outer loop
      vertex 87.8 45.8 34.1
      vertex 87.8 25.7682 18.3645
      vertex 87.8 26.1918 18.2584
    endloop
  endfacet
  facet normal 1 0 0
    outer loop
      vertex 87.8 45.8 34.1
      vertex 87.8 25.3362 18.4286
      vertex 87.8 25.7682 18.3645
    endloop
  endfacet
  facet normal 1 0 0
    outer loop
      vertex 87.8 45.8 34.1
      vertex 87.8 24.9 18.45
      vertex 87.8 25.3362 18.4286
    endloop
  endfacet
  facet normal 1 -0 0
    outer loop
      vertex 87.8 4 34.1
      vertex 87.8 24.9 18.45
      vertex 87.8 45.8 34.1
    endloop
  endfacet
  facet normal 1 0 0
    outer loop
      vertex 87.8 24.9 18.45
      vertex 87.8 4 34.1
      vertex 87.8 24.4638 18.4286
    endloop
  endfacet
  facet normal 1 0 0
    outer loop
      vertex 87.8 24.4638 18.4286
      vertex 87.8 4 34.1
      vertex 87.8 24.0318 18.3645
    endloop
  endfacet
  facet normal 1 0 0
    outer loop
      vertex 87.8 24.0318 18.3645
      vertex 87.8 4 34.1
      vertex 87.8 23.6082 18.2584
    endloop
  endfacet
  facet normal 1 0 0
    outer loop
      vertex 87.8 23.6082 18.2584
      vertex 87.8 4 34.1
      vertex 87.8 23.1971 18.1113
    endloop
  endfacet
  facet normal 1 0 0
    outer loop
      vertex 87.8 23.1971 18.1113
      vertex 87.8 4 34.1
      vertex 87.8 22.8023 17.9245
    endloop
  endfacet
  facet normal 1 0 0
    outer loop
      vertex 87.8 4 0
      vertex 87.8 20.8 15.7268
      vertex 87.8 4 34.1
    endloop
  endfacet
  facet normal 1 0 0
    outer loop
      vertex 87.8 20.9755 16.0977
      vertex 87.8 4 34.1
      vertex 87.8 20.8 15.7268
    endloop
  endfacet
  facet normal 1 0 0
    outer loop
      vertex 87.8 21.2 16.4723
      vertex 87.8 4 34.1
      vertex 87.8 20.9755 16.0977
    endloop
  endfacet
  facet normal 1 0 0
    outer loop
      vertex 87.8 21.4601 16.823
      vertex 87.8 4 34.1
      vertex 87.8 21.2 16.4723
    endloop
  endfacet
  facet normal 1 0 0
    outer loop
      vertex 87.8 21.7534 17.1466
      vertex 87.8 4 34.1
      vertex 87.8 21.4601 16.823
    endloop
  endfacet
  facet normal 1 0 0
    outer loop
      vertex 87.8 22.077 17.4399
      vertex 87.8 4 34.1
      vertex 87.8 21.7534 17.1466
    endloop
  endfacet
  facet normal 1 0 0
    outer loop
      vertex 87.8 22.4277 17.7
      vertex 87.8 4 34.1
      vertex 87.8 22.077 17.4399
    endloop
  endfacet
  facet normal 1 0 0
    outer loop
      vertex 87.8 22.8023 17.9245
      vertex 87.8 4 34.1
      vertex 87.8 22.4277 17.7
    endloop
  endfacet
  facet normal 1 -0 0
    outer loop
      vertex 87.8 29 12.2732
      vertex 87.8 45.8 0
      vertex 87.8 29 15.7268
    endloop
  endfacet
  facet normal 1 -0 0
    outer loop
      vertex 87.8 28.8245 11.9023
      vertex 87.8 45.8 0
      vertex 87.8 29 12.2732
    endloop
  endfacet
  facet normal 1 -0 0
    outer loop
      vertex 87.8 28.6 11.5277
      vertex 87.8 45.8 0
      vertex 87.8 28.8245 11.9023
    endloop
  endfacet
  facet normal 1 -0 0
    outer loop
      vertex 87.8 28.3399 11.177
      vertex 87.8 45.8 0
      vertex 87.8 28.6 11.5277
    endloop
  endfacet
  facet normal 1 -0 0
    outer loop
      vertex 87.8 28.0466 10.8534
      vertex 87.8 45.8 0
      vertex 87.8 28.3399 11.177
    endloop
  endfacet
  facet normal 1 -0 0
    outer loop
      vertex 87.8 27.723 10.5601
      vertex 87.8 45.8 0
      vertex 87.8 28.0466 10.8534
    endloop
  endfacet
  facet normal 1 -0 0
    outer loop
      vertex 87.8 27.3723 10.3
      vertex 87.8 45.8 0
      vertex 87.8 27.723 10.5601
    endloop
  endfacet
  facet normal 1 -0 0
    outer loop
      vertex 87.8 26.9977 10.0755
      vertex 87.8 45.8 0
      vertex 87.8 27.3723 10.3
    endloop
  endfacet
  facet normal 1 -0 0
    outer loop
      vertex 87.8 26.6029 9.88874
      vertex 87.8 45.8 0
      vertex 87.8 26.9977 10.0755
    endloop
  endfacet
  facet normal 1 -0 0
    outer loop
      vertex 87.8 26.1918 9.74162
      vertex 87.8 45.8 0
      vertex 87.8 26.6029 9.88874
    endloop
  endfacet
  facet normal 1 -0 0
    outer loop
      vertex 87.8 25.7682 9.63551
      vertex 87.8 45.8 0
      vertex 87.8 26.1918 9.74162
    endloop
  endfacet
  facet normal 1 -0 0
    outer loop
      vertex 87.8 25.3362 9.57143
      vertex 87.8 45.8 0
      vertex 87.8 25.7682 9.63551
    endloop
  endfacet
  facet normal 1 -0 0
    outer loop
      vertex 87.8 24.9 9.55
      vertex 87.8 45.8 0
      vertex 87.8 25.3362 9.57143
    endloop
  endfacet
  facet normal 1 0 0
    outer loop
      vertex 87.8 4 0
      vertex 87.8 24.9 9.55
      vertex 87.8 24.4638 9.57143
    endloop
  endfacet
  facet normal 1 0 0
    outer loop
      vertex 87.8 4 0
      vertex 87.8 24.4638 9.57143
      vertex 87.8 24.0318 9.63551
    endloop
  endfacet
  facet normal 1 0 0
    outer loop
      vertex 87.8 4 0
      vertex 87.8 24.0318 9.63551
      vertex 87.8 23.6082 9.74162
    endloop
  endfacet
  facet normal 1 0 0
    outer loop
      vertex 87.8 4 0
      vertex 87.8 23.6082 9.74162
      vertex 87.8 23.1971 9.88874
    endloop
  endfacet
  facet normal 1 0 0
    outer loop
      vertex 87.8 20.8 15.7268
      vertex 87.8 4 0
      vertex 87.8 20.8 12.2732
    endloop
  endfacet
  facet normal 1 0 0
    outer loop
      vertex 87.8 20.8 12.2732
      vertex 87.8 4 0
      vertex 87.8 20.9755 11.9023
    endloop
  endfacet
  facet normal 1 0 0
    outer loop
      vertex 87.8 20.9755 11.9023
      vertex 87.8 4 0
      vertex 87.8 21.2 11.5277
    endloop
  endfacet
  facet normal 1 0 0
    outer loop
      vertex 87.8 24.9 9.55
      vertex 87.8 4 0
      vertex 87.8 45.8 0
    endloop
  endfacet
  facet normal 1 0 0
    outer loop
      vertex 87.8 22.8023 10.0755
      vertex 87.8 4 0
      vertex 87.8 23.1971 9.88874
    endloop
  endfacet
  facet normal 1 0 0
    outer loop
      vertex 87.8 22.4277 10.3
      vertex 87.8 4 0
      vertex 87.8 22.8023 10.0755
    endloop
  endfacet
  facet normal 1 0 0
    outer loop
      vertex 87.8 22.077 10.5601
      vertex 87.8 4 0
      vertex 87.8 22.4277 10.3
    endloop
  endfacet
  facet normal 1 0 0
    outer loop
      vertex 87.8 21.7534 10.8534
      vertex 87.8 4 0
      vertex 87.8 22.077 10.5601
    endloop
  endfacet
  facet normal 1 0 0
    outer loop
      vertex 87.8 21.4601 11.177
      vertex 87.8 4 0
      vertex 87.8 21.7534 10.8534
    endloop
  endfacet
  facet normal 1 0 0
    outer loop
      vertex 87.8 21.2 11.5277
      vertex 87.8 4 0
      vertex 87.8 21.4601 11.177
    endloop
  endfacet
  facet normal 0.671624 -0.740892 0
    outer loop
      vertex 86.3376 0.907958 0
      vertex 86.6284 1.17157 34.1
      vertex 86.3376 0.907958 34.1
    endloop
  endfacet
  facet normal 0.671624 -0.740892 0
    outer loop
      vertex 86.6284 1.17157 34.1
      vertex 86.3376 0.907958 0
      vertex 86.6284 1.17157 0
    endloop
  endfacet
  facet normal -0.595703 -0.803205 0
    outer loop
      vertex 1.46243 0.907958 0
      vertex 1.77772 0.674121 34.1
      vertex 1.46243 0.907958 34.1
    endloop
  endfacet
  facet normal -0.595703 -0.803205 -0
    outer loop
      vertex 1.77772 0.674121 34.1
      vertex 1.46243 0.907958 0
      vertex 1.77772 0.674121 0
    endloop
  endfacet
  facet normal 0.803128 -0.595806 0
    outer loop
      vertex 86.892 1.46243 34.1
      vertex 87.1259 1.77772 0
      vertex 87.1259 1.77772 34.1
    endloop
  endfacet
  facet normal 0.803128 -0.595806 0
    outer loop
      vertex 87.1259 1.77772 0
      vertex 86.892 1.46243 34.1
      vertex 86.892 1.46243 0
    endloop
  endfacet
  facet normal 0.803137 0.595794 0
    outer loop
      vertex 87.1259 48.0223 34.1
      vertex 86.892 48.3376 0
      vertex 86.892 48.3376 34.1
    endloop
  endfacet
  facet normal 0.803137 0.595794 0
    outer loop
      vertex 86.892 48.3376 0
      vertex 87.1259 48.0223 34.1
      vertex 87.1259 48.0223 0
    endloop
  endfacet
  facet normal 0.904044 0.42744 0
    outer loop
      vertex 87.4955 47.3307 34.1
      vertex 87.3277 47.6856 0
      vertex 87.3277 47.6856 34.1
    endloop
  endfacet
  facet normal 0.904044 0.42744 0
    outer loop
      vertex 87.3277 47.6856 0
      vertex 87.4955 47.3307 34.1
      vertex 87.4955 47.3307 0
    endloop
  endfacet
  facet normal 0.998791 0.0491626 0
    outer loop
      vertex 87.8 45.8 34.1
      vertex 87.7807 46.1921 0
      vertex 87.7807 46.1921 34.1
    endloop
  endfacet
  facet normal 0.998791 0.0491626 0
    outer loop
      vertex 87.7807 46.1921 0
      vertex 87.8 45.8 34.1
      vertex 87.8 45.8 0
    endloop
  endfacet
  facet normal -0.998796 -0.0490657 0
    outer loop
      vertex 0.0192604 3.60793 0
      vertex 0 4 34.1
      vertex 0 4 0
    endloop
  endfacet
  facet normal -0.998796 -0.0490657 0
    outer loop
      vertex 0 4 34.1
      vertex 0.0192604 3.60793 0
      vertex 0.0192604 3.60793 34.1
    endloop
  endfacet
  facet normal -1 0 0
    outer loop
      vertex 0 28.0876 20.866
      vertex 0 45.8 34.1
      vertex 0 45.8 0
    endloop
  endfacet
  facet normal -1 0 0
    outer loop
      vertex 0 45.8 34.1
      vertex 0 28.1343 21.1814
      vertex 0 28.15 21.5
    endloop
  endfacet
  facet normal -1 0 0
    outer loop
      vertex 0 45.8 34.1
      vertex 0 28.0876 20.866
      vertex 0 28.1343 21.1814
    endloop
  endfacet
  facet normal -1 0 0
    outer loop
      vertex 0 45.8 0
      vertex 0 28.0101 20.5566
      vertex 0 28.0876 20.866
    endloop
  endfacet
  facet normal -1 0 0
    outer loop
      vertex 0 45.8 0
      vertex 0 27.9026 20.2563
      vertex 0 28.0101 20.5566
    endloop
  endfacet
  facet normal -1 0 0
    outer loop
      vertex 0 45.8 0
      vertex 0 27.7662 19.968
      vertex 0 27.9026 20.2563
    endloop
  endfacet
  facet normal -1 0 0
    outer loop
      vertex 0 45.8 0
      vertex 0 27.6023 19.6944
      vertex 0 27.7662 19.968
    endloop
  endfacet
  facet normal -1 0 0
    outer loop
      vertex 0 45.8 0
      vertex 0 27.4123 19.4382
      vertex 0 27.6023 19.6944
    endloop
  endfacet
  facet normal -1 0 0
    outer loop
      vertex 0 45.8 0
      vertex 0 27.1981 19.2019
      vertex 0 27.4123 19.4382
    endloop
  endfacet
  facet normal -1 0 0
    outer loop
      vertex 0 45.8 0
      vertex 0 26.9618 18.9877
      vertex 0 27.1981 19.2019
    endloop
  endfacet
  facet normal -1 0 0
    outer loop
      vertex 0 45.8 0
      vertex 0 26.7761 18.85
      vertex 0 26.9618 18.9877
    endloop
  endfacet
  facet normal -1 0 0
    outer loop
      vertex 0 45.8 0
      vertex 0 23.0239 18.85
      vertex 0 26.7761 18.85
    endloop
  endfacet
  facet normal -1 0 0
    outer loop
      vertex 0 4 0
      vertex 0 23.0239 18.85
      vertex 0 45.8 0
    endloop
  endfacet
  facet normal -1 0 0
    outer loop
      vertex 0 21.7124 20.866
      vertex 0 4 34.1
      vertex 0 21.6656 21.1814
    endloop
  endfacet
  facet normal -1 0 0
    outer loop
      vertex 0 4 34.1
      vertex 0 21.7124 20.866
      vertex 0 4 0
    endloop
  endfacet
  facet normal -1 -0 0
    outer loop
      vertex 0 21.7899 20.5566
      vertex 0 4 0
      vertex 0 21.7124 20.866
    endloop
  endfacet
  facet normal -1 -0 0
    outer loop
      vertex 0 21.8974 20.2563
      vertex 0 4 0
      vertex 0 21.7899 20.5566
    endloop
  endfacet
  facet normal -1 -0 0
    outer loop
      vertex 0 22.0338 19.968
      vertex 0 4 0
      vertex 0 21.8974 20.2563
    endloop
  endfacet
  facet normal -1 -0 0
    outer loop
      vertex 0 22.1977 19.6944
      vertex 0 4 0
      vertex 0 22.0338 19.968
    endloop
  endfacet
  facet normal -1 -0 0
    outer loop
      vertex 0 22.3877 19.4382
      vertex 0 4 0
      vertex 0 22.1977 19.6944
    endloop
  endfacet
  facet normal -1 -0 0
    outer loop
      vertex 0 22.6019 19.2019
      vertex 0 4 0
      vertex 0 22.3877 19.4382
    endloop
  endfacet
  facet normal -1 -0 0
    outer loop
      vertex 0 22.8382 18.9877
      vertex 0 4 0
      vertex 0 22.6019 19.2019
    endloop
  endfacet
  facet normal -1 -0 0
    outer loop
      vertex 0 23.0239 18.85
      vertex 0 4 0
      vertex 0 22.8382 18.9877
    endloop
  endfacet
  facet normal -1 0 0
    outer loop
      vertex 0 28.1343 21.8186
      vertex 0 45.8 34.1
      vertex 0 28.15 21.5
    endloop
  endfacet
  facet normal -1 0 0
    outer loop
      vertex 0 28.0876 22.134
      vertex 0 45.8 34.1
      vertex 0 28.1343 21.8186
    endloop
  endfacet
  facet normal -1 0 0
    outer loop
      vertex 0 28.0101 22.4434
      vertex 0 45.8 34.1
      vertex 0 28.0876 22.134
    endloop
  endfacet
  facet normal -1 0 0
    outer loop
      vertex 0 27.9026 22.7437
      vertex 0 45.8 34.1
      vertex 0 28.0101 22.4434
    endloop
  endfacet
  facet normal -1 0 0
    outer loop
      vertex 0 27.7662 23.032
      vertex 0 45.8 34.1
      vertex 0 27.9026 22.7437
    endloop
  endfacet
  facet normal -1 0 0
    outer loop
      vertex 0 27.6023 23.3056
      vertex 0 45.8 34.1
      vertex 0 27.7662 23.032
    endloop
  endfacet
  facet normal -1 0 0
    outer loop
      vertex 0 27.4123 23.5618
      vertex 0 45.8 34.1
      vertex 0 27.6023 23.3056
    endloop
  endfacet
  facet normal -1 0 0
    outer loop
      vertex 0 27.1981 23.7981
      vertex 0 45.8 34.1
      vertex 0 27.4123 23.5618
    endloop
  endfacet
  facet normal -1 0 0
    outer loop
      vertex 0 26.9618 24.0123
      vertex 0 45.8 34.1
      vertex 0 27.1981 23.7981
    endloop
  endfacet
  facet normal -1 0 0
    outer loop
      vertex 0 26.7056 24.2023
      vertex 0 45.8 34.1
      vertex 0 26.9618 24.0123
    endloop
  endfacet
  facet normal -1 0 0
    outer loop
      vertex 0 26.432 24.3662
      vertex 0 45.8 34.1
      vertex 0 26.7056 24.2023
    endloop
  endfacet
  facet normal -1 0 0
    outer loop
      vertex 0 26.1437 24.5026
      vertex 0 45.8 34.1
      vertex 0 26.432 24.3662
    endloop
  endfacet
  facet normal -1 0 0
    outer loop
      vertex 0 25.8434 24.6101
      vertex 0 45.8 34.1
      vertex 0 26.1437 24.5026
    endloop
  endfacet
  facet normal -1 0 0
    outer loop
      vertex 0 25.534 24.6876
      vertex 0 45.8 34.1
      vertex 0 25.8434 24.6101
    endloop
  endfacet
  facet normal -1 0 0
    outer loop
      vertex 0 25.2186 24.7344
      vertex 0 45.8 34.1
      vertex 0 25.534 24.6876
    endloop
  endfacet
  facet normal -1 0 0
    outer loop
      vertex 0 24.9 24.75
      vertex 0 45.8 34.1
      vertex 0 25.2186 24.7344
    endloop
  endfacet
  facet normal -1 0 0
    outer loop
      vertex 0 4 34.1
      vertex 0 24.9 24.75
      vertex 0 24.5814 24.7344
    endloop
  endfacet
  facet normal -1 0 0
    outer loop
      vertex 0 4 34.1
      vertex 0 24.5814 24.7344
      vertex 0 24.266 24.6876
    endloop
  endfacet
  facet normal -1 0 0
    outer loop
      vertex 0 4 34.1
      vertex 0 24.266 24.6876
      vertex 0 23.9566 24.6101
    endloop
  endfacet
  facet normal -1 0 0
    outer loop
      vertex 0 4 34.1
      vertex 0 23.9566 24.6101
      vertex 0 23.6563 24.5026
    endloop
  endfacet
  facet normal -1 0 0
    outer loop
      vertex 0 21.6656 21.1814
      vertex 0 4 34.1
      vertex 0 21.65 21.5
    endloop
  endfacet
  facet normal -1 0 0
    outer loop
      vertex 0 21.65 21.5
      vertex 0 4 34.1
      vertex 0 21.6656 21.8186
    endloop
  endfacet
  facet normal -1 0 0
    outer loop
      vertex 0 21.6656 21.8186
      vertex 0 4 34.1
      vertex 0 21.7124 22.134
    endloop
  endfacet
  facet normal -1 0 0
    outer loop
      vertex 0 21.7124 22.134
      vertex 0 4 34.1
      vertex 0 21.7899 22.4434
    endloop
  endfacet
  facet normal -1 0 0
    outer loop
      vertex 0 21.7899 22.4434
      vertex 0 4 34.1
      vertex 0 21.8974 22.7437
    endloop
  endfacet
  facet normal -1 0 0
    outer loop
      vertex 0 21.8974 22.7437
      vertex 0 4 34.1
      vertex 0 22.0338 23.032
    endloop
  endfacet
  facet normal -1 0 0
    outer loop
      vertex 0 22.0338 23.032
      vertex 0 4 34.1
      vertex 0 22.1977 23.3056
    endloop
  endfacet
  facet normal -1 0 0
    outer loop
      vertex 0 24.9 24.75
      vertex 0 4 34.1
      vertex 0 45.8 34.1
    endloop
  endfacet
  facet normal -1 0 0
    outer loop
      vertex 0 23.368 24.3662
      vertex 0 4 34.1
      vertex 0 23.6563 24.5026
    endloop
  endfacet
  facet normal -1 0 0
    outer loop
      vertex 0 23.0944 24.2023
      vertex 0 4 34.1
      vertex 0 23.368 24.3662
    endloop
  endfacet
  facet normal -1 0 0
    outer loop
      vertex 0 22.8382 24.0123
      vertex 0 4 34.1
      vertex 0 23.0944 24.2023
    endloop
  endfacet
  facet normal -1 0 0
    outer loop
      vertex 0 22.6019 23.7981
      vertex 0 4 34.1
      vertex 0 22.8382 24.0123
    endloop
  endfacet
  facet normal -1 0 0
    outer loop
      vertex 0 22.3877 23.5618
      vertex 0 4 34.1
      vertex 0 22.6019 23.7981
    endloop
  endfacet
  facet normal -1 0 0
    outer loop
      vertex 0 22.1977 23.3056
      vertex 0 4 34.1
      vertex 0 22.3877 23.5618
    endloop
  endfacet
  facet normal -0.740961 -0.671548 0
    outer loop
      vertex 1.17157 1.17157 0
      vertex 0.907958 1.46243 34.1
      vertex 0.907958 1.46243 0
    endloop
  endfacet
  facet normal -0.740961 -0.671548 0
    outer loop
      vertex 0.907958 1.46243 34.1
      vertex 1.17157 1.17157 0
      vertex 1.17157 1.17157 34.1
    endloop
  endfacet
  facet normal 0.0491626 0.998791 -0
    outer loop
      vertex 84.1921 49.7807 0
      vertex 83.8 49.8 34.1
      vertex 84.1921 49.7807 34.1
    endloop
  endfacet
  facet normal 0.0491626 0.998791 0
    outer loop
      vertex 83.8 49.8 34.1
      vertex 84.1921 49.7807 0
      vertex 83.8 49.8 0
    endloop
  endfacet
  facet normal 0.671607 0.740908 -0
    outer loop
      vertex 86.6284 48.6284 0
      vertex 86.3376 48.892 34.1
      vertex 86.6284 48.6284 34.1
    endloop
  endfacet
  facet normal 0.671607 0.740908 0
    outer loop
      vertex 86.3376 48.892 34.1
      vertex 86.6284 48.6284 0
      vertex 86.3376 48.892 0
    endloop
  endfacet
  facet normal 0.941497 -0.337022 0
    outer loop
      vertex 87.4955 2.46927 34.1
      vertex 87.6278 2.83886 0
      vertex 87.6278 2.83886 34.1
    endloop
  endfacet
  facet normal 0.941497 -0.337022 0
    outer loop
      vertex 87.6278 2.83886 0
      vertex 87.4955 2.46927 34.1
      vertex 87.4955 2.46927 0
    endloop
  endfacet
  facet normal 0.59569 -0.803214 0
    outer loop
      vertex 86.0223 0.674121 0
      vertex 86.3376 0.907958 34.1
      vertex 86.0223 0.674121 34.1
    endloop
  endfacet
  facet normal 0.59569 -0.803214 0
    outer loop
      vertex 86.3376 0.907958 34.1
      vertex 86.0223 0.674121 0
      vertex 86.3376 0.907958 0
    endloop
  endfacet
  facet normal -0.941542 -0.336896 0
    outer loop
      vertex 0.304482 2.46927 0
      vertex 0.172238 2.83886 34.1
      vertex 0.172238 2.83886 0
    endloop
  endfacet
  facet normal -0.941542 -0.336896 0
    outer loop
      vertex 0.172238 2.83886 34.1
      vertex 0.304482 2.46927 0
      vertex 0.304482 2.46927 34.1
    endloop
  endfacet
  facet normal 0.989176 -0.146737 0
    outer loop
      vertex 87.7231 3.21964 34.1
      vertex 87.7807 3.60793 0
      vertex 87.7807 3.60793 34.1
    endloop
  endfacet
  facet normal 0.989176 -0.146737 0
    outer loop
      vertex 87.7807 3.60793 0
      vertex 87.7231 3.21964 34.1
      vertex 87.7231 3.21964 0
    endloop
  endfacet
  facet normal 0.857733 -0.514095 0
    outer loop
      vertex 87.1259 1.77772 34.1
      vertex 87.3277 2.11441 0
      vertex 87.3277 2.11441 34.1
    endloop
  endfacet
  facet normal 0.857733 -0.514095 0
    outer loop
      vertex 87.3277 2.11441 0
      vertex 87.1259 1.77772 34.1
      vertex 87.1259 1.77772 0
    endloop
  endfacet
  facet normal 0.595794 0.803137 -0
    outer loop
      vertex 86.3376 48.892 0
      vertex 86.0223 49.1259 34.1
      vertex 86.3376 48.892 34.1
    endloop
  endfacet
  facet normal 0.595794 0.803137 0
    outer loop
      vertex 86.0223 49.1259 34.1
      vertex 86.3376 48.892 0
      vertex 86.0223 49.1259 0
    endloop
  endfacet
  facet normal -0.941545 0.336888 0
    outer loop
      vertex 0.172238 46.9611 0
      vertex 0.304482 47.3307 34.1
      vertex 0.304482 47.3307 0
    endloop
  endfacet
  facet normal -0.941545 0.336888 0
    outer loop
      vertex 0.304482 47.3307 34.1
      vertex 0.172238 46.9611 0
      vertex 0.172238 46.9611 34.1
    endloop
  endfacet
  facet normal 0.989176 0.146733 0
    outer loop
      vertex 87.7807 46.1921 34.1
      vertex 87.7231 46.5804 0
      vertex 87.7231 46.5804 34.1
    endloop
  endfacet
  facet normal 0.989176 0.146733 0
    outer loop
      vertex 87.7231 46.5804 0
      vertex 87.7807 46.1921 34.1
      vertex 87.7807 46.1921 0
    endloop
  endfacet
  facet normal -0.857733 0.514095 0
    outer loop
      vertex 0.472315 47.6856 0
      vertex 0.674121 48.0223 34.1
      vertex 0.674121 48.0223 0
    endloop
  endfacet
  facet normal -0.857733 0.514095 0
    outer loop
      vertex 0.674121 48.0223 34.1
      vertex 0.472315 47.6856 0
      vertex 0.472315 47.6856 34.1
    endloop
  endfacet
  facet normal 0.740977 -0.671531 0
    outer loop
      vertex 86.6284 1.17157 34.1
      vertex 86.892 1.46243 0
      vertex 86.892 1.46243 34.1
    endloop
  endfacet
  facet normal 0.740977 -0.671531 0
    outer loop
      vertex 86.892 1.46243 0
      vertex 86.6284 1.17157 34.1
      vertex 86.6284 1.17157 0
    endloop
  endfacet
  facet normal -0.337022 0.941497 0
    outer loop
      vertex 2.83886 49.6278 0
      vertex 2.46927 49.4955 34.1
      vertex 2.83886 49.6278 34.1
    endloop
  endfacet
  facet normal -0.337022 0.941497 0
    outer loop
      vertex 2.46927 49.4955 34.1
      vertex 2.83886 49.6278 0
      vertex 2.46927 49.4955 0
    endloop
  endfacet
  facet normal 0.9415 0.337014 0
    outer loop
      vertex 87.6278 46.9611 34.1
      vertex 87.4955 47.3307 0
      vertex 87.4955 47.3307 34.1
    endloop
  endfacet
  facet normal 0.9415 0.337014 0
    outer loop
      vertex 87.4955 47.3307 0
      vertex 87.6278 46.9611 34.1
      vertex 87.6278 46.9611 0
    endloop
  endfacet
  facet normal 0.049062 -0.998796 0
    outer loop
      vertex 83.8 0 0
      vertex 84.1921 0.0192604 34.1
      vertex 83.8 0 34.1
    endloop
  endfacet
  facet normal 0.049062 -0.998796 0
    outer loop
      vertex 84.1921 0.0192604 34.1
      vertex 83.8 0 0
      vertex 84.1921 0.0192604 0
    endloop
  endfacet
  facet normal 0.146729 -0.989177 0
    outer loop
      vertex 84.1921 0.0192604 0
      vertex 84.5804 0.0768585 34.1
      vertex 84.1921 0.0192604 34.1
    endloop
  endfacet
  facet normal 0.146729 -0.989177 0
    outer loop
      vertex 84.5804 0.0768585 34.1
      vertex 84.1921 0.0192604 0
      vertex 84.5804 0.0768585 0
    endloop
  endfacet
  facet normal -0.595806 0.803128 0
    outer loop
      vertex 1.77772 49.1259 0
      vertex 1.46243 48.892 34.1
      vertex 1.77772 49.1259 34.1
    endloop
  endfacet
  facet normal -0.595806 0.803128 0
    outer loop
      vertex 1.46243 48.892 34.1
      vertex 1.77772 49.1259 0
      vertex 1.46243 48.892 0
    endloop
  endfacet
  facet normal 0.42744 0.904044 -0
    outer loop
      vertex 85.6856 49.3277 0
      vertex 85.3307 49.4955 34.1
      vertex 85.6856 49.3277 34.1
    endloop
  endfacet
  facet normal 0.42744 0.904044 0
    outer loop
      vertex 85.3307 49.4955 34.1
      vertex 85.6856 49.3277 0
      vertex 85.3307 49.4955 0
    endloop
  endfacet
  facet normal -0.42748 0.904025 0
    outer loop
      vertex 2.46927 49.4955 0
      vertex 2.11441 49.3277 34.1
      vertex 2.46927 49.4955 34.1
    endloop
  endfacet
  facet normal -0.42748 0.904025 0
    outer loop
      vertex 2.11441 49.3277 34.1
      vertex 2.46927 49.4955 0
      vertex 2.11441 49.3277 0
    endloop
  endfacet
  facet normal -0.336896 -0.941542 0
    outer loop
      vertex 2.46927 0.304482 0
      vertex 2.83886 0.172238 34.1
      vertex 2.46927 0.304482 34.1
    endloop
  endfacet
  facet normal -0.336896 -0.941542 -0
    outer loop
      vertex 2.83886 0.172238 34.1
      vertex 2.46927 0.304482 0
      vertex 2.83886 0.172238 0
    endloop
  endfacet
  facet normal 0 0 -1
    outer loop
      vertex 83.8 0 0
      vertex 87.8 4 0
      vertex 87.7807 3.60793 0
    endloop
  endfacet
  facet normal -0 0 -1
    outer loop
      vertex 87.8 4 0
      vertex 83.8 0 0
      vertex 87.8 45.8 0
    endloop
  endfacet
  facet normal 0 0 -1
    outer loop
      vertex 83.8 0 0
      vertex 87.7807 3.60793 0
      vertex 87.7231 3.21964 0
    endloop
  endfacet
  facet normal 0 0 -1
    outer loop
      vertex 83.8 49.8 0
      vertex 87.8 45.8 0
      vertex 83.8 0 0
    endloop
  endfacet
  facet normal 0 0 -1
    outer loop
      vertex 83.8 0 0
      vertex 87.7231 3.21964 0
      vertex 87.6278 2.83886 0
    endloop
  endfacet
  facet normal 0 0 -1
    outer loop
      vertex 87.8 45.8 0
      vertex 83.8 49.8 0
      vertex 87.7807 46.1921 0
    endloop
  endfacet
  facet normal 0 0 -1
    outer loop
      vertex 83.8 0 0
      vertex 87.6278 2.83886 0
      vertex 87.4955 2.46927 0
    endloop
  endfacet
  facet normal 0 0 -1
    outer loop
      vertex 87.7807 46.1921 0
      vertex 83.8 49.8 0
      vertex 87.7231 46.5804 0
    endloop
  endfacet
  facet normal 0 0 -1
    outer loop
      vertex 83.8 0 0
      vertex 87.4955 2.46927 0
      vertex 87.3277 2.11441 0
    endloop
  endfacet
  facet normal 0 0 -1
    outer loop
      vertex 87.7231 46.5804 0
      vertex 83.8 49.8 0
      vertex 87.6278 46.9611 0
    endloop
  endfacet
  facet normal 0 0 -1
    outer loop
      vertex 83.8 0 0
      vertex 87.3277 2.11441 0
      vertex 87.1259 1.77772 0
    endloop
  endfacet
  facet normal 0 0 -1
    outer loop
      vertex 87.6278 46.9611 0
      vertex 83.8 49.8 0
      vertex 87.4955 47.3307 0
    endloop
  endfacet
  facet normal 0 0 -1
    outer loop
      vertex 83.8 0 0
      vertex 87.1259 1.77772 0
      vertex 86.892 1.46243 0
    endloop
  endfacet
  facet normal 0 0 -1
    outer loop
      vertex 87.4955 47.3307 0
      vertex 83.8 49.8 0
      vertex 87.3277 47.6856 0
    endloop
  endfacet
  facet normal 0 0 -1
    outer loop
      vertex 83.8 0 0
      vertex 86.892 1.46243 0
      vertex 86.6284 1.17157 0
    endloop
  endfacet
  facet normal 0 0 -1
    outer loop
      vertex 87.3277 47.6856 0
      vertex 83.8 49.8 0
      vertex 87.1259 48.0223 0
    endloop
  endfacet
  facet normal 0 0 -1
    outer loop
      vertex 83.8 0 0
      vertex 86.6284 1.17157 0
      vertex 86.3376 0.907958 0
    endloop
  endfacet
  facet normal 0 0 -1
    outer loop
      vertex 87.1259 48.0223 0
      vertex 83.8 49.8 0
      vertex 86.892 48.3376 0
    endloop
  endfacet
  facet normal 0 0 -1
    outer loop
      vertex 83.8 0 0
      vertex 86.3376 0.907958 0
      vertex 86.0223 0.674121 0
    endloop
  endfacet
  facet normal 0 0 -1
    outer loop
      vertex 86.892 48.3376 0
      vertex 83.8 49.8 0
      vertex 86.6284 48.6284 0
    endloop
  endfacet
  facet normal 0 0 -1
    outer loop
      vertex 83.8 0 0
      vertex 86.0223 0.674121 0
      vertex 85.6856 0.472315 0
    endloop
  endfacet
  facet normal 0 0 -1
    outer loop
      vertex 86.6284 48.6284 0
      vertex 83.8 49.8 0
      vertex 86.3376 48.892 0
    endloop
  endfacet
  facet normal 0 0 -1
    outer loop
      vertex 83.8 0 0
      vertex 85.6856 0.472315 0
      vertex 85.3307 0.304482 0
    endloop
  endfacet
  facet normal 0 0 -1
    outer loop
      vertex 86.3376 48.892 0
      vertex 83.8 49.8 0
      vertex 86.0223 49.1259 0
    endloop
  endfacet
  facet normal 0 0 -1
    outer loop
      vertex 83.8 0 0
      vertex 85.3307 0.304482 0
      vertex 84.9611 0.172238 0
    endloop
  endfacet
  facet normal 0 0 -1
    outer loop
      vertex 86.0223 49.1259 0
      vertex 83.8 49.8 0
      vertex 85.6856 49.3277 0
    endloop
  endfacet
  facet normal 0 0 -1
    outer loop
      vertex 83.8 0 0
      vertex 84.9611 0.172238 0
      vertex 84.5804 0.0768585 0
    endloop
  endfacet
  facet normal 0 0 -1
    outer loop
      vertex 85.6856 49.3277 0
      vertex 83.8 49.8 0
      vertex 85.3307 49.4955 0
    endloop
  endfacet
  facet normal 0 0 -1
    outer loop
      vertex 83.8 0 0
      vertex 84.5804 0.0768585 0
      vertex 84.1921 0.0192604 0
    endloop
  endfacet
  facet normal 0 0 -1
    outer loop
      vertex 85.3307 49.4955 0
      vertex 83.8 49.8 0
      vertex 84.9611 49.6278 0
    endloop
  endfacet
  facet normal 0 0 -1
    outer loop
      vertex 84.9611 49.6278 0
      vertex 83.8 49.8 0
      vertex 84.5804 49.7231 0
    endloop
  endfacet
  facet normal 0 0 -1
    outer loop
      vertex 84.5804 49.7231 0
      vertex 83.8 49.8 0
      vertex 84.1921 49.7807 0
    endloop
  endfacet
  facet normal 0 0 -1
    outer loop
      vertex 4 0 0
      vertex 83.8 49.8 0
      vertex 83.8 0 0
    endloop
  endfacet
  facet normal 0 0 -1
    outer loop
      vertex 4 0 0
      vertex 4 49.8 0
      vertex 83.8 49.8 0
    endloop
  endfacet
  facet normal 0 0 -1
    outer loop
      vertex 0 4 0
      vertex 4 0 0
      vertex 3.60793 0.0192604 0
    endloop
  endfacet
  facet normal 0 0 -1
    outer loop
      vertex 4 0 0
      vertex 0 4 0
      vertex 4 49.8 0
    endloop
  endfacet
  facet normal 0 0 -1
    outer loop
      vertex 0 4 0
      vertex 3.60793 0.0192604 0
      vertex 3.21964 0.0768585 0
    endloop
  endfacet
  facet normal 0 0 -1
    outer loop
      vertex 0 45.8 0
      vertex 4 49.8 0
      vertex 0 4 0
    endloop
  endfacet
  facet normal 0 0 -1
    outer loop
      vertex 0 4 0
      vertex 3.21964 0.0768585 0
      vertex 2.83886 0.172238 0
    endloop
  endfacet
  facet normal 0 0 -1
    outer loop
      vertex 4 49.8 0
      vertex 0 45.8 0
      vertex 3.60793 49.7807 0
    endloop
  endfacet
  facet normal 0 0 -1
    outer loop
      vertex 0 4 0
      vertex 2.83886 0.172238 0
      vertex 2.46927 0.304482 0
    endloop
  endfacet
  facet normal 0 0 -1
    outer loop
      vertex 3.60793 49.7807 0
      vertex 0 45.8 0
      vertex 3.21964 49.7231 0
    endloop
  endfacet
  facet normal 0 0 -1
    outer loop
      vertex 0 4 0
      vertex 2.46927 0.304482 0
      vertex 2.11441 0.472315 0
    endloop
  endfacet
  facet normal 0 0 -1
    outer loop
      vertex 3.21964 49.7231 0
      vertex 0 45.8 0
      vertex 2.83886 49.6278 0
    endloop
  endfacet
  facet normal 0 0 -1
    outer loop
      vertex 0 4 0
      vertex 2.11441 0.472315 0
      vertex 1.77772 0.674121 0
    endloop
  endfacet
  facet normal 0 0 -1
    outer loop
      vertex 2.83886 49.6278 0
      vertex 0 45.8 0
      vertex 2.46927 49.4955 0
    endloop
  endfacet
  facet normal 0 0 -1
    outer loop
      vertex 0 4 0
      vertex 1.77772 0.674121 0
      vertex 1.46243 0.907958 0
    endloop
  endfacet
  facet normal 0 0 -1
    outer loop
      vertex 2.46927 49.4955 0
      vertex 0 45.8 0
      vertex 2.11441 49.3277 0
    endloop
  endfacet
  facet normal 0 0 -1
    outer loop
      vertex 0 4 0
      vertex 1.46243 0.907958 0
      vertex 1.17157 1.17157 0
    endloop
  endfacet
  facet normal 0 0 -1
    outer loop
      vertex 2.11441 49.3277 0
      vertex 0 45.8 0
      vertex 1.77772 49.1259 0
    endloop
  endfacet
  facet normal 0 0 -1
    outer loop
      vertex 0 4 0
      vertex 1.17157 1.17157 0
      vertex 0.907958 1.46243 0
    endloop
  endfacet
  facet normal 0 0 -1
    outer loop
      vertex 1.77772 49.1259 0
      vertex 0 45.8 0
      vertex 1.46243 48.892 0
    endloop
  endfacet
  facet normal 0 0 -1
    outer loop
      vertex 0 4 0
      vertex 0.907958 1.46243 0
      vertex 0.674121 1.77772 0
    endloop
  endfacet
  facet normal 0 0 -1
    outer loop
      vertex 1.46243 48.892 0
      vertex 0 45.8 0
      vertex 1.17157 48.6284 0
    endloop
  endfacet
  facet normal 0 0 -1
    outer loop
      vertex 0 4 0
      vertex 0.674121 1.77772 0
      vertex 0.472315 2.11441 0
    endloop
  endfacet
  facet normal 0 0 -1
    outer loop
      vertex 1.17157 48.6284 0
      vertex 0 45.8 0
      vertex 0.907958 48.3376 0
    endloop
  endfacet
  facet normal 0 0 -1
    outer loop
      vertex 0 4 0
      vertex 0.472315 2.11441 0
      vertex 0.304482 2.46927 0
    endloop
  endfacet
  facet normal 0 0 -1
    outer loop
      vertex 0.907958 48.3376 0
      vertex 0 45.8 0
      vertex 0.674121 48.0223 0
    endloop
  endfacet
  facet normal 0 0 -1
    outer loop
      vertex 0 4 0
      vertex 0.304482 2.46927 0
      vertex 0.172238 2.83886 0
    endloop
  endfacet
  facet normal 0 0 -1
    outer loop
      vertex 0.674121 48.0223 0
      vertex 0 45.8 0
      vertex 0.472315 47.6856 0
    endloop
  endfacet
  facet normal 0 0 -1
    outer loop
      vertex 0 4 0
      vertex 0.172238 2.83886 0
      vertex 0.0768585 3.21964 0
    endloop
  endfacet
  facet normal 0 0 -1
    outer loop
      vertex 0.472315 47.6856 0
      vertex 0 45.8 0
      vertex 0.304482 47.3307 0
    endloop
  endfacet
  facet normal 0 0 -1
    outer loop
      vertex 0 4 0
      vertex 0.0768585 3.21964 0
      vertex 0.0192604 3.60793 0
    endloop
  endfacet
  facet normal 0 0 -1
    outer loop
      vertex 0.304482 47.3307 0
      vertex 0 45.8 0
      vertex 0.172238 46.9611 0
    endloop
  endfacet
  facet normal 0 0 -1
    outer loop
      vertex 0.172238 46.9611 0
      vertex 0 45.8 0
      vertex 0.0768585 46.5804 0
    endloop
  endfacet
  facet normal 0 0 -1
    outer loop
      vertex 0.0768585 46.5804 0
      vertex 0 45.8 0
      vertex 0.0192604 46.1921 0
    endloop
  endfacet
  facet normal 0.336888 -0.941545 0
    outer loop
      vertex 84.9611 0.172238 0
      vertex 85.3307 0.304482 34.1
      vertex 84.9611 0.172238 34.1
    endloop
  endfacet
  facet normal 0.336888 -0.941545 0
    outer loop
      vertex 85.3307 0.304482 34.1
      vertex 84.9611 0.172238 0
      vertex 85.3307 0.304482 0
    endloop
  endfacet
  facet normal -0.0490657 -0.998796 0
    outer loop
      vertex 3.60793 0.0192604 0
      vertex 4 0 34.1
      vertex 3.60793 0.0192604 34.1
    endloop
  endfacet
  facet normal -0.0490657 -0.998796 -0
    outer loop
      vertex 4 0 34.1
      vertex 3.60793 0.0192604 0
      vertex 4 0 0
    endloop
  endfacet
  facet normal -0.242787 0.97008 0
    outer loop
      vertex 3.21964 49.7231 0
      vertex 2.83886 49.6278 34.1
      vertex 3.21964 49.7231 34.1
    endloop
  endfacet
  facet normal -0.242787 0.97008 0
    outer loop
      vertex 2.83886 49.6278 34.1
      vertex 3.21964 49.7231 0
      vertex 2.83886 49.6278 0
    endloop
  endfacet
  facet normal 0.514095 -0.857733 0
    outer loop
      vertex 85.6856 0.472315 0
      vertex 86.0223 0.674121 34.1
      vertex 85.6856 0.472315 34.1
    endloop
  endfacet
  facet normal 0.514095 -0.857733 0
    outer loop
      vertex 86.0223 0.674121 34.1
      vertex 85.6856 0.472315 0
      vertex 86.0223 0.674121 0
    endloop
  endfacet
  facet normal 0.970068 0.242835 0
    outer loop
      vertex 87.7231 46.5804 34.1
      vertex 87.6278 46.9611 0
      vertex 87.6278 46.9611 34.1
    endloop
  endfacet
  facet normal 0.970068 0.242835 0
    outer loop
      vertex 87.6278 46.9611 0
      vertex 87.7231 46.5804 34.1
      vertex 87.7231 46.5804 0
    endloop
  endfacet
  facet normal 0.740908 0.671607 0
    outer loop
      vertex 86.892 48.3376 34.1
      vertex 86.6284 48.6284 0
      vertex 86.6284 48.6284 34.1
    endloop
  endfacet
  facet normal 0.740908 0.671607 0
    outer loop
      vertex 86.6284 48.6284 0
      vertex 86.892 48.3376 34.1
      vertex 86.892 48.3376 0
    endloop
  endfacet
  facet normal 0.514084 0.85774 -0
    outer loop
      vertex 86.0223 49.1259 0
      vertex 85.6856 49.3277 34.1
      vertex 86.0223 49.1259 34.1
    endloop
  endfacet
  facet normal 0.514084 0.85774 0
    outer loop
      vertex 85.6856 49.3277 34.1
      vertex 86.0223 49.1259 0
      vertex 85.6856 49.3277 0
    endloop
  endfacet
  facet normal -0.989177 0.146729 0
    outer loop
      vertex 0.0192604 46.1921 0
      vertex 0.0768585 46.5804 34.1
      vertex 0.0768585 46.5804 0
    endloop
  endfacet
  facet normal -0.989177 0.146729 0
    outer loop
      vertex 0.0768585 46.5804 34.1
      vertex 0.0192604 46.1921 0
      vertex 0.0192604 46.1921 34.1
    endloop
  endfacet
  facet normal -0.146732 -0.989176 0
    outer loop
      vertex 3.21964 0.0768585 0
      vertex 3.60793 0.0192604 34.1
      vertex 3.21964 0.0768585 34.1
    endloop
  endfacet
  facet normal -0.146732 -0.989176 -0
    outer loop
      vertex 3.60793 0.0192604 34.1
      vertex 3.21964 0.0768585 0
      vertex 3.60793 0.0192604 0
    endloop
  endfacet
  facet normal -0.903993 -0.427548 0
    outer loop
      vertex 0.472315 2.11441 0
      vertex 0.304482 2.46927 34.1
      vertex 0.304482 2.46927 0
    endloop
  endfacet
  facet normal -0.903993 -0.427548 0
    outer loop
      vertex 0.304482 2.46927 34.1
      vertex 0.472315 2.11441 0
      vertex 0.472315 2.11441 34.1
    endloop
  endfacet
  facet normal 0.337014 0.9415 -0
    outer loop
      vertex 85.3307 49.4955 0
      vertex 84.9611 49.6278 34.1
      vertex 85.3307 49.4955 34.1
    endloop
  endfacet
  facet normal 0.337014 0.9415 0
    outer loop
      vertex 84.9611 49.6278 34.1
      vertex 85.3307 49.4955 0
      vertex 84.9611 49.6278 0
    endloop
  endfacet
  facet normal -0.146737 0.989176 0
    outer loop
      vertex 3.60793 49.7807 0
      vertex 3.21964 49.7231 34.1
      vertex 3.60793 49.7807 34.1
    endloop
  endfacet
  facet normal -0.146737 0.989176 0
    outer loop
      vertex 3.21964 49.7231 34.1
      vertex 3.60793 49.7807 0
      vertex 3.21964 49.7231 0
    endloop
  endfacet
  facet normal 0.97008 -0.242787 0
    outer loop
      vertex 87.6278 2.83886 34.1
      vertex 87.7231 3.21964 0
      vertex 87.7231 3.21964 34.1
    endloop
  endfacet
  facet normal 0.97008 -0.242787 0
    outer loop
      vertex 87.7231 3.21964 0
      vertex 87.6278 2.83886 34.1
      vertex 87.6278 2.83886 0
    endloop
  endfacet
  facet normal -0.97002 0.243026 0
    outer loop
      vertex 0.0768585 46.5804 0
      vertex 0.172238 46.9611 34.1
      vertex 0.172238 46.9611 0
    endloop
  endfacet
  facet normal -0.97002 0.243026 0
    outer loop
      vertex 0.172238 46.9611 34.1
      vertex 0.0768585 46.5804 0
      vertex 0.0768585 46.5804 34.1
    endloop
  endfacet
  facet normal 0.998791 -0.0491664 0
    outer loop
      vertex 87.7807 3.60793 34.1
      vertex 87.8 4 0
      vertex 87.8 4 34.1
    endloop
  endfacet
  facet normal 0.998791 -0.0491664 0
    outer loop
      vertex 87.8 4 0
      vertex 87.7807 3.60793 34.1
      vertex 87.7807 3.60793 0
    endloop
  endfacet
  facet normal 0.146733 0.989176 -0
    outer loop
      vertex 84.5804 49.7231 0
      vertex 84.1921 49.7807 34.1
      vertex 84.5804 49.7231 34.1
    endloop
  endfacet
  facet normal 0.146733 0.989176 0
    outer loop
      vertex 84.1921 49.7807 34.1
      vertex 84.5804 49.7231 0
      vertex 84.1921 49.7807 0
    endloop
  endfacet
  facet normal -0.671548 -0.740961 0
    outer loop
      vertex 1.17157 1.17157 0
      vertex 1.46243 0.907958 34.1
      vertex 1.17157 1.17157 34.1
    endloop
  endfacet
  facet normal -0.671548 -0.740961 -0
    outer loop
      vertex 1.46243 0.907958 34.1
      vertex 1.17157 1.17157 0
      vertex 1.46243 0.907958 0
    endloop
  endfacet
  facet normal 0.242835 0.970068 -0
    outer loop
      vertex 84.9611 49.6278 0
      vertex 84.5804 49.7231 34.1
      vertex 84.9611 49.6278 34.1
    endloop
  endfacet
  facet normal 0.242835 0.970068 0
    outer loop
      vertex 84.5804 49.7231 34.1
      vertex 84.9611 49.6278 0
      vertex 84.5804 49.7231 0
    endloop
  endfacet
  facet normal -0.242978 -0.970032 0
    outer loop
      vertex 2.83886 0.172238 0
      vertex 3.21964 0.0768585 34.1
      vertex 2.83886 0.172238 34.1
    endloop
  endfacet
  facet normal -0.242978 -0.970032 -0
    outer loop
      vertex 3.21964 0.0768585 34.1
      vertex 2.83886 0.172238 0
      vertex 3.21964 0.0768585 0
    endloop
  endfacet
  facet normal 0 0 1
    outer loop
      vertex 85.2924 45.6257 34.1
      vertex 87.8 45.8 34.1
      vertex 87.7807 46.1921 34.1
    endloop
  endfacet
  facet normal 0 0 1
    outer loop
      vertex 87.8 45.8 34.1
      vertex 85.4 44.9 34.1
      vertex 87.8 4 34.1
    endloop
  endfacet
  facet normal 0 0 1
    outer loop
      vertex 85.2097 45.8567 34.1
      vertex 87.7807 46.1921 34.1
      vertex 87.7231 46.5804 34.1
    endloop
  endfacet
  facet normal -0 0 1
    outer loop
      vertex 85.4 4.9 34.1
      vertex 87.8 4 34.1
      vertex 85.4 44.9 34.1
    endloop
  endfacet
  facet normal 0 0 1
    outer loop
      vertex 85.2097 45.8567 34.1
      vertex 87.7231 46.5804 34.1
      vertex 87.6278 46.9611 34.1
    endloop
  endfacet
  facet normal -0 0 1
    outer loop
      vertex 85.388 4.65496 34.1
      vertex 87.8 4 34.1
      vertex 85.4 4.9 34.1
    endloop
  endfacet
  facet normal 0 0 1
    outer loop
      vertex 85.1048 46.0785 34.1
      vertex 87.6278 46.9611 34.1
      vertex 87.4955 47.3307 34.1
    endloop
  endfacet
  facet normal -0 0 1
    outer loop
      vertex 85.352 4.41227 34.1
      vertex 87.8 4 34.1
      vertex 85.388 4.65496 34.1
    endloop
  endfacet
  facet normal 0 0 1
    outer loop
      vertex 84.9787 46.2889 34.1
      vertex 87.4955 47.3307 34.1
      vertex 87.3277 47.6856 34.1
    endloop
  endfacet
  facet normal -0 0 1
    outer loop
      vertex 85.2924 4.17429 34.1
      vertex 87.8 4 34.1
      vertex 85.352 4.41227 34.1
    endloop
  endfacet
  facet normal 0 0 1
    outer loop
      vertex 84.9787 46.2889 34.1
      vertex 87.3277 47.6856 34.1
      vertex 87.1259 48.0223 34.1
    endloop
  endfacet
  facet normal 0 0 1
    outer loop
      vertex 87.8 4 34.1
      vertex 85.2924 4.17429 34.1
      vertex 87.7807 3.60793 34.1
    endloop
  endfacet
  facet normal 0 0 1
    outer loop
      vertex 84.8325 46.486 34.1
      vertex 87.1259 48.0223 34.1
      vertex 86.892 48.3376 34.1
    endloop
  endfacet
  facet normal -0 0 1
    outer loop
      vertex 85.2097 3.94329 34.1
      vertex 87.7807 3.60793 34.1
      vertex 85.2924 4.17429 34.1
    endloop
  endfacet
  facet normal 0 0 1
    outer loop
      vertex 84.6678 46.6678 34.1
      vertex 86.892 48.3376 34.1
      vertex 86.6284 48.6284 34.1
    endloop
  endfacet
  facet normal 0 0 1
    outer loop
      vertex 87.7807 3.60793 34.1
      vertex 85.2097 3.94329 34.1
      vertex 87.7231 3.21964 34.1
    endloop
  endfacet
  facet normal 0 0 1
    outer loop
      vertex 84.6678 46.6678 34.1
      vertex 86.6284 48.6284 34.1
      vertex 86.3376 48.892 34.1
    endloop
  endfacet
  facet normal 0 0 1
    outer loop
      vertex 87.7231 3.21964 34.1
      vertex 85.2097 3.94329 34.1
      vertex 87.6278 2.83886 34.1
    endloop
  endfacet
  facet normal 0 0 1
    outer loop
      vertex 84.486 46.8325 34.1
      vertex 86.3376 48.892 34.1
      vertex 86.0223 49.1259 34.1
    endloop
  endfacet
  facet normal -0 0 1
    outer loop
      vertex 85.1048 3.72151 34.1
      vertex 87.6278 2.83886 34.1
      vertex 85.2097 3.94329 34.1
    endloop
  endfacet
  facet normal 0 0 1
    outer loop
      vertex 84.2889 46.9787 34.1
      vertex 86.0223 49.1259 34.1
      vertex 85.6856 49.3277 34.1
    endloop
  endfacet
  facet normal 0 0 1
    outer loop
      vertex 87.6278 2.83886 34.1
      vertex 85.1048 3.72151 34.1
      vertex 87.4955 2.46927 34.1
    endloop
  endfacet
  facet normal -0 0 1
    outer loop
      vertex 84.9787 3.51107 34.1
      vertex 87.4955 2.46927 34.1
      vertex 85.1048 3.72151 34.1
    endloop
  endfacet
  facet normal 0 0 1
    outer loop
      vertex 87.8 45.8 34.1
      vertex 85.388 45.145 34.1
      vertex 85.4 44.9 34.1
    endloop
  endfacet
  facet normal 0 0 1
    outer loop
      vertex 87.8 45.8 34.1
      vertex 85.352 45.3877 34.1
      vertex 85.388 45.145 34.1
    endloop
  endfacet
  facet normal 0 0 1
    outer loop
      vertex 84.2889 46.9787 34.1
      vertex 85.6856 49.3277 34.1
      vertex 85.3307 49.4955 34.1
    endloop
  endfacet
  facet normal 0 0 1
    outer loop
      vertex 87.8 45.8 34.1
      vertex 85.2924 45.6257 34.1
      vertex 85.352 45.3877 34.1
    endloop
  endfacet
  facet normal 0 0 1
    outer loop
      vertex 87.7807 46.1921 34.1
      vertex 85.2097 45.8567 34.1
      vertex 85.2924 45.6257 34.1
    endloop
  endfacet
  facet normal 0 0 1
    outer loop
      vertex 87.6278 46.9611 34.1
      vertex 85.1048 46.0785 34.1
      vertex 85.2097 45.8567 34.1
    endloop
  endfacet
  facet normal 0 0 1
    outer loop
      vertex 87.4955 47.3307 34.1
      vertex 84.9787 46.2889 34.1
      vertex 85.1048 46.0785 34.1
    endloop
  endfacet
  facet normal 0 0 1
    outer loop
      vertex 84.0785 47.1048 34.1
      vertex 85.3307 49.4955 34.1
      vertex 84.9611 49.6278 34.1
    endloop
  endfacet
  facet normal 0 0 1
    outer loop
      vertex 87.1259 48.0223 34.1
      vertex 84.8325 46.486 34.1
      vertex 84.9787 46.2889 34.1
    endloop
  endfacet
  facet normal 0 0 1
    outer loop
      vertex 86.892 48.3376 34.1
      vertex 84.6678 46.6678 34.1
      vertex 84.8325 46.486 34.1
    endloop
  endfacet
  facet normal 0 0 1
    outer loop
      vertex 83.8567 47.2097 34.1
      vertex 84.9611 49.6278 34.1
      vertex 84.5804 49.7231 34.1
    endloop
  endfacet
  facet normal 0 0 1
    outer loop
      vertex 86.3376 48.892 34.1
      vertex 84.486 46.8325 34.1
      vertex 84.6678 46.6678 34.1
    endloop
  endfacet
  facet normal 0 0 1
    outer loop
      vertex 86.0223 49.1259 34.1
      vertex 84.2889 46.9787 34.1
      vertex 84.486 46.8325 34.1
    endloop
  endfacet
  facet normal 0 0 1
    outer loop
      vertex 83.8567 47.2097 34.1
      vertex 84.5804 49.7231 34.1
      vertex 84.1921 49.7807 34.1
    endloop
  endfacet
  facet normal 0 0 1
    outer loop
      vertex 85.3307 49.4955 34.1
      vertex 84.0785 47.1048 34.1
      vertex 84.2889 46.9787 34.1
    endloop
  endfacet
  facet normal 0 0 1
    outer loop
      vertex 84.9611 49.6278 34.1
      vertex 83.8567 47.2097 34.1
      vertex 84.0785 47.1048 34.1
    endloop
  endfacet
  facet normal 0 0 1
    outer loop
      vertex 83.6257 47.2924 34.1
      vertex 84.1921 49.7807 34.1
      vertex 83.8 49.8 34.1
    endloop
  endfacet
  facet normal 0 0 1
    outer loop
      vertex 84.1921 49.7807 34.1
      vertex 83.6257 47.2924 34.1
      vertex 83.8567 47.2097 34.1
    endloop
  endfacet
  facet normal 0 0 1
    outer loop
      vertex 83.8 49.8 34.1
      vertex 83.3877 47.352 34.1
      vertex 83.6257 47.2924 34.1
    endloop
  endfacet
  facet normal 0 0 1
    outer loop
      vertex 83.8 49.8 34.1
      vertex 83.145 47.388 34.1
      vertex 83.3877 47.352 34.1
    endloop
  endfacet
  facet normal 0 0 1
    outer loop
      vertex 83.8 49.8 34.1
      vertex 82.9 47.4 34.1
      vertex 83.145 47.388 34.1
    endloop
  endfacet
  facet normal 0 0 1
    outer loop
      vertex 83.8 49.8 34.1
      vertex 4.9 47.4 34.1
      vertex 82.9 47.4 34.1
    endloop
  endfacet
  facet normal -0 0 1
    outer loop
      vertex 4 49.8 34.1
      vertex 4.9 47.4 34.1
      vertex 83.8 49.8 34.1
    endloop
  endfacet
  facet normal 0 0 1
    outer loop
      vertex 4 49.8 34.1
      vertex 4.65496 47.388 34.1
      vertex 4.9 47.4 34.1
    endloop
  endfacet
  facet normal 0 0 1
    outer loop
      vertex 4 49.8 34.1
      vertex 4.41227 47.352 34.1
      vertex 4.65496 47.388 34.1
    endloop
  endfacet
  facet normal 0 0 1
    outer loop
      vertex 4 49.8 34.1
      vertex 4.17429 47.2924 34.1
      vertex 4.41227 47.352 34.1
    endloop
  endfacet
  facet normal -0 0 1
    outer loop
      vertex 3.60793 49.7807 34.1
      vertex 4.17429 47.2924 34.1
      vertex 4 49.8 34.1
    endloop
  endfacet
  facet normal 0 0 1
    outer loop
      vertex 4.17429 47.2924 34.1
      vertex 3.60793 49.7807 34.1
      vertex 3.94329 47.2097 34.1
    endloop
  endfacet
  facet normal -0 0 1
    outer loop
      vertex 3.21964 49.7231 34.1
      vertex 3.94329 47.2097 34.1
      vertex 3.60793 49.7807 34.1
    endloop
  endfacet
  facet normal -0 0 1
    outer loop
      vertex 2.83886 49.6278 34.1
      vertex 3.94329 47.2097 34.1
      vertex 3.21964 49.7231 34.1
    endloop
  endfacet
  facet normal 0 0 1
    outer loop
      vertex 3.94329 47.2097 34.1
      vertex 2.83886 49.6278 34.1
      vertex 3.72151 47.1048 34.1
    endloop
  endfacet
  facet normal -0 0 1
    outer loop
      vertex 2.46927 49.4955 34.1
      vertex 3.72151 47.1048 34.1
      vertex 2.83886 49.6278 34.1
    endloop
  endfacet
  facet normal 0 0 1
    outer loop
      vertex 3.72151 47.1048 34.1
      vertex 2.46927 49.4955 34.1
      vertex 3.51107 46.9787 34.1
    endloop
  endfacet
  facet normal -0 0 1
    outer loop
      vertex 2.11441 49.3277 34.1
      vertex 3.51107 46.9787 34.1
      vertex 2.46927 49.4955 34.1
    endloop
  endfacet
  facet normal -0 0 1
    outer loop
      vertex 1.77772 49.1259 34.1
      vertex 3.51107 46.9787 34.1
      vertex 2.11441 49.3277 34.1
    endloop
  endfacet
  facet normal 0 0 1
    outer loop
      vertex 3.51107 46.9787 34.1
      vertex 1.77772 49.1259 34.1
      vertex 3.31402 46.8325 34.1
    endloop
  endfacet
  facet normal -0 0 1
    outer loop
      vertex 1.46243 48.892 34.1
      vertex 3.31402 46.8325 34.1
      vertex 1.77772 49.1259 34.1
    endloop
  endfacet
  facet normal 0 0 1
    outer loop
      vertex 3.31402 46.8325 34.1
      vertex 1.46243 48.892 34.1
      vertex 3.13223 46.6678 34.1
    endloop
  endfacet
  facet normal -0 0 1
    outer loop
      vertex 1.17157 48.6284 34.1
      vertex 3.13223 46.6678 34.1
      vertex 1.46243 48.892 34.1
    endloop
  endfacet
  facet normal -0 0 1
    outer loop
      vertex 0.907958 48.3376 34.1
      vertex 3.13223 46.6678 34.1
      vertex 1.17157 48.6284 34.1
    endloop
  endfacet
  facet normal 0 0 1
    outer loop
      vertex 3.13223 46.6678 34.1
      vertex 0.907958 48.3376 34.1
      vertex 2.96747 46.486 34.1
    endloop
  endfacet
  facet normal -0 0 1
    outer loop
      vertex 0.674121 48.0223 34.1
      vertex 2.96747 46.486 34.1
      vertex 0.907958 48.3376 34.1
    endloop
  endfacet
  facet normal 0 0 1
    outer loop
      vertex 2.96747 46.486 34.1
      vertex 0.674121 48.0223 34.1
      vertex 2.82133 46.2889 34.1
    endloop
  endfacet
  facet normal -0 0 1
    outer loop
      vertex 0.304482 47.3307 34.1
      vertex 2.82133 46.2889 34.1
      vertex 0.472315 47.6856 34.1
    endloop
  endfacet
  facet normal -0 0 1
    outer loop
      vertex 0.472315 47.6856 34.1
      vertex 2.82133 46.2889 34.1
      vertex 0.674121 48.0223 34.1
    endloop
  endfacet
  facet normal 0 0 1
    outer loop
      vertex 87.4955 2.46927 34.1
      vertex 84.9787 3.51107 34.1
      vertex 87.3277 2.11441 34.1
    endloop
  endfacet
  facet normal 0 0 1
    outer loop
      vertex 87.3277 2.11441 34.1
      vertex 84.9787 3.51107 34.1
      vertex 87.1259 1.77772 34.1
    endloop
  endfacet
  facet normal -0 0 1
    outer loop
      vertex 84.8325 3.31402 34.1
      vertex 87.1259 1.77772 34.1
      vertex 84.9787 3.51107 34.1
    endloop
  endfacet
  facet normal 0 0 1
    outer loop
      vertex 87.1259 1.77772 34.1
      vertex 84.8325 3.31402 34.1
      vertex 86.892 1.46243 34.1
    endloop
  endfacet
  facet normal -0 0 1
    outer loop
      vertex 84.6678 3.13223 34.1
      vertex 86.892 1.46243 34.1
      vertex 84.8325 3.31402 34.1
    endloop
  endfacet
  facet normal 0 0 1
    outer loop
      vertex 86.892 1.46243 34.1
      vertex 84.6678 3.13223 34.1
      vertex 86.6284 1.17157 34.1
    endloop
  endfacet
  facet normal 0 0 1
    outer loop
      vertex 86.6284 1.17157 34.1
      vertex 84.6678 3.13223 34.1
      vertex 86.3376 0.907958 34.1
    endloop
  endfacet
  facet normal -0 0 1
    outer loop
      vertex 84.486 2.96747 34.1
      vertex 86.3376 0.907958 34.1
      vertex 84.6678 3.13223 34.1
    endloop
  endfacet
  facet normal 0 0 1
    outer loop
      vertex 86.3376 0.907958 34.1
      vertex 84.486 2.96747 34.1
      vertex 86.0223 0.674121 34.1
    endloop
  endfacet
  facet normal -0 0 1
    outer loop
      vertex 84.2889 2.82133 34.1
      vertex 86.0223 0.674121 34.1
      vertex 84.486 2.96747 34.1
    endloop
  endfacet
  facet normal 0 0 1
    outer loop
      vertex 86.0223 0.674121 34.1
      vertex 84.2889 2.82133 34.1
      vertex 85.6856 0.472315 34.1
    endloop
  endfacet
  facet normal 0 0 1
    outer loop
      vertex 85.6856 0.472315 34.1
      vertex 84.2889 2.82133 34.1
      vertex 85.3307 0.304482 34.1
    endloop
  endfacet
  facet normal -0 0 1
    outer loop
      vertex 84.0785 2.6952 34.1
      vertex 85.3307 0.304482 34.1
      vertex 84.2889 2.82133 34.1
    endloop
  endfacet
  facet normal 0 0 1
    outer loop
      vertex 85.3307 0.304482 34.1
      vertex 84.0785 2.6952 34.1
      vertex 84.9611 0.172238 34.1
    endloop
  endfacet
  facet normal -0 0 1
    outer loop
      vertex 83.8567 2.5903 34.1
      vertex 84.9611 0.172238 34.1
      vertex 84.0785 2.6952 34.1
    endloop
  endfacet
  facet normal 0 0 1
    outer loop
      vertex 84.9611 0.172238 34.1
      vertex 83.8567 2.5903 34.1
      vertex 84.5804 0.0768585 34.1
    endloop
  endfacet
  facet normal 0 0 1
    outer loop
      vertex 84.5804 0.0768585 34.1
      vertex 83.8567 2.5903 34.1
      vertex 84.1921 0.0192604 34.1
    endloop
  endfacet
  facet normal -0 0 1
    outer loop
      vertex 83.6257 2.50765 34.1
      vertex 84.1921 0.0192604 34.1
      vertex 83.8567 2.5903 34.1
    endloop
  endfacet
  facet normal 0 0 1
    outer loop
      vertex 84.1921 0.0192604 34.1
      vertex 83.6257 2.50765 34.1
      vertex 83.8 0 34.1
    endloop
  endfacet
  facet normal -0 0 1
    outer loop
      vertex 83.3877 2.44804 34.1
      vertex 83.8 0 34.1
      vertex 83.6257 2.50765 34.1
    endloop
  endfacet
  facet normal -0 0 1
    outer loop
      vertex 83.145 2.41204 34.1
      vertex 83.8 0 34.1
      vertex 83.3877 2.44804 34.1
    endloop
  endfacet
  facet normal -0 0 1
    outer loop
      vertex 82.9 2.4 34.1
      vertex 83.8 0 34.1
      vertex 83.145 2.41204 34.1
    endloop
  endfacet
  facet normal -0 0 1
    outer loop
      vertex 4.9 2.4 34.1
      vertex 83.8 0 34.1
      vertex 82.9 2.4 34.1
    endloop
  endfacet
  facet normal 0 0 1
    outer loop
      vertex 4.9 2.4 34.1
      vertex 4 0 34.1
      vertex 83.8 0 34.1
    endloop
  endfacet
  facet normal 0 0 1
    outer loop
      vertex 4.65496 2.41204 34.1
      vertex 4 0 34.1
      vertex 4.9 2.4 34.1
    endloop
  endfacet
  facet normal 0 0 1
    outer loop
      vertex 4.41227 2.44804 34.1
      vertex 4 0 34.1
      vertex 4.65496 2.41204 34.1
    endloop
  endfacet
  facet normal 0 0 1
    outer loop
      vertex 4.17429 2.50765 34.1
      vertex 4 0 34.1
      vertex 4.41227 2.44804 34.1
    endloop
  endfacet
  facet normal 0 0 1
    outer loop
      vertex 3.60793 0.0192604 34.1
      vertex 4.17429 2.50765 34.1
      vertex 3.94329 2.5903 34.1
    endloop
  endfacet
  facet normal 0 0 1
    outer loop
      vertex 2.83886 0.172238 34.1
      vertex 3.94329 2.5903 34.1
      vertex 3.72151 2.6952 34.1
    endloop
  endfacet
  facet normal 0 0 1
    outer loop
      vertex 4.17429 2.50765 34.1
      vertex 3.60793 0.0192604 34.1
      vertex 4 0 34.1
    endloop
  endfacet
  facet normal 0 0 1
    outer loop
      vertex 2.46927 0.304482 34.1
      vertex 3.72151 2.6952 34.1
      vertex 3.51107 2.82133 34.1
    endloop
  endfacet
  facet normal 0 0 1
    outer loop
      vertex 1.77772 0.674121 34.1
      vertex 3.51107 2.82133 34.1
      vertex 3.31402 2.96747 34.1
    endloop
  endfacet
  facet normal 0 0 1
    outer loop
      vertex 3.94329 2.5903 34.1
      vertex 3.21964 0.0768585 34.1
      vertex 3.60793 0.0192604 34.1
    endloop
  endfacet
  facet normal 0 0 1
    outer loop
      vertex 1.46243 0.907958 34.1
      vertex 3.31402 2.96747 34.1
      vertex 3.13223 3.13223 34.1
    endloop
  endfacet
  facet normal 0 0 1
    outer loop
      vertex 0.907958 1.46243 34.1
      vertex 3.13223 3.13223 34.1
      vertex 2.96747 3.31402 34.1
    endloop
  endfacet
  facet normal 0 0 1
    outer loop
      vertex 3.94329 2.5903 34.1
      vertex 2.83886 0.172238 34.1
      vertex 3.21964 0.0768585 34.1
    endloop
  endfacet
  facet normal 0 0 1
    outer loop
      vertex 0.674121 1.77772 34.1
      vertex 2.96747 3.31402 34.1
      vertex 2.82133 3.51107 34.1
    endloop
  endfacet
  facet normal 0 0 1
    outer loop
      vertex 0.304482 2.46927 34.1
      vertex 2.82133 3.51107 34.1
      vertex 2.6952 3.72151 34.1
    endloop
  endfacet
  facet normal 0 0 1
    outer loop
      vertex 0.172238 2.83886 34.1
      vertex 2.6952 3.72151 34.1
      vertex 2.5903 3.94329 34.1
    endloop
  endfacet
  facet normal 0 0 1
    outer loop
      vertex 0.0192604 3.60793 34.1
      vertex 2.5903 3.94329 34.1
      vertex 2.50765 4.17429 34.1
    endloop
  endfacet
  facet normal 0 0 1
    outer loop
      vertex 3.72151 2.6952 34.1
      vertex 2.46927 0.304482 34.1
      vertex 2.83886 0.172238 34.1
    endloop
  endfacet
  facet normal 0 0 1
    outer loop
      vertex 0 4 34.1
      vertex 2.50765 4.17429 34.1
      vertex 2.44804 4.41227 34.1
    endloop
  endfacet
  facet normal 0 0 1
    outer loop
      vertex 0 4 34.1
      vertex 2.44804 4.41227 34.1
      vertex 2.41204 4.65496 34.1
    endloop
  endfacet
  facet normal 0 0 1
    outer loop
      vertex 0 4 34.1
      vertex 2.41204 4.65496 34.1
      vertex 2.4 4.9 34.1
    endloop
  endfacet
  facet normal 0 0 1
    outer loop
      vertex 3.51107 2.82133 34.1
      vertex 2.11441 0.472315 34.1
      vertex 2.46927 0.304482 34.1
    endloop
  endfacet
  facet normal 0 0 1
    outer loop
      vertex 2.4 44.9 34.1
      vertex 0 45.8 34.1
      vertex 2.4 4.9 34.1
    endloop
  endfacet
  facet normal 0 0 1
    outer loop
      vertex 2.82133 46.2889 34.1
      vertex 0.304482 47.3307 34.1
      vertex 2.6952 46.0785 34.1
    endloop
  endfacet
  facet normal 0 0 1
    outer loop
      vertex 0 4 34.1
      vertex 2.4 4.9 34.1
      vertex 0 45.8 34.1
    endloop
  endfacet
  facet normal -0 0 1
    outer loop
      vertex 0.172238 46.9611 34.1
      vertex 2.6952 46.0785 34.1
      vertex 0.304482 47.3307 34.1
    endloop
  endfacet
  facet normal 0 0 1
    outer loop
      vertex 2.50765 4.17429 34.1
      vertex 0 4 34.1
      vertex 0.0192604 3.60793 34.1
    endloop
  endfacet
  facet normal 0 0 1
    outer loop
      vertex 2.6952 46.0785 34.1
      vertex 0.172238 46.9611 34.1
      vertex 2.5903 45.8567 34.1
    endloop
  endfacet
  facet normal 0 0 1
    outer loop
      vertex 3.51107 2.82133 34.1
      vertex 1.77772 0.674121 34.1
      vertex 2.11441 0.472315 34.1
    endloop
  endfacet
  facet normal -0 0 1
    outer loop
      vertex 0.0768585 46.5804 34.1
      vertex 2.5903 45.8567 34.1
      vertex 0.172238 46.9611 34.1
    endloop
  endfacet
  facet normal 0 0 1
    outer loop
      vertex 3.31402 2.96747 34.1
      vertex 1.46243 0.907958 34.1
      vertex 1.77772 0.674121 34.1
    endloop
  endfacet
  facet normal -0 0 1
    outer loop
      vertex 0.0192604 46.1921 34.1
      vertex 2.5903 45.8567 34.1
      vertex 0.0768585 46.5804 34.1
    endloop
  endfacet
  facet normal 0 0 1
    outer loop
      vertex 3.13223 3.13223 34.1
      vertex 1.17157 1.17157 34.1
      vertex 1.46243 0.907958 34.1
    endloop
  endfacet
  facet normal 0 0 1
    outer loop
      vertex 2.5903 45.8567 34.1
      vertex 0.0192604 46.1921 34.1
      vertex 2.50765 45.6257 34.1
    endloop
  endfacet
  facet normal 0 0 1
    outer loop
      vertex 3.13223 3.13223 34.1
      vertex 0.907958 1.46243 34.1
      vertex 1.17157 1.17157 34.1
    endloop
  endfacet
  facet normal -0 0 1
    outer loop
      vertex 0 45.8 34.1
      vertex 2.50765 45.6257 34.1
      vertex 0.0192604 46.1921 34.1
    endloop
  endfacet
  facet normal 0 0 1
    outer loop
      vertex 2.96747 3.31402 34.1
      vertex 0.674121 1.77772 34.1
      vertex 0.907958 1.46243 34.1
    endloop
  endfacet
  facet normal 0 0 1
    outer loop
      vertex 2.50765 45.6257 34.1
      vertex 0 45.8 34.1
      vertex 2.44804 45.3877 34.1
    endloop
  endfacet
  facet normal 0 0 1
    outer loop
      vertex 2.82133 3.51107 34.1
      vertex 0.472315 2.11441 34.1
      vertex 0.674121 1.77772 34.1
    endloop
  endfacet
  facet normal 0 0 1
    outer loop
      vertex 2.44804 45.3877 34.1
      vertex 0 45.8 34.1
      vertex 2.41204 45.145 34.1
    endloop
  endfacet
  facet normal 0 0 1
    outer loop
      vertex 2.82133 3.51107 34.1
      vertex 0.304482 2.46927 34.1
      vertex 0.472315 2.11441 34.1
    endloop
  endfacet
  facet normal 0 0 1
    outer loop
      vertex 2.41204 45.145 34.1
      vertex 0 45.8 34.1
      vertex 2.4 44.9 34.1
    endloop
  endfacet
  facet normal 0 0 1
    outer loop
      vertex 2.6952 3.72151 34.1
      vertex 0.172238 2.83886 34.1
      vertex 0.304482 2.46927 34.1
    endloop
  endfacet
  facet normal 0 0 1
    outer loop
      vertex 2.5903 3.94329 34.1
      vertex 0.0768585 3.21964 34.1
      vertex 0.172238 2.83886 34.1
    endloop
  endfacet
  facet normal 0 0 1
    outer loop
      vertex 2.5903 3.94329 34.1
      vertex 0.0192604 3.60793 34.1
      vertex 0.0768585 3.21964 34.1
    endloop
  endfacet
  facet normal 0.904025 -0.42748 0
    outer loop
      vertex 87.3277 2.11441 34.1
      vertex 87.4955 2.46927 0
      vertex 87.4955 2.46927 34.1
    endloop
  endfacet
  facet normal 0.904025 -0.42748 0
    outer loop
      vertex 87.4955 2.46927 0
      vertex 87.3277 2.11441 34.1
      vertex 87.3277 2.11441 0
    endloop
  endfacet
  facet normal -0.803214 0.59569 0
    outer loop
      vertex 0.674121 48.0223 0
      vertex 0.907958 48.3376 34.1
      vertex 0.907958 48.3376 0
    endloop
  endfacet
  facet normal -0.803214 0.59569 0
    outer loop
      vertex 0.907958 48.3376 34.1
      vertex 0.674121 48.0223 0
      vertex 0.674121 48.0223 34.1
    endloop
  endfacet
  facet normal -0.857727 -0.514106 0
    outer loop
      vertex 0.674121 1.77772 0
      vertex 0.472315 2.11441 34.1
      vertex 0.472315 2.11441 0
    endloop
  endfacet
  facet normal -0.857727 -0.514106 0
    outer loop
      vertex 0.472315 2.11441 34.1
      vertex 0.674121 1.77772 0
      vertex 0.674121 1.77772 34.1
    endloop
  endfacet
  facet normal 0.243026 -0.97002 0
    outer loop
      vertex 84.5804 0.0768585 0
      vertex 84.9611 0.172238 34.1
      vertex 84.5804 0.0768585 34.1
    endloop
  endfacet
  facet normal 0.243026 -0.97002 0
    outer loop
      vertex 84.9611 0.172238 34.1
      vertex 84.5804 0.0768585 0
      vertex 84.9611 0.172238 0
    endloop
  endfacet
  facet normal -0.0491664 0.998791 0
    outer loop
      vertex 4 49.8 0
      vertex 3.60793 49.7807 34.1
      vertex 4 49.8 34.1
    endloop
  endfacet
  facet normal -0.0491664 0.998791 0
    outer loop
      vertex 3.60793 49.7807 34.1
      vertex 4 49.8 0
      vertex 3.60793 49.7807 0
    endloop
  endfacet
  facet normal -0.514106 -0.857727 0
    outer loop
      vertex 1.77772 0.674121 0
      vertex 2.11441 0.472315 34.1
      vertex 1.77772 0.674121 34.1
    endloop
  endfacet
  facet normal -0.514106 -0.857727 -0
    outer loop
      vertex 2.11441 0.472315 34.1
      vertex 1.77772 0.674121 0
      vertex 2.11441 0.472315 0
    endloop
  endfacet
  facet normal -0.989176 -0.146732 0
    outer loop
      vertex 0.0768585 3.21964 0
      vertex 0.0192604 3.60793 34.1
      vertex 0.0192604 3.60793 0
    endloop
  endfacet
  facet normal -0.989176 -0.146732 0
    outer loop
      vertex 0.0192604 3.60793 34.1
      vertex 0.0768585 3.21964 0
      vertex 0.0768585 3.21964 34.1
    endloop
  endfacet
  facet normal -0.904011 0.427509 0
    outer loop
      vertex 0.304482 47.3307 0
      vertex 0.472315 47.6856 34.1
      vertex 0.472315 47.6856 0
    endloop
  endfacet
  facet normal -0.904011 0.427509 0
    outer loop
      vertex 0.472315 47.6856 34.1
      vertex 0.304482 47.3307 0
      vertex 0.304482 47.3307 34.1
    endloop
  endfacet
  facet normal -0.803205 -0.595703 0
    outer loop
      vertex 0.907958 1.46243 0
      vertex 0.674121 1.77772 34.1
      vertex 0.674121 1.77772 0
    endloop
  endfacet
  facet normal -0.803205 -0.595703 0
    outer loop
      vertex 0.674121 1.77772 34.1
      vertex 0.907958 1.46243 0
      vertex 0.907958 1.46243 34.1
    endloop
  endfacet
  facet normal -0.998796 0.049062 0
    outer loop
      vertex 0 45.8 0
      vertex 0.0192604 46.1921 34.1
      vertex 0.0192604 46.1921 0
    endloop
  endfacet
  facet normal -0.998796 0.049062 0
    outer loop
      vertex 0.0192604 46.1921 34.1
      vertex 0 45.8 0
      vertex 0 45.8 34.1
    endloop
  endfacet
  facet normal -0.803167 -0.595754 0
    outer loop
      vertex 84.9787 46.2889 2
      vertex 84.8325 46.486 34.1
      vertex 84.8325 46.486 2
    endloop
  endfacet
  facet normal -0.803167 -0.595754 0
    outer loop
      vertex 84.8325 46.486 34.1
      vertex 84.9787 46.2889 2
      vertex 84.9787 46.2889 34.1
    endloop
  endfacet
  facet normal 0.857691 -0.514166 0
    outer loop
      vertex 2.6952 46.0785 34.1
      vertex 2.82133 46.2889 2
      vertex 2.82133 46.2889 34.1
    endloop
  endfacet
  facet normal 0.857691 -0.514166 0
    outer loop
      vertex 2.82133 46.2889 2
      vertex 2.6952 46.0785 34.1
      vertex 2.6952 46.0785 2
    endloop
  endfacet
  facet normal -0.146726 0.989177 0
    outer loop
      vertex 83.3877 2.44804 2
      vertex 83.145 2.41204 34.1
      vertex 83.3877 2.44804 34.1
    endloop
  endfacet
  facet normal -0.146726 0.989177 0
    outer loop
      vertex 83.145 2.41204 34.1
      vertex 83.3877 2.44804 2
      vertex 83.145 2.41204 2
    endloop
  endfacet
  facet normal 0 -1 0
    outer loop
      vertex 4.9 47.4 2
      vertex 82.9 47.4 34.1
      vertex 4.9 47.4 34.1
    endloop
  endfacet
  facet normal 0 -1 -0
    outer loop
      vertex 82.9 47.4 34.1
      vertex 4.9 47.4 2
      vertex 82.9 47.4 2
    endloop
  endfacet
  facet normal -0.146726 -0.989177 0
    outer loop
      vertex 83.145 47.388 2
      vertex 83.3877 47.352 34.1
      vertex 83.145 47.388 34.1
    endloop
  endfacet
  facet normal -0.146726 -0.989177 -0
    outer loop
      vertex 83.3877 47.352 34.1
      vertex 83.145 47.388 2
      vertex 83.3877 47.352 2
    endloop
  endfacet
  facet normal -0.337059 -0.941483 0
    outer loop
      vertex 83.6257 47.2924 2
      vertex 83.8567 47.2097 34.1
      vertex 83.6257 47.2924 34.1
    endloop
  endfacet
  facet normal -0.337059 -0.941483 -0
    outer loop
      vertex 83.8567 47.2097 34.1
      vertex 83.6257 47.2924 2
      vertex 83.8567 47.2097 2
    endloop
  endfacet
  facet normal 0.595693 0.803212 -0
    outer loop
      vertex 3.51107 2.82133 2
      vertex 3.31402 2.96747 34.1
      vertex 3.51107 2.82133 34.1
    endloop
  endfacet
  facet normal 0.595693 0.803212 0
    outer loop
      vertex 3.31402 2.96747 34.1
      vertex 3.51107 2.82133 2
      vertex 3.31402 2.96747 2
    endloop
  endfacet
  facet normal 0.514004 -0.857788 0
    outer loop
      vertex 3.51107 46.9787 2
      vertex 3.72151 47.1048 34.1
      vertex 3.51107 46.9787 34.1
    endloop
  endfacet
  facet normal 0.514004 -0.857788 0
    outer loop
      vertex 3.72151 47.1048 34.1
      vertex 3.51107 46.9787 2
      vertex 3.72151 47.1048 2
    endloop
  endfacet
  facet normal -0.427543 -0.903995 0
    outer loop
      vertex 83.8567 47.2097 2
      vertex 84.0785 47.1048 34.1
      vertex 83.8567 47.2097 34.1
    endloop
  endfacet
  facet normal -0.427543 -0.903995 -0
    outer loop
      vertex 84.0785 47.1048 34.1
      vertex 83.8567 47.2097 2
      vertex 84.0785 47.1048 2
    endloop
  endfacet
  facet normal 0.048913 -0.998803 0
    outer loop
      vertex 4.65496 47.388 2
      vertex 4.9 47.4 34.1
      vertex 4.65496 47.388 34.1
    endloop
  endfacet
  facet normal 0.048913 -0.998803 0
    outer loop
      vertex 4.9 47.4 34.1
      vertex 4.65496 47.388 2
      vertex 4.9 47.4 2
    endloop
  endfacet
  facet normal -0.242919 -0.970047 0
    outer loop
      vertex 83.3877 47.352 2
      vertex 83.6257 47.2924 34.1
      vertex 83.3877 47.352 34.1
    endloop
  endfacet
  facet normal -0.242919 -0.970047 -0
    outer loop
      vertex 83.6257 47.2924 34.1
      vertex 83.3877 47.352 2
      vertex 83.6257 47.2924 2
    endloop
  endfacet
  facet normal 0.336879 0.941548 -0
    outer loop
      vertex 4.17429 2.50765 2
      vertex 3.94329 2.5903 34.1
      vertex 4.17429 2.50765 34.1
    endloop
  endfacet
  facet normal 0.336879 0.941548 0
    outer loop
      vertex 3.94329 2.5903 34.1
      vertex 4.17429 2.50765 2
      vertex 3.94329 2.5903 2
    endloop
  endfacet
  facet normal 1 0 0
    outer loop
      vertex 2.4 28.1343 21.1814
      vertex 2.4 44.9 34.1
      vertex 2.4 28.15 21.5
    endloop
  endfacet
  facet normal 1 0 0
    outer loop
      vertex 2.4 44.9 34.1
      vertex 2.4 28.1343 21.8186
      vertex 2.4 28.15 21.5
    endloop
  endfacet
  facet normal 1 0 0
    outer loop
      vertex 2.4 44.9 34.1
      vertex 2.4 28.0876 22.134
      vertex 2.4 28.1343 21.8186
    endloop
  endfacet
  facet normal 1 0 0
    outer loop
      vertex 2.4 44.9 34.1
      vertex 2.4 28.0101 22.4434
      vertex 2.4 28.0876 22.134
    endloop
  endfacet
  facet normal 1 0 0
    outer loop
      vertex 2.4 44.9 34.1
      vertex 2.4 27.9026 22.7437
      vertex 2.4 28.0101 22.4434
    endloop
  endfacet
  facet normal 1 0 0
    outer loop
      vertex 2.4 44.9 34.1
      vertex 2.4 27.7662 23.032
      vertex 2.4 27.9026 22.7437
    endloop
  endfacet
  facet normal 1 0 0
    outer loop
      vertex 2.4 44.9 34.1
      vertex 2.4 27.6023 23.3056
      vertex 2.4 27.7662 23.032
    endloop
  endfacet
  facet normal 1 0 0
    outer loop
      vertex 2.4 44.9 34.1
      vertex 2.4 27.4123 23.5618
      vertex 2.4 27.6023 23.3056
    endloop
  endfacet
  facet normal 1 0 0
    outer loop
      vertex 2.4 44.9 34.1
      vertex 2.4 27.1981 23.7981
      vertex 2.4 27.4123 23.5618
    endloop
  endfacet
  facet normal 1 0 0
    outer loop
      vertex 2.4 44.9 34.1
      vertex 2.4 26.9618 24.0123
      vertex 2.4 27.1981 23.7981
    endloop
  endfacet
  facet normal 1 0 0
    outer loop
      vertex 2.4 44.9 34.1
      vertex 2.4 26.7056 24.2023
      vertex 2.4 26.9618 24.0123
    endloop
  endfacet
  facet normal 1 0 0
    outer loop
      vertex 2.4 44.9 34.1
      vertex 2.4 26.432 24.3662
      vertex 2.4 26.7056 24.2023
    endloop
  endfacet
  facet normal 1 0 0
    outer loop
      vertex 2.4 44.9 34.1
      vertex 2.4 26.1437 24.5026
      vertex 2.4 26.432 24.3662
    endloop
  endfacet
  facet normal 1 0 0
    outer loop
      vertex 2.4 44.9 34.1
      vertex 2.4 25.8434 24.6101
      vertex 2.4 26.1437 24.5026
    endloop
  endfacet
  facet normal 1 0 0
    outer loop
      vertex 2.4 44.9 34.1
      vertex 2.4 25.534 24.6876
      vertex 2.4 25.8434 24.6101
    endloop
  endfacet
  facet normal 1 0 0
    outer loop
      vertex 2.4 44.9 34.1
      vertex 2.4 25.2186 24.7344
      vertex 2.4 25.534 24.6876
    endloop
  endfacet
  facet normal 1 0 0
    outer loop
      vertex 2.4 44.9 34.1
      vertex 2.4 24.9 24.75
      vertex 2.4 25.2186 24.7344
    endloop
  endfacet
  facet normal 1 -0 0
    outer loop
      vertex 2.4 4.9 34.1
      vertex 2.4 24.9 24.75
      vertex 2.4 44.9 34.1
    endloop
  endfacet
  facet normal 1 0 0
    outer loop
      vertex 2.4 24.9 24.75
      vertex 2.4 4.9 34.1
      vertex 2.4 24.5814 24.7344
    endloop
  endfacet
  facet normal 1 0 0
    outer loop
      vertex 2.4 24.5814 24.7344
      vertex 2.4 4.9 34.1
      vertex 2.4 24.266 24.6876
    endloop
  endfacet
  facet normal 1 0 0
    outer loop
      vertex 2.4 24.266 24.6876
      vertex 2.4 4.9 34.1
      vertex 2.4 23.9566 24.6101
    endloop
  endfacet
  facet normal 1 0 0
    outer loop
      vertex 2.4 21.6656 21.8186
      vertex 2.4 4.9 34.1
      vertex 2.4 21.65 21.5
    endloop
  endfacet
  facet normal 1 0 0
    outer loop
      vertex 2.4 21.7124 22.134
      vertex 2.4 4.9 34.1
      vertex 2.4 21.6656 21.8186
    endloop
  endfacet
  facet normal 1 0 0
    outer loop
      vertex 2.4 21.7899 22.4434
      vertex 2.4 4.9 34.1
      vertex 2.4 21.7124 22.134
    endloop
  endfacet
  facet normal 1 0 0
    outer loop
      vertex 2.4 21.8974 22.7437
      vertex 2.4 4.9 34.1
      vertex 2.4 21.7899 22.4434
    endloop
  endfacet
  facet normal 1 0 0
    outer loop
      vertex 2.4 22.0338 23.032
      vertex 2.4 4.9 34.1
      vertex 2.4 21.8974 22.7437
    endloop
  endfacet
  facet normal 1 0 0
    outer loop
      vertex 2.4 22.1977 23.3056
      vertex 2.4 4.9 34.1
      vertex 2.4 22.0338 23.032
    endloop
  endfacet
  facet normal 1 0 0
    outer loop
      vertex 2.4 22.3877 23.5618
      vertex 2.4 4.9 34.1
      vertex 2.4 22.1977 23.3056
    endloop
  endfacet
  facet normal 1 0 0
    outer loop
      vertex 2.4 22.6019 23.7981
      vertex 2.4 4.9 34.1
      vertex 2.4 22.3877 23.5618
    endloop
  endfacet
  facet normal 1 0 0
    outer loop
      vertex 2.4 22.8382 24.0123
      vertex 2.4 4.9 34.1
      vertex 2.4 22.6019 23.7981
    endloop
  endfacet
  facet normal 1 0 0
    outer loop
      vertex 2.4 23.0944 24.2023
      vertex 2.4 4.9 34.1
      vertex 2.4 22.8382 24.0123
    endloop
  endfacet
  facet normal 1 0 0
    outer loop
      vertex 2.4 23.368 24.3662
      vertex 2.4 4.9 34.1
      vertex 2.4 23.0944 24.2023
    endloop
  endfacet
  facet normal 1 0 0
    outer loop
      vertex 2.4 23.6563 24.5026
      vertex 2.4 4.9 34.1
      vertex 2.4 23.368 24.3662
    endloop
  endfacet
  facet normal 1 0 0
    outer loop
      vertex 2.4 23.9566 24.6101
      vertex 2.4 4.9 34.1
      vertex 2.4 23.6563 24.5026
    endloop
  endfacet
  facet normal 1 0 0
    outer loop
      vertex 2.4 28.0876 20.866
      vertex 2.4 44.9 34.1
      vertex 2.4 28.1343 21.1814
    endloop
  endfacet
  facet normal 1 0 0
    outer loop
      vertex 2.4 44.9 34.1
      vertex 2.4 28.0876 20.866
      vertex 2.4 44.9 2
    endloop
  endfacet
  facet normal 1 -0 0
    outer loop
      vertex 2.4 28.0101 20.5566
      vertex 2.4 44.9 2
      vertex 2.4 28.0876 20.866
    endloop
  endfacet
  facet normal 1 -0 0
    outer loop
      vertex 2.4 27.9026 20.2563
      vertex 2.4 44.9 2
      vertex 2.4 28.0101 20.5566
    endloop
  endfacet
  facet normal 1 -0 0
    outer loop
      vertex 2.4 27.7662 19.968
      vertex 2.4 44.9 2
      vertex 2.4 27.9026 20.2563
    endloop
  endfacet
  facet normal 1 -0 0
    outer loop
      vertex 2.4 27.6023 19.6944
      vertex 2.4 44.9 2
      vertex 2.4 27.7662 19.968
    endloop
  endfacet
  facet normal 1 -0 0
    outer loop
      vertex 2.4 27.4123 19.4382
      vertex 2.4 44.9 2
      vertex 2.4 27.6023 19.6944
    endloop
  endfacet
  facet normal 1 -0 0
    outer loop
      vertex 2.4 27.1981 19.2019
      vertex 2.4 44.9 2
      vertex 2.4 27.4123 19.4382
    endloop
  endfacet
  facet normal 1 -0 0
    outer loop
      vertex 2.4 26.9618 18.9877
      vertex 2.4 44.9 2
      vertex 2.4 27.1981 19.2019
    endloop
  endfacet
  facet normal 1 -0 0
    outer loop
      vertex 2.4 26.7761 18.85
      vertex 2.4 44.9 2
      vertex 2.4 26.9618 18.9877
    endloop
  endfacet
  facet normal 1 -0 0
    outer loop
      vertex 2.4 23.0239 18.85
      vertex 2.4 44.9 2
      vertex 2.4 26.7761 18.85
    endloop
  endfacet
  facet normal 1 0 0
    outer loop
      vertex 2.4 4.9 2
      vertex 2.4 23.0239 18.85
      vertex 2.4 22.8382 18.9877
    endloop
  endfacet
  facet normal 1 0 0
    outer loop
      vertex 2.4 4.9 34.1
      vertex 2.4 21.6656 21.1814
      vertex 2.4 21.65 21.5
    endloop
  endfacet
  facet normal 1 0 0
    outer loop
      vertex 2.4 4.9 34.1
      vertex 2.4 21.7124 20.866
      vertex 2.4 21.6656 21.1814
    endloop
  endfacet
  facet normal 1 0 0
    outer loop
      vertex 2.4 4.9 2
      vertex 2.4 21.7124 20.866
      vertex 2.4 4.9 34.1
    endloop
  endfacet
  facet normal 1 0 0
    outer loop
      vertex 2.4 21.7124 20.866
      vertex 2.4 4.9 2
      vertex 2.4 21.7899 20.5566
    endloop
  endfacet
  facet normal 1 0 0
    outer loop
      vertex 2.4 21.7899 20.5566
      vertex 2.4 4.9 2
      vertex 2.4 21.8974 20.2563
    endloop
  endfacet
  facet normal 1 0 0
    outer loop
      vertex 2.4 21.8974 20.2563
      vertex 2.4 4.9 2
      vertex 2.4 22.0338 19.968
    endloop
  endfacet
  facet normal 1 0 0
    outer loop
      vertex 2.4 22.0338 19.968
      vertex 2.4 4.9 2
      vertex 2.4 22.1977 19.6944
    endloop
  endfacet
  facet normal 1 0 0
    outer loop
      vertex 2.4 22.1977 19.6944
      vertex 2.4 4.9 2
      vertex 2.4 22.3877 19.4382
    endloop
  endfacet
  facet normal 1 0 0
    outer loop
      vertex 2.4 22.3877 19.4382
      vertex 2.4 4.9 2
      vertex 2.4 22.6019 19.2019
    endloop
  endfacet
  facet normal 1 0 0
    outer loop
      vertex 2.4 23.0239 18.85
      vertex 2.4 4.9 2
      vertex 2.4 44.9 2
    endloop
  endfacet
  facet normal 1 0 0
    outer loop
      vertex 2.4 22.6019 19.2019
      vertex 2.4 4.9 2
      vertex 2.4 22.8382 18.9877
    endloop
  endfacet
  facet normal 0.514094 0.857734 -0
    outer loop
      vertex 3.72151 2.6952 2
      vertex 3.51107 2.82133 34.1
      vertex 3.72151 2.6952 34.1
    endloop
  endfacet
  facet normal 0.514094 0.857734 0
    outer loop
      vertex 3.51107 2.82133 34.1
      vertex 3.72151 2.6952 2
      vertex 3.51107 2.82133 2
    endloop
  endfacet
  facet normal 0.970037 -0.242958 0
    outer loop
      vertex 2.44804 45.3877 34.1
      vertex 2.50765 45.6257 2
      vertex 2.50765 45.6257 34.1
    endloop
  endfacet
  facet normal 0.970037 -0.242958 0
    outer loop
      vertex 2.50765 45.6257 2
      vertex 2.44804 45.3877 34.1
      vertex 2.44804 45.3877 2
    endloop
  endfacet
  facet normal -0.514076 -0.857745 0
    outer loop
      vertex 84.0785 47.1048 2
      vertex 84.2889 46.9787 34.1
      vertex 84.0785 47.1048 34.1
    endloop
  endfacet
  facet normal -0.514076 -0.857745 -0
    outer loop
      vertex 84.2889 46.9787 34.1
      vertex 84.0785 47.1048 2
      vertex 84.2889 46.9787 2
    endloop
  endfacet
  facet normal -0.998803 -0.0489209 0
    outer loop
      vertex 85.4 44.9 2
      vertex 85.388 45.145 34.1
      vertex 85.388 45.145 2
    endloop
  endfacet
  facet normal -0.998803 -0.0489209 0
    outer loop
      vertex 85.388 45.145 34.1
      vertex 85.4 44.9 2
      vertex 85.4 44.9 34.1
    endloop
  endfacet
  facet normal -0.970042 0.242938 0
    outer loop
      vertex 85.2924 4.17429 2
      vertex 85.352 4.41227 34.1
      vertex 85.352 4.41227 2
    endloop
  endfacet
  facet normal -0.970042 0.242938 0
    outer loop
      vertex 85.352 4.41227 34.1
      vertex 85.2924 4.17429 2
      vertex 85.2924 4.17429 34.1
    endloop
  endfacet
  facet normal -0.857745 -0.514076 0
    outer loop
      vertex 85.1048 46.0785 2
      vertex 84.9787 46.2889 34.1
      vertex 84.9787 46.2889 2
    endloop
  endfacet
  facet normal -0.857745 -0.514076 0
    outer loop
      vertex 84.9787 46.2889 34.1
      vertex 85.1048 46.0785 2
      vertex 85.1048 46.0785 34.1
    endloop
  endfacet
  facet normal 0.803284 -0.595596 0
    outer loop
      vertex 2.82133 46.2889 34.1
      vertex 2.96747 46.486 2
      vertex 2.96747 46.486 34.1
    endloop
  endfacet
  facet normal 0.803284 -0.595596 0
    outer loop
      vertex 2.96747 46.486 2
      vertex 2.82133 46.2889 34.1
      vertex 2.82133 46.2889 2
    endloop
  endfacet
  facet normal 0.671414 -0.741083 0
    outer loop
      vertex 3.13223 46.6678 2
      vertex 3.31402 46.8325 34.1
      vertex 3.13223 46.6678 34.1
    endloop
  endfacet
  facet normal 0.671414 -0.741083 0
    outer loop
      vertex 3.31402 46.8325 34.1
      vertex 3.13223 46.6678 2
      vertex 3.31402 46.8325 2
    endloop
  endfacet
  facet normal -1 0 0
    outer loop
      vertex 85.4 29 15.7268
      vertex 85.4 44.9 2
      vertex 85.4 29 12.2732
    endloop
  endfacet
  facet normal -1 0 0
    outer loop
      vertex 85.4 44.9 2
      vertex 85.4 28.8245 11.9023
      vertex 85.4 29 12.2732
    endloop
  endfacet
  facet normal -1 0 0
    outer loop
      vertex 85.4 44.9 2
      vertex 85.4 28.6 11.5277
      vertex 85.4 28.8245 11.9023
    endloop
  endfacet
  facet normal -1 0 0
    outer loop
      vertex 85.4 44.9 2
      vertex 85.4 28.3399 11.177
      vertex 85.4 28.6 11.5277
    endloop
  endfacet
  facet normal -1 0 0
    outer loop
      vertex 85.4 44.9 2
      vertex 85.4 28.0466 10.8534
      vertex 85.4 28.3399 11.177
    endloop
  endfacet
  facet normal -1 0 0
    outer loop
      vertex 85.4 44.9 2
      vertex 85.4 27.723 10.5601
      vertex 85.4 28.0466 10.8534
    endloop
  endfacet
  facet normal -1 0 0
    outer loop
      vertex 85.4 44.9 2
      vertex 85.4 27.3723 10.3
      vertex 85.4 27.723 10.5601
    endloop
  endfacet
  facet normal -1 0 0
    outer loop
      vertex 85.4 44.9 2
      vertex 85.4 26.9977 10.0755
      vertex 85.4 27.3723 10.3
    endloop
  endfacet
  facet normal -1 0 0
    outer loop
      vertex 85.4 44.9 2
      vertex 85.4 26.6029 9.88874
      vertex 85.4 26.9977 10.0755
    endloop
  endfacet
  facet normal -1 0 0
    outer loop
      vertex 85.4 44.9 2
      vertex 85.4 26.1918 9.74162
      vertex 85.4 26.6029 9.88874
    endloop
  endfacet
  facet normal -1 0 0
    outer loop
      vertex 85.4 44.9 2
      vertex 85.4 25.7682 9.63551
      vertex 85.4 26.1918 9.74162
    endloop
  endfacet
  facet normal -1 0 0
    outer loop
      vertex 85.4 44.9 2
      vertex 85.4 25.3362 9.57143
      vertex 85.4 25.7682 9.63551
    endloop
  endfacet
  facet normal -1 0 0
    outer loop
      vertex 85.4 44.9 2
      vertex 85.4 24.9 9.55
      vertex 85.4 25.3362 9.57143
    endloop
  endfacet
  facet normal -1 0 0
    outer loop
      vertex 85.4 4.9 2
      vertex 85.4 24.9 9.55
      vertex 85.4 44.9 2
    endloop
  endfacet
  facet normal -1 -0 0
    outer loop
      vertex 85.4 24.9 9.55
      vertex 85.4 4.9 2
      vertex 85.4 24.4638 9.57143
    endloop
  endfacet
  facet normal -1 -0 0
    outer loop
      vertex 85.4 24.4638 9.57143
      vertex 85.4 4.9 2
      vertex 85.4 24.0318 9.63551
    endloop
  endfacet
  facet normal -1 -0 0
    outer loop
      vertex 85.4 24.0318 9.63551
      vertex 85.4 4.9 2
      vertex 85.4 23.6082 9.74162
    endloop
  endfacet
  facet normal -1 -0 0
    outer loop
      vertex 85.4 20.8 12.2732
      vertex 85.4 4.9 2
      vertex 85.4 20.8 15.7268
    endloop
  endfacet
  facet normal -1 -0 0
    outer loop
      vertex 85.4 20.9755 11.9023
      vertex 85.4 4.9 2
      vertex 85.4 20.8 12.2732
    endloop
  endfacet
  facet normal -1 -0 0
    outer loop
      vertex 85.4 21.2 11.5277
      vertex 85.4 4.9 2
      vertex 85.4 20.9755 11.9023
    endloop
  endfacet
  facet normal -1 -0 0
    outer loop
      vertex 85.4 21.4601 11.177
      vertex 85.4 4.9 2
      vertex 85.4 21.2 11.5277
    endloop
  endfacet
  facet normal -1 -0 0
    outer loop
      vertex 85.4 21.7534 10.8534
      vertex 85.4 4.9 2
      vertex 85.4 21.4601 11.177
    endloop
  endfacet
  facet normal -1 -0 0
    outer loop
      vertex 85.4 22.077 10.5601
      vertex 85.4 4.9 2
      vertex 85.4 21.7534 10.8534
    endloop
  endfacet
  facet normal -1 -0 0
    outer loop
      vertex 85.4 22.4277 10.3
      vertex 85.4 4.9 2
      vertex 85.4 22.077 10.5601
    endloop
  endfacet
  facet normal -1 -0 0
    outer loop
      vertex 85.4 22.8023 10.0755
      vertex 85.4 4.9 2
      vertex 85.4 22.4277 10.3
    endloop
  endfacet
  facet normal -1 -0 0
    outer loop
      vertex 85.4 23.1971 9.88874
      vertex 85.4 4.9 2
      vertex 85.4 22.8023 10.0755
    endloop
  endfacet
  facet normal -1 -0 0
    outer loop
      vertex 85.4 23.6082 9.74162
      vertex 85.4 4.9 2
      vertex 85.4 23.1971 9.88874
    endloop
  endfacet
  facet normal -1 0 0
    outer loop
      vertex 85.4 44.9 2
      vertex 85.4 29 15.7268
      vertex 85.4 44.9 34.1
    endloop
  endfacet
  facet normal -1 0 0
    outer loop
      vertex 85.4 28.8245 16.0977
      vertex 85.4 44.9 34.1
      vertex 85.4 29 15.7268
    endloop
  endfacet
  facet normal -1 0 0
    outer loop
      vertex 85.4 28.6 16.4723
      vertex 85.4 44.9 34.1
      vertex 85.4 28.8245 16.0977
    endloop
  endfacet
  facet normal -1 0 0
    outer loop
      vertex 85.4 28.3399 16.823
      vertex 85.4 44.9 34.1
      vertex 85.4 28.6 16.4723
    endloop
  endfacet
  facet normal -1 0 0
    outer loop
      vertex 85.4 28.0466 17.1466
      vertex 85.4 44.9 34.1
      vertex 85.4 28.3399 16.823
    endloop
  endfacet
  facet normal -1 0 0
    outer loop
      vertex 85.4 27.723 17.4399
      vertex 85.4 44.9 34.1
      vertex 85.4 28.0466 17.1466
    endloop
  endfacet
  facet normal -1 0 0
    outer loop
      vertex 85.4 27.3723 17.7
      vertex 85.4 44.9 34.1
      vertex 85.4 27.723 17.4399
    endloop
  endfacet
  facet normal -1 0 0
    outer loop
      vertex 85.4 26.9977 17.9245
      vertex 85.4 44.9 34.1
      vertex 85.4 27.3723 17.7
    endloop
  endfacet
  facet normal -1 0 0
    outer loop
      vertex 85.4 26.6029 18.1113
      vertex 85.4 44.9 34.1
      vertex 85.4 26.9977 17.9245
    endloop
  endfacet
  facet normal -1 0 0
    outer loop
      vertex 85.4 26.1918 18.2584
      vertex 85.4 44.9 34.1
      vertex 85.4 26.6029 18.1113
    endloop
  endfacet
  facet normal -1 0 0
    outer loop
      vertex 85.4 25.7682 18.3645
      vertex 85.4 44.9 34.1
      vertex 85.4 26.1918 18.2584
    endloop
  endfacet
  facet normal -1 0 0
    outer loop
      vertex 85.4 25.3362 18.4286
      vertex 85.4 44.9 34.1
      vertex 85.4 25.7682 18.3645
    endloop
  endfacet
  facet normal -1 0 0
    outer loop
      vertex 85.4 24.9 18.45
      vertex 85.4 44.9 34.1
      vertex 85.4 25.3362 18.4286
    endloop
  endfacet
  facet normal -1 0 0
    outer loop
      vertex 85.4 4.9 34.1
      vertex 85.4 24.9 18.45
      vertex 85.4 24.4638 18.4286
    endloop
  endfacet
  facet normal -1 0 0
    outer loop
      vertex 85.4 4.9 34.1
      vertex 85.4 24.4638 18.4286
      vertex 85.4 24.0318 18.3645
    endloop
  endfacet
  facet normal -1 0 0
    outer loop
      vertex 85.4 4.9 34.1
      vertex 85.4 24.0318 18.3645
      vertex 85.4 23.6082 18.2584
    endloop
  endfacet
  facet normal -1 0 0
    outer loop
      vertex 85.4 4.9 34.1
      vertex 85.4 23.6082 18.2584
      vertex 85.4 23.1971 18.1113
    endloop
  endfacet
  facet normal -1 0 0
    outer loop
      vertex 85.4 4.9 34.1
      vertex 85.4 23.1971 18.1113
      vertex 85.4 22.8023 17.9245
    endloop
  endfacet
  facet normal -1 0 0
    outer loop
      vertex 85.4 4.9 34.1
      vertex 85.4 22.8023 17.9245
      vertex 85.4 22.4277 17.7
    endloop
  endfacet
  facet normal -1 0 0
    outer loop
      vertex 85.4 4.9 34.1
      vertex 85.4 20.8 15.7268
      vertex 85.4 4.9 2
    endloop
  endfacet
  facet normal -1 0 0
    outer loop
      vertex 85.4 20.8 15.7268
      vertex 85.4 4.9 34.1
      vertex 85.4 20.9755 16.0977
    endloop
  endfacet
  facet normal -1 0 0
    outer loop
      vertex 85.4 20.9755 16.0977
      vertex 85.4 4.9 34.1
      vertex 85.4 21.2 16.4723
    endloop
  endfacet
  facet normal -1 0 0
    outer loop
      vertex 85.4 21.2 16.4723
      vertex 85.4 4.9 34.1
      vertex 85.4 21.4601 16.823
    endloop
  endfacet
  facet normal -1 0 0
    outer loop
      vertex 85.4 21.4601 16.823
      vertex 85.4 4.9 34.1
      vertex 85.4 21.7534 17.1466
    endloop
  endfacet
  facet normal -1 0 0
    outer loop
      vertex 85.4 24.9 18.45
      vertex 85.4 4.9 34.1
      vertex 85.4 44.9 34.1
    endloop
  endfacet
  facet normal -1 0 0
    outer loop
      vertex 85.4 22.077 17.4399
      vertex 85.4 4.9 34.1
      vertex 85.4 22.4277 17.7
    endloop
  endfacet
  facet normal -1 0 0
    outer loop
      vertex 85.4 21.7534 17.1466
      vertex 85.4 4.9 34.1
      vertex 85.4 22.077 17.4399
    endloop
  endfacet
  facet normal 0.998795 -0.0490836 0
    outer loop
      vertex 2.4 44.9 34.1
      vertex 2.41204 45.145 2
      vertex 2.41204 45.145 34.1
    endloop
  endfacet
  facet normal 0.998795 -0.0490836 0
    outer loop
      vertex 2.41204 45.145 2
      vertex 2.4 44.9 34.1
      vertex 2.4 44.9 2
    endloop
  endfacet
  facet normal 0.989176 0.146732 0
    outer loop
      vertex 2.44804 4.41227 34.1
      vertex 2.41204 4.65496 2
      vertex 2.41204 4.65496 34.1
    endloop
  endfacet
  facet normal 0.989176 0.146732 0
    outer loop
      vertex 2.41204 4.65496 2
      vertex 2.44804 4.41227 34.1
      vertex 2.44804 4.41227 2
    endloop
  endfacet
  facet normal -0.803095 0.595851 0
    outer loop
      vertex 84.8325 3.31402 2
      vertex 84.9787 3.51107 34.1
      vertex 84.9787 3.51107 2
    endloop
  endfacet
  facet normal -0.803095 0.595851 0
    outer loop
      vertex 84.9787 3.51107 34.1
      vertex 84.8325 3.31402 2
      vertex 84.8325 3.31402 34.1
    endloop
  endfacet
  facet normal 0 1 -0
    outer loop
      vertex 82.9 2.4 2
      vertex 4.9 2.4 34.1
      vertex 82.9 2.4 34.1
    endloop
  endfacet
  facet normal 0 1 0
    outer loop
      vertex 4.9 2.4 34.1
      vertex 82.9 2.4 2
      vertex 4.9 2.4 2
    endloop
  endfacet
  facet normal -0.0490836 0.998795 0
    outer loop
      vertex 83.145 2.41204 2
      vertex 82.9 2.4 34.1
      vertex 83.145 2.41204 34.1
    endloop
  endfacet
  facet normal -0.0490836 0.998795 0
    outer loop
      vertex 82.9 2.4 34.1
      vertex 83.145 2.41204 2
      vertex 82.9 2.4 2
    endloop
  endfacet
  facet normal 0.0490756 0.998795 -0
    outer loop
      vertex 4.9 2.4 2
      vertex 4.65496 2.41204 34.1
      vertex 4.9 2.4 34.1
    endloop
  endfacet
  facet normal 0.0490756 0.998795 0
    outer loop
      vertex 4.65496 2.41204 34.1
      vertex 4.9 2.4 2
      vertex 4.65496 2.41204 2
    endloop
  endfacet
  facet normal 0.740961 0.671548 0
    outer loop
      vertex 3.13223 3.13223 34.1
      vertex 2.96747 3.31402 2
      vertex 2.96747 3.31402 34.1
    endloop
  endfacet
  facet normal 0.740961 0.671548 0
    outer loop
      vertex 2.96747 3.31402 2
      vertex 3.13223 3.13223 34.1
      vertex 3.13223 3.13223 2
    endloop
  endfacet
  facet normal 0.671548 0.740961 -0
    outer loop
      vertex 3.31402 2.96747 2
      vertex 3.13223 3.13223 34.1
      vertex 3.31402 2.96747 34.1
    endloop
  endfacet
  facet normal 0.671548 0.740961 0
    outer loop
      vertex 3.13223 3.13223 34.1
      vertex 3.31402 2.96747 2
      vertex 3.13223 3.13223 2
    endloop
  endfacet
  facet normal -0.989176 0.146732 0
    outer loop
      vertex 85.352 4.41227 2
      vertex 85.388 4.65496 34.1
      vertex 85.388 4.65496 2
    endloop
  endfacet
  facet normal -0.989176 0.146732 0
    outer loop
      vertex 85.388 4.65496 34.1
      vertex 85.352 4.41227 2
      vertex 85.352 4.41227 34.1
    endloop
  endfacet
  facet normal 0.941548 0.336879 0
    outer loop
      vertex 2.5903 3.94329 34.1
      vertex 2.50765 4.17429 2
      vertex 2.50765 4.17429 34.1
    endloop
  endfacet
  facet normal 0.941548 0.336879 0
    outer loop
      vertex 2.50765 4.17429 2
      vertex 2.5903 3.94329 34.1
      vertex 2.5903 3.94329 2
    endloop
  endfacet
  facet normal -0.671394 -0.741101 0
    outer loop
      vertex 84.486 46.8325 2
      vertex 84.6678 46.6678 34.1
      vertex 84.486 46.8325 34.1
    endloop
  endfacet
  facet normal -0.671394 -0.741101 -0
    outer loop
      vertex 84.6678 46.6678 34.1
      vertex 84.486 46.8325 2
      vertex 84.6678 46.6678 2
    endloop
  endfacet
  facet normal 0.595851 -0.803095 0
    outer loop
      vertex 3.31402 46.8325 2
      vertex 3.51107 46.9787 34.1
      vertex 3.31402 46.8325 34.1
    endloop
  endfacet
  facet normal 0.595851 -0.803095 0
    outer loop
      vertex 3.51107 46.9787 34.1
      vertex 3.31402 46.8325 2
      vertex 3.51107 46.9787 2
    endloop
  endfacet
  facet normal 0.427575 0.90398 -0
    outer loop
      vertex 3.94329 2.5903 2
      vertex 3.72151 2.6952 34.1
      vertex 3.94329 2.5903 34.1
    endloop
  endfacet
  facet normal 0.427575 0.90398 0
    outer loop
      vertex 3.72151 2.6952 34.1
      vertex 3.94329 2.5903 2
      vertex 3.72151 2.6952 2
    endloop
  endfacet
  facet normal 0.803212 0.595693 0
    outer loop
      vertex 2.96747 3.31402 34.1
      vertex 2.82133 3.51107 2
      vertex 2.82133 3.51107 34.1
    endloop
  endfacet
  facet normal 0.803212 0.595693 0
    outer loop
      vertex 2.82133 3.51107 2
      vertex 2.96747 3.31402 34.1
      vertex 2.96747 3.31402 2
    endloop
  endfacet
  facet normal -0.857788 0.514004 0
    outer loop
      vertex 84.9787 3.51107 2
      vertex 85.1048 3.72151 34.1
      vertex 85.1048 3.72151 2
    endloop
  endfacet
  facet normal -0.857788 0.514004 0
    outer loop
      vertex 85.1048 3.72151 34.1
      vertex 84.9787 3.51107 2
      vertex 84.9787 3.51107 34.1
    endloop
  endfacet
  facet normal 0.857734 0.514094 0
    outer loop
      vertex 2.82133 3.51107 34.1
      vertex 2.6952 3.72151 2
      vertex 2.6952 3.72151 34.1
    endloop
  endfacet
  facet normal 0.857734 0.514094 0
    outer loop
      vertex 2.6952 3.72151 2
      vertex 2.82133 3.51107 34.1
      vertex 2.82133 3.51107 2
    endloop
  endfacet
  facet normal -0.741101 -0.671394 0
    outer loop
      vertex 84.8325 46.486 2
      vertex 84.6678 46.6678 34.1
      vertex 84.6678 46.6678 2
    endloop
  endfacet
  facet normal -0.741101 -0.671394 0
    outer loop
      vertex 84.6678 46.6678 34.1
      vertex 84.8325 46.486 2
      vertex 84.8325 46.486 34.1
    endloop
  endfacet
  facet normal -0.595754 -0.803167 0
    outer loop
      vertex 84.2889 46.9787 2
      vertex 84.486 46.8325 34.1
      vertex 84.2889 46.9787 34.1
    endloop
  endfacet
  facet normal -0.595754 -0.803167 -0
    outer loop
      vertex 84.486 46.8325 34.1
      vertex 84.2889 46.9787 2
      vertex 84.486 46.8325 2
    endloop
  endfacet
  facet normal 0.989177 -0.146726 0
    outer loop
      vertex 2.41204 45.145 34.1
      vertex 2.44804 45.3877 2
      vertex 2.44804 45.3877 34.1
    endloop
  endfacet
  facet normal 0.989177 -0.146726 0
    outer loop
      vertex 2.44804 45.3877 2
      vertex 2.41204 45.145 34.1
      vertex 2.41204 45.145 2
    endloop
  endfacet
  facet normal -0.427543 0.903995 0
    outer loop
      vertex 84.0785 2.6952 2
      vertex 83.8567 2.5903 34.1
      vertex 84.0785 2.6952 34.1
    endloop
  endfacet
  facet normal -0.427543 0.903995 0
    outer loop
      vertex 83.8567 2.5903 34.1
      vertex 84.0785 2.6952 2
      vertex 83.8567 2.5903 2
    endloop
  endfacet
  facet normal -0.941483 -0.337059 0
    outer loop
      vertex 85.2924 45.6257 2
      vertex 85.2097 45.8567 34.1
      vertex 85.2097 45.8567 2
    endloop
  endfacet
  facet normal -0.941483 -0.337059 0
    outer loop
      vertex 85.2097 45.8567 34.1
      vertex 85.2924 45.6257 2
      vertex 85.2924 45.6257 34.1
    endloop
  endfacet
  facet normal 0.998795 0.0490756 0
    outer loop
      vertex 2.41204 4.65496 34.1
      vertex 2.4 4.9 2
      vertex 2.4 4.9 34.1
    endloop
  endfacet
  facet normal 0.998795 0.0490756 0
    outer loop
      vertex 2.4 4.9 2
      vertex 2.41204 4.65496 34.1
      vertex 2.41204 4.65496 2
    endloop
  endfacet
  facet normal -0.0489209 -0.998803 0
    outer loop
      vertex 82.9 47.4 2
      vertex 83.145 47.388 34.1
      vertex 82.9 47.4 34.1
    endloop
  endfacet
  facet normal -0.0489209 -0.998803 -0
    outer loop
      vertex 83.145 47.388 34.1
      vertex 82.9 47.4 2
      vertex 83.145 47.388 2
    endloop
  endfacet
  facet normal 0.337059 -0.941483 0
    outer loop
      vertex 3.94329 47.2097 2
      vertex 4.17429 47.2924 34.1
      vertex 3.94329 47.2097 34.1
    endloop
  endfacet
  facet normal 0.337059 -0.941483 0
    outer loop
      vertex 4.17429 47.2924 34.1
      vertex 3.94329 47.2097 2
      vertex 4.17429 47.2924 2
    endloop
  endfacet
  facet normal 0.427575 -0.90398 0
    outer loop
      vertex 3.72151 47.1048 2
      vertex 3.94329 47.2097 34.1
      vertex 3.72151 47.1048 34.1
    endloop
  endfacet
  facet normal 0.427575 -0.90398 0
    outer loop
      vertex 3.94329 47.2097 34.1
      vertex 3.72151 47.1048 2
      vertex 3.94329 47.2097 2
    endloop
  endfacet
  facet normal 0.242938 -0.970042 0
    outer loop
      vertex 4.17429 47.2924 2
      vertex 4.41227 47.352 34.1
      vertex 4.17429 47.2924 34.1
    endloop
  endfacet
  facet normal 0.242938 -0.970042 0
    outer loop
      vertex 4.41227 47.352 34.1
      vertex 4.17429 47.2924 2
      vertex 4.41227 47.352 2
    endloop
  endfacet
  facet normal -0.242958 0.970037 0
    outer loop
      vertex 83.6257 2.50765 2
      vertex 83.3877 2.44804 34.1
      vertex 83.6257 2.50765 34.1
    endloop
  endfacet
  facet normal -0.242958 0.970037 0
    outer loop
      vertex 83.3877 2.44804 34.1
      vertex 83.6257 2.50765 2
      vertex 83.3877 2.44804 2
    endloop
  endfacet
  facet normal 0.903995 -0.427543 0
    outer loop
      vertex 2.5903 45.8567 34.1
      vertex 2.6952 46.0785 2
      vertex 2.6952 46.0785 34.1
    endloop
  endfacet
  facet normal 0.903995 -0.427543 0
    outer loop
      vertex 2.6952 46.0785 2
      vertex 2.5903 45.8567 34.1
      vertex 2.5903 45.8567 2
    endloop
  endfacet
  facet normal 0.740979 -0.671528 0
    outer loop
      vertex 2.96747 46.486 34.1
      vertex 3.13223 46.6678 2
      vertex 3.13223 46.6678 34.1
    endloop
  endfacet
  facet normal 0.740979 -0.671528 0
    outer loop
      vertex 3.13223 46.6678 2
      vertex 2.96747 46.486 34.1
      vertex 2.96747 46.486 2
    endloop
  endfacet
  facet normal -0.336879 0.941548 0
    outer loop
      vertex 83.8567 2.5903 2
      vertex 83.6257 2.50765 34.1
      vertex 83.8567 2.5903 34.1
    endloop
  endfacet
  facet normal -0.336879 0.941548 0
    outer loop
      vertex 83.6257 2.50765 34.1
      vertex 83.8567 2.5903 2
      vertex 83.6257 2.50765 2
    endloop
  endfacet
  facet normal -0.970047 -0.242919 0
    outer loop
      vertex 85.352 45.3877 2
      vertex 85.2924 45.6257 34.1
      vertex 85.2924 45.6257 2
    endloop
  endfacet
  facet normal -0.970047 -0.242919 0
    outer loop
      vertex 85.2924 45.6257 34.1
      vertex 85.352 45.3877 2
      vertex 85.352 45.3877 34.1
    endloop
  endfacet
  facet normal 0.970032 0.242977 0
    outer loop
      vertex 2.50765 4.17429 34.1
      vertex 2.44804 4.41227 2
      vertex 2.44804 4.41227 34.1
    endloop
  endfacet
  facet normal 0.970032 0.242977 0
    outer loop
      vertex 2.44804 4.41227 2
      vertex 2.50765 4.17429 34.1
      vertex 2.50765 4.17429 2
    endloop
  endfacet
  facet normal -0.595596 0.803284 0
    outer loop
      vertex 84.486 2.96747 2
      vertex 84.2889 2.82133 34.1
      vertex 84.486 2.96747 34.1
    endloop
  endfacet
  facet normal -0.595596 0.803284 0
    outer loop
      vertex 84.2889 2.82133 34.1
      vertex 84.486 2.96747 2
      vertex 84.2889 2.82133 2
    endloop
  endfacet
  facet normal -0.998803 0.048913 0
    outer loop
      vertex 85.388 4.65496 2
      vertex 85.4 4.9 34.1
      vertex 85.4 4.9 2
    endloop
  endfacet
  facet normal -0.998803 0.048913 0
    outer loop
      vertex 85.4 4.9 34.1
      vertex 85.388 4.65496 2
      vertex 85.388 4.65496 34.1
    endloop
  endfacet
  facet normal -0.903995 -0.427543 0
    outer loop
      vertex 85.2097 45.8567 2
      vertex 85.1048 46.0785 34.1
      vertex 85.1048 46.0785 2
    endloop
  endfacet
  facet normal -0.903995 -0.427543 0
    outer loop
      vertex 85.1048 46.0785 34.1
      vertex 85.2097 45.8567 2
      vertex 85.2097 45.8567 34.1
    endloop
  endfacet
  facet normal 0.146732 0.989176 -0
    outer loop
      vertex 4.65496 2.41204 2
      vertex 4.41227 2.44804 34.1
      vertex 4.65496 2.41204 34.1
    endloop
  endfacet
  facet normal 0.146732 0.989176 0
    outer loop
      vertex 4.41227 2.44804 34.1
      vertex 4.65496 2.41204 2
      vertex 4.41227 2.44804 2
    endloop
  endfacet
  facet normal -0.514166 0.857691 0
    outer loop
      vertex 84.2889 2.82133 2
      vertex 84.0785 2.6952 34.1
      vertex 84.2889 2.82133 34.1
    endloop
  endfacet
  facet normal -0.514166 0.857691 0
    outer loop
      vertex 84.0785 2.6952 34.1
      vertex 84.2889 2.82133 2
      vertex 84.0785 2.6952 2
    endloop
  endfacet
  facet normal 0.146732 -0.989176 0
    outer loop
      vertex 4.41227 47.352 2
      vertex 4.65496 47.388 34.1
      vertex 4.41227 47.352 34.1
    endloop
  endfacet
  facet normal 0.146732 -0.989176 0
    outer loop
      vertex 4.65496 47.388 34.1
      vertex 4.41227 47.352 2
      vertex 4.65496 47.388 2
    endloop
  endfacet
  facet normal 0.941548 -0.336879 0
    outer loop
      vertex 2.50765 45.6257 34.1
      vertex 2.5903 45.8567 2
      vertex 2.5903 45.8567 34.1
    endloop
  endfacet
  facet normal 0.941548 -0.336879 0
    outer loop
      vertex 2.5903 45.8567 2
      vertex 2.50765 45.6257 34.1
      vertex 2.50765 45.6257 2
    endloop
  endfacet
  facet normal -0.671528 0.740979 0
    outer loop
      vertex 84.6678 3.13223 2
      vertex 84.486 2.96747 34.1
      vertex 84.6678 3.13223 34.1
    endloop
  endfacet
  facet normal -0.671528 0.740979 0
    outer loop
      vertex 84.486 2.96747 34.1
      vertex 84.6678 3.13223 2
      vertex 84.486 2.96747 2
    endloop
  endfacet
  facet normal -0.989177 -0.146726 0
    outer loop
      vertex 85.388 45.145 2
      vertex 85.352 45.3877 34.1
      vertex 85.352 45.3877 2
    endloop
  endfacet
  facet normal -0.989177 -0.146726 0
    outer loop
      vertex 85.352 45.3877 34.1
      vertex 85.388 45.145 2
      vertex 85.388 45.145 34.1
    endloop
  endfacet
  facet normal -0.741083 0.671414 0
    outer loop
      vertex 84.6678 3.13223 2
      vertex 84.8325 3.31402 34.1
      vertex 84.8325 3.31402 2
    endloop
  endfacet
  facet normal -0.741083 0.671414 0
    outer loop
      vertex 84.8325 3.31402 34.1
      vertex 84.6678 3.13223 2
      vertex 84.6678 3.13223 34.1
    endloop
  endfacet
  facet normal 0.242977 0.970032 -0
    outer loop
      vertex 4.41227 2.44804 2
      vertex 4.17429 2.50765 34.1
      vertex 4.41227 2.44804 34.1
    endloop
  endfacet
  facet normal 0.242977 0.970032 0
    outer loop
      vertex 4.17429 2.50765 34.1
      vertex 4.41227 2.44804 2
      vertex 4.17429 2.50765 2
    endloop
  endfacet
  facet normal -0.941483 0.337059 0
    outer loop
      vertex 85.2097 3.94329 2
      vertex 85.2924 4.17429 34.1
      vertex 85.2924 4.17429 2
    endloop
  endfacet
  facet normal -0.941483 0.337059 0
    outer loop
      vertex 85.2924 4.17429 34.1
      vertex 85.2097 3.94329 2
      vertex 85.2097 3.94329 34.1
    endloop
  endfacet
  facet normal 0 0 1
    outer loop
      vertex 58.1664 42.0606 2
      vertex 9.63358 42.0606 2
      vertex 58.3133 41.7501 2
    endloop
  endfacet
  facet normal 0 0 1
    outer loop
      vertex 58.4899 8.34449 2
      vertex 9.88315 6.74306 2
      vertex 9.9 6.4 2
    endloop
  endfacet
  facet normal 0 0 1
    outer loop
      vertex 9.48672 41.7501 2
      vertex 58.3133 41.7501 2
      vertex 9.63358 42.0606 2
    endloop
  endfacet
  facet normal 0 0 1
    outer loop
      vertex 58.4899 8.34449 2
      vertex 9.83275 7.08282 2
      vertex 9.88315 6.74306 2
    endloop
  endfacet
  facet normal 0 0 1
    outer loop
      vertex 58.3133 41.7501 2
      vertex 9.48672 41.7501 2
      vertex 58.4899 41.4555 2
    endloop
  endfacet
  facet normal 0 0 1
    outer loop
      vertex 58.4899 8.34449 2
      vertex 9.74929 7.416 2
      vertex 9.83275 7.08282 2
    endloop
  endfacet
  facet normal 0 0 1
    outer loop
      vertex 9.31014 41.4555 2
      vertex 58.4899 41.4555 2
      vertex 9.48672 41.7501 2
    endloop
  endfacet
  facet normal 0 0 1
    outer loop
      vertex 58.4899 8.34449 2
      vertex 9.63358 7.73939 2
      vertex 9.74929 7.416 2
    endloop
  endfacet
  facet normal 0 0 1
    outer loop
      vertex 58.4899 41.4555 2
      vertex 9.31014 41.4555 2
      vertex 58.4899 8.34449 2
    endloop
  endfacet
  facet normal 0 0 1
    outer loop
      vertex 58.4899 8.34449 2
      vertex 9.48672 8.04989 2
      vertex 9.63358 7.73939 2
    endloop
  endfacet
  facet normal 0 0 1
    outer loop
      vertex 9.31014 8.34449 2
      vertex 58.4899 8.34449 2
      vertex 9.31014 41.4555 2
    endloop
  endfacet
  facet normal 0 0 1
    outer loop
      vertex 58.4899 8.34449 2
      vertex 9.31014 8.34449 2
      vertex 9.48672 8.04989 2
    endloop
  endfacet
  facet normal -0 0 1
    outer loop
      vertex 9.10554 41.1796 2
      vertex 9.31014 8.34449 2
      vertex 9.31014 41.4555 2
    endloop
  endfacet
  facet normal 0 0 1
    outer loop
      vertex 9.10554 41.1796 2
      vertex 9.10554 8.62038 2
      vertex 9.31014 8.34449 2
    endloop
  endfacet
  facet normal -0 0 1
    outer loop
      vertex 8.87487 40.9251 2
      vertex 9.10554 8.62038 2
      vertex 9.10554 41.1796 2
    endloop
  endfacet
  facet normal 0 0 1
    outer loop
      vertex 8.87487 40.9251 2
      vertex 8.87487 8.87487 2
      vertex 9.10554 8.62038 2
    endloop
  endfacet
  facet normal -0 0 1
    outer loop
      vertex 8.62038 40.6945 2
      vertex 8.87487 8.87487 2
      vertex 8.87487 40.9251 2
    endloop
  endfacet
  facet normal 0 0 1
    outer loop
      vertex 8.62038 40.6945 2
      vertex 8.62038 9.10554 2
      vertex 8.87487 8.87487 2
    endloop
  endfacet
  facet normal -0 0 1
    outer loop
      vertex 8.34449 40.4899 2
      vertex 8.62038 9.10554 2
      vertex 8.62038 40.6945 2
    endloop
  endfacet
  facet normal 0 0 1
    outer loop
      vertex 8.34449 40.4899 2
      vertex 8.34449 9.31014 2
      vertex 8.62038 9.10554 2
    endloop
  endfacet
  facet normal -0 0 1
    outer loop
      vertex 8.04989 40.3133 2
      vertex 8.34449 9.31014 2
      vertex 8.34449 40.4899 2
    endloop
  endfacet
  facet normal 0 0 1
    outer loop
      vertex 8.04989 40.3133 2
      vertex 8.04989 9.48672 2
      vertex 8.34449 9.31014 2
    endloop
  endfacet
  facet normal -0 0 1
    outer loop
      vertex 7.73939 40.1664 2
      vertex 8.04989 9.48672 2
      vertex 8.04989 40.3133 2
    endloop
  endfacet
  facet normal 0 0 1
    outer loop
      vertex 7.73939 40.1664 2
      vertex 7.73939 9.63358 2
      vertex 8.04989 9.48672 2
    endloop
  endfacet
  facet normal -0 0 1
    outer loop
      vertex 7.416 40.0507 2
      vertex 7.73939 9.63358 2
      vertex 7.73939 40.1664 2
    endloop
  endfacet
  facet normal 0 0 1
    outer loop
      vertex 7.416 40.0507 2
      vertex 7.416 9.74929 2
      vertex 7.73939 9.63358 2
    endloop
  endfacet
  facet normal -0 0 1
    outer loop
      vertex 7.08282 39.9673 2
      vertex 7.416 9.74929 2
      vertex 7.416 40.0507 2
    endloop
  endfacet
  facet normal 0 0 1
    outer loop
      vertex 7.08282 39.9673 2
      vertex 7.08282 9.83275 2
      vertex 7.416 9.74929 2
    endloop
  endfacet
  facet normal -0 0 1
    outer loop
      vertex 6.74306 39.9169 2
      vertex 7.08282 9.83275 2
      vertex 7.08282 39.9673 2
    endloop
  endfacet
  facet normal 0 0 1
    outer loop
      vertex 6.74306 39.9169 2
      vertex 6.74306 9.88315 2
      vertex 7.08282 9.83275 2
    endloop
  endfacet
  facet normal -0 0 1
    outer loop
      vertex 6.4 39.9 2
      vertex 6.74306 9.88315 2
      vertex 6.74306 39.9169 2
    endloop
  endfacet
  facet normal 0 0 1
    outer loop
      vertex 6.4 39.9 2
      vertex 6.4 9.9 2
      vertex 6.74306 9.88315 2
    endloop
  endfacet
  facet normal 0 0 1
    outer loop
      vertex 6.05694 39.9169 2
      vertex 6.4 9.9 2
      vertex 6.4 39.9 2
    endloop
  endfacet
  facet normal 0 0 1
    outer loop
      vertex 6.05694 39.9169 2
      vertex 6.05694 9.88315 2
      vertex 6.4 9.9 2
    endloop
  endfacet
  facet normal 0 0 1
    outer loop
      vertex 5.71718 39.9673 2
      vertex 6.05694 9.88315 2
      vertex 6.05694 39.9169 2
    endloop
  endfacet
  facet normal 0 0 1
    outer loop
      vertex 5.71718 39.9673 2
      vertex 5.71718 9.83275 2
      vertex 6.05694 9.88315 2
    endloop
  endfacet
  facet normal 0 0 1
    outer loop
      vertex 5.384 40.0507 2
      vertex 5.71718 9.83275 2
      vertex 5.71718 39.9673 2
    endloop
  endfacet
  facet normal 0 0 1
    outer loop
      vertex 5.384 40.0507 2
      vertex 5.384 9.74929 2
      vertex 5.71718 9.83275 2
    endloop
  endfacet
  facet normal 0 0 1
    outer loop
      vertex 5.06061 40.1664 2
      vertex 5.384 9.74929 2
      vertex 5.384 40.0507 2
    endloop
  endfacet
  facet normal 0 0 1
    outer loop
      vertex 5.06061 40.1664 2
      vertex 5.06061 9.63358 2
      vertex 5.384 9.74929 2
    endloop
  endfacet
  facet normal 0 0 1
    outer loop
      vertex 4.75011 40.3133 2
      vertex 5.06061 9.63358 2
      vertex 5.06061 40.1664 2
    endloop
  endfacet
  facet normal 0 0 1
    outer loop
      vertex 4.75011 40.3133 2
      vertex 4.75011 9.48672 2
      vertex 5.06061 9.63358 2
    endloop
  endfacet
  facet normal 0 0 1
    outer loop
      vertex 4.4555 40.4899 2
      vertex 4.75011 9.48672 2
      vertex 4.75011 40.3133 2
    endloop
  endfacet
  facet normal 0 0 1
    outer loop
      vertex 4.4555 40.4899 2
      vertex 4.4555 9.31014 2
      vertex 4.75011 9.48672 2
    endloop
  endfacet
  facet normal 0 0 1
    outer loop
      vertex 4.17962 40.6945 2
      vertex 4.4555 9.31014 2
      vertex 4.4555 40.4899 2
    endloop
  endfacet
  facet normal 0 0 1
    outer loop
      vertex 4.17962 40.6945 2
      vertex 4.17962 9.10554 2
      vertex 4.4555 9.31014 2
    endloop
  endfacet
  facet normal 0 0 1
    outer loop
      vertex 3.92513 40.9251 2
      vertex 4.17962 9.10554 2
      vertex 4.17962 40.6945 2
    endloop
  endfacet
  facet normal 0 0 1
    outer loop
      vertex 3.92513 40.9251 2
      vertex 3.92513 8.87487 2
      vertex 4.17962 9.10554 2
    endloop
  endfacet
  facet normal 0 0 1
    outer loop
      vertex 3.69446 41.1796 2
      vertex 3.92513 8.87487 2
      vertex 3.92513 40.9251 2
    endloop
  endfacet
  facet normal 0 0 1
    outer loop
      vertex 3.69446 41.1796 2
      vertex 3.69446 8.62038 2
      vertex 3.92513 8.87487 2
    endloop
  endfacet
  facet normal 0 0 1
    outer loop
      vertex 3.48986 41.4555 2
      vertex 3.69446 8.62038 2
      vertex 3.69446 41.1796 2
    endloop
  endfacet
  facet normal 0 0 1
    outer loop
      vertex 3.48986 41.4555 2
      vertex 3.48986 8.34449 2
      vertex 3.69446 8.62038 2
    endloop
  endfacet
  facet normal 0 0 1
    outer loop
      vertex 3.31328 41.7501 2
      vertex 3.48986 8.34449 2
      vertex 3.48986 41.4555 2
    endloop
  endfacet
  facet normal 0 0 1
    outer loop
      vertex 3.31328 41.7501 2
      vertex 3.31328 8.04989 2
      vertex 3.48986 8.34449 2
    endloop
  endfacet
  facet normal 0 0 1
    outer loop
      vertex 3.16642 42.0606 2
      vertex 3.31328 8.04989 2
      vertex 3.31328 41.7501 2
    endloop
  endfacet
  facet normal 0 0 1
    outer loop
      vertex 3.16642 42.0606 2
      vertex 3.16642 7.73939 2
      vertex 3.31328 8.04989 2
    endloop
  endfacet
  facet normal 0 0 1
    outer loop
      vertex 3.05071 42.384 2
      vertex 3.16642 7.73939 2
      vertex 3.16642 42.0606 2
    endloop
  endfacet
  facet normal 0 0 1
    outer loop
      vertex 3.05071 42.384 2
      vertex 3.05071 7.416 2
      vertex 3.16642 7.73939 2
    endloop
  endfacet
  facet normal 0 0 1
    outer loop
      vertex 2.96725 42.7172 2
      vertex 3.05071 7.416 2
      vertex 3.05071 42.384 2
    endloop
  endfacet
  facet normal 0 0 1
    outer loop
      vertex 2.96725 42.7172 2
      vertex 2.96725 7.08282 2
      vertex 3.05071 7.416 2
    endloop
  endfacet
  facet normal 0 0 1
    outer loop
      vertex 2.4 44.9 2
      vertex 2.96725 42.7172 2
      vertex 2.91685 43.0569 2
    endloop
  endfacet
  facet normal 0 0 1
    outer loop
      vertex 2.96725 42.7172 2
      vertex 2.4 44.9 2
      vertex 2.96725 7.08282 2
    endloop
  endfacet
  facet normal 0 0 1
    outer loop
      vertex 2.4 44.9 2
      vertex 2.91685 43.0569 2
      vertex 2.9 43.4 2
    endloop
  endfacet
  facet normal 0 0 1
    outer loop
      vertex 2.4 4.9 2
      vertex 2.96725 7.08282 2
      vertex 2.4 44.9 2
    endloop
  endfacet
  facet normal 0 0 1
    outer loop
      vertex 64.6336 42.0606 2
      vertex 82.9 47.4 2
      vertex 64.7493 42.384 2
    endloop
  endfacet
  facet normal 0 0 1
    outer loop
      vertex 85.4 4.9 2
      vertex 64.8831 6.74306 2
      vertex 64.9 6.4 2
    endloop
  endfacet
  facet normal 0 0 1
    outer loop
      vertex 82.9 47.4 2
      vertex 64.6336 42.0606 2
      vertex 85.4 44.9 2
    endloop
  endfacet
  facet normal 0 0 1
    outer loop
      vertex 85.4 4.9 2
      vertex 64.8327 7.08282 2
      vertex 64.8831 6.74306 2
    endloop
  endfacet
  facet normal 0 0 1
    outer loop
      vertex 64.4867 41.7501 2
      vertex 85.4 44.9 2
      vertex 64.6336 42.0606 2
    endloop
  endfacet
  facet normal 0 0 1
    outer loop
      vertex 85.4 4.9 2
      vertex 64.7493 7.416 2
      vertex 64.8327 7.08282 2
    endloop
  endfacet
  facet normal 0 0 1
    outer loop
      vertex 64.3101 41.4555 2
      vertex 85.4 44.9 2
      vertex 64.4867 41.7501 2
    endloop
  endfacet
  facet normal 0 0 1
    outer loop
      vertex 85.4 4.9 2
      vertex 64.6336 7.73939 2
      vertex 64.7493 7.416 2
    endloop
  endfacet
  facet normal 0 0 1
    outer loop
      vertex 64.1055 41.1796 2
      vertex 85.4 44.9 2
      vertex 64.3101 41.4555 2
    endloop
  endfacet
  facet normal 0 0 1
    outer loop
      vertex 85.4 4.9 2
      vertex 64.4867 8.04989 2
      vertex 64.6336 7.73939 2
    endloop
  endfacet
  facet normal 0 0 1
    outer loop
      vertex 63.8749 40.9251 2
      vertex 85.4 44.9 2
      vertex 64.1055 41.1796 2
    endloop
  endfacet
  facet normal 0 0 1
    outer loop
      vertex 85.4 4.9 2
      vertex 64.3101 8.34449 2
      vertex 64.4867 8.04989 2
    endloop
  endfacet
  facet normal 0 0 1
    outer loop
      vertex 85.4 44.9 2
      vertex 63.8749 40.9251 2
      vertex 85.4 4.9 2
    endloop
  endfacet
  facet normal 0 0 1
    outer loop
      vertex 85.4 4.9 2
      vertex 64.1055 8.62038 2
      vertex 64.3101 8.34449 2
    endloop
  endfacet
  facet normal -0 0 1
    outer loop
      vertex 63.8749 8.87487 2
      vertex 85.4 4.9 2
      vertex 63.8749 40.9251 2
    endloop
  endfacet
  facet normal 0 0 1
    outer loop
      vertex 85.4 4.9 2
      vertex 63.8749 8.87487 2
      vertex 64.1055 8.62038 2
    endloop
  endfacet
  facet normal -0 0 1
    outer loop
      vertex 63.6204 40.6945 2
      vertex 63.8749 8.87487 2
      vertex 63.8749 40.9251 2
    endloop
  endfacet
  facet normal 0 0 1
    outer loop
      vertex 63.6204 40.6945 2
      vertex 63.6204 9.10554 2
      vertex 63.8749 8.87487 2
    endloop
  endfacet
  facet normal -0 0 1
    outer loop
      vertex 63.3445 40.4899 2
      vertex 63.6204 9.10554 2
      vertex 63.6204 40.6945 2
    endloop
  endfacet
  facet normal 0 0 1
    outer loop
      vertex 63.3445 40.4899 2
      vertex 63.3445 9.31014 2
      vertex 63.6204 9.10554 2
    endloop
  endfacet
  facet normal -0 0 1
    outer loop
      vertex 63.0499 40.3133 2
      vertex 63.3445 9.31014 2
      vertex 63.3445 40.4899 2
    endloop
  endfacet
  facet normal 0 0 1
    outer loop
      vertex 63.0499 40.3133 2
      vertex 63.0499 9.48672 2
      vertex 63.3445 9.31014 2
    endloop
  endfacet
  facet normal -0 0 1
    outer loop
      vertex 62.7394 40.1664 2
      vertex 63.0499 9.48672 2
      vertex 63.0499 40.3133 2
    endloop
  endfacet
  facet normal 0 0 1
    outer loop
      vertex 62.7394 40.1664 2
      vertex 62.7394 9.63358 2
      vertex 63.0499 9.48672 2
    endloop
  endfacet
  facet normal -0 0 1
    outer loop
      vertex 62.416 40.0507 2
      vertex 62.7394 9.63358 2
      vertex 62.7394 40.1664 2
    endloop
  endfacet
  facet normal 0 0 1
    outer loop
      vertex 62.416 40.0507 2
      vertex 62.416 9.74929 2
      vertex 62.7394 9.63358 2
    endloop
  endfacet
  facet normal -0 0 1
    outer loop
      vertex 62.0828 39.9673 2
      vertex 62.416 9.74929 2
      vertex 62.416 40.0507 2
    endloop
  endfacet
  facet normal 0 0 1
    outer loop
      vertex 62.0828 39.9673 2
      vertex 62.0828 9.83275 2
      vertex 62.416 9.74929 2
    endloop
  endfacet
  facet normal -0 0 1
    outer loop
      vertex 61.7431 39.9169 2
      vertex 62.0828 9.83275 2
      vertex 62.0828 39.9673 2
    endloop
  endfacet
  facet normal 0 0 1
    outer loop
      vertex 61.7431 39.9169 2
      vertex 61.7431 9.88315 2
      vertex 62.0828 9.83275 2
    endloop
  endfacet
  facet normal -0 0 1
    outer loop
      vertex 61.4 39.9 2
      vertex 61.7431 9.88315 2
      vertex 61.7431 39.9169 2
    endloop
  endfacet
  facet normal 0 0 1
    outer loop
      vertex 61.4 39.9 2
      vertex 61.4 9.9 2
      vertex 61.7431 9.88315 2
    endloop
  endfacet
  facet normal 0 0 1
    outer loop
      vertex 61.0569 39.9169 2
      vertex 61.4 9.9 2
      vertex 61.4 39.9 2
    endloop
  endfacet
  facet normal 0 0 1
    outer loop
      vertex 61.0569 39.9169 2
      vertex 61.0569 9.88315 2
      vertex 61.4 9.9 2
    endloop
  endfacet
  facet normal 0 0 1
    outer loop
      vertex 60.7172 39.9673 2
      vertex 61.0569 9.88315 2
      vertex 61.0569 39.9169 2
    endloop
  endfacet
  facet normal 0 0 1
    outer loop
      vertex 60.7172 39.9673 2
      vertex 60.7172 9.83275 2
      vertex 61.0569 9.88315 2
    endloop
  endfacet
  facet normal 0 0 1
    outer loop
      vertex 60.384 40.0507 2
      vertex 60.7172 9.83275 2
      vertex 60.7172 39.9673 2
    endloop
  endfacet
  facet normal 0 0 1
    outer loop
      vertex 60.384 40.0507 2
      vertex 60.384 9.74929 2
      vertex 60.7172 9.83275 2
    endloop
  endfacet
  facet normal 0 0 1
    outer loop
      vertex 60.0606 40.1664 2
      vertex 60.384 9.74929 2
      vertex 60.384 40.0507 2
    endloop
  endfacet
  facet normal 0 0 1
    outer loop
      vertex 60.0606 40.1664 2
      vertex 60.0606 9.63358 2
      vertex 60.384 9.74929 2
    endloop
  endfacet
  facet normal 0 0 1
    outer loop
      vertex 59.7501 40.3133 2
      vertex 60.0606 9.63358 2
      vertex 60.0606 40.1664 2
    endloop
  endfacet
  facet normal 0 0 1
    outer loop
      vertex 59.7501 40.3133 2
      vertex 59.7501 9.48672 2
      vertex 60.0606 9.63358 2
    endloop
  endfacet
  facet normal 0 0 1
    outer loop
      vertex 59.4555 40.4899 2
      vertex 59.7501 9.48672 2
      vertex 59.7501 40.3133 2
    endloop
  endfacet
  facet normal 0 0 1
    outer loop
      vertex 59.4555 40.4899 2
      vertex 59.4555 9.31014 2
      vertex 59.7501 9.48672 2
    endloop
  endfacet
  facet normal 0 0 1
    outer loop
      vertex 59.1796 40.6945 2
      vertex 59.4555 9.31014 2
      vertex 59.4555 40.4899 2
    endloop
  endfacet
  facet normal 0 0 1
    outer loop
      vertex 59.1796 40.6945 2
      vertex 59.1796 9.10554 2
      vertex 59.4555 9.31014 2
    endloop
  endfacet
  facet normal 0 0 1
    outer loop
      vertex 58.9251 40.9251 2
      vertex 59.1796 9.10554 2
      vertex 59.1796 40.6945 2
    endloop
  endfacet
  facet normal 0 0 1
    outer loop
      vertex 58.9251 40.9251 2
      vertex 58.9251 8.87487 2
      vertex 59.1796 9.10554 2
    endloop
  endfacet
  facet normal 0 0 1
    outer loop
      vertex 58.6945 41.1796 2
      vertex 58.9251 8.87487 2
      vertex 58.9251 40.9251 2
    endloop
  endfacet
  facet normal 0 0 1
    outer loop
      vertex 58.6945 41.1796 2
      vertex 58.6945 8.62038 2
      vertex 58.9251 8.87487 2
    endloop
  endfacet
  facet normal 0 0 1
    outer loop
      vertex 58.4899 41.4555 2
      vertex 58.6945 8.62038 2
      vertex 58.6945 41.1796 2
    endloop
  endfacet
  facet normal 0 0 1
    outer loop
      vertex 58.4899 41.4555 2
      vertex 58.4899 8.34449 2
      vertex 58.6945 8.62038 2
    endloop
  endfacet
  facet normal 0 0 1
    outer loop
      vertex 9.74929 42.384 2
      vertex 58.0507 42.384 2
      vertex 9.83275 42.7172 2
    endloop
  endfacet
  facet normal 0 0 1
    outer loop
      vertex 58.0507 42.384 2
      vertex 9.74929 42.384 2
      vertex 58.1664 42.0606 2
    endloop
  endfacet
  facet normal 0 0 1
    outer loop
      vertex 57.9673 42.7172 2
      vertex 9.83275 42.7172 2
      vertex 58.0507 42.384 2
    endloop
  endfacet
  facet normal 0 0 1
    outer loop
      vertex 9.63358 42.0606 2
      vertex 58.1664 42.0606 2
      vertex 9.74929 42.384 2
    endloop
  endfacet
  facet normal 0 0 1
    outer loop
      vertex 9.83275 42.7172 2
      vertex 57.9673 42.7172 2
      vertex 9.88315 43.0569 2
    endloop
  endfacet
  facet normal 0 0 1
    outer loop
      vertex 58.4899 8.34449 2
      vertex 9.9 6.4 2
      vertex 58.3133 8.04989 2
    endloop
  endfacet
  facet normal 0 0 1
    outer loop
      vertex 57.9169 43.0569 2
      vertex 9.88315 43.0569 2
      vertex 57.9673 42.7172 2
    endloop
  endfacet
  facet normal 0 0 1
    outer loop
      vertex 58.3133 8.04989 2
      vertex 9.9 6.4 2
      vertex 58.1664 7.73939 2
    endloop
  endfacet
  facet normal 0 0 1
    outer loop
      vertex 9.88315 43.0569 2
      vertex 57.9169 43.0569 2
      vertex 9.9 43.4 2
    endloop
  endfacet
  facet normal 0 0 1
    outer loop
      vertex 58.1664 7.73939 2
      vertex 9.9 6.4 2
      vertex 58.0507 7.416 2
    endloop
  endfacet
  facet normal -0 0 1
    outer loop
      vertex 9.9 43.4 2
      vertex 57.9169 43.0569 2
      vertex 57.9 43.4 2
    endloop
  endfacet
  facet normal 0 0 1
    outer loop
      vertex 58.0507 7.416 2
      vertex 9.9 6.4 2
      vertex 57.9673 7.08282 2
    endloop
  endfacet
  facet normal 0 0 1
    outer loop
      vertex 82.9 47.4 2
      vertex 85.4 44.9 2
      vertex 85.388 45.145 2
    endloop
  endfacet
  facet normal 0 0 1
    outer loop
      vertex 64.8327 42.7172 2
      vertex 82.9 47.4 2
      vertex 64.8831 43.0569 2
    endloop
  endfacet
  facet normal 0 0 1
    outer loop
      vertex 82.9 47.4 2
      vertex 85.388 45.145 2
      vertex 85.352 45.3877 2
    endloop
  endfacet
  facet normal 0 0 1
    outer loop
      vertex 64.7493 42.384 2
      vertex 82.9 47.4 2
      vertex 64.8327 42.7172 2
    endloop
  endfacet
  facet normal 0 0 1
    outer loop
      vertex 82.9 47.4 2
      vertex 85.352 45.3877 2
      vertex 85.2924 45.6257 2
    endloop
  endfacet
  facet normal 0 -0 1
    outer loop
      vertex 82.9 2.4 2
      vertex 85.4 4.9 2
      vertex 64.9 6.4 2
    endloop
  endfacet
  facet normal 0 0 1
    outer loop
      vertex 82.9 47.4 2
      vertex 85.2924 45.6257 2
      vertex 85.2097 45.8567 2
    endloop
  endfacet
  facet normal 0 0 1
    outer loop
      vertex 85.4 4.9 2
      vertex 82.9 2.4 2
      vertex 85.388 4.65496 2
    endloop
  endfacet
  facet normal 0 0 1
    outer loop
      vertex 82.9 47.4 2
      vertex 85.2097 45.8567 2
      vertex 85.1048 46.0785 2
    endloop
  endfacet
  facet normal 0 0 1
    outer loop
      vertex 85.388 4.65496 2
      vertex 82.9 2.4 2
      vertex 85.352 4.41227 2
    endloop
  endfacet
  facet normal 0 0 1
    outer loop
      vertex 82.9 47.4 2
      vertex 85.1048 46.0785 2
      vertex 84.9787 46.2889 2
    endloop
  endfacet
  facet normal 0 0 1
    outer loop
      vertex 85.352 4.41227 2
      vertex 82.9 2.4 2
      vertex 85.2924 4.17429 2
    endloop
  endfacet
  facet normal 0 0 1
    outer loop
      vertex 82.9 47.4 2
      vertex 84.9787 46.2889 2
      vertex 84.8325 46.486 2
    endloop
  endfacet
  facet normal 0 0 1
    outer loop
      vertex 85.2924 4.17429 2
      vertex 82.9 2.4 2
      vertex 85.2097 3.94329 2
    endloop
  endfacet
  facet normal 0 0 1
    outer loop
      vertex 82.9 47.4 2
      vertex 84.8325 46.486 2
      vertex 84.6678 46.6678 2
    endloop
  endfacet
  facet normal 0 0 1
    outer loop
      vertex 85.2097 3.94329 2
      vertex 82.9 2.4 2
      vertex 85.1048 3.72151 2
    endloop
  endfacet
  facet normal 0 0 1
    outer loop
      vertex 82.9 47.4 2
      vertex 84.6678 46.6678 2
      vertex 84.486 46.8325 2
    endloop
  endfacet
  facet normal 0 0 1
    outer loop
      vertex 85.1048 3.72151 2
      vertex 82.9 2.4 2
      vertex 84.9787 3.51107 2
    endloop
  endfacet
  facet normal 0 0 1
    outer loop
      vertex 82.9 47.4 2
      vertex 84.486 46.8325 2
      vertex 84.2889 46.9787 2
    endloop
  endfacet
  facet normal 0 0 1
    outer loop
      vertex 84.9787 3.51107 2
      vertex 82.9 2.4 2
      vertex 84.8325 3.31402 2
    endloop
  endfacet
  facet normal 0 0 1
    outer loop
      vertex 82.9 47.4 2
      vertex 84.2889 46.9787 2
      vertex 84.0785 47.1048 2
    endloop
  endfacet
  facet normal 0 0 1
    outer loop
      vertex 84.8325 3.31402 2
      vertex 82.9 2.4 2
      vertex 84.6678 3.13223 2
    endloop
  endfacet
  facet normal 0 0 1
    outer loop
      vertex 82.9 47.4 2
      vertex 84.0785 47.1048 2
      vertex 83.8567 47.2097 2
    endloop
  endfacet
  facet normal 0 0 1
    outer loop
      vertex 64.8831 43.0569 2
      vertex 82.9 47.4 2
      vertex 64.9 43.4 2
    endloop
  endfacet
  facet normal 0 0 1
    outer loop
      vertex 82.9 47.4 2
      vertex 83.8567 47.2097 2
      vertex 83.6257 47.2924 2
    endloop
  endfacet
  facet normal 0 0 1
    outer loop
      vertex 84.6678 3.13223 2
      vertex 82.9 2.4 2
      vertex 84.486 2.96747 2
    endloop
  endfacet
  facet normal 0 0 1
    outer loop
      vertex 82.9 47.4 2
      vertex 83.6257 47.2924 2
      vertex 83.3877 47.352 2
    endloop
  endfacet
  facet normal 0 0 1
    outer loop
      vertex 84.0785 2.6952 2
      vertex 82.9 2.4 2
      vertex 83.8567 2.5903 2
    endloop
  endfacet
  facet normal 0 0 1
    outer loop
      vertex 82.9 47.4 2
      vertex 83.3877 47.352 2
      vertex 83.145 47.388 2
    endloop
  endfacet
  facet normal 0 0 1
    outer loop
      vertex 83.8567 2.5903 2
      vertex 82.9 2.4 2
      vertex 83.6257 2.50765 2
    endloop
  endfacet
  facet normal 0 0 1
    outer loop
      vertex 83.6257 2.50765 2
      vertex 82.9 2.4 2
      vertex 83.3877 2.44804 2
    endloop
  endfacet
  facet normal 0 0 1
    outer loop
      vertex 83.3877 2.44804 2
      vertex 82.9 2.4 2
      vertex 83.145 2.41204 2
    endloop
  endfacet
  facet normal 0 0 1
    outer loop
      vertex 84.486 2.96747 2
      vertex 82.9 2.4 2
      vertex 84.2889 2.82133 2
    endloop
  endfacet
  facet normal 0 0 1
    outer loop
      vertex 82.9 47.4 2
      vertex 64.8831 43.7431 2
      vertex 64.9 43.4 2
    endloop
  endfacet
  facet normal 0 0 1
    outer loop
      vertex 82.9 47.4 2
      vertex 64.8327 44.0828 2
      vertex 64.8831 43.7431 2
    endloop
  endfacet
  facet normal 0 0 1
    outer loop
      vertex 82.9 47.4 2
      vertex 64.7493 44.416 2
      vertex 64.8327 44.0828 2
    endloop
  endfacet
  facet normal 0 0 1
    outer loop
      vertex 82.9 47.4 2
      vertex 64.6336 44.7394 2
      vertex 64.7493 44.416 2
    endloop
  endfacet
  facet normal 0 0 1
    outer loop
      vertex 82.9 47.4 2
      vertex 64.4867 45.0499 2
      vertex 64.6336 44.7394 2
    endloop
  endfacet
  facet normal 0 0 1
    outer loop
      vertex 82.9 47.4 2
      vertex 64.3101 45.3445 2
      vertex 64.4867 45.0499 2
    endloop
  endfacet
  facet normal 0 0 1
    outer loop
      vertex 82.9 47.4 2
      vertex 64.1055 45.6204 2
      vertex 64.3101 45.3445 2
    endloop
  endfacet
  facet normal 0 0 1
    outer loop
      vertex 82.9 47.4 2
      vertex 63.8749 45.8749 2
      vertex 64.1055 45.6204 2
    endloop
  endfacet
  facet normal 0 0 1
    outer loop
      vertex 82.9 47.4 2
      vertex 63.6204 46.1055 2
      vertex 63.8749 45.8749 2
    endloop
  endfacet
  facet normal 0 0 1
    outer loop
      vertex 82.9 47.4 2
      vertex 63.3445 46.3101 2
      vertex 63.6204 46.1055 2
    endloop
  endfacet
  facet normal 0 0 1
    outer loop
      vertex 82.9 47.4 2
      vertex 63.0499 46.4867 2
      vertex 63.3445 46.3101 2
    endloop
  endfacet
  facet normal 0 0 1
    outer loop
      vertex 82.9 47.4 2
      vertex 62.7394 46.6336 2
      vertex 63.0499 46.4867 2
    endloop
  endfacet
  facet normal 0 0 1
    outer loop
      vertex 82.9 47.4 2
      vertex 62.416 46.7493 2
      vertex 62.7394 46.6336 2
    endloop
  endfacet
  facet normal 0 0 1
    outer loop
      vertex 82.9 47.4 2
      vertex 62.0828 46.8327 2
      vertex 62.416 46.7493 2
    endloop
  endfacet
  facet normal 0 0 1
    outer loop
      vertex 82.9 47.4 2
      vertex 61.7431 46.8831 2
      vertex 62.0828 46.8327 2
    endloop
  endfacet
  facet normal 0 0 1
    outer loop
      vertex 82.9 47.4 2
      vertex 61.4 46.9 2
      vertex 61.7431 46.8831 2
    endloop
  endfacet
  facet normal 0 0 1
    outer loop
      vertex 57.9673 7.08282 2
      vertex 9.9 6.4 2
      vertex 57.9169 6.74306 2
    endloop
  endfacet
  facet normal 0 0 1
    outer loop
      vertex 57.9169 43.7431 2
      vertex 9.9 43.4 2
      vertex 57.9 43.4 2
    endloop
  endfacet
  facet normal 0 0 1
    outer loop
      vertex 9.88315 43.7431 2
      vertex 57.9169 43.7431 2
      vertex 57.9673 44.0828 2
    endloop
  endfacet
  facet normal 0 0 1
    outer loop
      vertex 9.83275 44.0828 2
      vertex 57.9673 44.0828 2
      vertex 58.0507 44.416 2
    endloop
  endfacet
  facet normal 0 0 1
    outer loop
      vertex 9.74929 44.416 2
      vertex 58.0507 44.416 2
      vertex 58.1664 44.7394 2
    endloop
  endfacet
  facet normal 0 0 1
    outer loop
      vertex 9.63358 44.7394 2
      vertex 58.1664 44.7394 2
      vertex 58.3133 45.0499 2
    endloop
  endfacet
  facet normal 0 0 1
    outer loop
      vertex 9.48672 45.0499 2
      vertex 58.3133 45.0499 2
      vertex 58.4899 45.3445 2
    endloop
  endfacet
  facet normal 0 0 1
    outer loop
      vertex 9.31014 45.3445 2
      vertex 58.4899 45.3445 2
      vertex 58.6945 45.6204 2
    endloop
  endfacet
  facet normal 0 0 1
    outer loop
      vertex 9.10554 45.6204 2
      vertex 58.6945 45.6204 2
      vertex 58.9251 45.8749 2
    endloop
  endfacet
  facet normal 0 0 1
    outer loop
      vertex 8.87487 45.8749 2
      vertex 58.9251 45.8749 2
      vertex 59.1796 46.1055 2
    endloop
  endfacet
  facet normal 0 0 1
    outer loop
      vertex 8.62038 46.1055 2
      vertex 59.1796 46.1055 2
      vertex 59.4555 46.3101 2
    endloop
  endfacet
  facet normal 0 0 1
    outer loop
      vertex 8.34449 46.3101 2
      vertex 59.4555 46.3101 2
      vertex 59.7501 46.4867 2
    endloop
  endfacet
  facet normal 0 0 1
    outer loop
      vertex 8.04989 46.4867 2
      vertex 59.7501 46.4867 2
      vertex 60.0606 46.6336 2
    endloop
  endfacet
  facet normal 0 0 1
    outer loop
      vertex 7.73939 46.6336 2
      vertex 60.0606 46.6336 2
      vertex 60.384 46.7493 2
    endloop
  endfacet
  facet normal 0 0 1
    outer loop
      vertex 7.416 46.7493 2
      vertex 60.384 46.7493 2
      vertex 60.7172 46.8327 2
    endloop
  endfacet
  facet normal 0 0 1
    outer loop
      vertex 4.9 47.4 2
      vertex 60.7172 46.8327 2
      vertex 61.0569 46.8831 2
    endloop
  endfacet
  facet normal 0 0 1
    outer loop
      vertex 57.9169 43.7431 2
      vertex 9.88315 43.7431 2
      vertex 9.9 43.4 2
    endloop
  endfacet
  facet normal 0 0 1
    outer loop
      vertex 57.9673 44.0828 2
      vertex 9.83275 44.0828 2
      vertex 9.88315 43.7431 2
    endloop
  endfacet
  facet normal 0 0 1
    outer loop
      vertex 58.0507 44.416 2
      vertex 9.74929 44.416 2
      vertex 9.83275 44.0828 2
    endloop
  endfacet
  facet normal 0 0 1
    outer loop
      vertex 4.9 47.4 2
      vertex 61.0569 46.8831 2
      vertex 61.4 46.9 2
    endloop
  endfacet
  facet normal 0 0 1
    outer loop
      vertex 58.1664 44.7394 2
      vertex 9.63358 44.7394 2
      vertex 9.74929 44.416 2
    endloop
  endfacet
  facet normal 0 0 1
    outer loop
      vertex 58.3133 45.0499 2
      vertex 9.48672 45.0499 2
      vertex 9.63358 44.7394 2
    endloop
  endfacet
  facet normal 0 0 1
    outer loop
      vertex 58.4899 45.3445 2
      vertex 9.31014 45.3445 2
      vertex 9.48672 45.0499 2
    endloop
  endfacet
  facet normal 0 0 1
    outer loop
      vertex 58.6945 45.6204 2
      vertex 9.10554 45.6204 2
      vertex 9.31014 45.3445 2
    endloop
  endfacet
  facet normal 0 0 1
    outer loop
      vertex 58.9251 45.8749 2
      vertex 8.87487 45.8749 2
      vertex 9.10554 45.6204 2
    endloop
  endfacet
  facet normal -0 0 1
    outer loop
      vertex 4.9 47.4 2
      vertex 61.4 46.9 2
      vertex 82.9 47.4 2
    endloop
  endfacet
  facet normal 0 0 1
    outer loop
      vertex 59.1796 46.1055 2
      vertex 8.62038 46.1055 2
      vertex 8.87487 45.8749 2
    endloop
  endfacet
  facet normal 0 0 1
    outer loop
      vertex 59.4555 46.3101 2
      vertex 8.34449 46.3101 2
      vertex 8.62038 46.1055 2
    endloop
  endfacet
  facet normal 0 0 1
    outer loop
      vertex 59.7501 46.4867 2
      vertex 8.04989 46.4867 2
      vertex 8.34449 46.3101 2
    endloop
  endfacet
  facet normal 0 0 1
    outer loop
      vertex 60.0606 46.6336 2
      vertex 7.73939 46.6336 2
      vertex 8.04989 46.4867 2
    endloop
  endfacet
  facet normal 0 0 1
    outer loop
      vertex 60.384 46.7493 2
      vertex 7.416 46.7493 2
      vertex 7.73939 46.6336 2
    endloop
  endfacet
  facet normal 0 0 1
    outer loop
      vertex 60.7172 46.8327 2
      vertex 7.08282 46.8327 2
      vertex 7.416 46.7493 2
    endloop
  endfacet
  facet normal 0 0 1
    outer loop
      vertex 60.7172 46.8327 2
      vertex 4.9 47.4 2
      vertex 7.08282 46.8327 2
    endloop
  endfacet
  facet normal 0 0 1
    outer loop
      vertex 7.08282 46.8327 2
      vertex 4.9 47.4 2
      vertex 6.74306 46.8831 2
    endloop
  endfacet
  facet normal 0 0 1
    outer loop
      vertex 6.74306 46.8831 2
      vertex 4.9 47.4 2
      vertex 6.4 46.9 2
    endloop
  endfacet
  facet normal 0 0 1
    outer loop
      vertex 4.9 47.4 2
      vertex 6.05694 46.8831 2
      vertex 6.4 46.9 2
    endloop
  endfacet
  facet normal 0 0 1
    outer loop
      vertex 4.9 47.4 2
      vertex 5.71718 46.8327 2
      vertex 6.05694 46.8831 2
    endloop
  endfacet
  facet normal 0 0 1
    outer loop
      vertex 4.9 47.4 2
      vertex 5.384 46.7493 2
      vertex 5.71718 46.8327 2
    endloop
  endfacet
  facet normal 0 0 1
    outer loop
      vertex 4.9 47.4 2
      vertex 5.06061 46.6336 2
      vertex 5.384 46.7493 2
    endloop
  endfacet
  facet normal -0 0 1
    outer loop
      vertex 4.65496 47.388 2
      vertex 5.06061 46.6336 2
      vertex 4.9 47.4 2
    endloop
  endfacet
  facet normal 0 0 1
    outer loop
      vertex 5.06061 46.6336 2
      vertex 4.65496 47.388 2
      vertex 4.75011 46.4867 2
    endloop
  endfacet
  facet normal -0 0 1
    outer loop
      vertex 4.41227 47.352 2
      vertex 4.75011 46.4867 2
      vertex 4.65496 47.388 2
    endloop
  endfacet
  facet normal -0 0 1
    outer loop
      vertex 4.17429 47.2924 2
      vertex 4.75011 46.4867 2
      vertex 4.41227 47.352 2
    endloop
  endfacet
  facet normal 0 0 1
    outer loop
      vertex 4.75011 46.4867 2
      vertex 4.17429 47.2924 2
      vertex 4.4555 46.3101 2
    endloop
  endfacet
  facet normal -0 0 1
    outer loop
      vertex 3.94329 47.2097 2
      vertex 4.4555 46.3101 2
      vertex 4.17429 47.2924 2
    endloop
  endfacet
  facet normal -0 0 1
    outer loop
      vertex 3.72151 47.1048 2
      vertex 4.4555 46.3101 2
      vertex 3.94329 47.2097 2
    endloop
  endfacet
  facet normal 0 0 1
    outer loop
      vertex 4.4555 46.3101 2
      vertex 3.72151 47.1048 2
      vertex 4.17962 46.1055 2
    endloop
  endfacet
  facet normal -0 0 1
    outer loop
      vertex 3.51107 46.9787 2
      vertex 4.17962 46.1055 2
      vertex 3.72151 47.1048 2
    endloop
  endfacet
  facet normal -0 0 1
    outer loop
      vertex 3.31402 46.8325 2
      vertex 4.17962 46.1055 2
      vertex 3.51107 46.9787 2
    endloop
  endfacet
  facet normal 0 0 1
    outer loop
      vertex 4.17962 46.1055 2
      vertex 3.31402 46.8325 2
      vertex 3.92513 45.8749 2
    endloop
  endfacet
  facet normal -0 0 1
    outer loop
      vertex 3.13223 46.6678 2
      vertex 3.92513 45.8749 2
      vertex 3.31402 46.8325 2
    endloop
  endfacet
  facet normal -0 0 1
    outer loop
      vertex 2.96747 46.486 2
      vertex 3.92513 45.8749 2
      vertex 3.13223 46.6678 2
    endloop
  endfacet
  facet normal 0 0 1
    outer loop
      vertex 3.92513 45.8749 2
      vertex 2.96747 46.486 2
      vertex 3.69446 45.6204 2
    endloop
  endfacet
  facet normal -0 0 1
    outer loop
      vertex 2.82133 46.2889 2
      vertex 3.69446 45.6204 2
      vertex 2.96747 46.486 2
    endloop
  endfacet
  facet normal -0 0 1
    outer loop
      vertex 2.6952 46.0785 2
      vertex 3.69446 45.6204 2
      vertex 2.82133 46.2889 2
    endloop
  endfacet
  facet normal 0 0 1
    outer loop
      vertex 3.69446 45.6204 2
      vertex 2.6952 46.0785 2
      vertex 3.48986 45.3445 2
    endloop
  endfacet
  facet normal -0 0 1
    outer loop
      vertex 2.5903 45.8567 2
      vertex 3.48986 45.3445 2
      vertex 2.6952 46.0785 2
    endloop
  endfacet
  facet normal -0 0 1
    outer loop
      vertex 2.50765 45.6257 2
      vertex 3.48986 45.3445 2
      vertex 2.5903 45.8567 2
    endloop
  endfacet
  facet normal 0 0 1
    outer loop
      vertex 3.48986 45.3445 2
      vertex 2.50765 45.6257 2
      vertex 3.31328 45.0499 2
    endloop
  endfacet
  facet normal -0 0 1
    outer loop
      vertex 2.44804 45.3877 2
      vertex 3.31328 45.0499 2
      vertex 2.50765 45.6257 2
    endloop
  endfacet
  facet normal 0 0 1
    outer loop
      vertex 2.91685 43.7431 2
      vertex 2.4 44.9 2
      vertex 2.9 43.4 2
    endloop
  endfacet
  facet normal -0 0 1
    outer loop
      vertex 2.41204 45.145 2
      vertex 3.31328 45.0499 2
      vertex 2.44804 45.3877 2
    endloop
  endfacet
  facet normal 0 0 1
    outer loop
      vertex 84.2889 2.82133 2
      vertex 82.9 2.4 2
      vertex 84.0785 2.6952 2
    endloop
  endfacet
  facet normal -0 0 1
    outer loop
      vertex 64.8831 6.05694 2
      vertex 82.9 2.4 2
      vertex 64.9 6.4 2
    endloop
  endfacet
  facet normal -0 0 1
    outer loop
      vertex 64.8327 5.71718 2
      vertex 82.9 2.4 2
      vertex 64.8831 6.05694 2
    endloop
  endfacet
  facet normal -0 0 1
    outer loop
      vertex 64.7493 5.384 2
      vertex 82.9 2.4 2
      vertex 64.8327 5.71718 2
    endloop
  endfacet
  facet normal -0 0 1
    outer loop
      vertex 64.6336 5.06061 2
      vertex 82.9 2.4 2
      vertex 64.7493 5.384 2
    endloop
  endfacet
  facet normal -0 0 1
    outer loop
      vertex 64.4867 4.75011 2
      vertex 82.9 2.4 2
      vertex 64.6336 5.06061 2
    endloop
  endfacet
  facet normal -0 0 1
    outer loop
      vertex 64.3101 4.4555 2
      vertex 82.9 2.4 2
      vertex 64.4867 4.75011 2
    endloop
  endfacet
  facet normal -0 0 1
    outer loop
      vertex 64.1055 4.17962 2
      vertex 82.9 2.4 2
      vertex 64.3101 4.4555 2
    endloop
  endfacet
  facet normal -0 0 1
    outer loop
      vertex 63.8749 3.92513 2
      vertex 82.9 2.4 2
      vertex 64.1055 4.17962 2
    endloop
  endfacet
  facet normal -0 0 1
    outer loop
      vertex 63.6204 3.69446 2
      vertex 82.9 2.4 2
      vertex 63.8749 3.92513 2
    endloop
  endfacet
  facet normal -0 0 1
    outer loop
      vertex 63.3445 3.48986 2
      vertex 82.9 2.4 2
      vertex 63.6204 3.69446 2
    endloop
  endfacet
  facet normal -0 0 1
    outer loop
      vertex 63.0499 3.31328 2
      vertex 82.9 2.4 2
      vertex 63.3445 3.48986 2
    endloop
  endfacet
  facet normal -0 0 1
    outer loop
      vertex 62.7394 3.16642 2
      vertex 82.9 2.4 2
      vertex 63.0499 3.31328 2
    endloop
  endfacet
  facet normal -0 0 1
    outer loop
      vertex 62.416 3.05071 2
      vertex 82.9 2.4 2
      vertex 62.7394 3.16642 2
    endloop
  endfacet
  facet normal -0 0 1
    outer loop
      vertex 62.0828 2.96725 2
      vertex 82.9 2.4 2
      vertex 62.416 3.05071 2
    endloop
  endfacet
  facet normal -0 0 1
    outer loop
      vertex 61.7431 2.91685 2
      vertex 82.9 2.4 2
      vertex 62.0828 2.96725 2
    endloop
  endfacet
  facet normal -0 0 1
    outer loop
      vertex 61.4 2.9 2
      vertex 82.9 2.4 2
      vertex 61.7431 2.91685 2
    endloop
  endfacet
  facet normal 0 0 1
    outer loop
      vertex 57.9169 6.74306 2
      vertex 9.9 6.4 2
      vertex 57.9 6.4 2
    endloop
  endfacet
  facet normal 0 0 1
    outer loop
      vertex 57.9 6.4 2
      vertex 9.9 6.4 2
      vertex 57.9169 6.05694 2
    endloop
  endfacet
  facet normal 0 0 1
    outer loop
      vertex 9.88315 6.05694 2
      vertex 57.9169 6.05694 2
      vertex 9.9 6.4 2
    endloop
  endfacet
  facet normal 0 0 1
    outer loop
      vertex 57.9169 6.05694 2
      vertex 9.88315 6.05694 2
      vertex 57.9673 5.71718 2
    endloop
  endfacet
  facet normal 0 0 1
    outer loop
      vertex 9.83275 5.71718 2
      vertex 57.9673 5.71718 2
      vertex 9.88315 6.05694 2
    endloop
  endfacet
  facet normal 0 0 1
    outer loop
      vertex 57.9673 5.71718 2
      vertex 9.83275 5.71718 2
      vertex 58.0507 5.384 2
    endloop
  endfacet
  facet normal 0 0 1
    outer loop
      vertex 9.74929 5.384 2
      vertex 58.0507 5.384 2
      vertex 9.83275 5.71718 2
    endloop
  endfacet
  facet normal 0 0 1
    outer loop
      vertex 58.0507 5.384 2
      vertex 9.74929 5.384 2
      vertex 58.1664 5.06061 2
    endloop
  endfacet
  facet normal 0 0 1
    outer loop
      vertex 9.63358 5.06061 2
      vertex 58.1664 5.06061 2
      vertex 9.74929 5.384 2
    endloop
  endfacet
  facet normal 0 0 1
    outer loop
      vertex 58.1664 5.06061 2
      vertex 9.63358 5.06061 2
      vertex 58.3133 4.75011 2
    endloop
  endfacet
  facet normal 0 0 1
    outer loop
      vertex 9.48672 4.75011 2
      vertex 58.3133 4.75011 2
      vertex 9.63358 5.06061 2
    endloop
  endfacet
  facet normal 0 0 1
    outer loop
      vertex 58.3133 4.75011 2
      vertex 9.48672 4.75011 2
      vertex 58.4899 4.4555 2
    endloop
  endfacet
  facet normal 0 0 1
    outer loop
      vertex 9.31014 4.4555 2
      vertex 58.4899 4.4555 2
      vertex 9.48672 4.75011 2
    endloop
  endfacet
  facet normal 0 0 1
    outer loop
      vertex 58.4899 4.4555 2
      vertex 9.31014 4.4555 2
      vertex 58.6945 4.17962 2
    endloop
  endfacet
  facet normal 0 0 1
    outer loop
      vertex 9.10554 4.17962 2
      vertex 58.6945 4.17962 2
      vertex 9.31014 4.4555 2
    endloop
  endfacet
  facet normal 0 0 1
    outer loop
      vertex 58.6945 4.17962 2
      vertex 9.10554 4.17962 2
      vertex 58.9251 3.92513 2
    endloop
  endfacet
  facet normal 0 0 1
    outer loop
      vertex 8.87487 3.92513 2
      vertex 58.9251 3.92513 2
      vertex 9.10554 4.17962 2
    endloop
  endfacet
  facet normal 0 0 1
    outer loop
      vertex 58.9251 3.92513 2
      vertex 8.87487 3.92513 2
      vertex 59.1796 3.69446 2
    endloop
  endfacet
  facet normal 0 0 1
    outer loop
      vertex 8.62038 3.69446 2
      vertex 59.1796 3.69446 2
      vertex 8.87487 3.92513 2
    endloop
  endfacet
  facet normal 0 0 1
    outer loop
      vertex 59.1796 3.69446 2
      vertex 8.62038 3.69446 2
      vertex 59.4555 3.48986 2
    endloop
  endfacet
  facet normal 0 0 1
    outer loop
      vertex 8.34449 3.48986 2
      vertex 59.4555 3.48986 2
      vertex 8.62038 3.69446 2
    endloop
  endfacet
  facet normal 0 0 1
    outer loop
      vertex 59.4555 3.48986 2
      vertex 8.34449 3.48986 2
      vertex 59.7501 3.31328 2
    endloop
  endfacet
  facet normal 0 0 1
    outer loop
      vertex 8.04989 3.31328 2
      vertex 59.7501 3.31328 2
      vertex 8.34449 3.48986 2
    endloop
  endfacet
  facet normal 0 0 1
    outer loop
      vertex 59.7501 3.31328 2
      vertex 8.04989 3.31328 2
      vertex 60.0606 3.16642 2
    endloop
  endfacet
  facet normal 0 0 1
    outer loop
      vertex 7.73939 3.16642 2
      vertex 60.0606 3.16642 2
      vertex 8.04989 3.31328 2
    endloop
  endfacet
  facet normal 0 0 1
    outer loop
      vertex 60.0606 3.16642 2
      vertex 7.73939 3.16642 2
      vertex 60.384 3.05071 2
    endloop
  endfacet
  facet normal 0 0 1
    outer loop
      vertex 7.416 3.05071 2
      vertex 60.384 3.05071 2
      vertex 7.73939 3.16642 2
    endloop
  endfacet
  facet normal 0 0 1
    outer loop
      vertex 60.384 3.05071 2
      vertex 7.416 3.05071 2
      vertex 60.7172 2.96725 2
    endloop
  endfacet
  facet normal 0 0 1
    outer loop
      vertex 7.08282 2.96725 2
      vertex 60.7172 2.96725 2
      vertex 7.416 3.05071 2
    endloop
  endfacet
  facet normal 0 0 1
    outer loop
      vertex 4.9 2.4 2
      vertex 60.7172 2.96725 2
      vertex 7.08282 2.96725 2
    endloop
  endfacet
  facet normal 0 0 1
    outer loop
      vertex 60.7172 2.96725 2
      vertex 4.9 2.4 2
      vertex 61.0569 2.91685 2
    endloop
  endfacet
  facet normal 0 0 1
    outer loop
      vertex 61.0569 2.91685 2
      vertex 4.9 2.4 2
      vertex 61.4 2.9 2
    endloop
  endfacet
  facet normal 0 0 1
    outer loop
      vertex 4.9 2.4 2
      vertex 7.08282 2.96725 2
      vertex 6.74306 2.91685 2
    endloop
  endfacet
  facet normal 0 0 1
    outer loop
      vertex 4.9 2.4 2
      vertex 6.74306 2.91685 2
      vertex 6.4 2.9 2
    endloop
  endfacet
  facet normal 0 0 1
    outer loop
      vertex 61.4 2.9 2
      vertex 4.9 2.4 2
      vertex 82.9 2.4 2
    endloop
  endfacet
  facet normal 0 0 1
    outer loop
      vertex 6.05694 2.91685 2
      vertex 4.9 2.4 2
      vertex 6.4 2.9 2
    endloop
  endfacet
  facet normal 0 0 1
    outer loop
      vertex 5.71718 2.96725 2
      vertex 4.9 2.4 2
      vertex 6.05694 2.91685 2
    endloop
  endfacet
  facet normal 0 0 1
    outer loop
      vertex 5.384 3.05071 2
      vertex 4.9 2.4 2
      vertex 5.71718 2.96725 2
    endloop
  endfacet
  facet normal 0 0 1
    outer loop
      vertex 5.06061 3.16642 2
      vertex 4.9 2.4 2
      vertex 5.384 3.05071 2
    endloop
  endfacet
  facet normal 0 0 1
    outer loop
      vertex 4.65496 2.41204 2
      vertex 5.06061 3.16642 2
      vertex 4.75011 3.31328 2
    endloop
  endfacet
  facet normal 0 0 1
    outer loop
      vertex 5.06061 3.16642 2
      vertex 4.65496 2.41204 2
      vertex 4.9 2.4 2
    endloop
  endfacet
  facet normal 0 0 1
    outer loop
      vertex 4.17429 2.50765 2
      vertex 4.75011 3.31328 2
      vertex 4.4555 3.48986 2
    endloop
  endfacet
  facet normal 0 0 1
    outer loop
      vertex 4.75011 3.31328 2
      vertex 4.41227 2.44804 2
      vertex 4.65496 2.41204 2
    endloop
  endfacet
  facet normal 0 0 1
    outer loop
      vertex 3.72151 2.6952 2
      vertex 4.4555 3.48986 2
      vertex 4.17962 3.69446 2
    endloop
  endfacet
  facet normal 0 0 1
    outer loop
      vertex 4.75011 3.31328 2
      vertex 4.17429 2.50765 2
      vertex 4.41227 2.44804 2
    endloop
  endfacet
  facet normal 0 0 1
    outer loop
      vertex 4.4555 3.48986 2
      vertex 3.94329 2.5903 2
      vertex 4.17429 2.50765 2
    endloop
  endfacet
  facet normal 0 0 1
    outer loop
      vertex 3.31402 2.96747 2
      vertex 4.17962 3.69446 2
      vertex 3.92513 3.92513 2
    endloop
  endfacet
  facet normal 0 0 1
    outer loop
      vertex 4.4555 3.48986 2
      vertex 3.72151 2.6952 2
      vertex 3.94329 2.5903 2
    endloop
  endfacet
  facet normal 0 0 1
    outer loop
      vertex 2.96747 3.31402 2
      vertex 3.92513 3.92513 2
      vertex 3.69446 4.17962 2
    endloop
  endfacet
  facet normal 0 0 1
    outer loop
      vertex 4.17962 3.69446 2
      vertex 3.51107 2.82133 2
      vertex 3.72151 2.6952 2
    endloop
  endfacet
  facet normal 0 0 1
    outer loop
      vertex 2.6952 3.72151 2
      vertex 3.69446 4.17962 2
      vertex 3.48986 4.4555 2
    endloop
  endfacet
  facet normal 0 0 1
    outer loop
      vertex 4.17962 3.69446 2
      vertex 3.31402 2.96747 2
      vertex 3.51107 2.82133 2
    endloop
  endfacet
  facet normal 0 0 1
    outer loop
      vertex 2.50765 4.17429 2
      vertex 3.48986 4.4555 2
      vertex 3.31328 4.75011 2
    endloop
  endfacet
  facet normal 0 0 1
    outer loop
      vertex 2.41204 4.65496 2
      vertex 3.31328 4.75011 2
      vertex 3.16642 5.06061 2
    endloop
  endfacet
  facet normal 0 0 1
    outer loop
      vertex 3.92513 3.92513 2
      vertex 3.13223 3.13223 2
      vertex 3.31402 2.96747 2
    endloop
  endfacet
  facet normal 0 0 1
    outer loop
      vertex 2.4 4.9 2
      vertex 3.16642 5.06061 2
      vertex 3.05071 5.384 2
    endloop
  endfacet
  facet normal 0 0 1
    outer loop
      vertex 3.92513 3.92513 2
      vertex 2.96747 3.31402 2
      vertex 3.13223 3.13223 2
    endloop
  endfacet
  facet normal 0 0 1
    outer loop
      vertex 2.4 4.9 2
      vertex 3.05071 5.384 2
      vertex 2.96725 5.71718 2
    endloop
  endfacet
  facet normal 0 0 1
    outer loop
      vertex 2.4 4.9 2
      vertex 2.96725 5.71718 2
      vertex 2.91685 6.05694 2
    endloop
  endfacet
  facet normal 0 0 1
    outer loop
      vertex 2.4 4.9 2
      vertex 2.91685 6.05694 2
      vertex 2.9 6.4 2
    endloop
  endfacet
  facet normal 0 0 1
    outer loop
      vertex 3.69446 4.17962 2
      vertex 2.82133 3.51107 2
      vertex 2.96747 3.31402 2
    endloop
  endfacet
  facet normal 0 0 1
    outer loop
      vertex 2.96725 7.08282 2
      vertex 2.4 4.9 2
      vertex 2.91685 6.74306 2
    endloop
  endfacet
  facet normal 0 0 1
    outer loop
      vertex 3.31328 45.0499 2
      vertex 2.41204 45.145 2
      vertex 3.16642 44.7394 2
    endloop
  endfacet
  facet normal 0 0 1
    outer loop
      vertex 2.91685 6.74306 2
      vertex 2.4 4.9 2
      vertex 2.9 6.4 2
    endloop
  endfacet
  facet normal -0 0 1
    outer loop
      vertex 2.4 44.9 2
      vertex 3.16642 44.7394 2
      vertex 2.41204 45.145 2
    endloop
  endfacet
  facet normal 0 0 1
    outer loop
      vertex 3.16642 5.06061 2
      vertex 2.4 4.9 2
      vertex 2.41204 4.65496 2
    endloop
  endfacet
  facet normal 0 0 1
    outer loop
      vertex 3.16642 44.7394 2
      vertex 2.4 44.9 2
      vertex 3.05071 44.416 2
    endloop
  endfacet
  facet normal 0 0 1
    outer loop
      vertex 3.69446 4.17962 2
      vertex 2.6952 3.72151 2
      vertex 2.82133 3.51107 2
    endloop
  endfacet
  facet normal 0 0 1
    outer loop
      vertex 3.05071 44.416 2
      vertex 2.4 44.9 2
      vertex 2.96725 44.0828 2
    endloop
  endfacet
  facet normal 0 0 1
    outer loop
      vertex 3.48986 4.4555 2
      vertex 2.5903 3.94329 2
      vertex 2.6952 3.72151 2
    endloop
  endfacet
  facet normal 0 0 1
    outer loop
      vertex 2.96725 44.0828 2
      vertex 2.4 44.9 2
      vertex 2.91685 43.7431 2
    endloop
  endfacet
  facet normal 0 0 1
    outer loop
      vertex 3.48986 4.4555 2
      vertex 2.50765 4.17429 2
      vertex 2.5903 3.94329 2
    endloop
  endfacet
  facet normal 0 0 1
    outer loop
      vertex 3.31328 4.75011 2
      vertex 2.44804 4.41227 2
      vertex 2.50765 4.17429 2
    endloop
  endfacet
  facet normal 0 0 1
    outer loop
      vertex 3.31328 4.75011 2
      vertex 2.41204 4.65496 2
      vertex 2.44804 4.41227 2
    endloop
  endfacet
  facet normal 0 0 1
    outer loop
      vertex 7.29567 6.48821 2
      vertex 7.29567 6.31179 2
      vertex 7.3 6.4 2
    endloop
  endfacet
  facet normal 0 0 1
    outer loop
      vertex 7.28271 6.57558 2
      vertex 7.29567 6.31179 2
      vertex 7.29567 6.48821 2
    endloop
  endfacet
  facet normal 0 0 1
    outer loop
      vertex 7.28271 6.57558 2
      vertex 7.28271 6.22442 2
      vertex 7.29567 6.31179 2
    endloop
  endfacet
  facet normal 0 0 1
    outer loop
      vertex 7.26125 6.66126 2
      vertex 7.28271 6.22442 2
      vertex 7.28271 6.57558 2
    endloop
  endfacet
  facet normal 0 0 1
    outer loop
      vertex 7.26125 6.66126 2
      vertex 7.26125 6.13874 2
      vertex 7.28271 6.22442 2
    endloop
  endfacet
  facet normal 0 0 1
    outer loop
      vertex 7.23149 6.74441 2
      vertex 7.26125 6.13874 2
      vertex 7.26125 6.66126 2
    endloop
  endfacet
  facet normal 0 0 1
    outer loop
      vertex 7.23149 6.74441 2
      vertex 7.23149 6.05559 2
      vertex 7.26125 6.13874 2
    endloop
  endfacet
  facet normal 0 0 1
    outer loop
      vertex 7.19373 6.82426 2
      vertex 7.23149 6.05559 2
      vertex 7.23149 6.74441 2
    endloop
  endfacet
  facet normal 0 0 1
    outer loop
      vertex 7.19373 6.82426 2
      vertex 7.19373 5.97574 2
      vertex 7.23149 6.05559 2
    endloop
  endfacet
  facet normal 0 0 1
    outer loop
      vertex 7.14832 6.90001 2
      vertex 7.19373 5.97574 2
      vertex 7.19373 6.82426 2
    endloop
  endfacet
  facet normal 0 0 1
    outer loop
      vertex 7.14832 6.90001 2
      vertex 7.14832 5.89999 2
      vertex 7.19373 5.97574 2
    endloop
  endfacet
  facet normal 0 0 1
    outer loop
      vertex 7.09571 6.97095 2
      vertex 7.14832 5.89999 2
      vertex 7.14832 6.90001 2
    endloop
  endfacet
  facet normal 0 0 1
    outer loop
      vertex 7.09571 6.97095 2
      vertex 7.09571 5.82905 2
      vertex 7.14832 5.89999 2
    endloop
  endfacet
  facet normal 0 0 1
    outer loop
      vertex 7.0364 7.0364 2
      vertex 7.09571 5.82905 2
      vertex 7.09571 6.97095 2
    endloop
  endfacet
  facet normal 0 0 1
    outer loop
      vertex 7.0364 7.0364 2
      vertex 7.0364 5.7636 2
      vertex 7.09571 5.82905 2
    endloop
  endfacet
  facet normal 0 0 1
    outer loop
      vertex 6.97095 7.09571 2
      vertex 7.0364 5.7636 2
      vertex 7.0364 7.0364 2
    endloop
  endfacet
  facet normal 0 0 1
    outer loop
      vertex 6.97095 7.09571 2
      vertex 6.97095 5.70429 2
      vertex 7.0364 5.7636 2
    endloop
  endfacet
  facet normal 0 0 1
    outer loop
      vertex 6.90001 7.14832 2
      vertex 6.97095 5.70429 2
      vertex 6.97095 7.09571 2
    endloop
  endfacet
  facet normal 0 0 1
    outer loop
      vertex 6.90001 7.14832 2
      vertex 6.90001 5.65168 2
      vertex 6.97095 5.70429 2
    endloop
  endfacet
  facet normal 0 0 1
    outer loop
      vertex 6.82426 7.19373 2
      vertex 6.90001 5.65168 2
      vertex 6.90001 7.14832 2
    endloop
  endfacet
  facet normal 0 0 1
    outer loop
      vertex 6.82426 7.19373 2
      vertex 6.82426 5.60627 2
      vertex 6.90001 5.65168 2
    endloop
  endfacet
  facet normal 0 0 1
    outer loop
      vertex 6.74441 7.23149 2
      vertex 6.82426 5.60627 2
      vertex 6.82426 7.19373 2
    endloop
  endfacet
  facet normal 0 0 1
    outer loop
      vertex 6.74441 7.23149 2
      vertex 6.74441 5.56851 2
      vertex 6.82426 5.60627 2
    endloop
  endfacet
  facet normal 0 0 1
    outer loop
      vertex 6.66126 7.26125 2
      vertex 6.74441 5.56851 2
      vertex 6.74441 7.23149 2
    endloop
  endfacet
  facet normal 0 0 1
    outer loop
      vertex 6.66126 7.26125 2
      vertex 6.66126 5.53875 2
      vertex 6.74441 5.56851 2
    endloop
  endfacet
  facet normal 0 0 1
    outer loop
      vertex 6.57558 7.28271 2
      vertex 6.66126 5.53875 2
      vertex 6.66126 7.26125 2
    endloop
  endfacet
  facet normal 0 0 1
    outer loop
      vertex 6.57558 7.28271 2
      vertex 6.57558 5.51729 2
      vertex 6.66126 5.53875 2
    endloop
  endfacet
  facet normal 0 0 1
    outer loop
      vertex 6.48821 7.29567 2
      vertex 6.57558 5.51729 2
      vertex 6.57558 7.28271 2
    endloop
  endfacet
  facet normal 0 0 1
    outer loop
      vertex 6.48821 7.29567 2
      vertex 6.48821 5.50433 2
      vertex 6.57558 5.51729 2
    endloop
  endfacet
  facet normal 0 0 1
    outer loop
      vertex 6.4 7.3 2
      vertex 6.48821 5.50433 2
      vertex 6.48821 7.29567 2
    endloop
  endfacet
  facet normal 0 0 1
    outer loop
      vertex 6.4 7.3 2
      vertex 6.4 5.5 2
      vertex 6.48821 5.50433 2
    endloop
  endfacet
  facet normal -0 0 1
    outer loop
      vertex 6.31179 7.29567 2
      vertex 6.4 5.5 2
      vertex 6.4 7.3 2
    endloop
  endfacet
  facet normal 0 0 1
    outer loop
      vertex 6.31179 7.29567 2
      vertex 6.31179 5.50433 2
      vertex 6.4 5.5 2
    endloop
  endfacet
  facet normal -0 0 1
    outer loop
      vertex 6.22442 7.28271 2
      vertex 6.31179 5.50433 2
      vertex 6.31179 7.29567 2
    endloop
  endfacet
  facet normal 0 0 1
    outer loop
      vertex 6.22442 7.28271 2
      vertex 6.22442 5.51729 2
      vertex 6.31179 5.50433 2
    endloop
  endfacet
  facet normal -0 0 1
    outer loop
      vertex 6.13874 7.26125 2
      vertex 6.22442 5.51729 2
      vertex 6.22442 7.28271 2
    endloop
  endfacet
  facet normal 0 0 1
    outer loop
      vertex 6.13874 7.26125 2
      vertex 6.13874 5.53875 2
      vertex 6.22442 5.51729 2
    endloop
  endfacet
  facet normal -0 0 1
    outer loop
      vertex 6.05559 7.23149 2
      vertex 6.13874 5.53875 2
      vertex 6.13874 7.26125 2
    endloop
  endfacet
  facet normal 0 0 1
    outer loop
      vertex 6.05559 7.23149 2
      vertex 6.05559 5.56851 2
      vertex 6.13874 5.53875 2
    endloop
  endfacet
  facet normal -0 0 1
    outer loop
      vertex 5.97574 7.19373 2
      vertex 6.05559 5.56851 2
      vertex 6.05559 7.23149 2
    endloop
  endfacet
  facet normal 0 0 1
    outer loop
      vertex 5.97574 7.19373 2
      vertex 5.97574 5.60627 2
      vertex 6.05559 5.56851 2
    endloop
  endfacet
  facet normal -0 0 1
    outer loop
      vertex 5.89999 7.14832 2
      vertex 5.97574 5.60627 2
      vertex 5.97574 7.19373 2
    endloop
  endfacet
  facet normal 0 0 1
    outer loop
      vertex 5.89999 7.14832 2
      vertex 5.89999 5.65168 2
      vertex 5.97574 5.60627 2
    endloop
  endfacet
  facet normal -0 0 1
    outer loop
      vertex 5.82905 7.09571 2
      vertex 5.89999 5.65168 2
      vertex 5.89999 7.14832 2
    endloop
  endfacet
  facet normal 0 0 1
    outer loop
      vertex 5.82905 7.09571 2
      vertex 5.82905 5.70429 2
      vertex 5.89999 5.65168 2
    endloop
  endfacet
  facet normal -0 0 1
    outer loop
      vertex 5.7636 7.0364 2
      vertex 5.82905 5.70429 2
      vertex 5.82905 7.09571 2
    endloop
  endfacet
  facet normal 0 0 1
    outer loop
      vertex 5.7636 7.0364 2
      vertex 5.7636 5.7636 2
      vertex 5.82905 5.70429 2
    endloop
  endfacet
  facet normal -0 0 1
    outer loop
      vertex 5.70429 6.97095 2
      vertex 5.7636 5.7636 2
      vertex 5.7636 7.0364 2
    endloop
  endfacet
  facet normal 0 0 1
    outer loop
      vertex 5.70429 6.97095 2
      vertex 5.70429 5.82905 2
      vertex 5.7636 5.7636 2
    endloop
  endfacet
  facet normal -0 0 1
    outer loop
      vertex 5.65168 6.90001 2
      vertex 5.70429 5.82905 2
      vertex 5.70429 6.97095 2
    endloop
  endfacet
  facet normal 0 0 1
    outer loop
      vertex 5.65168 6.90001 2
      vertex 5.65168 5.89999 2
      vertex 5.70429 5.82905 2
    endloop
  endfacet
  facet normal -0 0 1
    outer loop
      vertex 5.60627 6.82426 2
      vertex 5.65168 5.89999 2
      vertex 5.65168 6.90001 2
    endloop
  endfacet
  facet normal 0 0 1
    outer loop
      vertex 5.60627 6.82426 2
      vertex 5.60627 5.97574 2
      vertex 5.65168 5.89999 2
    endloop
  endfacet
  facet normal -0 0 1
    outer loop
      vertex 5.56851 6.74441 2
      vertex 5.60627 5.97574 2
      vertex 5.60627 6.82426 2
    endloop
  endfacet
  facet normal 0 0 1
    outer loop
      vertex 5.56851 6.74441 2
      vertex 5.56851 6.05559 2
      vertex 5.60627 5.97574 2
    endloop
  endfacet
  facet normal -0 0 1
    outer loop
      vertex 5.53875 6.66126 2
      vertex 5.56851 6.05559 2
      vertex 5.56851 6.74441 2
    endloop
  endfacet
  facet normal 0 0 1
    outer loop
      vertex 5.53875 6.66126 2
      vertex 5.53875 6.13874 2
      vertex 5.56851 6.05559 2
    endloop
  endfacet
  facet normal -0 0 1
    outer loop
      vertex 5.51729 6.57558 2
      vertex 5.53875 6.13874 2
      vertex 5.53875 6.66126 2
    endloop
  endfacet
  facet normal 0 0 1
    outer loop
      vertex 5.51729 6.57558 2
      vertex 5.51729 6.22442 2
      vertex 5.53875 6.13874 2
    endloop
  endfacet
  facet normal -0 0 1
    outer loop
      vertex 5.50433 6.48821 2
      vertex 5.51729 6.22442 2
      vertex 5.51729 6.57558 2
    endloop
  endfacet
  facet normal 0 0 1
    outer loop
      vertex 5.50433 6.48821 2
      vertex 5.50433 6.31179 2
      vertex 5.51729 6.22442 2
    endloop
  endfacet
  facet normal 0 -0 1
    outer loop
      vertex 5.50433 6.31179 2
      vertex 5.50433 6.48821 2
      vertex 5.5 6.4 2
    endloop
  endfacet
  facet normal 0 0 1
    outer loop
      vertex 62.2957 6.48821 2
      vertex 62.2957 6.31179 2
      vertex 62.3 6.4 2
    endloop
  endfacet
  facet normal 0 0 1
    outer loop
      vertex 62.2827 6.57558 2
      vertex 62.2957 6.31179 2
      vertex 62.2957 6.48821 2
    endloop
  endfacet
  facet normal 0 0 1
    outer loop
      vertex 62.2827 6.57558 2
      vertex 62.2827 6.22442 2
      vertex 62.2957 6.31179 2
    endloop
  endfacet
  facet normal 0 0 1
    outer loop
      vertex 62.2612 6.66126 2
      vertex 62.2827 6.22442 2
      vertex 62.2827 6.57558 2
    endloop
  endfacet
  facet normal 0 0 1
    outer loop
      vertex 62.2612 6.66126 2
      vertex 62.2612 6.13874 2
      vertex 62.2827 6.22442 2
    endloop
  endfacet
  facet normal 0 0 1
    outer loop
      vertex 62.2315 6.74441 2
      vertex 62.2612 6.13874 2
      vertex 62.2612 6.66126 2
    endloop
  endfacet
  facet normal 0 0 1
    outer loop
      vertex 62.2315 6.74441 2
      vertex 62.2315 6.05559 2
      vertex 62.2612 6.13874 2
    endloop
  endfacet
  facet normal 0 0 1
    outer loop
      vertex 62.1937 6.82426 2
      vertex 62.2315 6.05559 2
      vertex 62.2315 6.74441 2
    endloop
  endfacet
  facet normal 0 0 1
    outer loop
      vertex 62.1937 6.82426 2
      vertex 62.1937 5.97574 2
      vertex 62.2315 6.05559 2
    endloop
  endfacet
  facet normal 0 0 1
    outer loop
      vertex 62.1483 6.90001 2
      vertex 62.1937 5.97574 2
      vertex 62.1937 6.82426 2
    endloop
  endfacet
  facet normal 0 0 1
    outer loop
      vertex 62.1483 6.90001 2
      vertex 62.1483 5.89999 2
      vertex 62.1937 5.97574 2
    endloop
  endfacet
  facet normal 0 0 1
    outer loop
      vertex 62.0957 6.97095 2
      vertex 62.1483 5.89999 2
      vertex 62.1483 6.90001 2
    endloop
  endfacet
  facet normal 0 0 1
    outer loop
      vertex 62.0957 6.97095 2
      vertex 62.0957 5.82905 2
      vertex 62.1483 5.89999 2
    endloop
  endfacet
  facet normal 0 0 1
    outer loop
      vertex 62.0364 7.0364 2
      vertex 62.0957 5.82905 2
      vertex 62.0957 6.97095 2
    endloop
  endfacet
  facet normal 0 0 1
    outer loop
      vertex 62.0364 7.0364 2
      vertex 62.0364 5.7636 2
      vertex 62.0957 5.82905 2
    endloop
  endfacet
  facet normal 0 0 1
    outer loop
      vertex 61.971 7.09571 2
      vertex 62.0364 5.7636 2
      vertex 62.0364 7.0364 2
    endloop
  endfacet
  facet normal 0 0 1
    outer loop
      vertex 61.971 7.09571 2
      vertex 61.971 5.70429 2
      vertex 62.0364 5.7636 2
    endloop
  endfacet
  facet normal 0 0 1
    outer loop
      vertex 61.9 7.14832 2
      vertex 61.971 5.70429 2
      vertex 61.971 7.09571 2
    endloop
  endfacet
  facet normal 0 0 1
    outer loop
      vertex 61.9 7.14832 2
      vertex 61.9 5.65168 2
      vertex 61.971 5.70429 2
    endloop
  endfacet
  facet normal 0 0 1
    outer loop
      vertex 61.8243 7.19373 2
      vertex 61.9 5.65168 2
      vertex 61.9 7.14832 2
    endloop
  endfacet
  facet normal 0 0 1
    outer loop
      vertex 61.8243 7.19373 2
      vertex 61.8243 5.60627 2
      vertex 61.9 5.65168 2
    endloop
  endfacet
  facet normal 0 0 1
    outer loop
      vertex 61.7444 7.23149 2
      vertex 61.8243 5.60627 2
      vertex 61.8243 7.19373 2
    endloop
  endfacet
  facet normal 0 0 1
    outer loop
      vertex 61.7444 7.23149 2
      vertex 61.7444 5.56851 2
      vertex 61.8243 5.60627 2
    endloop
  endfacet
  facet normal 0 0 1
    outer loop
      vertex 61.6613 7.26125 2
      vertex 61.7444 5.56851 2
      vertex 61.7444 7.23149 2
    endloop
  endfacet
  facet normal 0 0 1
    outer loop
      vertex 61.6613 7.26125 2
      vertex 61.6613 5.53875 2
      vertex 61.7444 5.56851 2
    endloop
  endfacet
  facet normal 0 0 1
    outer loop
      vertex 61.5756 7.28271 2
      vertex 61.6613 5.53875 2
      vertex 61.6613 7.26125 2
    endloop
  endfacet
  facet normal 0 0 1
    outer loop
      vertex 61.5756 7.28271 2
      vertex 61.5756 5.51729 2
      vertex 61.6613 5.53875 2
    endloop
  endfacet
  facet normal 0 0 1
    outer loop
      vertex 61.4882 7.29567 2
      vertex 61.5756 5.51729 2
      vertex 61.5756 7.28271 2
    endloop
  endfacet
  facet normal 0 0 1
    outer loop
      vertex 61.4882 7.29567 2
      vertex 61.4882 5.50433 2
      vertex 61.5756 5.51729 2
    endloop
  endfacet
  facet normal 0 0 1
    outer loop
      vertex 61.4 7.3 2
      vertex 61.4882 5.50433 2
      vertex 61.4882 7.29567 2
    endloop
  endfacet
  facet normal 0 0 1
    outer loop
      vertex 61.4 7.3 2
      vertex 61.4 5.5 2
      vertex 61.4882 5.50433 2
    endloop
  endfacet
  facet normal -0 0 1
    outer loop
      vertex 61.3118 7.29567 2
      vertex 61.4 5.5 2
      vertex 61.4 7.3 2
    endloop
  endfacet
  facet normal 0 0 1
    outer loop
      vertex 61.3118 7.29567 2
      vertex 61.3118 5.50433 2
      vertex 61.4 5.5 2
    endloop
  endfacet
  facet normal -0 0 1
    outer loop
      vertex 61.2244 7.28271 2
      vertex 61.3118 5.50433 2
      vertex 61.3118 7.29567 2
    endloop
  endfacet
  facet normal 0 0 1
    outer loop
      vertex 61.2244 7.28271 2
      vertex 61.2244 5.51729 2
      vertex 61.3118 5.50433 2
    endloop
  endfacet
  facet normal -0 0 1
    outer loop
      vertex 61.1387 7.26125 2
      vertex 61.2244 5.51729 2
      vertex 61.2244 7.28271 2
    endloop
  endfacet
  facet normal 0 0 1
    outer loop
      vertex 61.1387 7.26125 2
      vertex 61.1387 5.53875 2
      vertex 61.2244 5.51729 2
    endloop
  endfacet
  facet normal -0 0 1
    outer loop
      vertex 61.0556 7.23149 2
      vertex 61.1387 5.53875 2
      vertex 61.1387 7.26125 2
    endloop
  endfacet
  facet normal 0 0 1
    outer loop
      vertex 61.0556 7.23149 2
      vertex 61.0556 5.56851 2
      vertex 61.1387 5.53875 2
    endloop
  endfacet
  facet normal -0 0 1
    outer loop
      vertex 60.9757 7.19373 2
      vertex 61.0556 5.56851 2
      vertex 61.0556 7.23149 2
    endloop
  endfacet
  facet normal 0 0 1
    outer loop
      vertex 60.9757 7.19373 2
      vertex 60.9757 5.60627 2
      vertex 61.0556 5.56851 2
    endloop
  endfacet
  facet normal -0 0 1
    outer loop
      vertex 60.9 7.14832 2
      vertex 60.9757 5.60627 2
      vertex 60.9757 7.19373 2
    endloop
  endfacet
  facet normal 0 0 1
    outer loop
      vertex 60.9 7.14832 2
      vertex 60.9 5.65168 2
      vertex 60.9757 5.60627 2
    endloop
  endfacet
  facet normal -0 0 1
    outer loop
      vertex 60.829 7.09571 2
      vertex 60.9 5.65168 2
      vertex 60.9 7.14832 2
    endloop
  endfacet
  facet normal 0 0 1
    outer loop
      vertex 60.829 7.09571 2
      vertex 60.829 5.70429 2
      vertex 60.9 5.65168 2
    endloop
  endfacet
  facet normal -0 0 1
    outer loop
      vertex 60.7636 7.0364 2
      vertex 60.829 5.70429 2
      vertex 60.829 7.09571 2
    endloop
  endfacet
  facet normal 0 0 1
    outer loop
      vertex 60.7636 7.0364 2
      vertex 60.7636 5.7636 2
      vertex 60.829 5.70429 2
    endloop
  endfacet
  facet normal -0 0 1
    outer loop
      vertex 60.7043 6.97095 2
      vertex 60.7636 5.7636 2
      vertex 60.7636 7.0364 2
    endloop
  endfacet
  facet normal 0 0 1
    outer loop
      vertex 60.7043 6.97095 2
      vertex 60.7043 5.82905 2
      vertex 60.7636 5.7636 2
    endloop
  endfacet
  facet normal -0 0 1
    outer loop
      vertex 60.6517 6.90001 2
      vertex 60.7043 5.82905 2
      vertex 60.7043 6.97095 2
    endloop
  endfacet
  facet normal 0 0 1
    outer loop
      vertex 60.6517 6.90001 2
      vertex 60.6517 5.89999 2
      vertex 60.7043 5.82905 2
    endloop
  endfacet
  facet normal -0 0 1
    outer loop
      vertex 60.6063 6.82426 2
      vertex 60.6517 5.89999 2
      vertex 60.6517 6.90001 2
    endloop
  endfacet
  facet normal 0 0 1
    outer loop
      vertex 60.6063 6.82426 2
      vertex 60.6063 5.97574 2
      vertex 60.6517 5.89999 2
    endloop
  endfacet
  facet normal -0 0 1
    outer loop
      vertex 60.5685 6.74441 2
      vertex 60.6063 5.97574 2
      vertex 60.6063 6.82426 2
    endloop
  endfacet
  facet normal 0 0 1
    outer loop
      vertex 60.5685 6.74441 2
      vertex 60.5685 6.05559 2
      vertex 60.6063 5.97574 2
    endloop
  endfacet
  facet normal -0 0 1
    outer loop
      vertex 60.5388 6.66126 2
      vertex 60.5685 6.05559 2
      vertex 60.5685 6.74441 2
    endloop
  endfacet
  facet normal 0 0 1
    outer loop
      vertex 60.5388 6.66126 2
      vertex 60.5388 6.13874 2
      vertex 60.5685 6.05559 2
    endloop
  endfacet
  facet normal -0 0 1
    outer loop
      vertex 60.5173 6.57558 2
      vertex 60.5388 6.13874 2
      vertex 60.5388 6.66126 2
    endloop
  endfacet
  facet normal 0 0 1
    outer loop
      vertex 60.5173 6.57558 2
      vertex 60.5173 6.22442 2
      vertex 60.5388 6.13874 2
    endloop
  endfacet
  facet normal -0 0 1
    outer loop
      vertex 60.5043 6.48821 2
      vertex 60.5173 6.22442 2
      vertex 60.5173 6.57558 2
    endloop
  endfacet
  facet normal 0 0 1
    outer loop
      vertex 60.5043 6.48821 2
      vertex 60.5043 6.31179 2
      vertex 60.5173 6.22442 2
    endloop
  endfacet
  facet normal 0 -0 1
    outer loop
      vertex 60.5043 6.31179 2
      vertex 60.5043 6.48821 2
      vertex 60.5 6.4 2
    endloop
  endfacet
  facet normal 0 0 1
    outer loop
      vertex 62.2957 43.4882 2
      vertex 62.2957 43.3118 2
      vertex 62.3 43.4 2
    endloop
  endfacet
  facet normal 0 0 1
    outer loop
      vertex 62.2827 43.5756 2
      vertex 62.2957 43.3118 2
      vertex 62.2957 43.4882 2
    endloop
  endfacet
  facet normal 0 0 1
    outer loop
      vertex 62.2827 43.5756 2
      vertex 62.2827 43.2244 2
      vertex 62.2957 43.3118 2
    endloop
  endfacet
  facet normal 0 0 1
    outer loop
      vertex 62.2612 43.6613 2
      vertex 62.2827 43.2244 2
      vertex 62.2827 43.5756 2
    endloop
  endfacet
  facet normal 0 0 1
    outer loop
      vertex 62.2612 43.6613 2
      vertex 62.2612 43.1387 2
      vertex 62.2827 43.2244 2
    endloop
  endfacet
  facet normal 0 0 1
    outer loop
      vertex 62.2315 43.7444 2
      vertex 62.2612 43.1387 2
      vertex 62.2612 43.6613 2
    endloop
  endfacet
  facet normal 0 0 1
    outer loop
      vertex 62.2315 43.7444 2
      vertex 62.2315 43.0556 2
      vertex 62.2612 43.1387 2
    endloop
  endfacet
  facet normal 0 0 1
    outer loop
      vertex 62.1937 43.8243 2
      vertex 62.2315 43.0556 2
      vertex 62.2315 43.7444 2
    endloop
  endfacet
  facet normal 0 0 1
    outer loop
      vertex 62.1937 43.8243 2
      vertex 62.1937 42.9757 2
      vertex 62.2315 43.0556 2
    endloop
  endfacet
  facet normal 0 0 1
    outer loop
      vertex 62.1483 43.9 2
      vertex 62.1937 42.9757 2
      vertex 62.1937 43.8243 2
    endloop
  endfacet
  facet normal 0 0 1
    outer loop
      vertex 62.1483 43.9 2
      vertex 62.1483 42.9 2
      vertex 62.1937 42.9757 2
    endloop
  endfacet
  facet normal 0 0 1
    outer loop
      vertex 62.0957 43.971 2
      vertex 62.1483 42.9 2
      vertex 62.1483 43.9 2
    endloop
  endfacet
  facet normal 0 0 1
    outer loop
      vertex 62.0957 43.971 2
      vertex 62.0957 42.829 2
      vertex 62.1483 42.9 2
    endloop
  endfacet
  facet normal 0 0 1
    outer loop
      vertex 62.0364 44.0364 2
      vertex 62.0957 42.829 2
      vertex 62.0957 43.971 2
    endloop
  endfacet
  facet normal 0 0 1
    outer loop
      vertex 62.0364 44.0364 2
      vertex 62.0364 42.7636 2
      vertex 62.0957 42.829 2
    endloop
  endfacet
  facet normal 0 0 1
    outer loop
      vertex 61.971 44.0957 2
      vertex 62.0364 42.7636 2
      vertex 62.0364 44.0364 2
    endloop
  endfacet
  facet normal 0 0 1
    outer loop
      vertex 61.971 44.0957 2
      vertex 61.971 42.7043 2
      vertex 62.0364 42.7636 2
    endloop
  endfacet
  facet normal 0 0 1
    outer loop
      vertex 61.9 44.1483 2
      vertex 61.971 42.7043 2
      vertex 61.971 44.0957 2
    endloop
  endfacet
  facet normal 0 0 1
    outer loop
      vertex 61.9 44.1483 2
      vertex 61.9 42.6517 2
      vertex 61.971 42.7043 2
    endloop
  endfacet
  facet normal 0 0 1
    outer loop
      vertex 61.8243 44.1937 2
      vertex 61.9 42.6517 2
      vertex 61.9 44.1483 2
    endloop
  endfacet
  facet normal 0 0 1
    outer loop
      vertex 61.8243 44.1937 2
      vertex 61.8243 42.6063 2
      vertex 61.9 42.6517 2
    endloop
  endfacet
  facet normal 0 0 1
    outer loop
      vertex 61.7444 44.2315 2
      vertex 61.8243 42.6063 2
      vertex 61.8243 44.1937 2
    endloop
  endfacet
  facet normal 0 0 1
    outer loop
      vertex 61.7444 44.2315 2
      vertex 61.7444 42.5685 2
      vertex 61.8243 42.6063 2
    endloop
  endfacet
  facet normal 0 0 1
    outer loop
      vertex 61.6613 44.2612 2
      vertex 61.7444 42.5685 2
      vertex 61.7444 44.2315 2
    endloop
  endfacet
  facet normal 0 0 1
    outer loop
      vertex 61.6613 44.2612 2
      vertex 61.6613 42.5388 2
      vertex 61.7444 42.5685 2
    endloop
  endfacet
  facet normal 0 0 1
    outer loop
      vertex 61.5756 44.2827 2
      vertex 61.6613 42.5388 2
      vertex 61.6613 44.2612 2
    endloop
  endfacet
  facet normal 0 0 1
    outer loop
      vertex 61.5756 44.2827 2
      vertex 61.5756 42.5173 2
      vertex 61.6613 42.5388 2
    endloop
  endfacet
  facet normal 0 0 1
    outer loop
      vertex 61.4882 44.2957 2
      vertex 61.5756 42.5173 2
      vertex 61.5756 44.2827 2
    endloop
  endfacet
  facet normal 0 0 1
    outer loop
      vertex 61.4882 44.2957 2
      vertex 61.4882 42.5043 2
      vertex 61.5756 42.5173 2
    endloop
  endfacet
  facet normal 0 0 1
    outer loop
      vertex 61.4 44.3 2
      vertex 61.4882 42.5043 2
      vertex 61.4882 44.2957 2
    endloop
  endfacet
  facet normal 0 0 1
    outer loop
      vertex 61.4 44.3 2
      vertex 61.4 42.5 2
      vertex 61.4882 42.5043 2
    endloop
  endfacet
  facet normal -0 0 1
    outer loop
      vertex 61.3118 44.2957 2
      vertex 61.4 42.5 2
      vertex 61.4 44.3 2
    endloop
  endfacet
  facet normal 0 0 1
    outer loop
      vertex 61.3118 44.2957 2
      vertex 61.3118 42.5043 2
      vertex 61.4 42.5 2
    endloop
  endfacet
  facet normal -0 0 1
    outer loop
      vertex 61.2244 44.2827 2
      vertex 61.3118 42.5043 2
      vertex 61.3118 44.2957 2
    endloop
  endfacet
  facet normal 0 0 1
    outer loop
      vertex 61.2244 44.2827 2
      vertex 61.2244 42.5173 2
      vertex 61.3118 42.5043 2
    endloop
  endfacet
  facet normal -0 0 1
    outer loop
      vertex 61.1387 44.2612 2
      vertex 61.2244 42.5173 2
      vertex 61.2244 44.2827 2
    endloop
  endfacet
  facet normal 0 0 1
    outer loop
      vertex 61.1387 44.2612 2
      vertex 61.1387 42.5388 2
      vertex 61.2244 42.5173 2
    endloop
  endfacet
  facet normal -0 0 1
    outer loop
      vertex 61.0556 44.2315 2
      vertex 61.1387 42.5388 2
      vertex 61.1387 44.2612 2
    endloop
  endfacet
  facet normal 0 0 1
    outer loop
      vertex 61.0556 44.2315 2
      vertex 61.0556 42.5685 2
      vertex 61.1387 42.5388 2
    endloop
  endfacet
  facet normal -0 0 1
    outer loop
      vertex 60.9757 44.1937 2
      vertex 61.0556 42.5685 2
      vertex 61.0556 44.2315 2
    endloop
  endfacet
  facet normal 0 0 1
    outer loop
      vertex 60.9757 44.1937 2
      vertex 60.9757 42.6063 2
      vertex 61.0556 42.5685 2
    endloop
  endfacet
  facet normal -0 0 1
    outer loop
      vertex 60.9 44.1483 2
      vertex 60.9757 42.6063 2
      vertex 60.9757 44.1937 2
    endloop
  endfacet
  facet normal 0 0 1
    outer loop
      vertex 60.9 44.1483 2
      vertex 60.9 42.6517 2
      vertex 60.9757 42.6063 2
    endloop
  endfacet
  facet normal -0 0 1
    outer loop
      vertex 60.829 44.0957 2
      vertex 60.9 42.6517 2
      vertex 60.9 44.1483 2
    endloop
  endfacet
  facet normal 0 0 1
    outer loop
      vertex 60.829 44.0957 2
      vertex 60.829 42.7043 2
      vertex 60.9 42.6517 2
    endloop
  endfacet
  facet normal -0 0 1
    outer loop
      vertex 60.7636 44.0364 2
      vertex 60.829 42.7043 2
      vertex 60.829 44.0957 2
    endloop
  endfacet
  facet normal 0 0 1
    outer loop
      vertex 60.7636 44.0364 2
      vertex 60.7636 42.7636 2
      vertex 60.829 42.7043 2
    endloop
  endfacet
  facet normal -0 0 1
    outer loop
      vertex 60.7043 43.971 2
      vertex 60.7636 42.7636 2
      vertex 60.7636 44.0364 2
    endloop
  endfacet
  facet normal 0 0 1
    outer loop
      vertex 60.7043 43.971 2
      vertex 60.7043 42.829 2
      vertex 60.7636 42.7636 2
    endloop
  endfacet
  facet normal -0 0 1
    outer loop
      vertex 60.6517 43.9 2
      vertex 60.7043 42.829 2
      vertex 60.7043 43.971 2
    endloop
  endfacet
  facet normal 0 0 1
    outer loop
      vertex 60.6517 43.9 2
      vertex 60.6517 42.9 2
      vertex 60.7043 42.829 2
    endloop
  endfacet
  facet normal -0 0 1
    outer loop
      vertex 60.6063 43.8243 2
      vertex 60.6517 42.9 2
      vertex 60.6517 43.9 2
    endloop
  endfacet
  facet normal 0 0 1
    outer loop
      vertex 60.6063 43.8243 2
      vertex 60.6063 42.9757 2
      vertex 60.6517 42.9 2
    endloop
  endfacet
  facet normal -0 0 1
    outer loop
      vertex 60.5685 43.7444 2
      vertex 60.6063 42.9757 2
      vertex 60.6063 43.8243 2
    endloop
  endfacet
  facet normal 0 0 1
    outer loop
      vertex 60.5685 43.7444 2
      vertex 60.5685 43.0556 2
      vertex 60.6063 42.9757 2
    endloop
  endfacet
  facet normal -0 0 1
    outer loop
      vertex 60.5388 43.6613 2
      vertex 60.5685 43.0556 2
      vertex 60.5685 43.7444 2
    endloop
  endfacet
  facet normal 0 0 1
    outer loop
      vertex 60.5388 43.6613 2
      vertex 60.5388 43.1387 2
      vertex 60.5685 43.0556 2
    endloop
  endfacet
  facet normal -0 0 1
    outer loop
      vertex 60.5173 43.5756 2
      vertex 60.5388 43.1387 2
      vertex 60.5388 43.6613 2
    endloop
  endfacet
  facet normal 0 0 1
    outer loop
      vertex 60.5173 43.5756 2
      vertex 60.5173 43.2244 2
      vertex 60.5388 43.1387 2
    endloop
  endfacet
  facet normal -0 0 1
    outer loop
      vertex 60.5043 43.4882 2
      vertex 60.5173 43.2244 2
      vertex 60.5173 43.5756 2
    endloop
  endfacet
  facet normal 0 0 1
    outer loop
      vertex 60.5043 43.4882 2
      vertex 60.5043 43.3118 2
      vertex 60.5173 43.2244 2
    endloop
  endfacet
  facet normal 0 -0 1
    outer loop
      vertex 60.5043 43.3118 2
      vertex 60.5043 43.4882 2
      vertex 60.5 43.4 2
    endloop
  endfacet
  facet normal 0 0 1
    outer loop
      vertex 7.29567 43.4882 2
      vertex 7.29567 43.3118 2
      vertex 7.3 43.4 2
    endloop
  endfacet
  facet normal 0 0 1
    outer loop
      vertex 7.28271 43.5756 2
      vertex 7.29567 43.3118 2
      vertex 7.29567 43.4882 2
    endloop
  endfacet
  facet normal 0 0 1
    outer loop
      vertex 7.28271 43.5756 2
      vertex 7.28271 43.2244 2
      vertex 7.29567 43.3118 2
    endloop
  endfacet
  facet normal 0 0 1
    outer loop
      vertex 7.26125 43.6613 2
      vertex 7.28271 43.2244 2
      vertex 7.28271 43.5756 2
    endloop
  endfacet
  facet normal 0 0 1
    outer loop
      vertex 7.26125 43.6613 2
      vertex 7.26125 43.1387 2
      vertex 7.28271 43.2244 2
    endloop
  endfacet
  facet normal 0 0 1
    outer loop
      vertex 7.23149 43.7444 2
      vertex 7.26125 43.1387 2
      vertex 7.26125 43.6613 2
    endloop
  endfacet
  facet normal 0 0 1
    outer loop
      vertex 7.23149 43.7444 2
      vertex 7.23149 43.0556 2
      vertex 7.26125 43.1387 2
    endloop
  endfacet
  facet normal 0 0 1
    outer loop
      vertex 7.19373 43.8243 2
      vertex 7.23149 43.0556 2
      vertex 7.23149 43.7444 2
    endloop
  endfacet
  facet normal 0 0 1
    outer loop
      vertex 7.19373 43.8243 2
      vertex 7.19373 42.9757 2
      vertex 7.23149 43.0556 2
    endloop
  endfacet
  facet normal 0 0 1
    outer loop
      vertex 7.14832 43.9 2
      vertex 7.19373 42.9757 2
      vertex 7.19373 43.8243 2
    endloop
  endfacet
  facet normal 0 0 1
    outer loop
      vertex 7.14832 43.9 2
      vertex 7.14832 42.9 2
      vertex 7.19373 42.9757 2
    endloop
  endfacet
  facet normal 0 0 1
    outer loop
      vertex 7.09571 43.971 2
      vertex 7.14832 42.9 2
      vertex 7.14832 43.9 2
    endloop
  endfacet
  facet normal 0 0 1
    outer loop
      vertex 7.09571 43.971 2
      vertex 7.09571 42.829 2
      vertex 7.14832 42.9 2
    endloop
  endfacet
  facet normal 0 0 1
    outer loop
      vertex 7.0364 44.0364 2
      vertex 7.09571 42.829 2
      vertex 7.09571 43.971 2
    endloop
  endfacet
  facet normal 0 0 1
    outer loop
      vertex 7.0364 44.0364 2
      vertex 7.0364 42.7636 2
      vertex 7.09571 42.829 2
    endloop
  endfacet
  facet normal 0 0 1
    outer loop
      vertex 6.97095 44.0957 2
      vertex 7.0364 42.7636 2
      vertex 7.0364 44.0364 2
    endloop
  endfacet
  facet normal 0 0 1
    outer loop
      vertex 6.97095 44.0957 2
      vertex 6.97095 42.7043 2
      vertex 7.0364 42.7636 2
    endloop
  endfacet
  facet normal 0 0 1
    outer loop
      vertex 6.90001 44.1483 2
      vertex 6.97095 42.7043 2
      vertex 6.97095 44.0957 2
    endloop
  endfacet
  facet normal 0 0 1
    outer loop
      vertex 6.90001 44.1483 2
      vertex 6.90001 42.6517 2
      vertex 6.97095 42.7043 2
    endloop
  endfacet
  facet normal 0 0 1
    outer loop
      vertex 6.82426 44.1937 2
      vertex 6.90001 42.6517 2
      vertex 6.90001 44.1483 2
    endloop
  endfacet
  facet normal 0 0 1
    outer loop
      vertex 6.82426 44.1937 2
      vertex 6.82426 42.6063 2
      vertex 6.90001 42.6517 2
    endloop
  endfacet
  facet normal 0 0 1
    outer loop
      vertex 6.74441 44.2315 2
      vertex 6.82426 42.6063 2
      vertex 6.82426 44.1937 2
    endloop
  endfacet
  facet normal 0 0 1
    outer loop
      vertex 6.74441 44.2315 2
      vertex 6.74441 42.5685 2
      vertex 6.82426 42.6063 2
    endloop
  endfacet
  facet normal 0 0 1
    outer loop
      vertex 6.66126 44.2612 2
      vertex 6.74441 42.5685 2
      vertex 6.74441 44.2315 2
    endloop
  endfacet
  facet normal 0 0 1
    outer loop
      vertex 6.66126 44.2612 2
      vertex 6.66126 42.5388 2
      vertex 6.74441 42.5685 2
    endloop
  endfacet
  facet normal 0 0 1
    outer loop
      vertex 6.57558 44.2827 2
      vertex 6.66126 42.5388 2
      vertex 6.66126 44.2612 2
    endloop
  endfacet
  facet normal 0 0 1
    outer loop
      vertex 6.57558 44.2827 2
      vertex 6.57558 42.5173 2
      vertex 6.66126 42.5388 2
    endloop
  endfacet
  facet normal 0 0 1
    outer loop
      vertex 6.48821 44.2957 2
      vertex 6.57558 42.5173 2
      vertex 6.57558 44.2827 2
    endloop
  endfacet
  facet normal 0 0 1
    outer loop
      vertex 6.48821 44.2957 2
      vertex 6.48821 42.5043 2
      vertex 6.57558 42.5173 2
    endloop
  endfacet
  facet normal 0 0 1
    outer loop
      vertex 6.4 44.3 2
      vertex 6.48821 42.5043 2
      vertex 6.48821 44.2957 2
    endloop
  endfacet
  facet normal 0 0 1
    outer loop
      vertex 6.4 44.3 2
      vertex 6.4 42.5 2
      vertex 6.48821 42.5043 2
    endloop
  endfacet
  facet normal -0 0 1
    outer loop
      vertex 6.31179 44.2957 2
      vertex 6.4 42.5 2
      vertex 6.4 44.3 2
    endloop
  endfacet
  facet normal 0 0 1
    outer loop
      vertex 6.31179 44.2957 2
      vertex 6.31179 42.5043 2
      vertex 6.4 42.5 2
    endloop
  endfacet
  facet normal -0 0 1
    outer loop
      vertex 6.22442 44.2827 2
      vertex 6.31179 42.5043 2
      vertex 6.31179 44.2957 2
    endloop
  endfacet
  facet normal 0 0 1
    outer loop
      vertex 6.22442 44.2827 2
      vertex 6.22442 42.5173 2
      vertex 6.31179 42.5043 2
    endloop
  endfacet
  facet normal -0 0 1
    outer loop
      vertex 6.13874 44.2612 2
      vertex 6.22442 42.5173 2
      vertex 6.22442 44.2827 2
    endloop
  endfacet
  facet normal 0 0 1
    outer loop
      vertex 6.13874 44.2612 2
      vertex 6.13874 42.5388 2
      vertex 6.22442 42.5173 2
    endloop
  endfacet
  facet normal -0 0 1
    outer loop
      vertex 6.05559 44.2315 2
      vertex 6.13874 42.5388 2
      vertex 6.13874 44.2612 2
    endloop
  endfacet
  facet normal 0 0 1
    outer loop
      vertex 6.05559 44.2315 2
      vertex 6.05559 42.5685 2
      vertex 6.13874 42.5388 2
    endloop
  endfacet
  facet normal -0 0 1
    outer loop
      vertex 5.97574 44.1937 2
      vertex 6.05559 42.5685 2
      vertex 6.05559 44.2315 2
    endloop
  endfacet
  facet normal 0 0 1
    outer loop
      vertex 5.97574 44.1937 2
      vertex 5.97574 42.6063 2
      vertex 6.05559 42.5685 2
    endloop
  endfacet
  facet normal -0 0 1
    outer loop
      vertex 5.89999 44.1483 2
      vertex 5.97574 42.6063 2
      vertex 5.97574 44.1937 2
    endloop
  endfacet
  facet normal 0 0 1
    outer loop
      vertex 5.89999 44.1483 2
      vertex 5.89999 42.6517 2
      vertex 5.97574 42.6063 2
    endloop
  endfacet
  facet normal -0 0 1
    outer loop
      vertex 5.82905 44.0957 2
      vertex 5.89999 42.6517 2
      vertex 5.89999 44.1483 2
    endloop
  endfacet
  facet normal 0 0 1
    outer loop
      vertex 5.82905 44.0957 2
      vertex 5.82905 42.7043 2
      vertex 5.89999 42.6517 2
    endloop
  endfacet
  facet normal -0 0 1
    outer loop
      vertex 5.7636 44.0364 2
      vertex 5.82905 42.7043 2
      vertex 5.82905 44.0957 2
    endloop
  endfacet
  facet normal 0 0 1
    outer loop
      vertex 5.7636 44.0364 2
      vertex 5.7636 42.7636 2
      vertex 5.82905 42.7043 2
    endloop
  endfacet
  facet normal -0 0 1
    outer loop
      vertex 5.70429 43.971 2
      vertex 5.7636 42.7636 2
      vertex 5.7636 44.0364 2
    endloop
  endfacet
  facet normal 0 0 1
    outer loop
      vertex 5.70429 43.971 2
      vertex 5.70429 42.829 2
      vertex 5.7636 42.7636 2
    endloop
  endfacet
  facet normal -0 0 1
    outer loop
      vertex 5.65168 43.9 2
      vertex 5.70429 42.829 2
      vertex 5.70429 43.971 2
    endloop
  endfacet
  facet normal 0 0 1
    outer loop
      vertex 5.65168 43.9 2
      vertex 5.65168 42.9 2
      vertex 5.70429 42.829 2
    endloop
  endfacet
  facet normal -0 0 1
    outer loop
      vertex 5.60627 43.8243 2
      vertex 5.65168 42.9 2
      vertex 5.65168 43.9 2
    endloop
  endfacet
  facet normal 0 0 1
    outer loop
      vertex 5.60627 43.8243 2
      vertex 5.60627 42.9757 2
      vertex 5.65168 42.9 2
    endloop
  endfacet
  facet normal -0 0 1
    outer loop
      vertex 5.56851 43.7444 2
      vertex 5.60627 42.9757 2
      vertex 5.60627 43.8243 2
    endloop
  endfacet
  facet normal 0 0 1
    outer loop
      vertex 5.56851 43.7444 2
      vertex 5.56851 43.0556 2
      vertex 5.60627 42.9757 2
    endloop
  endfacet
  facet normal -0 0 1
    outer loop
      vertex 5.53875 43.6613 2
      vertex 5.56851 43.0556 2
      vertex 5.56851 43.7444 2
    endloop
  endfacet
  facet normal 0 0 1
    outer loop
      vertex 5.53875 43.6613 2
      vertex 5.53875 43.1387 2
      vertex 5.56851 43.0556 2
    endloop
  endfacet
  facet normal -0 0 1
    outer loop
      vertex 5.51729 43.5756 2
      vertex 5.53875 43.1387 2
      vertex 5.53875 43.6613 2
    endloop
  endfacet
  facet normal 0 0 1
    outer loop
      vertex 5.51729 43.5756 2
      vertex 5.51729 43.2244 2
      vertex 5.53875 43.1387 2
    endloop
  endfacet
  facet normal -0 0 1
    outer loop
      vertex 5.50433 43.4882 2
      vertex 5.51729 43.2244 2
      vertex 5.51729 43.5756 2
    endloop
  endfacet
  facet normal 0 0 1
    outer loop
      vertex 5.50433 43.4882 2
      vertex 5.50433 43.3118 2
      vertex 5.51729 43.2244 2
    endloop
  endfacet
  facet normal 0 -0 1
    outer loop
      vertex 5.50433 43.3118 2
      vertex 5.50433 43.4882 2
      vertex 5.5 43.4 2
    endloop
  endfacet
  facet normal -0.90398 0.427575 0
    outer loop
      vertex 85.1048 3.72151 2
      vertex 85.2097 3.94329 34.1
      vertex 85.2097 3.94329 2
    endloop
  endfacet
  facet normal -0.90398 0.427575 0
    outer loop
      vertex 85.2097 3.94329 34.1
      vertex 85.1048 3.72151 2
      vertex 85.1048 3.72151 34.1
    endloop
  endfacet
  facet normal 0.90398 0.427575 0
    outer loop
      vertex 2.6952 3.72151 34.1
      vertex 2.5903 3.94329 2
      vertex 2.5903 3.94329 34.1
    endloop
  endfacet
  facet normal 0.90398 0.427575 0
    outer loop
      vertex 2.5903 3.94329 2
      vertex 2.6952 3.72151 34.1
      vertex 2.6952 3.72151 2
    endloop
  endfacet
  facet normal 0.989176 0.146734 0
    outer loop
      vertex 9.88315 6.74306 14.5
      vertex 9.83275 7.08282 2
      vertex 9.83275 7.08282 14.5
    endloop
  endfacet
  facet normal 0.989176 0.146734 0
    outer loop
      vertex 9.83275 7.08282 2
      vertex 9.88315 6.74306 14.5
      vertex 9.88315 6.74306 2
    endloop
  endfacet
  facet normal 0.998796 0.0490576 0
    outer loop
      vertex 9.9 6.4 14.5
      vertex 9.88315 6.74306 2
      vertex 9.88315 6.74306 14.5
    endloop
  endfacet
  facet normal 0.998796 0.0490576 0
    outer loop
      vertex 9.88315 6.74306 2
      vertex 9.9 6.4 14.5
      vertex 9.9 6.4 2
    endloop
  endfacet
  facet normal 0.970029 0.242988 0
    outer loop
      vertex 9.83275 7.08282 14.5
      vertex 9.74929 7.416 2
      vertex 9.74929 7.416 14.5
    endloop
  endfacet
  facet normal 0.970029 0.242988 0
    outer loop
      vertex 9.74929 7.416 2
      vertex 9.83275 7.08282 14.5
      vertex 9.83275 7.08282 2
    endloop
  endfacet
  facet normal 0.595673 -0.803227 0
    outer loop
      vertex 8.34449 3.48986 2
      vertex 8.62038 3.69446 14.5
      vertex 8.34449 3.48986 14.5
    endloop
  endfacet
  facet normal 0.595673 -0.803227 0
    outer loop
      vertex 8.62038 3.69446 14.5
      vertex 8.34449 3.48986 2
      vertex 8.62038 3.69446 2
    endloop
  endfacet
  facet normal 0.427566 -0.903984 0
    outer loop
      vertex 7.73939 3.16642 2
      vertex 8.04989 3.31328 14.5
      vertex 7.73939 3.16642 14.5
    endloop
  endfacet
  facet normal 0.427566 -0.903984 0
    outer loop
      vertex 8.04989 3.31328 14.5
      vertex 7.73939 3.16642 2
      vertex 8.04989 3.31328 2
    endloop
  endfacet
  facet normal -0.671581 -0.740931 0
    outer loop
      vertex 3.92513 3.92513 2
      vertex 4.17962 3.69446 14.5
      vertex 3.92513 3.92513 14.5
    endloop
  endfacet
  facet normal -0.671581 -0.740931 -0
    outer loop
      vertex 4.17962 3.69446 14.5
      vertex 3.92513 3.92513 2
      vertex 4.17962 3.69446 2
    endloop
  endfacet
  facet normal 0.51411 0.857724 -0
    outer loop
      vertex 8.34449 9.31014 2
      vertex 8.04989 9.48672 14.5
      vertex 8.34449 9.31014 14.5
    endloop
  endfacet
  facet normal 0.51411 0.857724 0
    outer loop
      vertex 8.04989 9.48672 14.5
      vertex 8.34449 9.31014 2
      vertex 8.04989 9.48672 2
    endloop
  endfacet
  facet normal -0.146734 -0.989176 0
    outer loop
      vertex 5.71718 2.96725 2
      vertex 6.05694 2.91685 14.5
      vertex 5.71718 2.96725 14.5
    endloop
  endfacet
  facet normal -0.146734 -0.989176 -0
    outer loop
      vertex 6.05694 2.91685 14.5
      vertex 5.71718 2.96725 2
      vertex 6.05694 2.91685 2
    endloop
  endfacet
  facet normal -0.242988 0.970029 0
    outer loop
      vertex 5.71718 9.83275 2
      vertex 5.384 9.74929 14.5
      vertex 5.71718 9.83275 14.5
    endloop
  endfacet
  facet normal -0.242988 0.970029 0
    outer loop
      vertex 5.384 9.74929 14.5
      vertex 5.71718 9.83275 2
      vertex 5.384 9.74929 2
    endloop
  endfacet
  facet normal 0.740931 0.671581 0
    outer loop
      vertex 9.10554 8.62038 14.5
      vertex 8.87487 8.87487 2
      vertex 8.87487 8.87487 14.5
    endloop
  endfacet
  facet normal 0.740931 0.671581 0
    outer loop
      vertex 8.87487 8.87487 2
      vertex 9.10554 8.62038 14.5
      vertex 9.10554 8.62038 2
    endloop
  endfacet
  facet normal -0.970029 -0.242988 0
    outer loop
      vertex 3.05071 5.384 2
      vertex 2.96725 5.71718 14.5
      vertex 2.96725 5.71718 2
    endloop
  endfacet
  facet normal -0.970029 -0.242988 0
    outer loop
      vertex 2.96725 5.71718 14.5
      vertex 3.05071 5.384 2
      vertex 3.05071 5.384 14.5
    endloop
  endfacet
  facet normal 0.857724 0.51411 0
    outer loop
      vertex 9.48672 8.04989 14.5
      vertex 9.31014 8.34449 2
      vertex 9.31014 8.34449 14.5
    endloop
  endfacet
  facet normal 0.857724 0.51411 0
    outer loop
      vertex 9.31014 8.34449 2
      vertex 9.48672 8.04989 14.5
      vertex 9.48672 8.04989 2
    endloop
  endfacet
  facet normal 0.671581 0.740931 -0
    outer loop
      vertex 8.87487 8.87487 2
      vertex 8.62038 9.10554 14.5
      vertex 8.87487 8.87487 14.5
    endloop
  endfacet
  facet normal 0.671581 0.740931 0
    outer loop
      vertex 8.62038 9.10554 14.5
      vertex 8.87487 8.87487 2
      vertex 8.62038 9.10554 2
    endloop
  endfacet
  facet normal -0.941545 -0.336888 0
    outer loop
      vertex 3.16642 5.06061 2
      vertex 3.05071 5.384 14.5
      vertex 3.05071 5.384 2
    endloop
  endfacet
  facet normal -0.941545 -0.336888 0
    outer loop
      vertex 3.05071 5.384 14.5
      vertex 3.16642 5.06061 2
      vertex 3.16642 5.06061 14.5
    endloop
  endfacet
  facet normal 0.336888 -0.941545 0
    outer loop
      vertex 7.416 3.05071 2
      vertex 7.73939 3.16642 14.5
      vertex 7.416 3.05071 14.5
    endloop
  endfacet
  facet normal 0.336888 -0.941545 0
    outer loop
      vertex 7.73939 3.16642 14.5
      vertex 7.416 3.05071 2
      vertex 7.73939 3.16642 2
    endloop
  endfacet
  facet normal 0.941545 0.336888 0
    outer loop
      vertex 9.74929 7.416 14.5
      vertex 9.63358 7.73939 2
      vertex 9.63358 7.73939 14.5
    endloop
  endfacet
  facet normal 0.941545 0.336888 0
    outer loop
      vertex 9.63358 7.73939 2
      vertex 9.74929 7.416 14.5
      vertex 9.74929 7.416 2
    endloop
  endfacet
  facet normal -0.998796 -0.0490576 0
    outer loop
      vertex 2.91685 6.05694 2
      vertex 2.9 6.4 14.5
      vertex 2.9 6.4 2
    endloop
  endfacet
  facet normal -0.998796 -0.0490576 0
    outer loop
      vertex 2.9 6.4 14.5
      vertex 2.91685 6.05694 2
      vertex 2.91685 6.05694 14.5
    endloop
  endfacet
  facet normal -0.0490576 0.998796 0
    outer loop
      vertex 6.4 9.9 2
      vertex 6.05694 9.88315 14.5
      vertex 6.4 9.9 14.5
    endloop
  endfacet
  facet normal -0.0490576 0.998796 0
    outer loop
      vertex 6.05694 9.88315 14.5
      vertex 6.4 9.9 2
      vertex 6.05694 9.88315 2
    endloop
  endfacet
  facet normal 0.903984 -0.427566 0
    outer loop
      vertex 9.48672 4.75011 14.5
      vertex 9.63358 5.06061 2
      vertex 9.63358 5.06061 14.5
    endloop
  endfacet
  facet normal 0.903984 -0.427566 0
    outer loop
      vertex 9.63358 5.06061 2
      vertex 9.48672 4.75011 14.5
      vertex 9.48672 4.75011 2
    endloop
  endfacet
  facet normal 0.595673 0.803227 -0
    outer loop
      vertex 8.62038 9.10554 2
      vertex 8.34449 9.31014 14.5
      vertex 8.62038 9.10554 14.5
    endloop
  endfacet
  facet normal 0.595673 0.803227 0
    outer loop
      vertex 8.34449 9.31014 14.5
      vertex 8.62038 9.10554 2
      vertex 8.34449 9.31014 2
    endloop
  endfacet
  facet normal 0.998796 -0.0490576 0
    outer loop
      vertex 9.88315 6.05694 14.5
      vertex 9.9 6.4 2
      vertex 9.9 6.4 14.5
    endloop
  endfacet
  facet normal 0.998796 -0.0490576 0
    outer loop
      vertex 9.9 6.4 2
      vertex 9.88315 6.05694 14.5
      vertex 9.88315 6.05694 2
    endloop
  endfacet
  facet normal -0.336888 -0.941545 0
    outer loop
      vertex 5.06061 3.16642 2
      vertex 5.384 3.05071 14.5
      vertex 5.06061 3.16642 14.5
    endloop
  endfacet
  facet normal -0.336888 -0.941545 -0
    outer loop
      vertex 5.384 3.05071 14.5
      vertex 5.06061 3.16642 2
      vertex 5.384 3.05071 2
    endloop
  endfacet
  facet normal -0.0490576 -0.998796 0
    outer loop
      vertex 6.05694 2.91685 2
      vertex 6.4 2.9 14.5
      vertex 6.05694 2.91685 14.5
    endloop
  endfacet
  facet normal -0.0490576 -0.998796 -0
    outer loop
      vertex 6.4 2.9 14.5
      vertex 6.05694 2.91685 2
      vertex 6.4 2.9 2
    endloop
  endfacet
  facet normal 0.0490576 -0.998796 0
    outer loop
      vertex 6.4 2.9 2
      vertex 6.74306 2.91685 14.5
      vertex 6.4 2.9 14.5
    endloop
  endfacet
  facet normal 0.0490576 -0.998796 0
    outer loop
      vertex 6.74306 2.91685 14.5
      vertex 6.4 2.9 2
      vertex 6.74306 2.91685 2
    endloop
  endfacet
  facet normal 0.803227 0.595673 0
    outer loop
      vertex 9.31014 8.34449 14.5
      vertex 9.10554 8.62038 2
      vertex 9.10554 8.62038 14.5
    endloop
  endfacet
  facet normal 0.803227 0.595673 0
    outer loop
      vertex 9.10554 8.62038 2
      vertex 9.31014 8.34449 14.5
      vertex 9.31014 8.34449 2
    endloop
  endfacet
  facet normal -0.671581 0.740931 0
    outer loop
      vertex 4.17962 9.10554 2
      vertex 3.92513 8.87487 14.5
      vertex 4.17962 9.10554 14.5
    endloop
  endfacet
  facet normal -0.671581 0.740931 0
    outer loop
      vertex 3.92513 8.87487 14.5
      vertex 4.17962 9.10554 2
      vertex 3.92513 8.87487 2
    endloop
  endfacet
  facet normal 0.146734 0.989176 -0
    outer loop
      vertex 7.08282 9.83275 2
      vertex 6.74306 9.88315 14.5
      vertex 7.08282 9.83275 14.5
    endloop
  endfacet
  facet normal 0.146734 0.989176 0
    outer loop
      vertex 6.74306 9.88315 14.5
      vertex 7.08282 9.83275 2
      vertex 6.74306 9.88315 2
    endloop
  endfacet
  facet normal 0.146734 -0.989176 0
    outer loop
      vertex 6.74306 2.91685 2
      vertex 7.08282 2.96725 14.5
      vertex 6.74306 2.91685 14.5
    endloop
  endfacet
  facet normal 0.146734 -0.989176 0
    outer loop
      vertex 7.08282 2.96725 14.5
      vertex 6.74306 2.91685 2
      vertex 7.08282 2.96725 2
    endloop
  endfacet
  facet normal 0.427566 0.903984 -0
    outer loop
      vertex 8.04989 9.48672 2
      vertex 7.73939 9.63358 14.5
      vertex 8.04989 9.48672 14.5
    endloop
  endfacet
  facet normal 0.427566 0.903984 0
    outer loop
      vertex 7.73939 9.63358 14.5
      vertex 8.04989 9.48672 2
      vertex 7.73939 9.63358 2
    endloop
  endfacet
  facet normal 0.941545 -0.336888 0
    outer loop
      vertex 9.63358 5.06061 14.5
      vertex 9.74929 5.384 2
      vertex 9.74929 5.384 14.5
    endloop
  endfacet
  facet normal 0.941545 -0.336888 0
    outer loop
      vertex 9.74929 5.384 2
      vertex 9.63358 5.06061 14.5
      vertex 9.63358 5.06061 2
    endloop
  endfacet
  facet normal 0.740931 -0.671581 0
    outer loop
      vertex 8.87487 3.92513 14.5
      vertex 9.10554 4.17962 2
      vertex 9.10554 4.17962 14.5
    endloop
  endfacet
  facet normal 0.740931 -0.671581 0
    outer loop
      vertex 9.10554 4.17962 2
      vertex 8.87487 3.92513 14.5
      vertex 8.87487 3.92513 2
    endloop
  endfacet
  facet normal -0.740931 0.671581 0
    outer loop
      vertex 3.69446 8.62038 2
      vertex 3.92513 8.87487 14.5
      vertex 3.92513 8.87487 2
    endloop
  endfacet
  facet normal -0.740931 0.671581 0
    outer loop
      vertex 3.92513 8.87487 14.5
      vertex 3.69446 8.62038 2
      vertex 3.69446 8.62038 14.5
    endloop
  endfacet
  facet normal -0.857724 0.51411 0
    outer loop
      vertex 3.31328 8.04989 2
      vertex 3.48986 8.34449 14.5
      vertex 3.48986 8.34449 2
    endloop
  endfacet
  facet normal -0.857724 0.51411 0
    outer loop
      vertex 3.48986 8.34449 14.5
      vertex 3.31328 8.04989 2
      vertex 3.31328 8.04989 14.5
    endloop
  endfacet
  facet normal 0.903984 0.427566 0
    outer loop
      vertex 9.63358 7.73939 14.5
      vertex 9.48672 8.04989 2
      vertex 9.48672 8.04989 14.5
    endloop
  endfacet
  facet normal 0.903984 0.427566 0
    outer loop
      vertex 9.48672 8.04989 2
      vertex 9.63358 7.73939 14.5
      vertex 9.63358 7.73939 2
    endloop
  endfacet
  facet normal -0.514098 0.857732 0
    outer loop
      vertex 4.75011 9.48672 2
      vertex 4.4555 9.31014 14.5
      vertex 4.75011 9.48672 14.5
    endloop
  endfacet
  facet normal -0.514098 0.857732 0
    outer loop
      vertex 4.4555 9.31014 14.5
      vertex 4.75011 9.48672 2
      vertex 4.4555 9.31014 2
    endloop
  endfacet
  facet normal 0.989176 -0.146734 0
    outer loop
      vertex 9.83275 5.71718 14.5
      vertex 9.88315 6.05694 2
      vertex 9.88315 6.05694 14.5
    endloop
  endfacet
  facet normal 0.989176 -0.146734 0
    outer loop
      vertex 9.88315 6.05694 2
      vertex 9.83275 5.71718 14.5
      vertex 9.83275 5.71718 2
    endloop
  endfacet
  facet normal 0.51411 -0.857724 0
    outer loop
      vertex 8.04989 3.31328 2
      vertex 8.34449 3.48986 14.5
      vertex 8.04989 3.31328 14.5
    endloop
  endfacet
  facet normal 0.51411 -0.857724 0
    outer loop
      vertex 8.34449 3.48986 14.5
      vertex 8.04989 3.31328 2
      vertex 8.34449 3.48986 2
    endloop
  endfacet
  facet normal -0.941545 0.336888 0
    outer loop
      vertex 3.05071 7.416 2
      vertex 3.16642 7.73939 14.5
      vertex 3.16642 7.73939 2
    endloop
  endfacet
  facet normal -0.941545 0.336888 0
    outer loop
      vertex 3.16642 7.73939 14.5
      vertex 3.05071 7.416 2
      vertex 3.05071 7.416 14.5
    endloop
  endfacet
  facet normal 0.336888 0.941545 -0
    outer loop
      vertex 7.73939 9.63358 2
      vertex 7.416 9.74929 14.5
      vertex 7.73939 9.63358 14.5
    endloop
  endfacet
  facet normal 0.336888 0.941545 0
    outer loop
      vertex 7.416 9.74929 14.5
      vertex 7.73939 9.63358 2
      vertex 7.416 9.74929 2
    endloop
  endfacet
  facet normal 0.242988 0.970029 -0
    outer loop
      vertex 7.416 9.74929 2
      vertex 7.08282 9.83275 14.5
      vertex 7.416 9.74929 14.5
    endloop
  endfacet
  facet normal 0.242988 0.970029 0
    outer loop
      vertex 7.08282 9.83275 14.5
      vertex 7.416 9.74929 2
      vertex 7.08282 9.83275 2
    endloop
  endfacet
  facet normal -0.427566 0.903984 0
    outer loop
      vertex 5.06061 9.63358 2
      vertex 4.75011 9.48672 14.5
      vertex 5.06061 9.63358 14.5
    endloop
  endfacet
  facet normal -0.427566 0.903984 0
    outer loop
      vertex 4.75011 9.48672 14.5
      vertex 5.06061 9.63358 2
      vertex 4.75011 9.48672 2
    endloop
  endfacet
  facet normal -0.595687 0.803217 0
    outer loop
      vertex 4.4555 9.31014 2
      vertex 4.17962 9.10554 14.5
      vertex 4.4555 9.31014 14.5
    endloop
  endfacet
  facet normal -0.595687 0.803217 0
    outer loop
      vertex 4.17962 9.10554 14.5
      vertex 4.4555 9.31014 2
      vertex 4.17962 9.10554 2
    endloop
  endfacet
  facet normal -0.146734 0.989176 0
    outer loop
      vertex 6.05694 9.88315 2
      vertex 5.71718 9.83275 14.5
      vertex 6.05694 9.88315 14.5
    endloop
  endfacet
  facet normal -0.146734 0.989176 0
    outer loop
      vertex 5.71718 9.83275 14.5
      vertex 6.05694 9.88315 2
      vertex 5.71718 9.83275 2
    endloop
  endfacet
  facet normal 0.242988 -0.970029 0
    outer loop
      vertex 7.08282 2.96725 2
      vertex 7.416 3.05071 14.5
      vertex 7.08282 2.96725 14.5
    endloop
  endfacet
  facet normal 0.242988 -0.970029 0
    outer loop
      vertex 7.416 3.05071 14.5
      vertex 7.08282 2.96725 2
      vertex 7.416 3.05071 2
    endloop
  endfacet
  facet normal -0.595687 -0.803217 0
    outer loop
      vertex 4.17962 3.69446 2
      vertex 4.4555 3.48986 14.5
      vertex 4.17962 3.69446 14.5
    endloop
  endfacet
  facet normal -0.595687 -0.803217 -0
    outer loop
      vertex 4.4555 3.48986 14.5
      vertex 4.17962 3.69446 2
      vertex 4.4555 3.48986 2
    endloop
  endfacet
  facet normal -0.903984 -0.427566 0
    outer loop
      vertex 3.31328 4.75011 2
      vertex 3.16642 5.06061 14.5
      vertex 3.16642 5.06061 2
    endloop
  endfacet
  facet normal -0.903984 -0.427566 0
    outer loop
      vertex 3.16642 5.06061 14.5
      vertex 3.31328 4.75011 2
      vertex 3.31328 4.75011 14.5
    endloop
  endfacet
  facet normal -0.970029 0.242988 0
    outer loop
      vertex 2.96725 7.08282 2
      vertex 3.05071 7.416 14.5
      vertex 3.05071 7.416 2
    endloop
  endfacet
  facet normal -0.970029 0.242988 0
    outer loop
      vertex 3.05071 7.416 14.5
      vertex 2.96725 7.08282 2
      vertex 2.96725 7.08282 14.5
    endloop
  endfacet
  facet normal -0.740931 -0.671581 0
    outer loop
      vertex 3.92513 3.92513 2
      vertex 3.69446 4.17962 14.5
      vertex 3.69446 4.17962 2
    endloop
  endfacet
  facet normal -0.740931 -0.671581 0
    outer loop
      vertex 3.69446 4.17962 14.5
      vertex 3.92513 3.92513 2
      vertex 3.92513 3.92513 14.5
    endloop
  endfacet
  facet normal -0.336888 0.941545 0
    outer loop
      vertex 5.384 9.74929 2
      vertex 5.06061 9.63358 14.5
      vertex 5.384 9.74929 14.5
    endloop
  endfacet
  facet normal -0.336888 0.941545 0
    outer loop
      vertex 5.06061 9.63358 14.5
      vertex 5.384 9.74929 2
      vertex 5.06061 9.63358 2
    endloop
  endfacet
  facet normal -0.989176 0.146734 0
    outer loop
      vertex 2.91685 6.74306 2
      vertex 2.96725 7.08282 14.5
      vertex 2.96725 7.08282 2
    endloop
  endfacet
  facet normal -0.989176 0.146734 0
    outer loop
      vertex 2.96725 7.08282 14.5
      vertex 2.91685 6.74306 2
      vertex 2.91685 6.74306 14.5
    endloop
  endfacet
  facet normal -0.998796 0.0490576 0
    outer loop
      vertex 2.9 6.4 2
      vertex 2.91685 6.74306 14.5
      vertex 2.91685 6.74306 2
    endloop
  endfacet
  facet normal -0.998796 0.0490576 0
    outer loop
      vertex 2.91685 6.74306 14.5
      vertex 2.9 6.4 2
      vertex 2.9 6.4 14.5
    endloop
  endfacet
  facet normal -0.989176 -0.146734 0
    outer loop
      vertex 2.96725 5.71718 2
      vertex 2.91685 6.05694 14.5
      vertex 2.91685 6.05694 2
    endloop
  endfacet
  facet normal -0.989176 -0.146734 0
    outer loop
      vertex 2.91685 6.05694 14.5
      vertex 2.96725 5.71718 2
      vertex 2.96725 5.71718 14.5
    endloop
  endfacet
  facet normal -0.803227 0.595673 0
    outer loop
      vertex 3.48986 8.34449 2
      vertex 3.69446 8.62038 14.5
      vertex 3.69446 8.62038 2
    endloop
  endfacet
  facet normal -0.803227 0.595673 0
    outer loop
      vertex 3.69446 8.62038 14.5
      vertex 3.48986 8.34449 2
      vertex 3.48986 8.34449 14.5
    endloop
  endfacet
  facet normal 0.970029 -0.242988 0
    outer loop
      vertex 9.74929 5.384 14.5
      vertex 9.83275 5.71718 2
      vertex 9.83275 5.71718 14.5
    endloop
  endfacet
  facet normal 0.970029 -0.242988 0
    outer loop
      vertex 9.83275 5.71718 2
      vertex 9.74929 5.384 14.5
      vertex 9.74929 5.384 2
    endloop
  endfacet
  facet normal -0.803217 -0.595687 0
    outer loop
      vertex 3.69446 4.17962 2
      vertex 3.48986 4.4555 14.5
      vertex 3.48986 4.4555 2
    endloop
  endfacet
  facet normal -0.803217 -0.595687 0
    outer loop
      vertex 3.48986 4.4555 14.5
      vertex 3.69446 4.17962 2
      vertex 3.69446 4.17962 14.5
    endloop
  endfacet
  facet normal 0.0490576 0.998796 -0
    outer loop
      vertex 6.74306 9.88315 2
      vertex 6.4 9.9 14.5
      vertex 6.74306 9.88315 14.5
    endloop
  endfacet
  facet normal 0.0490576 0.998796 0
    outer loop
      vertex 6.4 9.9 14.5
      vertex 6.74306 9.88315 2
      vertex 6.4 9.9 2
    endloop
  endfacet
  facet normal -0.514098 -0.857732 0
    outer loop
      vertex 4.4555 3.48986 2
      vertex 4.75011 3.31328 14.5
      vertex 4.4555 3.48986 14.5
    endloop
  endfacet
  facet normal -0.514098 -0.857732 -0
    outer loop
      vertex 4.75011 3.31328 14.5
      vertex 4.4555 3.48986 2
      vertex 4.75011 3.31328 2
    endloop
  endfacet
  facet normal 0.857732 -0.514098 0
    outer loop
      vertex 9.31014 4.4555 14.5
      vertex 9.48672 4.75011 2
      vertex 9.48672 4.75011 14.5
    endloop
  endfacet
  facet normal 0.857732 -0.514098 0
    outer loop
      vertex 9.48672 4.75011 2
      vertex 9.31014 4.4555 14.5
      vertex 9.31014 4.4555 2
    endloop
  endfacet
  facet normal -0.427566 -0.903984 0
    outer loop
      vertex 4.75011 3.31328 2
      vertex 5.06061 3.16642 14.5
      vertex 4.75011 3.31328 14.5
    endloop
  endfacet
  facet normal -0.427566 -0.903984 -0
    outer loop
      vertex 5.06061 3.16642 14.5
      vertex 4.75011 3.31328 2
      vertex 5.06061 3.16642 2
    endloop
  endfacet
  facet normal 0.803217 -0.595687 0
    outer loop
      vertex 9.10554 4.17962 14.5
      vertex 9.31014 4.4555 2
      vertex 9.31014 4.4555 14.5
    endloop
  endfacet
  facet normal 0.803217 -0.595687 0
    outer loop
      vertex 9.31014 4.4555 2
      vertex 9.10554 4.17962 14.5
      vertex 9.10554 4.17962 2
    endloop
  endfacet
  facet normal -0.242988 -0.970029 0
    outer loop
      vertex 5.384 3.05071 2
      vertex 5.71718 2.96725 14.5
      vertex 5.384 3.05071 14.5
    endloop
  endfacet
  facet normal -0.242988 -0.970029 -0
    outer loop
      vertex 5.71718 2.96725 14.5
      vertex 5.384 3.05071 2
      vertex 5.71718 2.96725 2
    endloop
  endfacet
  facet normal -0.857732 -0.514098 0
    outer loop
      vertex 3.48986 4.4555 2
      vertex 3.31328 4.75011 14.5
      vertex 3.31328 4.75011 2
    endloop
  endfacet
  facet normal -0.857732 -0.514098 0
    outer loop
      vertex 3.31328 4.75011 14.5
      vertex 3.48986 4.4555 2
      vertex 3.48986 4.4555 14.5
    endloop
  endfacet
  facet normal -0.903984 0.427566 0
    outer loop
      vertex 3.16642 7.73939 2
      vertex 3.31328 8.04989 14.5
      vertex 3.31328 8.04989 2
    endloop
  endfacet
  facet normal -0.903984 0.427566 0
    outer loop
      vertex 3.31328 8.04989 14.5
      vertex 3.16642 7.73939 2
      vertex 3.16642 7.73939 14.5
    endloop
  endfacet
  facet normal 0.671581 -0.740931 0
    outer loop
      vertex 8.62038 3.69446 2
      vertex 8.87487 3.92513 14.5
      vertex 8.62038 3.69446 14.5
    endloop
  endfacet
  facet normal 0.671581 -0.740931 0
    outer loop
      vertex 8.87487 3.92513 14.5
      vertex 8.62038 3.69446 2
      vertex 8.87487 3.92513 2
    endloop
  endfacet
  facet normal 0 0 1
    outer loop
      vertex 7.3 6.4 14.5
      vertex 9.9 6.4 14.5
      vertex 9.88315 6.74306 14.5
    endloop
  endfacet
  facet normal 0 0 1
    outer loop
      vertex 7.29567 6.48821 14.5
      vertex 9.88315 6.74306 14.5
      vertex 9.83275 7.08282 14.5
    endloop
  endfacet
  facet normal 0 0 1
    outer loop
      vertex 9.9 6.4 14.5
      vertex 7.3 6.4 14.5
      vertex 9.88315 6.05694 14.5
    endloop
  endfacet
  facet normal 0 0 1
    outer loop
      vertex 7.28271 6.57558 14.5
      vertex 9.83275 7.08282 14.5
      vertex 9.74929 7.416 14.5
    endloop
  endfacet
  facet normal -0 0 1
    outer loop
      vertex 7.29567 6.31179 14.5
      vertex 9.88315 6.05694 14.5
      vertex 7.3 6.4 14.5
    endloop
  endfacet
  facet normal 0 0 1
    outer loop
      vertex 7.26125 6.66126 14.5
      vertex 9.74929 7.416 14.5
      vertex 9.63358 7.73939 14.5
    endloop
  endfacet
  facet normal 0 0 1
    outer loop
      vertex 9.88315 6.05694 14.5
      vertex 7.29567 6.31179 14.5
      vertex 9.83275 5.71718 14.5
    endloop
  endfacet
  facet normal 0 0 1
    outer loop
      vertex 7.23149 6.74441 14.5
      vertex 9.63358 7.73939 14.5
      vertex 9.48672 8.04989 14.5
    endloop
  endfacet
  facet normal -0 0 1
    outer loop
      vertex 7.28271 6.22442 14.5
      vertex 9.83275 5.71718 14.5
      vertex 7.29567 6.31179 14.5
    endloop
  endfacet
  facet normal 0 0 1
    outer loop
      vertex 7.19373 6.82426 14.5
      vertex 9.48672 8.04989 14.5
      vertex 9.31014 8.34449 14.5
    endloop
  endfacet
  facet normal 0 0 1
    outer loop
      vertex 9.83275 5.71718 14.5
      vertex 7.28271 6.22442 14.5
      vertex 9.74929 5.384 14.5
    endloop
  endfacet
  facet normal 0 0 1
    outer loop
      vertex 7.14832 6.90001 14.5
      vertex 9.31014 8.34449 14.5
      vertex 9.10554 8.62038 14.5
    endloop
  endfacet
  facet normal -0 0 1
    outer loop
      vertex 7.26125 6.13874 14.5
      vertex 9.74929 5.384 14.5
      vertex 7.28271 6.22442 14.5
    endloop
  endfacet
  facet normal 0 0 1
    outer loop
      vertex 7.09571 6.97095 14.5
      vertex 9.10554 8.62038 14.5
      vertex 8.87487 8.87487 14.5
    endloop
  endfacet
  facet normal 0 0 1
    outer loop
      vertex 9.74929 5.384 14.5
      vertex 7.26125 6.13874 14.5
      vertex 9.63358 5.06061 14.5
    endloop
  endfacet
  facet normal 0 0 1
    outer loop
      vertex 7.0364 7.0364 14.5
      vertex 8.87487 8.87487 14.5
      vertex 8.62038 9.10554 14.5
    endloop
  endfacet
  facet normal -0 0 1
    outer loop
      vertex 7.23149 6.05559 14.5
      vertex 9.63358 5.06061 14.5
      vertex 7.26125 6.13874 14.5
    endloop
  endfacet
  facet normal 0 0 1
    outer loop
      vertex 6.97095 7.09571 14.5
      vertex 8.62038 9.10554 14.5
      vertex 8.34449 9.31014 14.5
    endloop
  endfacet
  facet normal 0 0 1
    outer loop
      vertex 9.63358 5.06061 14.5
      vertex 7.23149 6.05559 14.5
      vertex 9.48672 4.75011 14.5
    endloop
  endfacet
  facet normal 0 0 1
    outer loop
      vertex 6.90001 7.14832 14.5
      vertex 8.34449 9.31014 14.5
      vertex 8.04989 9.48672 14.5
    endloop
  endfacet
  facet normal -0 0 1
    outer loop
      vertex 7.19373 5.97574 14.5
      vertex 9.48672 4.75011 14.5
      vertex 7.23149 6.05559 14.5
    endloop
  endfacet
  facet normal 0 0 1
    outer loop
      vertex 6.82426 7.19373 14.5
      vertex 8.04989 9.48672 14.5
      vertex 7.73939 9.63358 14.5
    endloop
  endfacet
  facet normal 0 0 1
    outer loop
      vertex 9.48672 4.75011 14.5
      vertex 7.19373 5.97574 14.5
      vertex 9.31014 4.4555 14.5
    endloop
  endfacet
  facet normal 0 0 1
    outer loop
      vertex 6.74441 7.23149 14.5
      vertex 7.73939 9.63358 14.5
      vertex 7.416 9.74929 14.5
    endloop
  endfacet
  facet normal -0 0 1
    outer loop
      vertex 7.14832 5.89999 14.5
      vertex 9.31014 4.4555 14.5
      vertex 7.19373 5.97574 14.5
    endloop
  endfacet
  facet normal 0 0 1
    outer loop
      vertex 9.31014 4.4555 14.5
      vertex 7.14832 5.89999 14.5
      vertex 9.10554 4.17962 14.5
    endloop
  endfacet
  facet normal 0 0 1
    outer loop
      vertex 9.88315 6.74306 14.5
      vertex 7.29567 6.48821 14.5
      vertex 7.3 6.4 14.5
    endloop
  endfacet
  facet normal 0 0 1
    outer loop
      vertex 9.83275 7.08282 14.5
      vertex 7.28271 6.57558 14.5
      vertex 7.29567 6.48821 14.5
    endloop
  endfacet
  facet normal 0 0 1
    outer loop
      vertex 9.74929 7.416 14.5
      vertex 7.26125 6.66126 14.5
      vertex 7.28271 6.57558 14.5
    endloop
  endfacet
  facet normal 0 0 1
    outer loop
      vertex 9.63358 7.73939 14.5
      vertex 7.23149 6.74441 14.5
      vertex 7.26125 6.66126 14.5
    endloop
  endfacet
  facet normal 0 0 1
    outer loop
      vertex 9.48672 8.04989 14.5
      vertex 7.19373 6.82426 14.5
      vertex 7.23149 6.74441 14.5
    endloop
  endfacet
  facet normal 0 0 1
    outer loop
      vertex 9.31014 8.34449 14.5
      vertex 7.14832 6.90001 14.5
      vertex 7.19373 6.82426 14.5
    endloop
  endfacet
  facet normal 0 0 1
    outer loop
      vertex 9.10554 8.62038 14.5
      vertex 7.09571 6.97095 14.5
      vertex 7.14832 6.90001 14.5
    endloop
  endfacet
  facet normal 0 0 1
    outer loop
      vertex 6.66126 7.26125 14.5
      vertex 7.416 9.74929 14.5
      vertex 7.08282 9.83275 14.5
    endloop
  endfacet
  facet normal 0 0 1
    outer loop
      vertex 8.87487 8.87487 14.5
      vertex 7.0364 7.0364 14.5
      vertex 7.09571 6.97095 14.5
    endloop
  endfacet
  facet normal 0 0 1
    outer loop
      vertex 8.62038 9.10554 14.5
      vertex 6.97095 7.09571 14.5
      vertex 7.0364 7.0364 14.5
    endloop
  endfacet
  facet normal 0 0 1
    outer loop
      vertex 8.34449 9.31014 14.5
      vertex 6.90001 7.14832 14.5
      vertex 6.97095 7.09571 14.5
    endloop
  endfacet
  facet normal 0 0 1
    outer loop
      vertex 8.04989 9.48672 14.5
      vertex 6.82426 7.19373 14.5
      vertex 6.90001 7.14832 14.5
    endloop
  endfacet
  facet normal 0 0 1
    outer loop
      vertex 7.73939 9.63358 14.5
      vertex 6.74441 7.23149 14.5
      vertex 6.82426 7.19373 14.5
    endloop
  endfacet
  facet normal 0 0 1
    outer loop
      vertex 6.57558 7.28271 14.5
      vertex 7.08282 9.83275 14.5
      vertex 6.74306 9.88315 14.5
    endloop
  endfacet
  facet normal 0 0 1
    outer loop
      vertex 7.416 9.74929 14.5
      vertex 6.66126 7.26125 14.5
      vertex 6.74441 7.23149 14.5
    endloop
  endfacet
  facet normal 0 0 1
    outer loop
      vertex 7.08282 9.83275 14.5
      vertex 6.57558 7.28271 14.5
      vertex 6.66126 7.26125 14.5
    endloop
  endfacet
  facet normal 0 0 1
    outer loop
      vertex 6.74306 9.88315 14.5
      vertex 6.48821 7.29567 14.5
      vertex 6.57558 7.28271 14.5
    endloop
  endfacet
  facet normal 0 0 1
    outer loop
      vertex 6.4 9.9 14.5
      vertex 6.48821 7.29567 14.5
      vertex 6.74306 9.88315 14.5
    endloop
  endfacet
  facet normal 0 0 1
    outer loop
      vertex 6.4 9.9 14.5
      vertex 6.4 7.3 14.5
      vertex 6.48821 7.29567 14.5
    endloop
  endfacet
  facet normal 0 0 1
    outer loop
      vertex 6.4 9.9 14.5
      vertex 6.31179 7.29567 14.5
      vertex 6.4 7.3 14.5
    endloop
  endfacet
  facet normal -0 0 1
    outer loop
      vertex 6.05694 9.88315 14.5
      vertex 6.31179 7.29567 14.5
      vertex 6.4 9.9 14.5
    endloop
  endfacet
  facet normal 0 0 1
    outer loop
      vertex 6.31179 7.29567 14.5
      vertex 6.05694 9.88315 14.5
      vertex 6.22442 7.28271 14.5
    endloop
  endfacet
  facet normal -0 0 1
    outer loop
      vertex 5.71718 9.83275 14.5
      vertex 6.22442 7.28271 14.5
      vertex 6.05694 9.88315 14.5
    endloop
  endfacet
  facet normal 0 0 1
    outer loop
      vertex 6.22442 7.28271 14.5
      vertex 5.71718 9.83275 14.5
      vertex 6.13874 7.26125 14.5
    endloop
  endfacet
  facet normal -0 0 1
    outer loop
      vertex 5.384 9.74929 14.5
      vertex 6.13874 7.26125 14.5
      vertex 5.71718 9.83275 14.5
    endloop
  endfacet
  facet normal 0 0 1
    outer loop
      vertex 6.13874 7.26125 14.5
      vertex 5.384 9.74929 14.5
      vertex 6.05559 7.23149 14.5
    endloop
  endfacet
  facet normal -0 0 1
    outer loop
      vertex 5.06061 9.63358 14.5
      vertex 6.05559 7.23149 14.5
      vertex 5.384 9.74929 14.5
    endloop
  endfacet
  facet normal 0 0 1
    outer loop
      vertex 6.05559 7.23149 14.5
      vertex 5.06061 9.63358 14.5
      vertex 5.97574 7.19373 14.5
    endloop
  endfacet
  facet normal -0 0 1
    outer loop
      vertex 4.75011 9.48672 14.5
      vertex 5.97574 7.19373 14.5
      vertex 5.06061 9.63358 14.5
    endloop
  endfacet
  facet normal 0 0 1
    outer loop
      vertex 5.97574 7.19373 14.5
      vertex 4.75011 9.48672 14.5
      vertex 5.89999 7.14832 14.5
    endloop
  endfacet
  facet normal -0 0 1
    outer loop
      vertex 4.4555 9.31014 14.5
      vertex 5.89999 7.14832 14.5
      vertex 4.75011 9.48672 14.5
    endloop
  endfacet
  facet normal 0 0 1
    outer loop
      vertex 5.89999 7.14832 14.5
      vertex 4.4555 9.31014 14.5
      vertex 5.82905 7.09571 14.5
    endloop
  endfacet
  facet normal -0 0 1
    outer loop
      vertex 4.17962 9.10554 14.5
      vertex 5.82905 7.09571 14.5
      vertex 4.4555 9.31014 14.5
    endloop
  endfacet
  facet normal 0 0 1
    outer loop
      vertex 5.82905 7.09571 14.5
      vertex 4.17962 9.10554 14.5
      vertex 5.7636 7.0364 14.5
    endloop
  endfacet
  facet normal -0 0 1
    outer loop
      vertex 3.92513 8.87487 14.5
      vertex 5.7636 7.0364 14.5
      vertex 4.17962 9.10554 14.5
    endloop
  endfacet
  facet normal 0 0 1
    outer loop
      vertex 5.7636 7.0364 14.5
      vertex 3.92513 8.87487 14.5
      vertex 5.70429 6.97095 14.5
    endloop
  endfacet
  facet normal 0 0 1
    outer loop
      vertex 5.70429 6.97095 14.5
      vertex 3.69446 8.62038 14.5
      vertex 5.65168 6.90001 14.5
    endloop
  endfacet
  facet normal -0 0 1
    outer loop
      vertex 3.69446 8.62038 14.5
      vertex 5.70429 6.97095 14.5
      vertex 3.92513 8.87487 14.5
    endloop
  endfacet
  facet normal -0 0 1
    outer loop
      vertex 7.09571 5.82905 14.5
      vertex 9.10554 4.17962 14.5
      vertex 7.14832 5.89999 14.5
    endloop
  endfacet
  facet normal 0 0 1
    outer loop
      vertex 9.10554 4.17962 14.5
      vertex 7.09571 5.82905 14.5
      vertex 8.87487 3.92513 14.5
    endloop
  endfacet
  facet normal -0 0 1
    outer loop
      vertex 7.0364 5.7636 14.5
      vertex 8.87487 3.92513 14.5
      vertex 7.09571 5.82905 14.5
    endloop
  endfacet
  facet normal 0 0 1
    outer loop
      vertex 8.87487 3.92513 14.5
      vertex 7.0364 5.7636 14.5
      vertex 8.62038 3.69446 14.5
    endloop
  endfacet
  facet normal -0 0 1
    outer loop
      vertex 6.97095 5.70429 14.5
      vertex 8.62038 3.69446 14.5
      vertex 7.0364 5.7636 14.5
    endloop
  endfacet
  facet normal 0 0 1
    outer loop
      vertex 8.62038 3.69446 14.5
      vertex 6.97095 5.70429 14.5
      vertex 8.34449 3.48986 14.5
    endloop
  endfacet
  facet normal -0 0 1
    outer loop
      vertex 6.90001 5.65168 14.5
      vertex 8.34449 3.48986 14.5
      vertex 6.97095 5.70429 14.5
    endloop
  endfacet
  facet normal 0 0 1
    outer loop
      vertex 8.34449 3.48986 14.5
      vertex 6.90001 5.65168 14.5
      vertex 8.04989 3.31328 14.5
    endloop
  endfacet
  facet normal -0 0 1
    outer loop
      vertex 6.82426 5.60627 14.5
      vertex 8.04989 3.31328 14.5
      vertex 6.90001 5.65168 14.5
    endloop
  endfacet
  facet normal 0 0 1
    outer loop
      vertex 8.04989 3.31328 14.5
      vertex 6.82426 5.60627 14.5
      vertex 7.73939 3.16642 14.5
    endloop
  endfacet
  facet normal -0 0 1
    outer loop
      vertex 6.74441 5.56851 14.5
      vertex 7.73939 3.16642 14.5
      vertex 6.82426 5.60627 14.5
    endloop
  endfacet
  facet normal 0 0 1
    outer loop
      vertex 7.73939 3.16642 14.5
      vertex 6.74441 5.56851 14.5
      vertex 7.416 3.05071 14.5
    endloop
  endfacet
  facet normal -0 0 1
    outer loop
      vertex 6.66126 5.53875 14.5
      vertex 7.416 3.05071 14.5
      vertex 6.74441 5.56851 14.5
    endloop
  endfacet
  facet normal 0 0 1
    outer loop
      vertex 7.416 3.05071 14.5
      vertex 6.66126 5.53875 14.5
      vertex 7.08282 2.96725 14.5
    endloop
  endfacet
  facet normal -0 0 1
    outer loop
      vertex 6.57558 5.51729 14.5
      vertex 7.08282 2.96725 14.5
      vertex 6.66126 5.53875 14.5
    endloop
  endfacet
  facet normal 0 0 1
    outer loop
      vertex 7.08282 2.96725 14.5
      vertex 6.57558 5.51729 14.5
      vertex 6.74306 2.91685 14.5
    endloop
  endfacet
  facet normal -0 0 1
    outer loop
      vertex 6.48821 5.50433 14.5
      vertex 6.74306 2.91685 14.5
      vertex 6.57558 5.51729 14.5
    endloop
  endfacet
  facet normal -0 0 1
    outer loop
      vertex 6.4 5.5 14.5
      vertex 6.74306 2.91685 14.5
      vertex 6.48821 5.50433 14.5
    endloop
  endfacet
  facet normal 0 0 1
    outer loop
      vertex 6.4 5.5 14.5
      vertex 6.4 2.9 14.5
      vertex 6.74306 2.91685 14.5
    endloop
  endfacet
  facet normal 0 0 1
    outer loop
      vertex 6.31179 5.50433 14.5
      vertex 6.4 2.9 14.5
      vertex 6.4 5.5 14.5
    endloop
  endfacet
  facet normal 0 0 1
    outer loop
      vertex 6.05694 2.91685 14.5
      vertex 6.31179 5.50433 14.5
      vertex 6.22442 5.51729 14.5
    endloop
  endfacet
  facet normal 0 0 1
    outer loop
      vertex 5.71718 2.96725 14.5
      vertex 6.22442 5.51729 14.5
      vertex 6.13874 5.53875 14.5
    endloop
  endfacet
  facet normal 0 0 1
    outer loop
      vertex 6.31179 5.50433 14.5
      vertex 6.05694 2.91685 14.5
      vertex 6.4 2.9 14.5
    endloop
  endfacet
  facet normal 0 0 1
    outer loop
      vertex 5.384 3.05071 14.5
      vertex 6.13874 5.53875 14.5
      vertex 6.05559 5.56851 14.5
    endloop
  endfacet
  facet normal 0 0 1
    outer loop
      vertex 5.06061 3.16642 14.5
      vertex 6.05559 5.56851 14.5
      vertex 5.97574 5.60627 14.5
    endloop
  endfacet
  facet normal 0 0 1
    outer loop
      vertex 4.75011 3.31328 14.5
      vertex 5.97574 5.60627 14.5
      vertex 5.89999 5.65168 14.5
    endloop
  endfacet
  facet normal 0 0 1
    outer loop
      vertex 4.4555 3.48986 14.5
      vertex 5.89999 5.65168 14.5
      vertex 5.82905 5.70429 14.5
    endloop
  endfacet
  facet normal 0 0 1
    outer loop
      vertex 4.17962 3.69446 14.5
      vertex 5.82905 5.70429 14.5
      vertex 5.7636 5.7636 14.5
    endloop
  endfacet
  facet normal 0 0 1
    outer loop
      vertex 6.22442 5.51729 14.5
      vertex 5.71718 2.96725 14.5
      vertex 6.05694 2.91685 14.5
    endloop
  endfacet
  facet normal 0 0 1
    outer loop
      vertex 3.92513 3.92513 14.5
      vertex 5.7636 5.7636 14.5
      vertex 5.70429 5.82905 14.5
    endloop
  endfacet
  facet normal 0 0 1
    outer loop
      vertex 3.69446 4.17962 14.5
      vertex 5.70429 5.82905 14.5
      vertex 5.65168 5.89999 14.5
    endloop
  endfacet
  facet normal 0 0 1
    outer loop
      vertex 3.48986 4.4555 14.5
      vertex 5.65168 5.89999 14.5
      vertex 5.60627 5.97574 14.5
    endloop
  endfacet
  facet normal 0 0 1
    outer loop
      vertex 3.31328 4.75011 14.5
      vertex 5.60627 5.97574 14.5
      vertex 5.56851 6.05559 14.5
    endloop
  endfacet
  facet normal 0 0 1
    outer loop
      vertex 3.16642 5.06061 14.5
      vertex 5.56851 6.05559 14.5
      vertex 5.53875 6.13874 14.5
    endloop
  endfacet
  facet normal 0 0 1
    outer loop
      vertex 3.05071 5.384 14.5
      vertex 5.53875 6.13874 14.5
      vertex 5.51729 6.22442 14.5
    endloop
  endfacet
  facet normal 0 0 1
    outer loop
      vertex 2.96725 5.71718 14.5
      vertex 5.51729 6.22442 14.5
      vertex 5.50433 6.31179 14.5
    endloop
  endfacet
  facet normal 0 0 1
    outer loop
      vertex 6.13874 5.53875 14.5
      vertex 5.384 3.05071 14.5
      vertex 5.71718 2.96725 14.5
    endloop
  endfacet
  facet normal 0 0 1
    outer loop
      vertex 2.91685 6.05694 14.5
      vertex 5.50433 6.31179 14.5
      vertex 5.5 6.4 14.5
    endloop
  endfacet
  facet normal -0 0 1
    outer loop
      vertex 3.48986 8.34449 14.5
      vertex 5.65168 6.90001 14.5
      vertex 3.69446 8.62038 14.5
    endloop
  endfacet
  facet normal 0 0 1
    outer loop
      vertex 5.65168 6.90001 14.5
      vertex 3.48986 8.34449 14.5
      vertex 5.60627 6.82426 14.5
    endloop
  endfacet
  facet normal 0 0 1
    outer loop
      vertex 6.05559 5.56851 14.5
      vertex 5.06061 3.16642 14.5
      vertex 5.384 3.05071 14.5
    endloop
  endfacet
  facet normal -0 0 1
    outer loop
      vertex 3.31328 8.04989 14.5
      vertex 5.60627 6.82426 14.5
      vertex 3.48986 8.34449 14.5
    endloop
  endfacet
  facet normal 0 0 1
    outer loop
      vertex 5.97574 5.60627 14.5
      vertex 4.75011 3.31328 14.5
      vertex 5.06061 3.16642 14.5
    endloop
  endfacet
  facet normal 0 0 1
    outer loop
      vertex 5.60627 6.82426 14.5
      vertex 3.31328 8.04989 14.5
      vertex 5.56851 6.74441 14.5
    endloop
  endfacet
  facet normal 0 0 1
    outer loop
      vertex 5.89999 5.65168 14.5
      vertex 4.4555 3.48986 14.5
      vertex 4.75011 3.31328 14.5
    endloop
  endfacet
  facet normal -0 0 1
    outer loop
      vertex 3.16642 7.73939 14.5
      vertex 5.56851 6.74441 14.5
      vertex 3.31328 8.04989 14.5
    endloop
  endfacet
  facet normal 0 0 1
    outer loop
      vertex 5.82905 5.70429 14.5
      vertex 4.17962 3.69446 14.5
      vertex 4.4555 3.48986 14.5
    endloop
  endfacet
  facet normal 0 0 1
    outer loop
      vertex 5.56851 6.74441 14.5
      vertex 3.16642 7.73939 14.5
      vertex 5.53875 6.66126 14.5
    endloop
  endfacet
  facet normal 0 0 1
    outer loop
      vertex 5.7636 5.7636 14.5
      vertex 3.92513 3.92513 14.5
      vertex 4.17962 3.69446 14.5
    endloop
  endfacet
  facet normal -0 0 1
    outer loop
      vertex 3.05071 7.416 14.5
      vertex 5.53875 6.66126 14.5
      vertex 3.16642 7.73939 14.5
    endloop
  endfacet
  facet normal 0 0 1
    outer loop
      vertex 5.70429 5.82905 14.5
      vertex 3.69446 4.17962 14.5
      vertex 3.92513 3.92513 14.5
    endloop
  endfacet
  facet normal 0 0 1
    outer loop
      vertex 5.53875 6.66126 14.5
      vertex 3.05071 7.416 14.5
      vertex 5.51729 6.57558 14.5
    endloop
  endfacet
  facet normal 0 0 1
    outer loop
      vertex 5.65168 5.89999 14.5
      vertex 3.48986 4.4555 14.5
      vertex 3.69446 4.17962 14.5
    endloop
  endfacet
  facet normal -0 0 1
    outer loop
      vertex 2.96725 7.08282 14.5
      vertex 5.51729 6.57558 14.5
      vertex 3.05071 7.416 14.5
    endloop
  endfacet
  facet normal 0 0 1
    outer loop
      vertex 5.60627 5.97574 14.5
      vertex 3.31328 4.75011 14.5
      vertex 3.48986 4.4555 14.5
    endloop
  endfacet
  facet normal 0 0 1
    outer loop
      vertex 5.51729 6.57558 14.5
      vertex 2.96725 7.08282 14.5
      vertex 5.50433 6.48821 14.5
    endloop
  endfacet
  facet normal 0 0 1
    outer loop
      vertex 5.56851 6.05559 14.5
      vertex 3.16642 5.06061 14.5
      vertex 3.31328 4.75011 14.5
    endloop
  endfacet
  facet normal -0 0 1
    outer loop
      vertex 2.91685 6.74306 14.5
      vertex 5.50433 6.48821 14.5
      vertex 2.96725 7.08282 14.5
    endloop
  endfacet
  facet normal 0 0 1
    outer loop
      vertex 5.53875 6.13874 14.5
      vertex 3.05071 5.384 14.5
      vertex 3.16642 5.06061 14.5
    endloop
  endfacet
  facet normal 0 0 1
    outer loop
      vertex 5.50433 6.48821 14.5
      vertex 2.91685 6.74306 14.5
      vertex 5.5 6.4 14.5
    endloop
  endfacet
  facet normal 0 0 1
    outer loop
      vertex 5.51729 6.22442 14.5
      vertex 2.96725 5.71718 14.5
      vertex 3.05071 5.384 14.5
    endloop
  endfacet
  facet normal 0 0 1
    outer loop
      vertex 2.9 6.4 14.5
      vertex 5.5 6.4 14.5
      vertex 2.91685 6.74306 14.5
    endloop
  endfacet
  facet normal 0 0 1
    outer loop
      vertex 5.50433 6.31179 14.5
      vertex 2.91685 6.05694 14.5
      vertex 2.96725 5.71718 14.5
    endloop
  endfacet
  facet normal 0 0 1
    outer loop
      vertex 5.5 6.4 14.5
      vertex 2.9 6.4 14.5
      vertex 2.91685 6.05694 14.5
    endloop
  endfacet
  facet normal -0.989177 -0.146729 0
    outer loop
      vertex 7.29567 6.48821 2
      vertex 7.28271 6.57558 14.5
      vertex 7.28271 6.57558 2
    endloop
  endfacet
  facet normal -0.989177 -0.146729 0
    outer loop
      vertex 7.28271 6.57558 14.5
      vertex 7.29567 6.48821 2
      vertex 7.29567 6.48821 14.5
    endloop
  endfacet
  facet normal -0.998797 -0.0490284 0
    outer loop
      vertex 7.3 6.4 2
      vertex 7.29567 6.48821 14.5
      vertex 7.29567 6.48821 2
    endloop
  endfacet
  facet normal -0.998797 -0.0490284 0
    outer loop
      vertex 7.29567 6.48821 14.5
      vertex 7.3 6.4 2
      vertex 7.3 6.4 14.5
    endloop
  endfacet
  facet normal -0.970036 -0.242962 0
    outer loop
      vertex 7.28271 6.57558 2
      vertex 7.26125 6.66126 14.5
      vertex 7.26125 6.66126 2
    endloop
  endfacet
  facet normal -0.970036 -0.242962 0
    outer loop
      vertex 7.26125 6.66126 14.5
      vertex 7.28271 6.57558 2
      vertex 7.28271 6.57558 14.5
    endloop
  endfacet
  facet normal -0.998797 0.0490284 0
    outer loop
      vertex 7.29567 6.31179 2
      vertex 7.3 6.4 14.5
      vertex 7.3 6.4 2
    endloop
  endfacet
  facet normal -0.998797 0.0490284 0
    outer loop
      vertex 7.3 6.4 14.5
      vertex 7.29567 6.31179 2
      vertex 7.29567 6.31179 14.5
    endloop
  endfacet
  facet normal -0.242962 -0.970036 0
    outer loop
      vertex 6.57558 7.28271 2
      vertex 6.66126 7.26125 14.5
      vertex 6.57558 7.28271 14.5
    endloop
  endfacet
  facet normal -0.242962 -0.970036 -0
    outer loop
      vertex 6.66126 7.26125 14.5
      vertex 6.57558 7.28271 2
      vertex 6.66126 7.26125 2
    endloop
  endfacet
  facet normal 0.0490284 -0.998797 0
    outer loop
      vertex 6.31179 7.29567 2
      vertex 6.4 7.3 14.5
      vertex 6.31179 7.29567 14.5
    endloop
  endfacet
  facet normal 0.0490284 -0.998797 0
    outer loop
      vertex 6.4 7.3 14.5
      vertex 6.31179 7.29567 2
      vertex 6.4 7.3 2
    endloop
  endfacet
  facet normal -0.941514 0.336975 0
    outer loop
      vertex 7.23149 6.05559 2
      vertex 7.26125 6.13874 14.5
      vertex 7.26125 6.13874 2
    endloop
  endfacet
  facet normal -0.941514 0.336975 0
    outer loop
      vertex 7.26125 6.13874 14.5
      vertex 7.23149 6.05559 2
      vertex 7.23149 6.05559 14.5
    endloop
  endfacet
  facet normal 0.336975 -0.941514 0
    outer loop
      vertex 6.05559 7.23149 2
      vertex 6.13874 7.26125 14.5
      vertex 6.05559 7.23149 14.5
    endloop
  endfacet
  facet normal 0.336975 -0.941514 0
    outer loop
      vertex 6.13874 7.26125 14.5
      vertex 6.05559 7.23149 2
      vertex 6.13874 7.26125 2
    endloop
  endfacet
  facet normal -0.146729 0.989177 0
    outer loop
      vertex 6.57558 5.51729 2
      vertex 6.48821 5.50433 14.5
      vertex 6.57558 5.51729 14.5
    endloop
  endfacet
  facet normal -0.146729 0.989177 0
    outer loop
      vertex 6.48821 5.50433 14.5
      vertex 6.57558 5.51729 2
      vertex 6.48821 5.50433 2
    endloop
  endfacet
  facet normal 0.904017 0.427497 0
    outer loop
      vertex 5.60627 5.97574 14.5
      vertex 5.56851 6.05559 2
      vertex 5.56851 6.05559 14.5
    endloop
  endfacet
  facet normal 0.904017 0.427497 0
    outer loop
      vertex 5.56851 6.05559 2
      vertex 5.60627 5.97574 14.5
      vertex 5.60627 5.97574 2
    endloop
  endfacet
  facet normal 0.904017 -0.427497 0
    outer loop
      vertex 5.56851 6.74441 14.5
      vertex 5.60627 6.82426 2
      vertex 5.60627 6.82426 14.5
    endloop
  endfacet
  facet normal 0.904017 -0.427497 0
    outer loop
      vertex 5.60627 6.82426 2
      vertex 5.56851 6.74441 14.5
      vertex 5.56851 6.74441 2
    endloop
  endfacet
  facet normal -0.671494 -0.74101 0
    outer loop
      vertex 6.97095 7.09571 2
      vertex 7.0364 7.0364 14.5
      vertex 6.97095 7.09571 14.5
    endloop
  endfacet
  facet normal -0.671494 -0.74101 -0
    outer loop
      vertex 7.0364 7.0364 14.5
      vertex 6.97095 7.09571 2
      vertex 7.0364 7.0364 2
    endloop
  endfacet
  facet normal 0.970036 -0.242962 0
    outer loop
      vertex 5.51729 6.57558 14.5
      vertex 5.53875 6.66126 2
      vertex 5.53875 6.66126 14.5
    endloop
  endfacet
  facet normal 0.970036 -0.242962 0
    outer loop
      vertex 5.53875 6.66126 2
      vertex 5.51729 6.57558 14.5
      vertex 5.51729 6.57558 2
    endloop
  endfacet
  facet normal 0.671494 -0.74101 0
    outer loop
      vertex 5.7636 7.0364 2
      vertex 5.82905 7.09571 14.5
      vertex 5.7636 7.0364 14.5
    endloop
  endfacet
  facet normal 0.671494 -0.74101 0
    outer loop
      vertex 5.82905 7.09571 14.5
      vertex 5.7636 7.0364 2
      vertex 5.82905 7.09571 2
    endloop
  endfacet
  facet normal 0.242962 -0.970036 0
    outer loop
      vertex 6.13874 7.26125 2
      vertex 6.22442 7.28271 14.5
      vertex 6.13874 7.26125 14.5
    endloop
  endfacet
  facet normal 0.242962 -0.970036 0
    outer loop
      vertex 6.22442 7.28271 14.5
      vertex 6.13874 7.26125 2
      vertex 6.22442 7.28271 2
    endloop
  endfacet
  facet normal -0.904017 0.427497 0
    outer loop
      vertex 7.19373 5.97574 2
      vertex 7.23149 6.05559 14.5
      vertex 7.23149 6.05559 2
    endloop
  endfacet
  facet normal -0.904017 0.427497 0
    outer loop
      vertex 7.23149 6.05559 14.5
      vertex 7.19373 5.97574 2
      vertex 7.19373 5.97574 14.5
    endloop
  endfacet
  facet normal 0.803222 0.59568 0
    outer loop
      vertex 5.70429 5.82905 14.5
      vertex 5.65168 5.89999 2
      vertex 5.65168 5.89999 14.5
    endloop
  endfacet
  facet normal 0.803222 0.59568 0
    outer loop
      vertex 5.65168 5.89999 2
      vertex 5.70429 5.82905 14.5
      vertex 5.70429 5.82905 2
    endloop
  endfacet
  facet normal 0.59568 -0.803222 0
    outer loop
      vertex 5.82905 7.09571 2
      vertex 5.89999 7.14832 14.5
      vertex 5.82905 7.09571 14.5
    endloop
  endfacet
  facet normal 0.59568 -0.803222 0
    outer loop
      vertex 5.89999 7.14832 14.5
      vertex 5.82905 7.09571 2
      vertex 5.89999 7.14832 2
    endloop
  endfacet
  facet normal -0.989177 0.146729 0
    outer loop
      vertex 7.28271 6.22442 2
      vertex 7.29567 6.31179 14.5
      vertex 7.29567 6.31179 2
    endloop
  endfacet
  facet normal -0.989177 0.146729 0
    outer loop
      vertex 7.29567 6.31179 14.5
      vertex 7.28271 6.22442 2
      vertex 7.28271 6.22442 14.5
    endloop
  endfacet
  facet normal 0.989177 0.146729 0
    outer loop
      vertex 5.51729 6.22442 14.5
      vertex 5.50433 6.31179 2
      vertex 5.50433 6.31179 14.5
    endloop
  endfacet
  facet normal 0.989177 0.146729 0
    outer loop
      vertex 5.50433 6.31179 2
      vertex 5.51729 6.22442 14.5
      vertex 5.51729 6.22442 2
    endloop
  endfacet
  facet normal 0.803222 -0.59568 0
    outer loop
      vertex 5.65168 6.90001 14.5
      vertex 5.70429 6.97095 2
      vertex 5.70429 6.97095 14.5
    endloop
  endfacet
  facet normal 0.803222 -0.59568 0
    outer loop
      vertex 5.70429 6.97095 2
      vertex 5.65168 6.90001 14.5
      vertex 5.65168 6.90001 2
    endloop
  endfacet
  facet normal -0.514163 0.857693 0
    outer loop
      vertex 6.90001 5.65168 2
      vertex 6.82426 5.60627 14.5
      vertex 6.90001 5.65168 14.5
    endloop
  endfacet
  facet normal -0.514163 0.857693 0
    outer loop
      vertex 6.82426 5.60627 14.5
      vertex 6.90001 5.65168 2
      vertex 6.82426 5.60627 2
    endloop
  endfacet
  facet normal 0.74101 0.671494 0
    outer loop
      vertex 5.7636 5.7636 14.5
      vertex 5.70429 5.82905 2
      vertex 5.70429 5.82905 14.5
    endloop
  endfacet
  facet normal 0.74101 0.671494 0
    outer loop
      vertex 5.70429 5.82905 2
      vertex 5.7636 5.7636 14.5
      vertex 5.7636 5.7636 2
    endloop
  endfacet
  facet normal 0.0490284 0.998797 -0
    outer loop
      vertex 6.4 5.5 2
      vertex 6.31179 5.50433 14.5
      vertex 6.4 5.5 14.5
    endloop
  endfacet
  facet normal 0.0490284 0.998797 0
    outer loop
      vertex 6.31179 5.50433 14.5
      vertex 6.4 5.5 2
      vertex 6.31179 5.50433 2
    endloop
  endfacet
  facet normal -0.59568 0.803222 0
    outer loop
      vertex 6.97095 5.70429 2
      vertex 6.90001 5.65168 14.5
      vertex 6.97095 5.70429 14.5
    endloop
  endfacet
  facet normal -0.59568 0.803222 0
    outer loop
      vertex 6.90001 5.65168 14.5
      vertex 6.97095 5.70429 2
      vertex 6.90001 5.65168 2
    endloop
  endfacet
  facet normal -0.904017 -0.427497 0
    outer loop
      vertex 7.23149 6.74441 2
      vertex 7.19373 6.82426 14.5
      vertex 7.19373 6.82426 2
    endloop
  endfacet
  facet normal -0.904017 -0.427497 0
    outer loop
      vertex 7.19373 6.82426 14.5
      vertex 7.23149 6.74441 2
      vertex 7.23149 6.74441 14.5
    endloop
  endfacet
  facet normal -0.0490284 0.998797 0
    outer loop
      vertex 6.48821 5.50433 2
      vertex 6.4 5.5 14.5
      vertex 6.48821 5.50433 14.5
    endloop
  endfacet
  facet normal -0.0490284 0.998797 0
    outer loop
      vertex 6.4 5.5 14.5
      vertex 6.48821 5.50433 2
      vertex 6.4 5.5 2
    endloop
  endfacet
  facet normal 0.989177 -0.146729 0
    outer loop
      vertex 5.50433 6.48821 14.5
      vertex 5.51729 6.57558 2
      vertex 5.51729 6.57558 14.5
    endloop
  endfacet
  facet normal 0.989177 -0.146729 0
    outer loop
      vertex 5.51729 6.57558 2
      vertex 5.50433 6.48821 14.5
      vertex 5.50433 6.48821 2
    endloop
  endfacet
  facet normal -0.803222 -0.59568 0
    outer loop
      vertex 7.14832 6.90001 2
      vertex 7.09571 6.97095 14.5
      vertex 7.09571 6.97095 2
    endloop
  endfacet
  facet normal -0.803222 -0.59568 0
    outer loop
      vertex 7.09571 6.97095 14.5
      vertex 7.14832 6.90001 2
      vertex 7.14832 6.90001 14.5
    endloop
  endfacet
  facet normal -0.671494 0.74101 0
    outer loop
      vertex 7.0364 5.7636 2
      vertex 6.97095 5.70429 14.5
      vertex 7.0364 5.7636 14.5
    endloop
  endfacet
  facet normal -0.671494 0.74101 0
    outer loop
      vertex 6.97095 5.70429 14.5
      vertex 7.0364 5.7636 2
      vertex 6.97095 5.70429 2
    endloop
  endfacet
  facet normal -0.803222 0.59568 0
    outer loop
      vertex 7.09571 5.82905 2
      vertex 7.14832 5.89999 14.5
      vertex 7.14832 5.89999 2
    endloop
  endfacet
  facet normal -0.803222 0.59568 0
    outer loop
      vertex 7.14832 5.89999 14.5
      vertex 7.09571 5.82905 2
      vertex 7.09571 5.82905 14.5
    endloop
  endfacet
  facet normal -0.427497 -0.904017 0
    outer loop
      vertex 6.74441 7.23149 2
      vertex 6.82426 7.19373 14.5
      vertex 6.74441 7.23149 14.5
    endloop
  endfacet
  facet normal -0.427497 -0.904017 -0
    outer loop
      vertex 6.82426 7.19373 14.5
      vertex 6.74441 7.23149 2
      vertex 6.82426 7.19373 2
    endloop
  endfacet
  facet normal 0.146729 0.989177 -0
    outer loop
      vertex 6.31179 5.50433 2
      vertex 6.22442 5.51729 14.5
      vertex 6.31179 5.50433 14.5
    endloop
  endfacet
  facet normal 0.146729 0.989177 0
    outer loop
      vertex 6.22442 5.51729 14.5
      vertex 6.31179 5.50433 2
      vertex 6.22442 5.51729 2
    endloop
  endfacet
  facet normal -0.514163 -0.857693 0
    outer loop
      vertex 6.82426 7.19373 2
      vertex 6.90001 7.14832 14.5
      vertex 6.82426 7.19373 14.5
    endloop
  endfacet
  facet normal -0.514163 -0.857693 -0
    outer loop
      vertex 6.90001 7.14832 14.5
      vertex 6.82426 7.19373 2
      vertex 6.90001 7.14832 2
    endloop
  endfacet
  facet normal -0.941514 -0.336975 0
    outer loop
      vertex 7.26125 6.66126 2
      vertex 7.23149 6.74441 14.5
      vertex 7.23149 6.74441 2
    endloop
  endfacet
  facet normal -0.941514 -0.336975 0
    outer loop
      vertex 7.23149 6.74441 14.5
      vertex 7.26125 6.66126 2
      vertex 7.26125 6.66126 14.5
    endloop
  endfacet
  facet normal -0.74101 -0.671494 0
    outer loop
      vertex 7.09571 6.97095 2
      vertex 7.0364 7.0364 14.5
      vertex 7.0364 7.0364 2
    endloop
  endfacet
  facet normal -0.74101 -0.671494 0
    outer loop
      vertex 7.0364 7.0364 14.5
      vertex 7.09571 6.97095 2
      vertex 7.09571 6.97095 14.5
    endloop
  endfacet
  facet normal 0.242962 0.970036 -0
    outer loop
      vertex 6.22442 5.51729 2
      vertex 6.13874 5.53875 14.5
      vertex 6.22442 5.51729 14.5
    endloop
  endfacet
  facet normal 0.242962 0.970036 0
    outer loop
      vertex 6.13874 5.53875 14.5
      vertex 6.22442 5.51729 2
      vertex 6.13874 5.53875 2
    endloop
  endfacet
  facet normal -0.59568 -0.803222 0
    outer loop
      vertex 6.90001 7.14832 2
      vertex 6.97095 7.09571 14.5
      vertex 6.90001 7.14832 14.5
    endloop
  endfacet
  facet normal -0.59568 -0.803222 -0
    outer loop
      vertex 6.97095 7.09571 14.5
      vertex 6.90001 7.14832 2
      vertex 6.97095 7.09571 2
    endloop
  endfacet
  facet normal -0.427497 0.904017 0
    outer loop
      vertex 6.82426 5.60627 2
      vertex 6.74441 5.56851 14.5
      vertex 6.82426 5.60627 14.5
    endloop
  endfacet
  facet normal -0.427497 0.904017 0
    outer loop
      vertex 6.74441 5.56851 14.5
      vertex 6.82426 5.60627 2
      vertex 6.74441 5.56851 2
    endloop
  endfacet
  facet normal -0.336975 -0.941514 0
    outer loop
      vertex 6.66126 7.26125 2
      vertex 6.74441 7.23149 14.5
      vertex 6.66126 7.26125 14.5
    endloop
  endfacet
  facet normal -0.336975 -0.941514 -0
    outer loop
      vertex 6.74441 7.23149 14.5
      vertex 6.66126 7.26125 2
      vertex 6.74441 7.23149 2
    endloop
  endfacet
  facet normal 0.146729 -0.989177 0
    outer loop
      vertex 6.22442 7.28271 2
      vertex 6.31179 7.29567 14.5
      vertex 6.22442 7.28271 14.5
    endloop
  endfacet
  facet normal 0.146729 -0.989177 0
    outer loop
      vertex 6.31179 7.29567 14.5
      vertex 6.22442 7.28271 2
      vertex 6.31179 7.29567 2
    endloop
  endfacet
  facet normal -0.970036 0.242962 0
    outer loop
      vertex 7.26125 6.13874 2
      vertex 7.28271 6.22442 14.5
      vertex 7.28271 6.22442 2
    endloop
  endfacet
  facet normal -0.970036 0.242962 0
    outer loop
      vertex 7.28271 6.22442 14.5
      vertex 7.26125 6.13874 2
      vertex 7.26125 6.13874 14.5
    endloop
  endfacet
  facet normal 0.427497 -0.904017 0
    outer loop
      vertex 5.97574 7.19373 2
      vertex 6.05559 7.23149 14.5
      vertex 5.97574 7.19373 14.5
    endloop
  endfacet
  facet normal 0.427497 -0.904017 0
    outer loop
      vertex 6.05559 7.23149 14.5
      vertex 5.97574 7.19373 2
      vertex 6.05559 7.23149 2
    endloop
  endfacet
  facet normal 0.998797 -0.0490284 0
    outer loop
      vertex 5.5 6.4 14.5
      vertex 5.50433 6.48821 2
      vertex 5.50433 6.48821 14.5
    endloop
  endfacet
  facet normal 0.998797 -0.0490284 0
    outer loop
      vertex 5.50433 6.48821 2
      vertex 5.5 6.4 14.5
      vertex 5.5 6.4 2
    endloop
  endfacet
  facet normal -0.857693 -0.514163 0
    outer loop
      vertex 7.19373 6.82426 2
      vertex 7.14832 6.90001 14.5
      vertex 7.14832 6.90001 2
    endloop
  endfacet
  facet normal -0.857693 -0.514163 0
    outer loop
      vertex 7.14832 6.90001 14.5
      vertex 7.19373 6.82426 2
      vertex 7.19373 6.82426 14.5
    endloop
  endfacet
  facet normal -0.242962 0.970036 0
    outer loop
      vertex 6.66126 5.53875 2
      vertex 6.57558 5.51729 14.5
      vertex 6.66126 5.53875 14.5
    endloop
  endfacet
  facet normal -0.242962 0.970036 0
    outer loop
      vertex 6.57558 5.51729 14.5
      vertex 6.66126 5.53875 2
      vertex 6.57558 5.51729 2
    endloop
  endfacet
  facet normal 0.970036 0.242962 0
    outer loop
      vertex 5.53875 6.13874 14.5
      vertex 5.51729 6.22442 2
      vertex 5.51729 6.22442 14.5
    endloop
  endfacet
  facet normal 0.970036 0.242962 0
    outer loop
      vertex 5.51729 6.22442 2
      vertex 5.53875 6.13874 14.5
      vertex 5.53875 6.13874 2
    endloop
  endfacet
  facet normal 0.514163 -0.857693 0
    outer loop
      vertex 5.89999 7.14832 2
      vertex 5.97574 7.19373 14.5
      vertex 5.89999 7.14832 14.5
    endloop
  endfacet
  facet normal 0.514163 -0.857693 0
    outer loop
      vertex 5.97574 7.19373 14.5
      vertex 5.89999 7.14832 2
      vertex 5.97574 7.19373 2
    endloop
  endfacet
  facet normal 0.514163 0.857693 -0
    outer loop
      vertex 5.97574 5.60627 2
      vertex 5.89999 5.65168 14.5
      vertex 5.97574 5.60627 14.5
    endloop
  endfacet
  facet normal 0.514163 0.857693 0
    outer loop
      vertex 5.89999 5.65168 14.5
      vertex 5.97574 5.60627 2
      vertex 5.89999 5.65168 2
    endloop
  endfacet
  facet normal 0.671494 0.74101 -0
    outer loop
      vertex 5.82905 5.70429 2
      vertex 5.7636 5.7636 14.5
      vertex 5.82905 5.70429 14.5
    endloop
  endfacet
  facet normal 0.671494 0.74101 0
    outer loop
      vertex 5.7636 5.7636 14.5
      vertex 5.82905 5.70429 2
      vertex 5.7636 5.7636 2
    endloop
  endfacet
  facet normal -0.336975 0.941514 0
    outer loop
      vertex 6.74441 5.56851 2
      vertex 6.66126 5.53875 14.5
      vertex 6.74441 5.56851 14.5
    endloop
  endfacet
  facet normal -0.336975 0.941514 0
    outer loop
      vertex 6.66126 5.53875 14.5
      vertex 6.74441 5.56851 2
      vertex 6.66126 5.53875 2
    endloop
  endfacet
  facet normal 0.74101 -0.671494 0
    outer loop
      vertex 5.70429 6.97095 14.5
      vertex 5.7636 7.0364 2
      vertex 5.7636 7.0364 14.5
    endloop
  endfacet
  facet normal 0.74101 -0.671494 0
    outer loop
      vertex 5.7636 7.0364 2
      vertex 5.70429 6.97095 14.5
      vertex 5.70429 6.97095 2
    endloop
  endfacet
  facet normal -0.0490284 -0.998797 0
    outer loop
      vertex 6.4 7.3 2
      vertex 6.48821 7.29567 14.5
      vertex 6.4 7.3 14.5
    endloop
  endfacet
  facet normal -0.0490284 -0.998797 -0
    outer loop
      vertex 6.48821 7.29567 14.5
      vertex 6.4 7.3 2
      vertex 6.48821 7.29567 2
    endloop
  endfacet
  facet normal 0.998797 0.0490284 0
    outer loop
      vertex 5.50433 6.31179 14.5
      vertex 5.5 6.4 2
      vertex 5.5 6.4 14.5
    endloop
  endfacet
  facet normal 0.998797 0.0490284 0
    outer loop
      vertex 5.5 6.4 2
      vertex 5.50433 6.31179 14.5
      vertex 5.50433 6.31179 2
    endloop
  endfacet
  facet normal -0.74101 0.671494 0
    outer loop
      vertex 7.0364 5.7636 2
      vertex 7.09571 5.82905 14.5
      vertex 7.09571 5.82905 2
    endloop
  endfacet
  facet normal -0.74101 0.671494 0
    outer loop
      vertex 7.09571 5.82905 14.5
      vertex 7.0364 5.7636 2
      vertex 7.0364 5.7636 14.5
    endloop
  endfacet
  facet normal -0.857693 0.514163 0
    outer loop
      vertex 7.14832 5.89999 2
      vertex 7.19373 5.97574 14.5
      vertex 7.19373 5.97574 2
    endloop
  endfacet
  facet normal -0.857693 0.514163 0
    outer loop
      vertex 7.19373 5.97574 14.5
      vertex 7.14832 5.89999 2
      vertex 7.14832 5.89999 14.5
    endloop
  endfacet
  facet normal 0.941514 0.336975 0
    outer loop
      vertex 5.56851 6.05559 14.5
      vertex 5.53875 6.13874 2
      vertex 5.53875 6.13874 14.5
    endloop
  endfacet
  facet normal 0.941514 0.336975 0
    outer loop
      vertex 5.53875 6.13874 2
      vertex 5.56851 6.05559 14.5
      vertex 5.56851 6.05559 2
    endloop
  endfacet
  facet normal 0.59568 0.803222 -0
    outer loop
      vertex 5.89999 5.65168 2
      vertex 5.82905 5.70429 14.5
      vertex 5.89999 5.65168 14.5
    endloop
  endfacet
  facet normal 0.59568 0.803222 0
    outer loop
      vertex 5.82905 5.70429 14.5
      vertex 5.89999 5.65168 2
      vertex 5.82905 5.70429 2
    endloop
  endfacet
  facet normal 0.336975 0.941514 -0
    outer loop
      vertex 6.13874 5.53875 2
      vertex 6.05559 5.56851 14.5
      vertex 6.13874 5.53875 14.5
    endloop
  endfacet
  facet normal 0.336975 0.941514 0
    outer loop
      vertex 6.05559 5.56851 14.5
      vertex 6.13874 5.53875 2
      vertex 6.05559 5.56851 2
    endloop
  endfacet
  facet normal 0.941514 -0.336975 0
    outer loop
      vertex 5.53875 6.66126 14.5
      vertex 5.56851 6.74441 2
      vertex 5.56851 6.74441 14.5
    endloop
  endfacet
  facet normal 0.941514 -0.336975 0
    outer loop
      vertex 5.56851 6.74441 2
      vertex 5.53875 6.66126 14.5
      vertex 5.53875 6.66126 2
    endloop
  endfacet
  facet normal 0.427497 0.904017 -0
    outer loop
      vertex 6.05559 5.56851 2
      vertex 5.97574 5.60627 14.5
      vertex 6.05559 5.56851 14.5
    endloop
  endfacet
  facet normal 0.427497 0.904017 0
    outer loop
      vertex 5.97574 5.60627 14.5
      vertex 6.05559 5.56851 2
      vertex 5.97574 5.60627 2
    endloop
  endfacet
  facet normal 0.857693 0.514163 0
    outer loop
      vertex 5.65168 5.89999 14.5
      vertex 5.60627 5.97574 2
      vertex 5.60627 5.97574 14.5
    endloop
  endfacet
  facet normal 0.857693 0.514163 0
    outer loop
      vertex 5.60627 5.97574 2
      vertex 5.65168 5.89999 14.5
      vertex 5.65168 5.89999 2
    endloop
  endfacet
  facet normal -0.146729 -0.989177 0
    outer loop
      vertex 6.48821 7.29567 2
      vertex 6.57558 7.28271 14.5
      vertex 6.48821 7.29567 14.5
    endloop
  endfacet
  facet normal -0.146729 -0.989177 -0
    outer loop
      vertex 6.57558 7.28271 14.5
      vertex 6.48821 7.29567 2
      vertex 6.57558 7.28271 2
    endloop
  endfacet
  facet normal 0.857693 -0.514163 0
    outer loop
      vertex 5.60627 6.82426 14.5
      vertex 5.65168 6.90001 2
      vertex 5.65168 6.90001 14.5
    endloop
  endfacet
  facet normal 0.857693 -0.514163 0
    outer loop
      vertex 5.65168 6.90001 2
      vertex 5.60627 6.82426 14.5
      vertex 5.60627 6.82426 2
    endloop
  endfacet
  facet normal 0.989176 0.146734 0
    outer loop
      vertex 64.8831 6.74306 14.5
      vertex 64.8327 7.08282 2
      vertex 64.8327 7.08282 14.5
    endloop
  endfacet
  facet normal 0.989176 0.146734 0
    outer loop
      vertex 64.8327 7.08282 2
      vertex 64.8831 6.74306 14.5
      vertex 64.8831 6.74306 2
    endloop
  endfacet
  facet normal 0.998789 0.0492029 0
    outer loop
      vertex 64.9 6.4 14.5
      vertex 64.8831 6.74306 2
      vertex 64.8831 6.74306 14.5
    endloop
  endfacet
  facet normal 0.998789 0.0492029 0
    outer loop
      vertex 64.8831 6.74306 2
      vertex 64.9 6.4 14.5
      vertex 64.9 6.4 2
    endloop
  endfacet
  facet normal 0.970071 0.242823 0
    outer loop
      vertex 64.8327 7.08282 14.5
      vertex 64.7493 7.416 2
      vertex 64.7493 7.416 14.5
    endloop
  endfacet
  facet normal 0.970071 0.242823 0
    outer loop
      vertex 64.7493 7.416 2
      vertex 64.8327 7.08282 14.5
      vertex 64.8327 7.08282 2
    endloop
  endfacet
  facet normal 0.595659 -0.803237 0
    outer loop
      vertex 63.3445 3.48986 2
      vertex 63.6204 3.69446 14.5
      vertex 63.3445 3.48986 14.5
    endloop
  endfacet
  facet normal 0.595659 -0.803237 0
    outer loop
      vertex 63.6204 3.69446 14.5
      vertex 63.3445 3.48986 2
      vertex 63.6204 3.69446 2
    endloop
  endfacet
  facet normal 0.427566 -0.903984 0
    outer loop
      vertex 62.7394 3.16642 2
      vertex 63.0499 3.31328 14.5
      vertex 62.7394 3.16642 14.5
    endloop
  endfacet
  facet normal 0.427566 -0.903984 0
    outer loop
      vertex 63.0499 3.31328 14.5
      vertex 62.7394 3.16642 2
      vertex 63.0499 3.31328 2
    endloop
  endfacet
  facet normal -0.671566 -0.740944 0
    outer loop
      vertex 58.9251 3.92513 2
      vertex 59.1796 3.69446 14.5
      vertex 58.9251 3.92513 14.5
    endloop
  endfacet
  facet normal -0.671566 -0.740944 -0
    outer loop
      vertex 59.1796 3.69446 14.5
      vertex 58.9251 3.92513 2
      vertex 59.1796 3.69446 2
    endloop
  endfacet
  facet normal 0.51411 0.857724 -0
    outer loop
      vertex 63.3445 9.31014 2
      vertex 63.0499 9.48672 14.5
      vertex 63.3445 9.31014 14.5
    endloop
  endfacet
  facet normal 0.51411 0.857724 0
    outer loop
      vertex 63.0499 9.48672 14.5
      vertex 63.3445 9.31014 2
      vertex 63.0499 9.48672 2
    endloop
  endfacet
  facet normal -0.14676 -0.989172 0
    outer loop
      vertex 60.7172 2.96725 2
      vertex 61.0569 2.91685 14.5
      vertex 60.7172 2.96725 14.5
    endloop
  endfacet
  facet normal -0.14676 -0.989172 -0
    outer loop
      vertex 61.0569 2.91685 14.5
      vertex 60.7172 2.96725 2
      vertex 61.0569 2.91685 2
    endloop
  endfacet
  facet normal -0.242974 0.970033 0
    outer loop
      vertex 60.7172 9.83275 2
      vertex 60.384 9.74929 14.5
      vertex 60.7172 9.83275 14.5
    endloop
  endfacet
  facet normal -0.242974 0.970033 0
    outer loop
      vertex 60.384 9.74929 14.5
      vertex 60.7172 9.83275 2
      vertex 60.384 9.74929 2
    endloop
  endfacet
  facet normal 0.741033 0.671469 0
    outer loop
      vertex 64.1055 8.62038 14.5
      vertex 63.8749 8.87487 2
      vertex 63.8749 8.87487 14.5
    endloop
  endfacet
  facet normal 0.741033 0.671469 0
    outer loop
      vertex 63.8749 8.87487 2
      vertex 64.1055 8.62038 14.5
      vertex 64.1055 8.62038 2
    endloop
  endfacet
  facet normal -0.970071 -0.242823 0
    outer loop
      vertex 58.0507 5.384 2
      vertex 57.9673 5.71718 14.5
      vertex 57.9673 5.71718 2
    endloop
  endfacet
  facet normal -0.970071 -0.242823 0
    outer loop
      vertex 57.9673 5.71718 14.5
      vertex 58.0507 5.384 2
      vertex 58.0507 5.384 14.5
    endloop
  endfacet
  facet normal 0.857698 0.514153 0
    outer loop
      vertex 64.4867 8.04989 14.5
      vertex 64.3101 8.34449 2
      vertex 64.3101 8.34449 14.5
    endloop
  endfacet
  facet normal 0.857698 0.514153 0
    outer loop
      vertex 64.3101 8.34449 2
      vertex 64.4867 8.04989 14.5
      vertex 64.4867 8.04989 2
    endloop
  endfacet
  facet normal 0.671566 0.740944 -0
    outer loop
      vertex 63.8749 8.87487 2
      vertex 63.6204 9.10554 14.5
      vertex 63.8749 8.87487 14.5
    endloop
  endfacet
  facet normal 0.671566 0.740944 0
    outer loop
      vertex 63.6204 9.10554 14.5
      vertex 63.8749 8.87487 2
      vertex 63.6204 9.10554 2
    endloop
  endfacet
  facet normal -0.941554 -0.336862 0
    outer loop
      vertex 58.1664 5.06061 2
      vertex 58.0507 5.384 14.5
      vertex 58.0507 5.384 2
    endloop
  endfacet
  facet normal -0.941554 -0.336862 0
    outer loop
      vertex 58.0507 5.384 14.5
      vertex 58.1664 5.06061 2
      vertex 58.1664 5.06061 14.5
    endloop
  endfacet
  facet normal 0.336879 -0.941548 0
    outer loop
      vertex 62.416 3.05071 2
      vertex 62.7394 3.16642 14.5
      vertex 62.416 3.05071 14.5
    endloop
  endfacet
  facet normal 0.336879 -0.941548 0
    outer loop
      vertex 62.7394 3.16642 14.5
      vertex 62.416 3.05071 2
      vertex 62.7394 3.16642 2
    endloop
  endfacet
  facet normal 0.941554 0.336862 0
    outer loop
      vertex 64.7493 7.416 14.5
      vertex 64.6336 7.73939 2
      vertex 64.6336 7.73939 14.5
    endloop
  endfacet
  facet normal 0.941554 0.336862 0
    outer loop
      vertex 64.6336 7.73939 2
      vertex 64.7493 7.416 14.5
      vertex 64.7493 7.416 2
    endloop
  endfacet
  facet normal -0.998789 -0.0492029 0
    outer loop
      vertex 57.9169 6.05694 2
      vertex 57.9 6.4 14.5
      vertex 57.9 6.4 2
    endloop
  endfacet
  facet normal -0.998789 -0.0492029 0
    outer loop
      vertex 57.9 6.4 14.5
      vertex 57.9169 6.05694 2
      vertex 57.9169 6.05694 14.5
    endloop
  endfacet
  facet normal -0.0490519 0.998796 0
    outer loop
      vertex 61.4 9.9 2
      vertex 61.0569 9.88315 14.5
      vertex 61.4 9.9 14.5
    endloop
  endfacet
  facet normal -0.0490519 0.998796 0
    outer loop
      vertex 61.0569 9.88315 14.5
      vertex 61.4 9.9 2
      vertex 61.0569 9.88315 2
    endloop
  endfacet
  facet normal 0.903939 -0.427661 0
    outer loop
      vertex 64.4867 4.75011 14.5
      vertex 64.6336 5.06061 2
      vertex 64.6336 5.06061 14.5
    endloop
  endfacet
  facet normal 0.903939 -0.427661 0
    outer loop
      vertex 64.6336 5.06061 2
      vertex 64.4867 4.75011 14.5
      vertex 64.4867 4.75011 2
    endloop
  endfacet
  facet normal 0.595659 0.803237 -0
    outer loop
      vertex 63.6204 9.10554 2
      vertex 63.3445 9.31014 14.5
      vertex 63.6204 9.10554 14.5
    endloop
  endfacet
  facet normal 0.595659 0.803237 0
    outer loop
      vertex 63.3445 9.31014 14.5
      vertex 63.6204 9.10554 2
      vertex 63.3445 9.31014 2
    endloop
  endfacet
  facet normal 0.998789 -0.0492029 0
    outer loop
      vertex 64.8831 6.05694 14.5
      vertex 64.9 6.4 2
      vertex 64.9 6.4 14.5
    endloop
  endfacet
  facet normal 0.998789 -0.0492029 0
    outer loop
      vertex 64.9 6.4 2
      vertex 64.8831 6.05694 14.5
      vertex 64.8831 6.05694 2
    endloop
  endfacet
  facet normal -0.336879 -0.941548 0
    outer loop
      vertex 60.0606 3.16642 2
      vertex 60.384 3.05071 14.5
      vertex 60.0606 3.16642 14.5
    endloop
  endfacet
  facet normal -0.336879 -0.941548 -0
    outer loop
      vertex 60.384 3.05071 14.5
      vertex 60.0606 3.16642 2
      vertex 60.384 3.05071 2
    endloop
  endfacet
  facet normal -0.0490519 -0.998796 0
    outer loop
      vertex 61.0569 2.91685 2
      vertex 61.4 2.9 14.5
      vertex 61.0569 2.91685 14.5
    endloop
  endfacet
  facet normal -0.0490519 -0.998796 -0
    outer loop
      vertex 61.4 2.9 14.5
      vertex 61.0569 2.91685 2
      vertex 61.4 2.9 2
    endloop
  endfacet
  facet normal 0.0490519 -0.998796 0
    outer loop
      vertex 61.4 2.9 2
      vertex 61.7431 2.91685 14.5
      vertex 61.4 2.9 14.5
    endloop
  endfacet
  facet normal 0.0490519 -0.998796 0
    outer loop
      vertex 61.7431 2.91685 14.5
      vertex 61.4 2.9 2
      vertex 61.7431 2.91685 2
    endloop
  endfacet
  facet normal 0.803227 0.595673 0
    outer loop
      vertex 64.3101 8.34449 14.5
      vertex 64.1055 8.62038 2
      vertex 64.1055 8.62038 14.5
    endloop
  endfacet
  facet normal 0.803227 0.595673 0
    outer loop
      vertex 64.1055 8.62038 2
      vertex 64.3101 8.34449 14.5
      vertex 64.3101 8.34449 2
    endloop
  endfacet
  facet normal -0.671566 0.740944 0
    outer loop
      vertex 59.1796 9.10554 2
      vertex 58.9251 8.87487 14.5
      vertex 59.1796 9.10554 14.5
    endloop
  endfacet
  facet normal -0.671566 0.740944 0
    outer loop
      vertex 58.9251 8.87487 14.5
      vertex 59.1796 9.10554 2
      vertex 58.9251 8.87487 2
    endloop
  endfacet
  facet normal 0.14676 0.989172 -0
    outer loop
      vertex 62.0828 9.83275 2
      vertex 61.7431 9.88315 14.5
      vertex 62.0828 9.83275 14.5
    endloop
  endfacet
  facet normal 0.14676 0.989172 0
    outer loop
      vertex 61.7431 9.88315 14.5
      vertex 62.0828 9.83275 2
      vertex 61.7431 9.88315 2
    endloop
  endfacet
  facet normal 0.14676 -0.989172 0
    outer loop
      vertex 61.7431 2.91685 2
      vertex 62.0828 2.96725 14.5
      vertex 61.7431 2.91685 14.5
    endloop
  endfacet
  facet normal 0.14676 -0.989172 0
    outer loop
      vertex 62.0828 2.96725 14.5
      vertex 61.7431 2.91685 2
      vertex 62.0828 2.96725 2
    endloop
  endfacet
  facet normal 0.427566 0.903984 -0
    outer loop
      vertex 63.0499 9.48672 2
      vertex 62.7394 9.63358 14.5
      vertex 63.0499 9.48672 14.5
    endloop
  endfacet
  facet normal 0.427566 0.903984 0
    outer loop
      vertex 62.7394 9.63358 14.5
      vertex 63.0499 9.48672 2
      vertex 62.7394 9.63358 2
    endloop
  endfacet
  facet normal 0.941554 -0.336862 0
    outer loop
      vertex 64.6336 5.06061 14.5
      vertex 64.7493 5.384 2
      vertex 64.7493 5.384 14.5
    endloop
  endfacet
  facet normal 0.941554 -0.336862 0
    outer loop
      vertex 64.7493 5.384 2
      vertex 64.6336 5.06061 14.5
      vertex 64.6336 5.06061 2
    endloop
  endfacet
  facet normal 0.741033 -0.671469 0
    outer loop
      vertex 63.8749 3.92513 14.5
      vertex 64.1055 4.17962 2
      vertex 64.1055 4.17962 14.5
    endloop
  endfacet
  facet normal 0.741033 -0.671469 0
    outer loop
      vertex 64.1055 4.17962 2
      vertex 63.8749 3.92513 14.5
      vertex 63.8749 3.92513 2
    endloop
  endfacet
  facet normal -0.741033 0.671469 0
    outer loop
      vertex 58.6945 8.62038 2
      vertex 58.9251 8.87487 14.5
      vertex 58.9251 8.87487 2
    endloop
  endfacet
  facet normal -0.741033 0.671469 0
    outer loop
      vertex 58.9251 8.87487 14.5
      vertex 58.6945 8.62038 2
      vertex 58.6945 8.62038 14.5
    endloop
  endfacet
  facet normal -0.857698 0.514153 0
    outer loop
      vertex 58.3133 8.04989 2
      vertex 58.4899 8.34449 14.5
      vertex 58.4899 8.34449 2
    endloop
  endfacet
  facet normal -0.857698 0.514153 0
    outer loop
      vertex 58.4899 8.34449 14.5
      vertex 58.3133 8.04989 2
      vertex 58.3133 8.04989 14.5
    endloop
  endfacet
  facet normal 0.903939 0.427661 0
    outer loop
      vertex 64.6336 7.73939 14.5
      vertex 64.4867 8.04989 2
      vertex 64.4867 8.04989 14.5
    endloop
  endfacet
  facet normal 0.903939 0.427661 0
    outer loop
      vertex 64.4867 8.04989 2
      vertex 64.6336 7.73939 14.5
      vertex 64.6336 7.73939 2
    endloop
  endfacet
  facet normal -0.51411 0.857724 0
    outer loop
      vertex 59.7501 9.48672 2
      vertex 59.4555 9.31014 14.5
      vertex 59.7501 9.48672 14.5
    endloop
  endfacet
  facet normal -0.51411 0.857724 0
    outer loop
      vertex 59.4555 9.31014 14.5
      vertex 59.7501 9.48672 2
      vertex 59.4555 9.31014 2
    endloop
  endfacet
  facet normal 0.989176 -0.146734 0
    outer loop
      vertex 64.8327 5.71718 14.5
      vertex 64.8831 6.05694 2
      vertex 64.8831 6.05694 14.5
    endloop
  endfacet
  facet normal 0.989176 -0.146734 0
    outer loop
      vertex 64.8831 6.05694 2
      vertex 64.8327 5.71718 14.5
      vertex 64.8327 5.71718 2
    endloop
  endfacet
  facet normal 0.51411 -0.857724 0
    outer loop
      vertex 63.0499 3.31328 2
      vertex 63.3445 3.48986 14.5
      vertex 63.0499 3.31328 14.5
    endloop
  endfacet
  facet normal 0.51411 -0.857724 0
    outer loop
      vertex 63.3445 3.48986 14.5
      vertex 63.0499 3.31328 2
      vertex 63.3445 3.48986 2
    endloop
  endfacet
  facet normal -0.941554 0.336862 0
    outer loop
      vertex 58.0507 7.416 2
      vertex 58.1664 7.73939 14.5
      vertex 58.1664 7.73939 2
    endloop
  endfacet
  facet normal -0.941554 0.336862 0
    outer loop
      vertex 58.1664 7.73939 14.5
      vertex 58.0507 7.416 2
      vertex 58.0507 7.416 14.5
    endloop
  endfacet
  facet normal 0.336879 0.941548 -0
    outer loop
      vertex 62.7394 9.63358 2
      vertex 62.416 9.74929 14.5
      vertex 62.7394 9.63358 14.5
    endloop
  endfacet
  facet normal 0.336879 0.941548 0
    outer loop
      vertex 62.416 9.74929 14.5
      vertex 62.7394 9.63358 2
      vertex 62.416 9.74929 2
    endloop
  endfacet
  facet normal 0.242974 0.970033 -0
    outer loop
      vertex 62.416 9.74929 2
      vertex 62.0828 9.83275 14.5
      vertex 62.416 9.74929 14.5
    endloop
  endfacet
  facet normal 0.242974 0.970033 0
    outer loop
      vertex 62.0828 9.83275 14.5
      vertex 62.416 9.74929 2
      vertex 62.0828 9.83275 2
    endloop
  endfacet
  facet normal -0.427566 0.903984 0
    outer loop
      vertex 60.0606 9.63358 2
      vertex 59.7501 9.48672 14.5
      vertex 60.0606 9.63358 14.5
    endloop
  endfacet
  facet normal -0.427566 0.903984 0
    outer loop
      vertex 59.7501 9.48672 14.5
      vertex 60.0606 9.63358 2
      vertex 59.7501 9.48672 2
    endloop
  endfacet
  facet normal -0.595659 0.803237 0
    outer loop
      vertex 59.4555 9.31014 2
      vertex 59.1796 9.10554 14.5
      vertex 59.4555 9.31014 14.5
    endloop
  endfacet
  facet normal -0.595659 0.803237 0
    outer loop
      vertex 59.1796 9.10554 14.5
      vertex 59.4555 9.31014 2
      vertex 59.1796 9.10554 2
    endloop
  endfacet
  facet normal -0.14676 0.989172 0
    outer loop
      vertex 61.0569 9.88315 2
      vertex 60.7172 9.83275 14.5
      vertex 61.0569 9.88315 14.5
    endloop
  endfacet
  facet normal -0.14676 0.989172 0
    outer loop
      vertex 60.7172 9.83275 14.5
      vertex 61.0569 9.88315 2
      vertex 60.7172 9.83275 2
    endloop
  endfacet
  facet normal 0.242974 -0.970033 0
    outer loop
      vertex 62.0828 2.96725 2
      vertex 62.416 3.05071 14.5
      vertex 62.0828 2.96725 14.5
    endloop
  endfacet
  facet normal 0.242974 -0.970033 0
    outer loop
      vertex 62.416 3.05071 14.5
      vertex 62.0828 2.96725 2
      vertex 62.416 3.05071 2
    endloop
  endfacet
  facet normal -0.595659 -0.803237 0
    outer loop
      vertex 59.1796 3.69446 2
      vertex 59.4555 3.48986 14.5
      vertex 59.1796 3.69446 14.5
    endloop
  endfacet
  facet normal -0.595659 -0.803237 -0
    outer loop
      vertex 59.4555 3.48986 14.5
      vertex 59.1796 3.69446 2
      vertex 59.4555 3.48986 2
    endloop
  endfacet
  facet normal -0.903939 -0.427661 0
    outer loop
      vertex 58.3133 4.75011 2
      vertex 58.1664 5.06061 14.5
      vertex 58.1664 5.06061 2
    endloop
  endfacet
  facet normal -0.903939 -0.427661 0
    outer loop
      vertex 58.1664 5.06061 14.5
      vertex 58.3133 4.75011 2
      vertex 58.3133 4.75011 14.5
    endloop
  endfacet
  facet normal -0.970071 0.242823 0
    outer loop
      vertex 57.9673 7.08282 2
      vertex 58.0507 7.416 14.5
      vertex 58.0507 7.416 2
    endloop
  endfacet
  facet normal -0.970071 0.242823 0
    outer loop
      vertex 58.0507 7.416 14.5
      vertex 57.9673 7.08282 2
      vertex 57.9673 7.08282 14.5
    endloop
  endfacet
  facet normal -0.741033 -0.671469 0
    outer loop
      vertex 58.9251 3.92513 2
      vertex 58.6945 4.17962 14.5
      vertex 58.6945 4.17962 2
    endloop
  endfacet
  facet normal -0.741033 -0.671469 0
    outer loop
      vertex 58.6945 4.17962 14.5
      vertex 58.9251 3.92513 2
      vertex 58.9251 3.92513 14.5
    endloop
  endfacet
  facet normal -0.336879 0.941548 0
    outer loop
      vertex 60.384 9.74929 2
      vertex 60.0606 9.63358 14.5
      vertex 60.384 9.74929 14.5
    endloop
  endfacet
  facet normal -0.336879 0.941548 0
    outer loop
      vertex 60.0606 9.63358 14.5
      vertex 60.384 9.74929 2
      vertex 60.0606 9.63358 2
    endloop
  endfacet
  facet normal -0.989176 0.146734 0
    outer loop
      vertex 57.9169 6.74306 2
      vertex 57.9673 7.08282 14.5
      vertex 57.9673 7.08282 2
    endloop
  endfacet
  facet normal -0.989176 0.146734 0
    outer loop
      vertex 57.9673 7.08282 14.5
      vertex 57.9169 6.74306 2
      vertex 57.9169 6.74306 14.5
    endloop
  endfacet
  facet normal -0.998789 0.0492029 0
    outer loop
      vertex 57.9 6.4 2
      vertex 57.9169 6.74306 14.5
      vertex 57.9169 6.74306 2
    endloop
  endfacet
  facet normal -0.998789 0.0492029 0
    outer loop
      vertex 57.9169 6.74306 14.5
      vertex 57.9 6.4 2
      vertex 57.9 6.4 14.5
    endloop
  endfacet
  facet normal -0.989176 -0.146734 0
    outer loop
      vertex 57.9673 5.71718 2
      vertex 57.9169 6.05694 14.5
      vertex 57.9169 6.05694 2
    endloop
  endfacet
  facet normal -0.989176 -0.146734 0
    outer loop
      vertex 57.9169 6.05694 14.5
      vertex 57.9673 5.71718 2
      vertex 57.9673 5.71718 14.5
    endloop
  endfacet
  facet normal -0.803227 0.595673 0
    outer loop
      vertex 58.4899 8.34449 2
      vertex 58.6945 8.62038 14.5
      vertex 58.6945 8.62038 2
    endloop
  endfacet
  facet normal -0.803227 0.595673 0
    outer loop
      vertex 58.6945 8.62038 14.5
      vertex 58.4899 8.34449 2
      vertex 58.4899 8.34449 14.5
    endloop
  endfacet
  facet normal 0.970071 -0.242823 0
    outer loop
      vertex 64.7493 5.384 14.5
      vertex 64.8327 5.71718 2
      vertex 64.8327 5.71718 14.5
    endloop
  endfacet
  facet normal 0.970071 -0.242823 0
    outer loop
      vertex 64.8327 5.71718 2
      vertex 64.7493 5.384 14.5
      vertex 64.7493 5.384 2
    endloop
  endfacet
  facet normal -0.803217 -0.595687 0
    outer loop
      vertex 58.6945 4.17962 2
      vertex 58.4899 4.4555 14.5
      vertex 58.4899 4.4555 2
    endloop
  endfacet
  facet normal -0.803217 -0.595687 0
    outer loop
      vertex 58.4899 4.4555 14.5
      vertex 58.6945 4.17962 2
      vertex 58.6945 4.17962 14.5
    endloop
  endfacet
  facet normal 0.0490519 0.998796 -0
    outer loop
      vertex 61.7431 9.88315 2
      vertex 61.4 9.9 14.5
      vertex 61.7431 9.88315 14.5
    endloop
  endfacet
  facet normal 0.0490519 0.998796 0
    outer loop
      vertex 61.4 9.9 14.5
      vertex 61.7431 9.88315 2
      vertex 61.4 9.9 2
    endloop
  endfacet
  facet normal -0.51411 -0.857724 0
    outer loop
      vertex 59.4555 3.48986 2
      vertex 59.7501 3.31328 14.5
      vertex 59.4555 3.48986 14.5
    endloop
  endfacet
  facet normal -0.51411 -0.857724 -0
    outer loop
      vertex 59.7501 3.31328 14.5
      vertex 59.4555 3.48986 2
      vertex 59.7501 3.31328 2
    endloop
  endfacet
  facet normal 0.857706 -0.51414 0
    outer loop
      vertex 64.3101 4.4555 14.5
      vertex 64.4867 4.75011 2
      vertex 64.4867 4.75011 14.5
    endloop
  endfacet
  facet normal 0.857706 -0.51414 0
    outer loop
      vertex 64.4867 4.75011 2
      vertex 64.3101 4.4555 14.5
      vertex 64.3101 4.4555 2
    endloop
  endfacet
  facet normal -0.427566 -0.903984 0
    outer loop
      vertex 59.7501 3.31328 2
      vertex 60.0606 3.16642 14.5
      vertex 59.7501 3.31328 14.5
    endloop
  endfacet
  facet normal -0.427566 -0.903984 -0
    outer loop
      vertex 60.0606 3.16642 14.5
      vertex 59.7501 3.31328 2
      vertex 60.0606 3.16642 2
    endloop
  endfacet
  facet normal 0.803217 -0.595687 0
    outer loop
      vertex 64.1055 4.17962 14.5
      vertex 64.3101 4.4555 2
      vertex 64.3101 4.4555 14.5
    endloop
  endfacet
  facet normal 0.803217 -0.595687 0
    outer loop
      vertex 64.3101 4.4555 2
      vertex 64.1055 4.17962 14.5
      vertex 64.1055 4.17962 2
    endloop
  endfacet
  facet normal -0.242974 -0.970033 0
    outer loop
      vertex 60.384 3.05071 2
      vertex 60.7172 2.96725 14.5
      vertex 60.384 3.05071 14.5
    endloop
  endfacet
  facet normal -0.242974 -0.970033 -0
    outer loop
      vertex 60.7172 2.96725 14.5
      vertex 60.384 3.05071 2
      vertex 60.7172 2.96725 2
    endloop
  endfacet
  facet normal -0.857706 -0.51414 0
    outer loop
      vertex 58.4899 4.4555 2
      vertex 58.3133 4.75011 14.5
      vertex 58.3133 4.75011 2
    endloop
  endfacet
  facet normal -0.857706 -0.51414 0
    outer loop
      vertex 58.3133 4.75011 14.5
      vertex 58.4899 4.4555 2
      vertex 58.4899 4.4555 14.5
    endloop
  endfacet
  facet normal -0.903939 0.427661 0
    outer loop
      vertex 58.1664 7.73939 2
      vertex 58.3133 8.04989 14.5
      vertex 58.3133 8.04989 2
    endloop
  endfacet
  facet normal -0.903939 0.427661 0
    outer loop
      vertex 58.3133 8.04989 14.5
      vertex 58.1664 7.73939 2
      vertex 58.1664 7.73939 14.5
    endloop
  endfacet
  facet normal 0.671566 -0.740944 0
    outer loop
      vertex 63.6204 3.69446 2
      vertex 63.8749 3.92513 14.5
      vertex 63.6204 3.69446 14.5
    endloop
  endfacet
  facet normal 0.671566 -0.740944 0
    outer loop
      vertex 63.8749 3.92513 14.5
      vertex 63.6204 3.69446 2
      vertex 63.8749 3.92513 2
    endloop
  endfacet
  facet normal 0 0 1
    outer loop
      vertex 62.3 6.4 14.5
      vertex 64.9 6.4 14.5
      vertex 64.8831 6.74306 14.5
    endloop
  endfacet
  facet normal 0 0 1
    outer loop
      vertex 62.2957 6.48821 14.5
      vertex 64.8831 6.74306 14.5
      vertex 64.8327 7.08282 14.5
    endloop
  endfacet
  facet normal 0 0 1
    outer loop
      vertex 64.9 6.4 14.5
      vertex 62.3 6.4 14.5
      vertex 64.8831 6.05694 14.5
    endloop
  endfacet
  facet normal 0 0 1
    outer loop
      vertex 62.2827 6.57558 14.5
      vertex 64.8327 7.08282 14.5
      vertex 64.7493 7.416 14.5
    endloop
  endfacet
  facet normal -0 0 1
    outer loop
      vertex 62.2957 6.31179 14.5
      vertex 64.8831 6.05694 14.5
      vertex 62.3 6.4 14.5
    endloop
  endfacet
  facet normal 0 0 1
    outer loop
      vertex 62.2612 6.66126 14.5
      vertex 64.7493 7.416 14.5
      vertex 64.6336 7.73939 14.5
    endloop
  endfacet
  facet normal 0 0 1
    outer loop
      vertex 64.8831 6.05694 14.5
      vertex 62.2957 6.31179 14.5
      vertex 64.8327 5.71718 14.5
    endloop
  endfacet
  facet normal 0 0 1
    outer loop
      vertex 62.2315 6.74441 14.5
      vertex 64.6336 7.73939 14.5
      vertex 64.4867 8.04989 14.5
    endloop
  endfacet
  facet normal -0 0 1
    outer loop
      vertex 62.2827 6.22442 14.5
      vertex 64.8327 5.71718 14.5
      vertex 62.2957 6.31179 14.5
    endloop
  endfacet
  facet normal 0 0 1
    outer loop
      vertex 62.1937 6.82426 14.5
      vertex 64.4867 8.04989 14.5
      vertex 64.3101 8.34449 14.5
    endloop
  endfacet
  facet normal 0 0 1
    outer loop
      vertex 64.8327 5.71718 14.5
      vertex 62.2827 6.22442 14.5
      vertex 64.7493 5.384 14.5
    endloop
  endfacet
  facet normal 0 0 1
    outer loop
      vertex 62.1483 6.90001 14.5
      vertex 64.3101 8.34449 14.5
      vertex 64.1055 8.62038 14.5
    endloop
  endfacet
  facet normal -0 0 1
    outer loop
      vertex 62.2612 6.13874 14.5
      vertex 64.7493 5.384 14.5
      vertex 62.2827 6.22442 14.5
    endloop
  endfacet
  facet normal 0 0 1
    outer loop
      vertex 62.0957 6.97095 14.5
      vertex 64.1055 8.62038 14.5
      vertex 63.8749 8.87487 14.5
    endloop
  endfacet
  facet normal 0 0 1
    outer loop
      vertex 64.7493 5.384 14.5
      vertex 62.2612 6.13874 14.5
      vertex 64.6336 5.06061 14.5
    endloop
  endfacet
  facet normal 0 0 1
    outer loop
      vertex 62.0364 7.0364 14.5
      vertex 63.8749 8.87487 14.5
      vertex 63.6204 9.10554 14.5
    endloop
  endfacet
  facet normal -0 0 1
    outer loop
      vertex 62.2315 6.05559 14.5
      vertex 64.6336 5.06061 14.5
      vertex 62.2612 6.13874 14.5
    endloop
  endfacet
  facet normal 0 0 1
    outer loop
      vertex 61.971 7.09571 14.5
      vertex 63.6204 9.10554 14.5
      vertex 63.3445 9.31014 14.5
    endloop
  endfacet
  facet normal 0 0 1
    outer loop
      vertex 64.6336 5.06061 14.5
      vertex 62.2315 6.05559 14.5
      vertex 64.4867 4.75011 14.5
    endloop
  endfacet
  facet normal 0 0 1
    outer loop
      vertex 61.9 7.14832 14.5
      vertex 63.3445 9.31014 14.5
      vertex 63.0499 9.48672 14.5
    endloop
  endfacet
  facet normal -0 0 1
    outer loop
      vertex 62.1937 5.97574 14.5
      vertex 64.4867 4.75011 14.5
      vertex 62.2315 6.05559 14.5
    endloop
  endfacet
  facet normal 0 0 1
    outer loop
      vertex 61.8243 7.19373 14.5
      vertex 63.0499 9.48672 14.5
      vertex 62.7394 9.63358 14.5
    endloop
  endfacet
  facet normal 0 0 1
    outer loop
      vertex 64.4867 4.75011 14.5
      vertex 62.1937 5.97574 14.5
      vertex 64.3101 4.4555 14.5
    endloop
  endfacet
  facet normal 0 0 1
    outer loop
      vertex 61.7444 7.23149 14.5
      vertex 62.7394 9.63358 14.5
      vertex 62.416 9.74929 14.5
    endloop
  endfacet
  facet normal -0 0 1
    outer loop
      vertex 62.1483 5.89999 14.5
      vertex 64.3101 4.4555 14.5
      vertex 62.1937 5.97574 14.5
    endloop
  endfacet
  facet normal 0 0 1
    outer loop
      vertex 64.3101 4.4555 14.5
      vertex 62.1483 5.89999 14.5
      vertex 64.1055 4.17962 14.5
    endloop
  endfacet
  facet normal 0 0 1
    outer loop
      vertex 64.8831 6.74306 14.5
      vertex 62.2957 6.48821 14.5
      vertex 62.3 6.4 14.5
    endloop
  endfacet
  facet normal 0 0 1
    outer loop
      vertex 64.8327 7.08282 14.5
      vertex 62.2827 6.57558 14.5
      vertex 62.2957 6.48821 14.5
    endloop
  endfacet
  facet normal 0 0 1
    outer loop
      vertex 64.7493 7.416 14.5
      vertex 62.2612 6.66126 14.5
      vertex 62.2827 6.57558 14.5
    endloop
  endfacet
  facet normal 0 0 1
    outer loop
      vertex 64.6336 7.73939 14.5
      vertex 62.2315 6.74441 14.5
      vertex 62.2612 6.66126 14.5
    endloop
  endfacet
  facet normal 0 0 1
    outer loop
      vertex 64.4867 8.04989 14.5
      vertex 62.1937 6.82426 14.5
      vertex 62.2315 6.74441 14.5
    endloop
  endfacet
  facet normal 0 0 1
    outer loop
      vertex 64.3101 8.34449 14.5
      vertex 62.1483 6.90001 14.5
      vertex 62.1937 6.82426 14.5
    endloop
  endfacet
  facet normal 0 0 1
    outer loop
      vertex 64.1055 8.62038 14.5
      vertex 62.0957 6.97095 14.5
      vertex 62.1483 6.90001 14.5
    endloop
  endfacet
  facet normal 0 0 1
    outer loop
      vertex 61.6613 7.26125 14.5
      vertex 62.416 9.74929 14.5
      vertex 62.0828 9.83275 14.5
    endloop
  endfacet
  facet normal 0 0 1
    outer loop
      vertex 63.8749 8.87487 14.5
      vertex 62.0364 7.0364 14.5
      vertex 62.0957 6.97095 14.5
    endloop
  endfacet
  facet normal 0 0 1
    outer loop
      vertex 63.6204 9.10554 14.5
      vertex 61.971 7.09571 14.5
      vertex 62.0364 7.0364 14.5
    endloop
  endfacet
  facet normal 0 0 1
    outer loop
      vertex 63.3445 9.31014 14.5
      vertex 61.9 7.14832 14.5
      vertex 61.971 7.09571 14.5
    endloop
  endfacet
  facet normal 0 0 1
    outer loop
      vertex 63.0499 9.48672 14.5
      vertex 61.8243 7.19373 14.5
      vertex 61.9 7.14832 14.5
    endloop
  endfacet
  facet normal 0 0 1
    outer loop
      vertex 62.7394 9.63358 14.5
      vertex 61.7444 7.23149 14.5
      vertex 61.8243 7.19373 14.5
    endloop
  endfacet
  facet normal 0 0 1
    outer loop
      vertex 61.5756 7.28271 14.5
      vertex 62.0828 9.83275 14.5
      vertex 61.7431 9.88315 14.5
    endloop
  endfacet
  facet normal 0 0 1
    outer loop
      vertex 62.416 9.74929 14.5
      vertex 61.6613 7.26125 14.5
      vertex 61.7444 7.23149 14.5
    endloop
  endfacet
  facet normal 0 0 1
    outer loop
      vertex 62.0828 9.83275 14.5
      vertex 61.5756 7.28271 14.5
      vertex 61.6613 7.26125 14.5
    endloop
  endfacet
  facet normal 0 0 1
    outer loop
      vertex 61.7431 9.88315 14.5
      vertex 61.4882 7.29567 14.5
      vertex 61.5756 7.28271 14.5
    endloop
  endfacet
  facet normal 0 0 1
    outer loop
      vertex 61.4 9.9 14.5
      vertex 61.4882 7.29567 14.5
      vertex 61.7431 9.88315 14.5
    endloop
  endfacet
  facet normal 0 0 1
    outer loop
      vertex 61.4 9.9 14.5
      vertex 61.4 7.3 14.5
      vertex 61.4882 7.29567 14.5
    endloop
  endfacet
  facet normal 0 0 1
    outer loop
      vertex 61.4 9.9 14.5
      vertex 61.3118 7.29567 14.5
      vertex 61.4 7.3 14.5
    endloop
  endfacet
  facet normal -0 0 1
    outer loop
      vertex 61.0569 9.88315 14.5
      vertex 61.3118 7.29567 14.5
      vertex 61.4 9.9 14.5
    endloop
  endfacet
  facet normal 0 0 1
    outer loop
      vertex 61.3118 7.29567 14.5
      vertex 61.0569 9.88315 14.5
      vertex 61.2244 7.28271 14.5
    endloop
  endfacet
  facet normal -0 0 1
    outer loop
      vertex 60.7172 9.83275 14.5
      vertex 61.2244 7.28271 14.5
      vertex 61.0569 9.88315 14.5
    endloop
  endfacet
  facet normal 0 0 1
    outer loop
      vertex 61.2244 7.28271 14.5
      vertex 60.7172 9.83275 14.5
      vertex 61.1387 7.26125 14.5
    endloop
  endfacet
  facet normal -0 0 1
    outer loop
      vertex 60.384 9.74929 14.5
      vertex 61.1387 7.26125 14.5
      vertex 60.7172 9.83275 14.5
    endloop
  endfacet
  facet normal 0 0 1
    outer loop
      vertex 61.1387 7.26125 14.5
      vertex 60.384 9.74929 14.5
      vertex 61.0556 7.23149 14.5
    endloop
  endfacet
  facet normal -0 0 1
    outer loop
      vertex 60.0606 9.63358 14.5
      vertex 61.0556 7.23149 14.5
      vertex 60.384 9.74929 14.5
    endloop
  endfacet
  facet normal 0 0 1
    outer loop
      vertex 61.0556 7.23149 14.5
      vertex 60.0606 9.63358 14.5
      vertex 60.9757 7.19373 14.5
    endloop
  endfacet
  facet normal -0 0 1
    outer loop
      vertex 59.7501 9.48672 14.5
      vertex 60.9757 7.19373 14.5
      vertex 60.0606 9.63358 14.5
    endloop
  endfacet
  facet normal 0 0 1
    outer loop
      vertex 60.9757 7.19373 14.5
      vertex 59.7501 9.48672 14.5
      vertex 60.9 7.14832 14.5
    endloop
  endfacet
  facet normal -0 0 1
    outer loop
      vertex 59.4555 9.31014 14.5
      vertex 60.9 7.14832 14.5
      vertex 59.7501 9.48672 14.5
    endloop
  endfacet
  facet normal 0 0 1
    outer loop
      vertex 60.9 7.14832 14.5
      vertex 59.4555 9.31014 14.5
      vertex 60.829 7.09571 14.5
    endloop
  endfacet
  facet normal -0 0 1
    outer loop
      vertex 59.1796 9.10554 14.5
      vertex 60.829 7.09571 14.5
      vertex 59.4555 9.31014 14.5
    endloop
  endfacet
  facet normal 0 0 1
    outer loop
      vertex 60.829 7.09571 14.5
      vertex 59.1796 9.10554 14.5
      vertex 60.7636 7.0364 14.5
    endloop
  endfacet
  facet normal -0 0 1
    outer loop
      vertex 58.9251 8.87487 14.5
      vertex 60.7636 7.0364 14.5
      vertex 59.1796 9.10554 14.5
    endloop
  endfacet
  facet normal 0 0 1
    outer loop
      vertex 60.7636 7.0364 14.5
      vertex 58.9251 8.87487 14.5
      vertex 60.7043 6.97095 14.5
    endloop
  endfacet
  facet normal 0 0 1
    outer loop
      vertex 60.7043 6.97095 14.5
      vertex 58.6945 8.62038 14.5
      vertex 60.6517 6.90001 14.5
    endloop
  endfacet
  facet normal -0 0 1
    outer loop
      vertex 58.6945 8.62038 14.5
      vertex 60.7043 6.97095 14.5
      vertex 58.9251 8.87487 14.5
    endloop
  endfacet
  facet normal -0 0 1
    outer loop
      vertex 62.0957 5.82905 14.5
      vertex 64.1055 4.17962 14.5
      vertex 62.1483 5.89999 14.5
    endloop
  endfacet
  facet normal 0 0 1
    outer loop
      vertex 64.1055 4.17962 14.5
      vertex 62.0957 5.82905 14.5
      vertex 63.8749 3.92513 14.5
    endloop
  endfacet
  facet normal -0 0 1
    outer loop
      vertex 62.0364 5.7636 14.5
      vertex 63.8749 3.92513 14.5
      vertex 62.0957 5.82905 14.5
    endloop
  endfacet
  facet normal 0 0 1
    outer loop
      vertex 63.8749 3.92513 14.5
      vertex 62.0364 5.7636 14.5
      vertex 63.6204 3.69446 14.5
    endloop
  endfacet
  facet normal -0 0 1
    outer loop
      vertex 61.971 5.70429 14.5
      vertex 63.6204 3.69446 14.5
      vertex 62.0364 5.7636 14.5
    endloop
  endfacet
  facet normal 0 0 1
    outer loop
      vertex 63.6204 3.69446 14.5
      vertex 61.971 5.70429 14.5
      vertex 63.3445 3.48986 14.5
    endloop
  endfacet
  facet normal -0 0 1
    outer loop
      vertex 61.9 5.65168 14.5
      vertex 63.3445 3.48986 14.5
      vertex 61.971 5.70429 14.5
    endloop
  endfacet
  facet normal 0 0 1
    outer loop
      vertex 63.3445 3.48986 14.5
      vertex 61.9 5.65168 14.5
      vertex 63.0499 3.31328 14.5
    endloop
  endfacet
  facet normal -0 0 1
    outer loop
      vertex 61.8243 5.60627 14.5
      vertex 63.0499 3.31328 14.5
      vertex 61.9 5.65168 14.5
    endloop
  endfacet
  facet normal 0 0 1
    outer loop
      vertex 63.0499 3.31328 14.5
      vertex 61.8243 5.60627 14.5
      vertex 62.7394 3.16642 14.5
    endloop
  endfacet
  facet normal -0 0 1
    outer loop
      vertex 61.7444 5.56851 14.5
      vertex 62.7394 3.16642 14.5
      vertex 61.8243 5.60627 14.5
    endloop
  endfacet
  facet normal 0 0 1
    outer loop
      vertex 62.7394 3.16642 14.5
      vertex 61.7444 5.56851 14.5
      vertex 62.416 3.05071 14.5
    endloop
  endfacet
  facet normal -0 0 1
    outer loop
      vertex 61.6613 5.53875 14.5
      vertex 62.416 3.05071 14.5
      vertex 61.7444 5.56851 14.5
    endloop
  endfacet
  facet normal 0 0 1
    outer loop
      vertex 62.416 3.05071 14.5
      vertex 61.6613 5.53875 14.5
      vertex 62.0828 2.96725 14.5
    endloop
  endfacet
  facet normal -0 0 1
    outer loop
      vertex 61.5756 5.51729 14.5
      vertex 62.0828 2.96725 14.5
      vertex 61.6613 5.53875 14.5
    endloop
  endfacet
  facet normal 0 0 1
    outer loop
      vertex 62.0828 2.96725 14.5
      vertex 61.5756 5.51729 14.5
      vertex 61.7431 2.91685 14.5
    endloop
  endfacet
  facet normal -0 0 1
    outer loop
      vertex 61.4882 5.50433 14.5
      vertex 61.7431 2.91685 14.5
      vertex 61.5756 5.51729 14.5
    endloop
  endfacet
  facet normal -0 0 1
    outer loop
      vertex 61.4 5.5 14.5
      vertex 61.7431 2.91685 14.5
      vertex 61.4882 5.50433 14.5
    endloop
  endfacet
  facet normal 0 0 1
    outer loop
      vertex 61.4 5.5 14.5
      vertex 61.4 2.9 14.5
      vertex 61.7431 2.91685 14.5
    endloop
  endfacet
  facet normal 0 0 1
    outer loop
      vertex 61.3118 5.50433 14.5
      vertex 61.4 2.9 14.5
      vertex 61.4 5.5 14.5
    endloop
  endfacet
  facet normal 0 0 1
    outer loop
      vertex 61.0569 2.91685 14.5
      vertex 61.3118 5.50433 14.5
      vertex 61.2244 5.51729 14.5
    endloop
  endfacet
  facet normal 0 0 1
    outer loop
      vertex 60.7172 2.96725 14.5
      vertex 61.2244 5.51729 14.5
      vertex 61.1387 5.53875 14.5
    endloop
  endfacet
  facet normal 0 0 1
    outer loop
      vertex 61.3118 5.50433 14.5
      vertex 61.0569 2.91685 14.5
      vertex 61.4 2.9 14.5
    endloop
  endfacet
  facet normal 0 0 1
    outer loop
      vertex 60.384 3.05071 14.5
      vertex 61.1387 5.53875 14.5
      vertex 61.0556 5.56851 14.5
    endloop
  endfacet
  facet normal 0 0 1
    outer loop
      vertex 60.0606 3.16642 14.5
      vertex 61.0556 5.56851 14.5
      vertex 60.9757 5.60627 14.5
    endloop
  endfacet
  facet normal 0 0 1
    outer loop
      vertex 59.7501 3.31328 14.5
      vertex 60.9757 5.60627 14.5
      vertex 60.9 5.65168 14.5
    endloop
  endfacet
  facet normal 0 0 1
    outer loop
      vertex 59.4555 3.48986 14.5
      vertex 60.9 5.65168 14.5
      vertex 60.829 5.70429 14.5
    endloop
  endfacet
  facet normal 0 0 1
    outer loop
      vertex 59.1796 3.69446 14.5
      vertex 60.829 5.70429 14.5
      vertex 60.7636 5.7636 14.5
    endloop
  endfacet
  facet normal 0 0 1
    outer loop
      vertex 61.2244 5.51729 14.5
      vertex 60.7172 2.96725 14.5
      vertex 61.0569 2.91685 14.5
    endloop
  endfacet
  facet normal 0 0 1
    outer loop
      vertex 58.9251 3.92513 14.5
      vertex 60.7636 5.7636 14.5
      vertex 60.7043 5.82905 14.5
    endloop
  endfacet
  facet normal 0 0 1
    outer loop
      vertex 58.6945 4.17962 14.5
      vertex 60.7043 5.82905 14.5
      vertex 60.6517 5.89999 14.5
    endloop
  endfacet
  facet normal 0 0 1
    outer loop
      vertex 58.4899 4.4555 14.5
      vertex 60.6517 5.89999 14.5
      vertex 60.6063 5.97574 14.5
    endloop
  endfacet
  facet normal 0 0 1
    outer loop
      vertex 58.3133 4.75011 14.5
      vertex 60.6063 5.97574 14.5
      vertex 60.5685 6.05559 14.5
    endloop
  endfacet
  facet normal 0 0 1
    outer loop
      vertex 58.1664 5.06061 14.5
      vertex 60.5685 6.05559 14.5
      vertex 60.5388 6.13874 14.5
    endloop
  endfacet
  facet normal 0 0 1
    outer loop
      vertex 58.0507 5.384 14.5
      vertex 60.5388 6.13874 14.5
      vertex 60.5173 6.22442 14.5
    endloop
  endfacet
  facet normal 0 0 1
    outer loop
      vertex 57.9673 5.71718 14.5
      vertex 60.5173 6.22442 14.5
      vertex 60.5043 6.31179 14.5
    endloop
  endfacet
  facet normal 0 0 1
    outer loop
      vertex 61.1387 5.53875 14.5
      vertex 60.384 3.05071 14.5
      vertex 60.7172 2.96725 14.5
    endloop
  endfacet
  facet normal 0 0 1
    outer loop
      vertex 57.9169 6.05694 14.5
      vertex 60.5043 6.31179 14.5
      vertex 60.5 6.4 14.5
    endloop
  endfacet
  facet normal -0 0 1
    outer loop
      vertex 58.4899 8.34449 14.5
      vertex 60.6517 6.90001 14.5
      vertex 58.6945 8.62038 14.5
    endloop
  endfacet
  facet normal 0 0 1
    outer loop
      vertex 60.6517 6.90001 14.5
      vertex 58.4899 8.34449 14.5
      vertex 60.6063 6.82426 14.5
    endloop
  endfacet
  facet normal 0 0 1
    outer loop
      vertex 61.0556 5.56851 14.5
      vertex 60.0606 3.16642 14.5
      vertex 60.384 3.05071 14.5
    endloop
  endfacet
  facet normal -0 0 1
    outer loop
      vertex 58.3133 8.04989 14.5
      vertex 60.6063 6.82426 14.5
      vertex 58.4899 8.34449 14.5
    endloop
  endfacet
  facet normal 0 0 1
    outer loop
      vertex 60.9757 5.60627 14.5
      vertex 59.7501 3.31328 14.5
      vertex 60.0606 3.16642 14.5
    endloop
  endfacet
  facet normal 0 0 1
    outer loop
      vertex 60.6063 6.82426 14.5
      vertex 58.3133 8.04989 14.5
      vertex 60.5685 6.74441 14.5
    endloop
  endfacet
  facet normal 0 0 1
    outer loop
      vertex 60.9 5.65168 14.5
      vertex 59.4555 3.48986 14.5
      vertex 59.7501 3.31328 14.5
    endloop
  endfacet
  facet normal -0 0 1
    outer loop
      vertex 58.1664 7.73939 14.5
      vertex 60.5685 6.74441 14.5
      vertex 58.3133 8.04989 14.5
    endloop
  endfacet
  facet normal 0 0 1
    outer loop
      vertex 60.829 5.70429 14.5
      vertex 59.1796 3.69446 14.5
      vertex 59.4555 3.48986 14.5
    endloop
  endfacet
  facet normal 0 0 1
    outer loop
      vertex 60.5685 6.74441 14.5
      vertex 58.1664 7.73939 14.5
      vertex 60.5388 6.66126 14.5
    endloop
  endfacet
  facet normal 0 0 1
    outer loop
      vertex 60.7636 5.7636 14.5
      vertex 58.9251 3.92513 14.5
      vertex 59.1796 3.69446 14.5
    endloop
  endfacet
  facet normal -0 0 1
    outer loop
      vertex 58.0507 7.416 14.5
      vertex 60.5388 6.66126 14.5
      vertex 58.1664 7.73939 14.5
    endloop
  endfacet
  facet normal 0 0 1
    outer loop
      vertex 60.7043 5.82905 14.5
      vertex 58.6945 4.17962 14.5
      vertex 58.9251 3.92513 14.5
    endloop
  endfacet
  facet normal 0 0 1
    outer loop
      vertex 60.5388 6.66126 14.5
      vertex 58.0507 7.416 14.5
      vertex 60.5173 6.57558 14.5
    endloop
  endfacet
  facet normal 0 0 1
    outer loop
      vertex 60.6517 5.89999 14.5
      vertex 58.4899 4.4555 14.5
      vertex 58.6945 4.17962 14.5
    endloop
  endfacet
  facet normal -0 0 1
    outer loop
      vertex 57.9673 7.08282 14.5
      vertex 60.5173 6.57558 14.5
      vertex 58.0507 7.416 14.5
    endloop
  endfacet
  facet normal 0 0 1
    outer loop
      vertex 60.6063 5.97574 14.5
      vertex 58.3133 4.75011 14.5
      vertex 58.4899 4.4555 14.5
    endloop
  endfacet
  facet normal 0 0 1
    outer loop
      vertex 60.5173 6.57558 14.5
      vertex 57.9673 7.08282 14.5
      vertex 60.5043 6.48821 14.5
    endloop
  endfacet
  facet normal 0 0 1
    outer loop
      vertex 60.5685 6.05559 14.5
      vertex 58.1664 5.06061 14.5
      vertex 58.3133 4.75011 14.5
    endloop
  endfacet
  facet normal -0 0 1
    outer loop
      vertex 57.9169 6.74306 14.5
      vertex 60.5043 6.48821 14.5
      vertex 57.9673 7.08282 14.5
    endloop
  endfacet
  facet normal 0 0 1
    outer loop
      vertex 60.5388 6.13874 14.5
      vertex 58.0507 5.384 14.5
      vertex 58.1664 5.06061 14.5
    endloop
  endfacet
  facet normal 0 0 1
    outer loop
      vertex 60.5043 6.48821 14.5
      vertex 57.9169 6.74306 14.5
      vertex 60.5 6.4 14.5
    endloop
  endfacet
  facet normal 0 0 1
    outer loop
      vertex 60.5173 6.22442 14.5
      vertex 57.9673 5.71718 14.5
      vertex 58.0507 5.384 14.5
    endloop
  endfacet
  facet normal 0 0 1
    outer loop
      vertex 57.9 6.4 14.5
      vertex 60.5 6.4 14.5
      vertex 57.9169 6.74306 14.5
    endloop
  endfacet
  facet normal 0 0 1
    outer loop
      vertex 60.5043 6.31179 14.5
      vertex 57.9169 6.05694 14.5
      vertex 57.9673 5.71718 14.5
    endloop
  endfacet
  facet normal 0 0 1
    outer loop
      vertex 60.5 6.4 14.5
      vertex 57.9 6.4 14.5
      vertex 57.9169 6.05694 14.5
    endloop
  endfacet
  facet normal -0.989111 -0.147172 0
    outer loop
      vertex 62.2957 6.48821 2
      vertex 62.2827 6.57558 14.5
      vertex 62.2827 6.57558 2
    endloop
  endfacet
  facet normal -0.989111 -0.147172 0
    outer loop
      vertex 62.2827 6.57558 14.5
      vertex 62.2957 6.48821 2
      vertex 62.2957 6.48821 14.5
    endloop
  endfacet
  facet normal -0.998814 -0.0486895 0
    outer loop
      vertex 62.3 6.4 2
      vertex 62.2957 6.48821 14.5
      vertex 62.2957 6.48821 2
    endloop
  endfacet
  facet normal -0.998814 -0.0486895 0
    outer loop
      vertex 62.2957 6.48821 14.5
      vertex 62.3 6.4 2
      vertex 62.3 6.4 14.5
    endloop
  endfacet
  facet normal -0.969929 -0.243388 0
    outer loop
      vertex 62.2827 6.57558 2
      vertex 62.2612 6.66126 14.5
      vertex 62.2612 6.66126 2
    endloop
  endfacet
  facet normal -0.969929 -0.243388 0
    outer loop
      vertex 62.2612 6.66126 14.5
      vertex 62.2827 6.57558 2
      vertex 62.2827 6.57558 14.5
    endloop
  endfacet
  facet normal -0.998814 0.0486895 0
    outer loop
      vertex 62.2957 6.31179 2
      vertex 62.3 6.4 14.5
      vertex 62.3 6.4 2
    endloop
  endfacet
  facet normal -0.998814 0.0486895 0
    outer loop
      vertex 62.3 6.4 14.5
      vertex 62.2957 6.31179 2
      vertex 62.2957 6.31179 14.5
    endloop
  endfacet
  facet normal -0.242908 -0.970049 0
    outer loop
      vertex 61.5756 7.28271 2
      vertex 61.6613 7.26125 14.5
      vertex 61.5756 7.28271 14.5
    endloop
  endfacet
  facet normal -0.242908 -0.970049 -0
    outer loop
      vertex 61.6613 7.26125 14.5
      vertex 61.5756 7.28271 2
      vertex 61.6613 7.26125 2
    endloop
  endfacet
  facet normal 0.0490339 -0.998797 0
    outer loop
      vertex 61.3118 7.29567 2
      vertex 61.4 7.3 14.5
      vertex 61.3118 7.29567 14.5
    endloop
  endfacet
  facet normal 0.0490339 -0.998797 0
    outer loop
      vertex 61.4 7.3 14.5
      vertex 61.3118 7.29567 2
      vertex 61.4 7.3 2
    endloop
  endfacet
  facet normal -0.941729 0.336372 0
    outer loop
      vertex 62.2315 6.05559 2
      vertex 62.2612 6.13874 14.5
      vertex 62.2612 6.13874 2
    endloop
  endfacet
  facet normal -0.941729 0.336372 0
    outer loop
      vertex 62.2612 6.13874 14.5
      vertex 62.2315 6.05559 2
      vertex 62.2315 6.05559 14.5
    endloop
  endfacet
  facet normal 0.337154 -0.941449 0
    outer loop
      vertex 61.0556 7.23149 2
      vertex 61.1387 7.26125 14.5
      vertex 61.0556 7.23149 14.5
    endloop
  endfacet
  facet normal 0.337154 -0.941449 0
    outer loop
      vertex 61.1387 7.26125 14.5
      vertex 61.0556 7.23149 2
      vertex 61.1387 7.26125 2
    endloop
  endfacet
  facet normal -0.14668 0.989184 0
    outer loop
      vertex 61.5756 5.51729 2
      vertex 61.4882 5.50433 14.5
      vertex 61.5756 5.51729 14.5
    endloop
  endfacet
  facet normal -0.14668 0.989184 0
    outer loop
      vertex 61.4882 5.50433 14.5
      vertex 61.5756 5.51729 2
      vertex 61.4882 5.50433 2
    endloop
  endfacet
  facet normal 0.903842 0.427867 0
    outer loop
      vertex 60.6063 5.97574 14.5
      vertex 60.5685 6.05559 2
      vertex 60.5685 6.05559 14.5
    endloop
  endfacet
  facet normal 0.903842 0.427867 0
    outer loop
      vertex 60.5685 6.05559 2
      vertex 60.6063 5.97574 14.5
      vertex 60.6063 5.97574 2
    endloop
  endfacet
  facet normal 0.903842 -0.427867 0
    outer loop
      vertex 60.5685 6.74441 14.5
      vertex 60.6063 6.82426 2
      vertex 60.6063 6.82426 14.5
    endloop
  endfacet
  facet normal 0.903842 -0.427867 0
    outer loop
      vertex 60.6063 6.82426 2
      vertex 60.5685 6.74441 14.5
      vertex 60.5685 6.74441 2
    endloop
  endfacet
  facet normal -0.671776 -0.740754 0
    outer loop
      vertex 61.971 7.09571 2
      vertex 62.0364 7.0364 14.5
      vertex 61.971 7.09571 14.5
    endloop
  endfacet
  facet normal -0.671776 -0.740754 -0
    outer loop
      vertex 62.0364 7.0364 14.5
      vertex 61.971 7.09571 2
      vertex 62.0364 7.0364 2
    endloop
  endfacet
  facet normal 0.969929 -0.243388 0
    outer loop
      vertex 60.5173 6.57558 14.5
      vertex 60.5388 6.66126 2
      vertex 60.5388 6.66126 14.5
    endloop
  endfacet
  facet normal 0.969929 -0.243388 0
    outer loop
      vertex 60.5388 6.66126 2
      vertex 60.5173 6.57558 14.5
      vertex 60.5173 6.57558 2
    endloop
  endfacet
  facet normal 0.671776 -0.740754 0
    outer loop
      vertex 60.7636 7.0364 2
      vertex 60.829 7.09571 14.5
      vertex 60.7636 7.0364 14.5
    endloop
  endfacet
  facet normal 0.671776 -0.740754 0
    outer loop
      vertex 60.829 7.09571 14.5
      vertex 60.7636 7.0364 2
      vertex 60.829 7.09571 2
    endloop
  endfacet
  facet normal 0.242908 -0.970049 0
    outer loop
      vertex 61.1387 7.26125 2
      vertex 61.2244 7.28271 14.5
      vertex 61.1387 7.26125 14.5
    endloop
  endfacet
  facet normal 0.242908 -0.970049 0
    outer loop
      vertex 61.2244 7.28271 14.5
      vertex 61.1387 7.26125 2
      vertex 61.2244 7.28271 2
    endloop
  endfacet
  facet normal -0.903842 0.427867 0
    outer loop
      vertex 62.1937 5.97574 2
      vertex 62.2315 6.05559 14.5
      vertex 62.2315 6.05559 2
    endloop
  endfacet
  facet normal -0.903842 0.427867 0
    outer loop
      vertex 62.2315 6.05559 14.5
      vertex 62.1937 5.97574 2
      vertex 62.1937 5.97574 14.5
    endloop
  endfacet
  facet normal 0.803276 0.595607 0
    outer loop
      vertex 60.7043 5.82905 14.5
      vertex 60.6517 5.89999 2
      vertex 60.6517 5.89999 14.5
    endloop
  endfacet
  facet normal 0.803276 0.595607 0
    outer loop
      vertex 60.6517 5.89999 2
      vertex 60.7043 5.82905 14.5
      vertex 60.7043 5.82905 2
    endloop
  endfacet
  facet normal 0.595355 -0.803463 0
    outer loop
      vertex 60.829 7.09571 2
      vertex 60.9 7.14832 14.5
      vertex 60.829 7.09571 14.5
    endloop
  endfacet
  facet normal 0.595355 -0.803463 0
    outer loop
      vertex 60.9 7.14832 14.5
      vertex 60.829 7.09571 2
      vertex 60.9 7.14832 2
    endloop
  endfacet
  facet normal -0.989111 0.147172 0
    outer loop
      vertex 62.2827 6.22442 2
      vertex 62.2957 6.31179 14.5
      vertex 62.2957 6.31179 2
    endloop
  endfacet
  facet normal -0.989111 0.147172 0
    outer loop
      vertex 62.2957 6.31179 14.5
      vertex 62.2827 6.22442 2
      vertex 62.2827 6.22442 14.5
    endloop
  endfacet
  facet normal 0.989111 0.147172 0
    outer loop
      vertex 60.5173 6.22442 14.5
      vertex 60.5043 6.31179 2
      vertex 60.5043 6.31179 14.5
    endloop
  endfacet
  facet normal 0.989111 0.147172 0
    outer loop
      vertex 60.5043 6.31179 2
      vertex 60.5173 6.22442 14.5
      vertex 60.5173 6.22442 2
    endloop
  endfacet
  facet normal 0.803276 -0.595607 0
    outer loop
      vertex 60.6517 6.90001 14.5
      vertex 60.7043 6.97095 2
      vertex 60.7043 6.97095 14.5
    endloop
  endfacet
  facet normal 0.803276 -0.595607 0
    outer loop
      vertex 60.7043 6.97095 2
      vertex 60.6517 6.90001 14.5
      vertex 60.6517 6.90001 2
    endloop
  endfacet
  facet normal -0.514412 0.857543 0
    outer loop
      vertex 61.9 5.65168 2
      vertex 61.8243 5.60627 14.5
      vertex 61.9 5.65168 14.5
    endloop
  endfacet
  facet normal -0.514412 0.857543 0
    outer loop
      vertex 61.8243 5.60627 14.5
      vertex 61.9 5.65168 2
      vertex 61.8243 5.60627 2
    endloop
  endfacet
  facet normal 0.741066 0.671432 0
    outer loop
      vertex 60.7636 5.7636 14.5
      vertex 60.7043 5.82905 2
      vertex 60.7043 5.82905 14.5
    endloop
  endfacet
  facet normal 0.741066 0.671432 0
    outer loop
      vertex 60.7043 5.82905 2
      vertex 60.7636 5.7636 14.5
      vertex 60.7636 5.7636 2
    endloop
  endfacet
  facet normal 0.0490339 0.998797 -0
    outer loop
      vertex 61.4 5.5 2
      vertex 61.3118 5.50433 14.5
      vertex 61.4 5.5 14.5
    endloop
  endfacet
  facet normal 0.0490339 0.998797 0
    outer loop
      vertex 61.3118 5.50433 14.5
      vertex 61.4 5.5 2
      vertex 61.3118 5.50433 2
    endloop
  endfacet
  facet normal -0.595355 0.803463 0
    outer loop
      vertex 61.971 5.70429 2
      vertex 61.9 5.65168 14.5
      vertex 61.971 5.70429 14.5
    endloop
  endfacet
  facet normal -0.595355 0.803463 0
    outer loop
      vertex 61.9 5.65168 14.5
      vertex 61.971 5.70429 2
      vertex 61.9 5.65168 2
    endloop
  endfacet
  facet normal -0.903842 -0.427867 0
    outer loop
      vertex 62.2315 6.74441 2
      vertex 62.1937 6.82426 14.5
      vertex 62.1937 6.82426 2
    endloop
  endfacet
  facet normal -0.903842 -0.427867 0
    outer loop
      vertex 62.1937 6.82426 14.5
      vertex 62.2315 6.74441 2
      vertex 62.2315 6.74441 14.5
    endloop
  endfacet
  facet normal -0.0490339 0.998797 0
    outer loop
      vertex 61.4882 5.50433 2
      vertex 61.4 5.5 14.5
      vertex 61.4882 5.50433 14.5
    endloop
  endfacet
  facet normal -0.0490339 0.998797 0
    outer loop
      vertex 61.4 5.5 14.5
      vertex 61.4882 5.50433 2
      vertex 61.4 5.5 2
    endloop
  endfacet
  facet normal 0.989111 -0.147172 0
    outer loop
      vertex 60.5043 6.48821 14.5
      vertex 60.5173 6.57558 2
      vertex 60.5173 6.57558 14.5
    endloop
  endfacet
  facet normal 0.989111 -0.147172 0
    outer loop
      vertex 60.5173 6.57558 2
      vertex 60.5043 6.48821 14.5
      vertex 60.5043 6.48821 2
    endloop
  endfacet
  facet normal -0.803276 -0.595607 0
    outer loop
      vertex 62.1483 6.90001 2
      vertex 62.0957 6.97095 14.5
      vertex 62.0957 6.97095 2
    endloop
  endfacet
  facet normal -0.803276 -0.595607 0
    outer loop
      vertex 62.0957 6.97095 14.5
      vertex 62.1483 6.90001 2
      vertex 62.1483 6.90001 14.5
    endloop
  endfacet
  facet normal -0.671776 0.740754 0
    outer loop
      vertex 62.0364 5.7636 2
      vertex 61.971 5.70429 14.5
      vertex 62.0364 5.7636 14.5
    endloop
  endfacet
  facet normal -0.671776 0.740754 0
    outer loop
      vertex 61.971 5.70429 14.5
      vertex 62.0364 5.7636 2
      vertex 61.971 5.70429 2
    endloop
  endfacet
  facet normal -0.803276 0.595607 0
    outer loop
      vertex 62.0957 5.82905 2
      vertex 62.1483 5.89999 14.5
      vertex 62.1483 5.89999 2
    endloop
  endfacet
  facet normal -0.803276 0.595607 0
    outer loop
      vertex 62.1483 5.89999 14.5
      vertex 62.0957 5.82905 2
      vertex 62.0957 5.82905 14.5
    endloop
  endfacet
  facet normal -0.427279 -0.90412 0
    outer loop
      vertex 61.7444 7.23149 2
      vertex 61.8243 7.19373 14.5
      vertex 61.7444 7.23149 14.5
    endloop
  endfacet
  facet normal -0.427279 -0.90412 -0
    outer loop
      vertex 61.8243 7.19373 14.5
      vertex 61.7444 7.23149 2
      vertex 61.8243 7.19373 2
    endloop
  endfacet
  facet normal 0.14668 0.989184 -0
    outer loop
      vertex 61.3118 5.50433 2
      vertex 61.2244 5.51729 14.5
      vertex 61.3118 5.50433 14.5
    endloop
  endfacet
  facet normal 0.14668 0.989184 0
    outer loop
      vertex 61.2244 5.51729 14.5
      vertex 61.3118 5.50433 2
      vertex 61.2244 5.51729 2
    endloop
  endfacet
  facet normal -0.514412 -0.857543 0
    outer loop
      vertex 61.8243 7.19373 2
      vertex 61.9 7.14832 14.5
      vertex 61.8243 7.19373 14.5
    endloop
  endfacet
  facet normal -0.514412 -0.857543 -0
    outer loop
      vertex 61.9 7.14832 14.5
      vertex 61.8243 7.19373 2
      vertex 61.9 7.14832 2
    endloop
  endfacet
  facet normal -0.941729 -0.336372 0
    outer loop
      vertex 62.2612 6.66126 2
      vertex 62.2315 6.74441 14.5
      vertex 62.2315 6.74441 2
    endloop
  endfacet
  facet normal -0.941729 -0.336372 0
    outer loop
      vertex 62.2315 6.74441 14.5
      vertex 62.2612 6.66126 2
      vertex 62.2612 6.66126 14.5
    endloop
  endfacet
  facet normal -0.741066 -0.671432 0
    outer loop
      vertex 62.0957 6.97095 2
      vertex 62.0364 7.0364 14.5
      vertex 62.0364 7.0364 2
    endloop
  endfacet
  facet normal -0.741066 -0.671432 0
    outer loop
      vertex 62.0364 7.0364 14.5
      vertex 62.0957 6.97095 2
      vertex 62.0957 6.97095 14.5
    endloop
  endfacet
  facet normal 0.242908 0.970049 -0
    outer loop
      vertex 61.2244 5.51729 2
      vertex 61.1387 5.53875 14.5
      vertex 61.2244 5.51729 14.5
    endloop
  endfacet
  facet normal 0.242908 0.970049 0
    outer loop
      vertex 61.1387 5.53875 14.5
      vertex 61.2244 5.51729 2
      vertex 61.1387 5.53875 2
    endloop
  endfacet
  facet normal -0.595355 -0.803463 0
    outer loop
      vertex 61.9 7.14832 2
      vertex 61.971 7.09571 14.5
      vertex 61.9 7.14832 14.5
    endloop
  endfacet
  facet normal -0.595355 -0.803463 -0
    outer loop
      vertex 61.971 7.09571 14.5
      vertex 61.9 7.14832 2
      vertex 61.971 7.09571 2
    endloop
  endfacet
  facet normal -0.427279 0.90412 0
    outer loop
      vertex 61.8243 5.60627 2
      vertex 61.7444 5.56851 14.5
      vertex 61.8243 5.60627 14.5
    endloop
  endfacet
  facet normal -0.427279 0.90412 0
    outer loop
      vertex 61.7444 5.56851 14.5
      vertex 61.8243 5.60627 2
      vertex 61.7444 5.56851 2
    endloop
  endfacet
  facet normal -0.337154 -0.941449 0
    outer loop
      vertex 61.6613 7.26125 2
      vertex 61.7444 7.23149 14.5
      vertex 61.6613 7.26125 14.5
    endloop
  endfacet
  facet normal -0.337154 -0.941449 -0
    outer loop
      vertex 61.7444 7.23149 14.5
      vertex 61.6613 7.26125 2
      vertex 61.7444 7.23149 2
    endloop
  endfacet
  facet normal 0.14668 -0.989184 0
    outer loop
      vertex 61.2244 7.28271 2
      vertex 61.3118 7.29567 14.5
      vertex 61.2244 7.28271 14.5
    endloop
  endfacet
  facet normal 0.14668 -0.989184 0
    outer loop
      vertex 61.3118 7.29567 14.5
      vertex 61.2244 7.28271 2
      vertex 61.3118 7.29567 2
    endloop
  endfacet
  facet normal -0.969929 0.243388 0
    outer loop
      vertex 62.2612 6.13874 2
      vertex 62.2827 6.22442 14.5
      vertex 62.2827 6.22442 2
    endloop
  endfacet
  facet normal -0.969929 0.243388 0
    outer loop
      vertex 62.2827 6.22442 14.5
      vertex 62.2612 6.13874 2
      vertex 62.2612 6.13874 14.5
    endloop
  endfacet
  facet normal 0.427279 -0.90412 0
    outer loop
      vertex 60.9757 7.19373 2
      vertex 61.0556 7.23149 14.5
      vertex 60.9757 7.19373 14.5
    endloop
  endfacet
  facet normal 0.427279 -0.90412 0
    outer loop
      vertex 61.0556 7.23149 14.5
      vertex 60.9757 7.19373 2
      vertex 61.0556 7.23149 2
    endloop
  endfacet
  facet normal 0.998814 -0.0486895 0
    outer loop
      vertex 60.5 6.4 14.5
      vertex 60.5043 6.48821 2
      vertex 60.5043 6.48821 14.5
    endloop
  endfacet
  facet normal 0.998814 -0.0486895 0
    outer loop
      vertex 60.5043 6.48821 2
      vertex 60.5 6.4 14.5
      vertex 60.5 6.4 2
    endloop
  endfacet
  facet normal -0.857743 -0.514079 0
    outer loop
      vertex 62.1937 6.82426 2
      vertex 62.1483 6.90001 14.5
      vertex 62.1483 6.90001 2
    endloop
  endfacet
  facet normal -0.857743 -0.514079 0
    outer loop
      vertex 62.1483 6.90001 14.5
      vertex 62.1937 6.82426 2
      vertex 62.1937 6.82426 14.5
    endloop
  endfacet
  facet normal -0.242908 0.970049 0
    outer loop
      vertex 61.6613 5.53875 2
      vertex 61.5756 5.51729 14.5
      vertex 61.6613 5.53875 14.5
    endloop
  endfacet
  facet normal -0.242908 0.970049 0
    outer loop
      vertex 61.5756 5.51729 14.5
      vertex 61.6613 5.53875 2
      vertex 61.5756 5.51729 2
    endloop
  endfacet
  facet normal 0.969929 0.243388 0
    outer loop
      vertex 60.5388 6.13874 14.5
      vertex 60.5173 6.22442 2
      vertex 60.5173 6.22442 14.5
    endloop
  endfacet
  facet normal 0.969929 0.243388 0
    outer loop
      vertex 60.5173 6.22442 2
      vertex 60.5388 6.13874 14.5
      vertex 60.5388 6.13874 2
    endloop
  endfacet
  facet normal 0.514412 -0.857543 0
    outer loop
      vertex 60.9 7.14832 2
      vertex 60.9757 7.19373 14.5
      vertex 60.9 7.14832 14.5
    endloop
  endfacet
  facet normal 0.514412 -0.857543 0
    outer loop
      vertex 60.9757 7.19373 14.5
      vertex 60.9 7.14832 2
      vertex 60.9757 7.19373 2
    endloop
  endfacet
  facet normal 0.514412 0.857543 -0
    outer loop
      vertex 60.9757 5.60627 2
      vertex 60.9 5.65168 14.5
      vertex 60.9757 5.60627 14.5
    endloop
  endfacet
  facet normal 0.514412 0.857543 0
    outer loop
      vertex 60.9 5.65168 14.5
      vertex 60.9757 5.60627 2
      vertex 60.9 5.65168 2
    endloop
  endfacet
  facet normal 0.671776 0.740754 -0
    outer loop
      vertex 60.829 5.70429 2
      vertex 60.7636 5.7636 14.5
      vertex 60.829 5.70429 14.5
    endloop
  endfacet
  facet normal 0.671776 0.740754 0
    outer loop
      vertex 60.7636 5.7636 14.5
      vertex 60.829 5.70429 2
      vertex 60.7636 5.7636 2
    endloop
  endfacet
  facet normal -0.337154 0.941449 0
    outer loop
      vertex 61.7444 5.56851 2
      vertex 61.6613 5.53875 14.5
      vertex 61.7444 5.56851 14.5
    endloop
  endfacet
  facet normal -0.337154 0.941449 0
    outer loop
      vertex 61.6613 5.53875 14.5
      vertex 61.7444 5.56851 2
      vertex 61.6613 5.53875 2
    endloop
  endfacet
  facet normal 0.741066 -0.671432 0
    outer loop
      vertex 60.7043 6.97095 14.5
      vertex 60.7636 7.0364 2
      vertex 60.7636 7.0364 14.5
    endloop
  endfacet
  facet normal 0.741066 -0.671432 0
    outer loop
      vertex 60.7636 7.0364 2
      vertex 60.7043 6.97095 14.5
      vertex 60.7043 6.97095 2
    endloop
  endfacet
  facet normal -0.0490339 -0.998797 0
    outer loop
      vertex 61.4 7.3 2
      vertex 61.4882 7.29567 14.5
      vertex 61.4 7.3 14.5
    endloop
  endfacet
  facet normal -0.0490339 -0.998797 -0
    outer loop
      vertex 61.4882 7.29567 14.5
      vertex 61.4 7.3 2
      vertex 61.4882 7.29567 2
    endloop
  endfacet
  facet normal 0.998814 0.0486895 0
    outer loop
      vertex 60.5043 6.31179 14.5
      vertex 60.5 6.4 2
      vertex 60.5 6.4 14.5
    endloop
  endfacet
  facet normal 0.998814 0.0486895 0
    outer loop
      vertex 60.5 6.4 2
      vertex 60.5043 6.31179 14.5
      vertex 60.5043 6.31179 2
    endloop
  endfacet
  facet normal -0.741066 0.671432 0
    outer loop
      vertex 62.0364 5.7636 2
      vertex 62.0957 5.82905 14.5
      vertex 62.0957 5.82905 2
    endloop
  endfacet
  facet normal -0.741066 0.671432 0
    outer loop
      vertex 62.0957 5.82905 14.5
      vertex 62.0364 5.7636 2
      vertex 62.0364 5.7636 14.5
    endloop
  endfacet
  facet normal -0.857743 0.514079 0
    outer loop
      vertex 62.1483 5.89999 2
      vertex 62.1937 5.97574 14.5
      vertex 62.1937 5.97574 2
    endloop
  endfacet
  facet normal -0.857743 0.514079 0
    outer loop
      vertex 62.1937 5.97574 14.5
      vertex 62.1483 5.89999 2
      vertex 62.1483 5.89999 14.5
    endloop
  endfacet
  facet normal 0.941729 0.336372 0
    outer loop
      vertex 60.5685 6.05559 14.5
      vertex 60.5388 6.13874 2
      vertex 60.5388 6.13874 14.5
    endloop
  endfacet
  facet normal 0.941729 0.336372 0
    outer loop
      vertex 60.5388 6.13874 2
      vertex 60.5685 6.05559 14.5
      vertex 60.5685 6.05559 2
    endloop
  endfacet
  facet normal 0.595355 0.803463 -0
    outer loop
      vertex 60.9 5.65168 2
      vertex 60.829 5.70429 14.5
      vertex 60.9 5.65168 14.5
    endloop
  endfacet
  facet normal 0.595355 0.803463 0
    outer loop
      vertex 60.829 5.70429 14.5
      vertex 60.9 5.65168 2
      vertex 60.829 5.70429 2
    endloop
  endfacet
  facet normal 0.337154 0.941449 -0
    outer loop
      vertex 61.1387 5.53875 2
      vertex 61.0556 5.56851 14.5
      vertex 61.1387 5.53875 14.5
    endloop
  endfacet
  facet normal 0.337154 0.941449 0
    outer loop
      vertex 61.0556 5.56851 14.5
      vertex 61.1387 5.53875 2
      vertex 61.0556 5.56851 2
    endloop
  endfacet
  facet normal 0.941729 -0.336372 0
    outer loop
      vertex 60.5388 6.66126 14.5
      vertex 60.5685 6.74441 2
      vertex 60.5685 6.74441 14.5
    endloop
  endfacet
  facet normal 0.941729 -0.336372 0
    outer loop
      vertex 60.5685 6.74441 2
      vertex 60.5388 6.66126 14.5
      vertex 60.5388 6.66126 2
    endloop
  endfacet
  facet normal 0.427279 0.90412 -0
    outer loop
      vertex 61.0556 5.56851 2
      vertex 60.9757 5.60627 14.5
      vertex 61.0556 5.56851 14.5
    endloop
  endfacet
  facet normal 0.427279 0.90412 0
    outer loop
      vertex 60.9757 5.60627 14.5
      vertex 61.0556 5.56851 2
      vertex 60.9757 5.60627 2
    endloop
  endfacet
  facet normal 0.857743 0.514079 0
    outer loop
      vertex 60.6517 5.89999 14.5
      vertex 60.6063 5.97574 2
      vertex 60.6063 5.97574 14.5
    endloop
  endfacet
  facet normal 0.857743 0.514079 0
    outer loop
      vertex 60.6063 5.97574 2
      vertex 60.6517 5.89999 14.5
      vertex 60.6517 5.89999 2
    endloop
  endfacet
  facet normal -0.14668 -0.989184 0
    outer loop
      vertex 61.4882 7.29567 2
      vertex 61.5756 7.28271 14.5
      vertex 61.4882 7.29567 14.5
    endloop
  endfacet
  facet normal -0.14668 -0.989184 -0
    outer loop
      vertex 61.5756 7.28271 14.5
      vertex 61.4882 7.29567 2
      vertex 61.5756 7.28271 2
    endloop
  endfacet
  facet normal 0.857743 -0.514079 0
    outer loop
      vertex 60.6063 6.82426 14.5
      vertex 60.6517 6.90001 2
      vertex 60.6517 6.90001 14.5
    endloop
  endfacet
  facet normal 0.857743 -0.514079 0
    outer loop
      vertex 60.6517 6.90001 2
      vertex 60.6063 6.82426 14.5
      vertex 60.6063 6.82426 2
    endloop
  endfacet
  facet normal 0.989172 0.14676 0
    outer loop
      vertex 9.88315 43.7431 14.5
      vertex 9.83275 44.0828 2
      vertex 9.83275 44.0828 14.5
    endloop
  endfacet
  facet normal 0.989172 0.14676 0
    outer loop
      vertex 9.83275 44.0828 2
      vertex 9.88315 43.7431 14.5
      vertex 9.88315 43.7431 2
    endloop
  endfacet
  facet normal 0.998796 0.0490519 0
    outer loop
      vertex 9.9 43.4 14.5
      vertex 9.88315 43.7431 2
      vertex 9.88315 43.7431 14.5
    endloop
  endfacet
  facet normal 0.998796 0.0490519 0
    outer loop
      vertex 9.88315 43.7431 2
      vertex 9.9 43.4 14.5
      vertex 9.9 43.4 2
    endloop
  endfacet
  facet normal 0.970033 0.242974 0
    outer loop
      vertex 9.83275 44.0828 14.5
      vertex 9.74929 44.416 2
      vertex 9.74929 44.416 14.5
    endloop
  endfacet
  facet normal 0.970033 0.242974 0
    outer loop
      vertex 9.74929 44.416 2
      vertex 9.83275 44.0828 14.5
      vertex 9.83275 44.0828 2
    endloop
  endfacet
  facet normal 0.595673 -0.803227 0
    outer loop
      vertex 8.34449 40.4899 2
      vertex 8.62038 40.6945 14.5
      vertex 8.34449 40.4899 14.5
    endloop
  endfacet
  facet normal 0.595673 -0.803227 0
    outer loop
      vertex 8.62038 40.6945 14.5
      vertex 8.34449 40.4899 2
      vertex 8.62038 40.6945 2
    endloop
  endfacet
  facet normal 0.427661 -0.903939 0
    outer loop
      vertex 7.73939 40.1664 2
      vertex 8.04989 40.3133 14.5
      vertex 7.73939 40.1664 14.5
    endloop
  endfacet
  facet normal 0.427661 -0.903939 0
    outer loop
      vertex 8.04989 40.3133 14.5
      vertex 7.73939 40.1664 2
      vertex 8.04989 40.3133 2
    endloop
  endfacet
  facet normal -0.671469 -0.741033 0
    outer loop
      vertex 3.92513 40.9251 2
      vertex 4.17962 40.6945 14.5
      vertex 3.92513 40.9251 14.5
    endloop
  endfacet
  facet normal -0.671469 -0.741033 -0
    outer loop
      vertex 4.17962 40.6945 14.5
      vertex 3.92513 40.9251 2
      vertex 4.17962 40.6945 2
    endloop
  endfacet
  facet normal 0.514153 0.857698 -0
    outer loop
      vertex 8.34449 46.3101 2
      vertex 8.04989 46.4867 14.5
      vertex 8.34449 46.3101 14.5
    endloop
  endfacet
  facet normal 0.514153 0.857698 0
    outer loop
      vertex 8.04989 46.4867 14.5
      vertex 8.34449 46.3101 2
      vertex 8.04989 46.4867 2
    endloop
  endfacet
  facet normal -0.146734 -0.989176 0
    outer loop
      vertex 5.71718 39.9673 2
      vertex 6.05694 39.9169 14.5
      vertex 5.71718 39.9673 14.5
    endloop
  endfacet
  facet normal -0.146734 -0.989176 -0
    outer loop
      vertex 6.05694 39.9169 14.5
      vertex 5.71718 39.9673 2
      vertex 6.05694 39.9169 2
    endloop
  endfacet
  facet normal -0.242823 0.970071 0
    outer loop
      vertex 5.71718 46.8327 2
      vertex 5.384 46.7493 14.5
      vertex 5.71718 46.8327 14.5
    endloop
  endfacet
  facet normal -0.242823 0.970071 0
    outer loop
      vertex 5.384 46.7493 14.5
      vertex 5.71718 46.8327 2
      vertex 5.384 46.7493 2
    endloop
  endfacet
  facet normal 0.740944 0.671566 0
    outer loop
      vertex 9.10554 45.6204 14.5
      vertex 8.87487 45.8749 2
      vertex 8.87487 45.8749 14.5
    endloop
  endfacet
  facet normal 0.740944 0.671566 0
    outer loop
      vertex 8.87487 45.8749 2
      vertex 9.10554 45.6204 14.5
      vertex 9.10554 45.6204 2
    endloop
  endfacet
  facet normal -0.970033 -0.242974 0
    outer loop
      vertex 3.05071 42.384 2
      vertex 2.96725 42.7172 14.5
      vertex 2.96725 42.7172 2
    endloop
  endfacet
  facet normal -0.970033 -0.242974 0
    outer loop
      vertex 2.96725 42.7172 14.5
      vertex 3.05071 42.384 2
      vertex 3.05071 42.384 14.5
    endloop
  endfacet
  facet normal 0.857724 0.51411 0
    outer loop
      vertex 9.48672 45.0499 14.5
      vertex 9.31014 45.3445 2
      vertex 9.31014 45.3445 14.5
    endloop
  endfacet
  facet normal 0.857724 0.51411 0
    outer loop
      vertex 9.31014 45.3445 2
      vertex 9.48672 45.0499 14.5
      vertex 9.48672 45.0499 2
    endloop
  endfacet
  facet normal 0.671469 0.741033 -0
    outer loop
      vertex 8.87487 45.8749 2
      vertex 8.62038 46.1055 14.5
      vertex 8.87487 45.8749 14.5
    endloop
  endfacet
  facet normal 0.671469 0.741033 0
    outer loop
      vertex 8.62038 46.1055 14.5
      vertex 8.87487 45.8749 2
      vertex 8.62038 46.1055 2
    endloop
  endfacet
  facet normal -0.941548 -0.336879 0
    outer loop
      vertex 3.16642 42.0606 2
      vertex 3.05071 42.384 14.5
      vertex 3.05071 42.384 2
    endloop
  endfacet
  facet normal -0.941548 -0.336879 0
    outer loop
      vertex 3.05071 42.384 14.5
      vertex 3.16642 42.0606 2
      vertex 3.16642 42.0606 14.5
    endloop
  endfacet
  facet normal 0.336862 -0.941554 0
    outer loop
      vertex 7.416 40.0507 2
      vertex 7.73939 40.1664 14.5
      vertex 7.416 40.0507 14.5
    endloop
  endfacet
  facet normal 0.336862 -0.941554 0
    outer loop
      vertex 7.73939 40.1664 14.5
      vertex 7.416 40.0507 2
      vertex 7.73939 40.1664 2
    endloop
  endfacet
  facet normal 0.941548 0.336879 0
    outer loop
      vertex 9.74929 44.416 14.5
      vertex 9.63358 44.7394 2
      vertex 9.63358 44.7394 14.5
    endloop
  endfacet
  facet normal 0.941548 0.336879 0
    outer loop
      vertex 9.63358 44.7394 2
      vertex 9.74929 44.416 14.5
      vertex 9.74929 44.416 2
    endloop
  endfacet
  facet normal -0.998796 -0.0490519 0
    outer loop
      vertex 2.91685 43.0569 2
      vertex 2.9 43.4 14.5
      vertex 2.9 43.4 2
    endloop
  endfacet
  facet normal -0.998796 -0.0490519 0
    outer loop
      vertex 2.9 43.4 14.5
      vertex 2.91685 43.0569 2
      vertex 2.91685 43.0569 14.5
    endloop
  endfacet
  facet normal -0.0492029 0.998789 0
    outer loop
      vertex 6.4 46.9 2
      vertex 6.05694 46.8831 14.5
      vertex 6.4 46.9 14.5
    endloop
  endfacet
  facet normal -0.0492029 0.998789 0
    outer loop
      vertex 6.05694 46.8831 14.5
      vertex 6.4 46.9 2
      vertex 6.05694 46.8831 2
    endloop
  endfacet
  facet normal 0.903984 -0.427566 0
    outer loop
      vertex 9.48672 41.7501 14.5
      vertex 9.63358 42.0606 2
      vertex 9.63358 42.0606 14.5
    endloop
  endfacet
  facet normal 0.903984 -0.427566 0
    outer loop
      vertex 9.63358 42.0606 2
      vertex 9.48672 41.7501 14.5
      vertex 9.48672 41.7501 2
    endloop
  endfacet
  facet normal 0.595673 0.803227 -0
    outer loop
      vertex 8.62038 46.1055 2
      vertex 8.34449 46.3101 14.5
      vertex 8.62038 46.1055 14.5
    endloop
  endfacet
  facet normal 0.595673 0.803227 0
    outer loop
      vertex 8.34449 46.3101 14.5
      vertex 8.62038 46.1055 2
      vertex 8.34449 46.3101 2
    endloop
  endfacet
  facet normal 0.998796 -0.0490519 0
    outer loop
      vertex 9.88315 43.0569 14.5
      vertex 9.9 43.4 2
      vertex 9.9 43.4 14.5
    endloop
  endfacet
  facet normal 0.998796 -0.0490519 0
    outer loop
      vertex 9.9 43.4 2
      vertex 9.88315 43.0569 14.5
      vertex 9.88315 43.0569 2
    endloop
  endfacet
  facet normal -0.336862 -0.941554 0
    outer loop
      vertex 5.06061 40.1664 2
      vertex 5.384 40.0507 14.5
      vertex 5.06061 40.1664 14.5
    endloop
  endfacet
  facet normal -0.336862 -0.941554 -0
    outer loop
      vertex 5.384 40.0507 14.5
      vertex 5.06061 40.1664 2
      vertex 5.384 40.0507 2
    endloop
  endfacet
  facet normal -0.0492029 -0.998789 0
    outer loop
      vertex 6.05694 39.9169 2
      vertex 6.4 39.9 14.5
      vertex 6.05694 39.9169 14.5
    endloop
  endfacet
  facet normal -0.0492029 -0.998789 -0
    outer loop
      vertex 6.4 39.9 14.5
      vertex 6.05694 39.9169 2
      vertex 6.4 39.9 2
    endloop
  endfacet
  facet normal 0.0492029 -0.998789 0
    outer loop
      vertex 6.4 39.9 2
      vertex 6.74306 39.9169 14.5
      vertex 6.4 39.9 14.5
    endloop
  endfacet
  facet normal 0.0492029 -0.998789 0
    outer loop
      vertex 6.74306 39.9169 14.5
      vertex 6.4 39.9 2
      vertex 6.74306 39.9169 2
    endloop
  endfacet
  facet normal 0.803237 0.595659 0
    outer loop
      vertex 9.31014 45.3445 14.5
      vertex 9.10554 45.6204 2
      vertex 9.10554 45.6204 14.5
    endloop
  endfacet
  facet normal 0.803237 0.595659 0
    outer loop
      vertex 9.10554 45.6204 2
      vertex 9.31014 45.3445 14.5
      vertex 9.31014 45.3445 2
    endloop
  endfacet
  facet normal -0.671469 0.741033 0
    outer loop
      vertex 4.17962 46.1055 2
      vertex 3.92513 45.8749 14.5
      vertex 4.17962 46.1055 14.5
    endloop
  endfacet
  facet normal -0.671469 0.741033 0
    outer loop
      vertex 3.92513 45.8749 14.5
      vertex 4.17962 46.1055 2
      vertex 3.92513 45.8749 2
    endloop
  endfacet
  facet normal 0.146734 0.989176 -0
    outer loop
      vertex 7.08282 46.8327 2
      vertex 6.74306 46.8831 14.5
      vertex 7.08282 46.8327 14.5
    endloop
  endfacet
  facet normal 0.146734 0.989176 0
    outer loop
      vertex 6.74306 46.8831 14.5
      vertex 7.08282 46.8327 2
      vertex 6.74306 46.8831 2
    endloop
  endfacet
  facet normal 0.146734 -0.989176 0
    outer loop
      vertex 6.74306 39.9169 2
      vertex 7.08282 39.9673 14.5
      vertex 6.74306 39.9169 14.5
    endloop
  endfacet
  facet normal 0.146734 -0.989176 0
    outer loop
      vertex 7.08282 39.9673 14.5
      vertex 6.74306 39.9169 2
      vertex 7.08282 39.9673 2
    endloop
  endfacet
  facet normal 0.427661 0.903939 -0
    outer loop
      vertex 8.04989 46.4867 2
      vertex 7.73939 46.6336 14.5
      vertex 8.04989 46.4867 14.5
    endloop
  endfacet
  facet normal 0.427661 0.903939 0
    outer loop
      vertex 7.73939 46.6336 14.5
      vertex 8.04989 46.4867 2
      vertex 7.73939 46.6336 2
    endloop
  endfacet
  facet normal 0.941548 -0.336879 0
    outer loop
      vertex 9.63358 42.0606 14.5
      vertex 9.74929 42.384 2
      vertex 9.74929 42.384 14.5
    endloop
  endfacet
  facet normal 0.941548 -0.336879 0
    outer loop
      vertex 9.74929 42.384 2
      vertex 9.63358 42.0606 14.5
      vertex 9.63358 42.0606 2
    endloop
  endfacet
  facet normal 0.740944 -0.671566 0
    outer loop
      vertex 8.87487 40.9251 14.5
      vertex 9.10554 41.1796 2
      vertex 9.10554 41.1796 14.5
    endloop
  endfacet
  facet normal 0.740944 -0.671566 0
    outer loop
      vertex 9.10554 41.1796 2
      vertex 8.87487 40.9251 14.5
      vertex 8.87487 40.9251 2
    endloop
  endfacet
  facet normal -0.740944 0.671566 0
    outer loop
      vertex 3.69446 45.6204 2
      vertex 3.92513 45.8749 14.5
      vertex 3.92513 45.8749 2
    endloop
  endfacet
  facet normal -0.740944 0.671566 0
    outer loop
      vertex 3.92513 45.8749 14.5
      vertex 3.69446 45.6204 2
      vertex 3.69446 45.6204 14.5
    endloop
  endfacet
  facet normal -0.857724 0.51411 0
    outer loop
      vertex 3.31328 45.0499 2
      vertex 3.48986 45.3445 14.5
      vertex 3.48986 45.3445 2
    endloop
  endfacet
  facet normal -0.857724 0.51411 0
    outer loop
      vertex 3.48986 45.3445 14.5
      vertex 3.31328 45.0499 2
      vertex 3.31328 45.0499 14.5
    endloop
  endfacet
  facet normal 0.903984 0.427566 0
    outer loop
      vertex 9.63358 44.7394 14.5
      vertex 9.48672 45.0499 2
      vertex 9.48672 45.0499 14.5
    endloop
  endfacet
  facet normal 0.903984 0.427566 0
    outer loop
      vertex 9.48672 45.0499 2
      vertex 9.63358 44.7394 14.5
      vertex 9.63358 44.7394 2
    endloop
  endfacet
  facet normal -0.51414 0.857706 0
    outer loop
      vertex 4.75011 46.4867 2
      vertex 4.4555 46.3101 14.5
      vertex 4.75011 46.4867 14.5
    endloop
  endfacet
  facet normal -0.51414 0.857706 0
    outer loop
      vertex 4.4555 46.3101 14.5
      vertex 4.75011 46.4867 2
      vertex 4.4555 46.3101 2
    endloop
  endfacet
  facet normal 0.989172 -0.14676 0
    outer loop
      vertex 9.83275 42.7172 14.5
      vertex 9.88315 43.0569 2
      vertex 9.88315 43.0569 14.5
    endloop
  endfacet
  facet normal 0.989172 -0.14676 0
    outer loop
      vertex 9.88315 43.0569 2
      vertex 9.83275 42.7172 14.5
      vertex 9.83275 42.7172 2
    endloop
  endfacet
  facet normal 0.514153 -0.857698 0
    outer loop
      vertex 8.04989 40.3133 2
      vertex 8.34449 40.4899 14.5
      vertex 8.04989 40.3133 14.5
    endloop
  endfacet
  facet normal 0.514153 -0.857698 0
    outer loop
      vertex 8.34449 40.4899 14.5
      vertex 8.04989 40.3133 2
      vertex 8.34449 40.4899 2
    endloop
  endfacet
  facet normal -0.941548 0.336879 0
    outer loop
      vertex 3.05071 44.416 2
      vertex 3.16642 44.7394 14.5
      vertex 3.16642 44.7394 2
    endloop
  endfacet
  facet normal -0.941548 0.336879 0
    outer loop
      vertex 3.16642 44.7394 14.5
      vertex 3.05071 44.416 2
      vertex 3.05071 44.416 14.5
    endloop
  endfacet
  facet normal 0.336862 0.941554 -0
    outer loop
      vertex 7.73939 46.6336 2
      vertex 7.416 46.7493 14.5
      vertex 7.73939 46.6336 14.5
    endloop
  endfacet
  facet normal 0.336862 0.941554 0
    outer loop
      vertex 7.416 46.7493 14.5
      vertex 7.73939 46.6336 2
      vertex 7.416 46.7493 2
    endloop
  endfacet
  facet normal 0.242823 0.970071 -0
    outer loop
      vertex 7.416 46.7493 2
      vertex 7.08282 46.8327 14.5
      vertex 7.416 46.7493 14.5
    endloop
  endfacet
  facet normal 0.242823 0.970071 0
    outer loop
      vertex 7.08282 46.8327 14.5
      vertex 7.416 46.7493 2
      vertex 7.08282 46.8327 2
    endloop
  endfacet
  facet normal -0.427661 0.903939 0
    outer loop
      vertex 5.06061 46.6336 2
      vertex 4.75011 46.4867 14.5
      vertex 5.06061 46.6336 14.5
    endloop
  endfacet
  facet normal -0.427661 0.903939 0
    outer loop
      vertex 4.75011 46.4867 14.5
      vertex 5.06061 46.6336 2
      vertex 4.75011 46.4867 2
    endloop
  endfacet
  facet normal -0.595687 0.803217 0
    outer loop
      vertex 4.4555 46.3101 2
      vertex 4.17962 46.1055 14.5
      vertex 4.4555 46.3101 14.5
    endloop
  endfacet
  facet normal -0.595687 0.803217 0
    outer loop
      vertex 4.17962 46.1055 14.5
      vertex 4.4555 46.3101 2
      vertex 4.17962 46.1055 2
    endloop
  endfacet
  facet normal -0.146734 0.989176 0
    outer loop
      vertex 6.05694 46.8831 2
      vertex 5.71718 46.8327 14.5
      vertex 6.05694 46.8831 14.5
    endloop
  endfacet
  facet normal -0.146734 0.989176 0
    outer loop
      vertex 5.71718 46.8327 14.5
      vertex 6.05694 46.8831 2
      vertex 5.71718 46.8327 2
    endloop
  endfacet
  facet normal 0.242823 -0.970071 0
    outer loop
      vertex 7.08282 39.9673 2
      vertex 7.416 40.0507 14.5
      vertex 7.08282 39.9673 14.5
    endloop
  endfacet
  facet normal 0.242823 -0.970071 0
    outer loop
      vertex 7.416 40.0507 14.5
      vertex 7.08282 39.9673 2
      vertex 7.416 40.0507 2
    endloop
  endfacet
  facet normal -0.595687 -0.803217 0
    outer loop
      vertex 4.17962 40.6945 2
      vertex 4.4555 40.4899 14.5
      vertex 4.17962 40.6945 14.5
    endloop
  endfacet
  facet normal -0.595687 -0.803217 -0
    outer loop
      vertex 4.4555 40.4899 14.5
      vertex 4.17962 40.6945 2
      vertex 4.4555 40.4899 2
    endloop
  endfacet
  facet normal -0.903984 -0.427566 0
    outer loop
      vertex 3.31328 41.7501 2
      vertex 3.16642 42.0606 14.5
      vertex 3.16642 42.0606 2
    endloop
  endfacet
  facet normal -0.903984 -0.427566 0
    outer loop
      vertex 3.16642 42.0606 14.5
      vertex 3.31328 41.7501 2
      vertex 3.31328 41.7501 14.5
    endloop
  endfacet
  facet normal -0.970033 0.242974 0
    outer loop
      vertex 2.96725 44.0828 2
      vertex 3.05071 44.416 14.5
      vertex 3.05071 44.416 2
    endloop
  endfacet
  facet normal -0.970033 0.242974 0
    outer loop
      vertex 3.05071 44.416 14.5
      vertex 2.96725 44.0828 2
      vertex 2.96725 44.0828 14.5
    endloop
  endfacet
  facet normal -0.740944 -0.671566 0
    outer loop
      vertex 3.92513 40.9251 2
      vertex 3.69446 41.1796 14.5
      vertex 3.69446 41.1796 2
    endloop
  endfacet
  facet normal -0.740944 -0.671566 0
    outer loop
      vertex 3.69446 41.1796 14.5
      vertex 3.92513 40.9251 2
      vertex 3.92513 40.9251 14.5
    endloop
  endfacet
  facet normal -0.336862 0.941554 0
    outer loop
      vertex 5.384 46.7493 2
      vertex 5.06061 46.6336 14.5
      vertex 5.384 46.7493 14.5
    endloop
  endfacet
  facet normal -0.336862 0.941554 0
    outer loop
      vertex 5.06061 46.6336 14.5
      vertex 5.384 46.7493 2
      vertex 5.06061 46.6336 2
    endloop
  endfacet
  facet normal -0.989172 0.14676 0
    outer loop
      vertex 2.91685 43.7431 2
      vertex 2.96725 44.0828 14.5
      vertex 2.96725 44.0828 2
    endloop
  endfacet
  facet normal -0.989172 0.14676 0
    outer loop
      vertex 2.96725 44.0828 14.5
      vertex 2.91685 43.7431 2
      vertex 2.91685 43.7431 14.5
    endloop
  endfacet
  facet normal -0.998796 0.0490519 0
    outer loop
      vertex 2.9 43.4 2
      vertex 2.91685 43.7431 14.5
      vertex 2.91685 43.7431 2
    endloop
  endfacet
  facet normal -0.998796 0.0490519 0
    outer loop
      vertex 2.91685 43.7431 14.5
      vertex 2.9 43.4 2
      vertex 2.9 43.4 14.5
    endloop
  endfacet
  facet normal -0.989172 -0.14676 0
    outer loop
      vertex 2.96725 42.7172 2
      vertex 2.91685 43.0569 14.5
      vertex 2.91685 43.0569 2
    endloop
  endfacet
  facet normal -0.989172 -0.14676 0
    outer loop
      vertex 2.91685 43.0569 14.5
      vertex 2.96725 42.7172 2
      vertex 2.96725 42.7172 14.5
    endloop
  endfacet
  facet normal -0.803237 0.595659 0
    outer loop
      vertex 3.48986 45.3445 2
      vertex 3.69446 45.6204 14.5
      vertex 3.69446 45.6204 2
    endloop
  endfacet
  facet normal -0.803237 0.595659 0
    outer loop
      vertex 3.69446 45.6204 14.5
      vertex 3.48986 45.3445 2
      vertex 3.48986 45.3445 14.5
    endloop
  endfacet
  facet normal 0.970033 -0.242974 0
    outer loop
      vertex 9.74929 42.384 14.5
      vertex 9.83275 42.7172 2
      vertex 9.83275 42.7172 14.5
    endloop
  endfacet
  facet normal 0.970033 -0.242974 0
    outer loop
      vertex 9.83275 42.7172 2
      vertex 9.74929 42.384 14.5
      vertex 9.74929 42.384 2
    endloop
  endfacet
  facet normal -0.803237 -0.595659 0
    outer loop
      vertex 3.69446 41.1796 2
      vertex 3.48986 41.4555 14.5
      vertex 3.48986 41.4555 2
    endloop
  endfacet
  facet normal -0.803237 -0.595659 0
    outer loop
      vertex 3.48986 41.4555 14.5
      vertex 3.69446 41.1796 2
      vertex 3.69446 41.1796 14.5
    endloop
  endfacet
  facet normal 0.0492029 0.998789 -0
    outer loop
      vertex 6.74306 46.8831 2
      vertex 6.4 46.9 14.5
      vertex 6.74306 46.8831 14.5
    endloop
  endfacet
  facet normal 0.0492029 0.998789 0
    outer loop
      vertex 6.4 46.9 14.5
      vertex 6.74306 46.8831 2
      vertex 6.4 46.9 2
    endloop
  endfacet
  facet normal -0.51414 -0.857706 0
    outer loop
      vertex 4.4555 40.4899 2
      vertex 4.75011 40.3133 14.5
      vertex 4.4555 40.4899 14.5
    endloop
  endfacet
  facet normal -0.51414 -0.857706 -0
    outer loop
      vertex 4.75011 40.3133 14.5
      vertex 4.4555 40.4899 2
      vertex 4.75011 40.3133 2
    endloop
  endfacet
  facet normal 0.857724 -0.51411 0
    outer loop
      vertex 9.31014 41.4555 14.5
      vertex 9.48672 41.7501 2
      vertex 9.48672 41.7501 14.5
    endloop
  endfacet
  facet normal 0.857724 -0.51411 0
    outer loop
      vertex 9.48672 41.7501 2
      vertex 9.31014 41.4555 14.5
      vertex 9.31014 41.4555 2
    endloop
  endfacet
  facet normal -0.427661 -0.903939 0
    outer loop
      vertex 4.75011 40.3133 2
      vertex 5.06061 40.1664 14.5
      vertex 4.75011 40.3133 14.5
    endloop
  endfacet
  facet normal -0.427661 -0.903939 -0
    outer loop
      vertex 5.06061 40.1664 14.5
      vertex 4.75011 40.3133 2
      vertex 5.06061 40.1664 2
    endloop
  endfacet
  facet normal 0.803237 -0.595659 0
    outer loop
      vertex 9.10554 41.1796 14.5
      vertex 9.31014 41.4555 2
      vertex 9.31014 41.4555 14.5
    endloop
  endfacet
  facet normal 0.803237 -0.595659 0
    outer loop
      vertex 9.31014 41.4555 2
      vertex 9.10554 41.1796 14.5
      vertex 9.10554 41.1796 2
    endloop
  endfacet
  facet normal -0.242823 -0.970071 0
    outer loop
      vertex 5.384 40.0507 2
      vertex 5.71718 39.9673 14.5
      vertex 5.384 40.0507 14.5
    endloop
  endfacet
  facet normal -0.242823 -0.970071 -0
    outer loop
      vertex 5.71718 39.9673 14.5
      vertex 5.384 40.0507 2
      vertex 5.71718 39.9673 2
    endloop
  endfacet
  facet normal -0.857724 -0.51411 0
    outer loop
      vertex 3.48986 41.4555 2
      vertex 3.31328 41.7501 14.5
      vertex 3.31328 41.7501 2
    endloop
  endfacet
  facet normal -0.857724 -0.51411 0
    outer loop
      vertex 3.31328 41.7501 14.5
      vertex 3.48986 41.4555 2
      vertex 3.48986 41.4555 14.5
    endloop
  endfacet
  facet normal -0.903984 0.427566 0
    outer loop
      vertex 3.16642 44.7394 2
      vertex 3.31328 45.0499 14.5
      vertex 3.31328 45.0499 2
    endloop
  endfacet
  facet normal -0.903984 0.427566 0
    outer loop
      vertex 3.31328 45.0499 14.5
      vertex 3.16642 44.7394 2
      vertex 3.16642 44.7394 14.5
    endloop
  endfacet
  facet normal 0.671469 -0.741033 0
    outer loop
      vertex 8.62038 40.6945 2
      vertex 8.87487 40.9251 14.5
      vertex 8.62038 40.6945 14.5
    endloop
  endfacet
  facet normal 0.671469 -0.741033 0
    outer loop
      vertex 8.87487 40.9251 14.5
      vertex 8.62038 40.6945 2
      vertex 8.87487 40.9251 2
    endloop
  endfacet
  facet normal 0 0 1
    outer loop
      vertex 7.3 43.4 14.5
      vertex 9.9 43.4 14.5
      vertex 9.88315 43.7431 14.5
    endloop
  endfacet
  facet normal 0 0 1
    outer loop
      vertex 7.29567 43.4882 14.5
      vertex 9.88315 43.7431 14.5
      vertex 9.83275 44.0828 14.5
    endloop
  endfacet
  facet normal 0 0 1
    outer loop
      vertex 9.9 43.4 14.5
      vertex 7.3 43.4 14.5
      vertex 9.88315 43.0569 14.5
    endloop
  endfacet
  facet normal 0 0 1
    outer loop
      vertex 7.28271 43.5756 14.5
      vertex 9.83275 44.0828 14.5
      vertex 9.74929 44.416 14.5
    endloop
  endfacet
  facet normal -0 0 1
    outer loop
      vertex 7.29567 43.3118 14.5
      vertex 9.88315 43.0569 14.5
      vertex 7.3 43.4 14.5
    endloop
  endfacet
  facet normal 0 0 1
    outer loop
      vertex 7.26125 43.6613 14.5
      vertex 9.74929 44.416 14.5
      vertex 9.63358 44.7394 14.5
    endloop
  endfacet
  facet normal 0 0 1
    outer loop
      vertex 9.88315 43.0569 14.5
      vertex 7.29567 43.3118 14.5
      vertex 9.83275 42.7172 14.5
    endloop
  endfacet
  facet normal 0 0 1
    outer loop
      vertex 7.23149 43.7444 14.5
      vertex 9.63358 44.7394 14.5
      vertex 9.48672 45.0499 14.5
    endloop
  endfacet
  facet normal -0 0 1
    outer loop
      vertex 7.28271 43.2244 14.5
      vertex 9.83275 42.7172 14.5
      vertex 7.29567 43.3118 14.5
    endloop
  endfacet
  facet normal 0 0 1
    outer loop
      vertex 7.19373 43.8243 14.5
      vertex 9.48672 45.0499 14.5
      vertex 9.31014 45.3445 14.5
    endloop
  endfacet
  facet normal 0 0 1
    outer loop
      vertex 9.83275 42.7172 14.5
      vertex 7.28271 43.2244 14.5
      vertex 9.74929 42.384 14.5
    endloop
  endfacet
  facet normal 0 0 1
    outer loop
      vertex 7.14832 43.9 14.5
      vertex 9.31014 45.3445 14.5
      vertex 9.10554 45.6204 14.5
    endloop
  endfacet
  facet normal -0 0 1
    outer loop
      vertex 7.26125 43.1387 14.5
      vertex 9.74929 42.384 14.5
      vertex 7.28271 43.2244 14.5
    endloop
  endfacet
  facet normal 0 0 1
    outer loop
      vertex 7.09571 43.971 14.5
      vertex 9.10554 45.6204 14.5
      vertex 8.87487 45.8749 14.5
    endloop
  endfacet
  facet normal 0 0 1
    outer loop
      vertex 9.74929 42.384 14.5
      vertex 7.26125 43.1387 14.5
      vertex 9.63358 42.0606 14.5
    endloop
  endfacet
  facet normal 0 0 1
    outer loop
      vertex 7.0364 44.0364 14.5
      vertex 8.87487 45.8749 14.5
      vertex 8.62038 46.1055 14.5
    endloop
  endfacet
  facet normal -0 0 1
    outer loop
      vertex 7.23149 43.0556 14.5
      vertex 9.63358 42.0606 14.5
      vertex 7.26125 43.1387 14.5
    endloop
  endfacet
  facet normal 0 0 1
    outer loop
      vertex 6.97095 44.0957 14.5
      vertex 8.62038 46.1055 14.5
      vertex 8.34449 46.3101 14.5
    endloop
  endfacet
  facet normal 0 0 1
    outer loop
      vertex 9.63358 42.0606 14.5
      vertex 7.23149 43.0556 14.5
      vertex 9.48672 41.7501 14.5
    endloop
  endfacet
  facet normal 0 0 1
    outer loop
      vertex 6.90001 44.1483 14.5
      vertex 8.34449 46.3101 14.5
      vertex 8.04989 46.4867 14.5
    endloop
  endfacet
  facet normal -0 0 1
    outer loop
      vertex 7.19373 42.9757 14.5
      vertex 9.48672 41.7501 14.5
      vertex 7.23149 43.0556 14.5
    endloop
  endfacet
  facet normal 0 0 1
    outer loop
      vertex 6.82426 44.1937 14.5
      vertex 8.04989 46.4867 14.5
      vertex 7.73939 46.6336 14.5
    endloop
  endfacet
  facet normal 0 0 1
    outer loop
      vertex 9.48672 41.7501 14.5
      vertex 7.19373 42.9757 14.5
      vertex 9.31014 41.4555 14.5
    endloop
  endfacet
  facet normal 0 0 1
    outer loop
      vertex 6.74441 44.2315 14.5
      vertex 7.73939 46.6336 14.5
      vertex 7.416 46.7493 14.5
    endloop
  endfacet
  facet normal -0 0 1
    outer loop
      vertex 7.14832 42.9 14.5
      vertex 9.31014 41.4555 14.5
      vertex 7.19373 42.9757 14.5
    endloop
  endfacet
  facet normal 0 0 1
    outer loop
      vertex 9.31014 41.4555 14.5
      vertex 7.14832 42.9 14.5
      vertex 9.10554 41.1796 14.5
    endloop
  endfacet
  facet normal 0 0 1
    outer loop
      vertex 9.88315 43.7431 14.5
      vertex 7.29567 43.4882 14.5
      vertex 7.3 43.4 14.5
    endloop
  endfacet
  facet normal 0 0 1
    outer loop
      vertex 9.83275 44.0828 14.5
      vertex 7.28271 43.5756 14.5
      vertex 7.29567 43.4882 14.5
    endloop
  endfacet
  facet normal 0 0 1
    outer loop
      vertex 9.74929 44.416 14.5
      vertex 7.26125 43.6613 14.5
      vertex 7.28271 43.5756 14.5
    endloop
  endfacet
  facet normal 0 0 1
    outer loop
      vertex 9.63358 44.7394 14.5
      vertex 7.23149 43.7444 14.5
      vertex 7.26125 43.6613 14.5
    endloop
  endfacet
  facet normal 0 0 1
    outer loop
      vertex 9.48672 45.0499 14.5
      vertex 7.19373 43.8243 14.5
      vertex 7.23149 43.7444 14.5
    endloop
  endfacet
  facet normal 0 0 1
    outer loop
      vertex 9.31014 45.3445 14.5
      vertex 7.14832 43.9 14.5
      vertex 7.19373 43.8243 14.5
    endloop
  endfacet
  facet normal 0 0 1
    outer loop
      vertex 9.10554 45.6204 14.5
      vertex 7.09571 43.971 14.5
      vertex 7.14832 43.9 14.5
    endloop
  endfacet
  facet normal 0 0 1
    outer loop
      vertex 6.66126 44.2612 14.5
      vertex 7.416 46.7493 14.5
      vertex 7.08282 46.8327 14.5
    endloop
  endfacet
  facet normal 0 0 1
    outer loop
      vertex 8.87487 45.8749 14.5
      vertex 7.0364 44.0364 14.5
      vertex 7.09571 43.971 14.5
    endloop
  endfacet
  facet normal 0 0 1
    outer loop
      vertex 8.62038 46.1055 14.5
      vertex 6.97095 44.0957 14.5
      vertex 7.0364 44.0364 14.5
    endloop
  endfacet
  facet normal 0 0 1
    outer loop
      vertex 8.34449 46.3101 14.5
      vertex 6.90001 44.1483 14.5
      vertex 6.97095 44.0957 14.5
    endloop
  endfacet
  facet normal 0 0 1
    outer loop
      vertex 8.04989 46.4867 14.5
      vertex 6.82426 44.1937 14.5
      vertex 6.90001 44.1483 14.5
    endloop
  endfacet
  facet normal 0 0 1
    outer loop
      vertex 7.73939 46.6336 14.5
      vertex 6.74441 44.2315 14.5
      vertex 6.82426 44.1937 14.5
    endloop
  endfacet
  facet normal 0 0 1
    outer loop
      vertex 6.57558 44.2827 14.5
      vertex 7.08282 46.8327 14.5
      vertex 6.74306 46.8831 14.5
    endloop
  endfacet
  facet normal 0 0 1
    outer loop
      vertex 7.416 46.7493 14.5
      vertex 6.66126 44.2612 14.5
      vertex 6.74441 44.2315 14.5
    endloop
  endfacet
  facet normal 0 0 1
    outer loop
      vertex 7.08282 46.8327 14.5
      vertex 6.57558 44.2827 14.5
      vertex 6.66126 44.2612 14.5
    endloop
  endfacet
  facet normal 0 0 1
    outer loop
      vertex 6.74306 46.8831 14.5
      vertex 6.48821 44.2957 14.5
      vertex 6.57558 44.2827 14.5
    endloop
  endfacet
  facet normal 0 0 1
    outer loop
      vertex 6.4 46.9 14.5
      vertex 6.48821 44.2957 14.5
      vertex 6.74306 46.8831 14.5
    endloop
  endfacet
  facet normal 0 0 1
    outer loop
      vertex 6.4 46.9 14.5
      vertex 6.4 44.3 14.5
      vertex 6.48821 44.2957 14.5
    endloop
  endfacet
  facet normal 0 0 1
    outer loop
      vertex 6.4 46.9 14.5
      vertex 6.31179 44.2957 14.5
      vertex 6.4 44.3 14.5
    endloop
  endfacet
  facet normal -0 0 1
    outer loop
      vertex 6.05694 46.8831 14.5
      vertex 6.31179 44.2957 14.5
      vertex 6.4 46.9 14.5
    endloop
  endfacet
  facet normal 0 0 1
    outer loop
      vertex 6.31179 44.2957 14.5
      vertex 6.05694 46.8831 14.5
      vertex 6.22442 44.2827 14.5
    endloop
  endfacet
  facet normal -0 0 1
    outer loop
      vertex 5.71718 46.8327 14.5
      vertex 6.22442 44.2827 14.5
      vertex 6.05694 46.8831 14.5
    endloop
  endfacet
  facet normal 0 0 1
    outer loop
      vertex 6.22442 44.2827 14.5
      vertex 5.71718 46.8327 14.5
      vertex 6.13874 44.2612 14.5
    endloop
  endfacet
  facet normal -0 0 1
    outer loop
      vertex 5.384 46.7493 14.5
      vertex 6.13874 44.2612 14.5
      vertex 5.71718 46.8327 14.5
    endloop
  endfacet
  facet normal 0 0 1
    outer loop
      vertex 6.13874 44.2612 14.5
      vertex 5.384 46.7493 14.5
      vertex 6.05559 44.2315 14.5
    endloop
  endfacet
  facet normal -0 0 1
    outer loop
      vertex 5.06061 46.6336 14.5
      vertex 6.05559 44.2315 14.5
      vertex 5.384 46.7493 14.5
    endloop
  endfacet
  facet normal 0 0 1
    outer loop
      vertex 6.05559 44.2315 14.5
      vertex 5.06061 46.6336 14.5
      vertex 5.97574 44.1937 14.5
    endloop
  endfacet
  facet normal -0 0 1
    outer loop
      vertex 4.75011 46.4867 14.5
      vertex 5.97574 44.1937 14.5
      vertex 5.06061 46.6336 14.5
    endloop
  endfacet
  facet normal 0 0 1
    outer loop
      vertex 5.97574 44.1937 14.5
      vertex 4.75011 46.4867 14.5
      vertex 5.89999 44.1483 14.5
    endloop
  endfacet
  facet normal -0 0 1
    outer loop
      vertex 4.4555 46.3101 14.5
      vertex 5.89999 44.1483 14.5
      vertex 4.75011 46.4867 14.5
    endloop
  endfacet
  facet normal 0 0 1
    outer loop
      vertex 5.89999 44.1483 14.5
      vertex 4.4555 46.3101 14.5
      vertex 5.82905 44.0957 14.5
    endloop
  endfacet
  facet normal -0 0 1
    outer loop
      vertex 4.17962 46.1055 14.5
      vertex 5.82905 44.0957 14.5
      vertex 4.4555 46.3101 14.5
    endloop
  endfacet
  facet normal 0 0 1
    outer loop
      vertex 5.82905 44.0957 14.5
      vertex 4.17962 46.1055 14.5
      vertex 5.7636 44.0364 14.5
    endloop
  endfacet
  facet normal -0 0 1
    outer loop
      vertex 3.92513 45.8749 14.5
      vertex 5.7636 44.0364 14.5
      vertex 4.17962 46.1055 14.5
    endloop
  endfacet
  facet normal 0 0 1
    outer loop
      vertex 5.7636 44.0364 14.5
      vertex 3.92513 45.8749 14.5
      vertex 5.70429 43.971 14.5
    endloop
  endfacet
  facet normal 0 0 1
    outer loop
      vertex 5.70429 43.971 14.5
      vertex 3.69446 45.6204 14.5
      vertex 5.65168 43.9 14.5
    endloop
  endfacet
  facet normal -0 0 1
    outer loop
      vertex 3.69446 45.6204 14.5
      vertex 5.70429 43.971 14.5
      vertex 3.92513 45.8749 14.5
    endloop
  endfacet
  facet normal -0 0 1
    outer loop
      vertex 7.09571 42.829 14.5
      vertex 9.10554 41.1796 14.5
      vertex 7.14832 42.9 14.5
    endloop
  endfacet
  facet normal 0 0 1
    outer loop
      vertex 9.10554 41.1796 14.5
      vertex 7.09571 42.829 14.5
      vertex 8.87487 40.9251 14.5
    endloop
  endfacet
  facet normal -0 0 1
    outer loop
      vertex 7.0364 42.7636 14.5
      vertex 8.87487 40.9251 14.5
      vertex 7.09571 42.829 14.5
    endloop
  endfacet
  facet normal 0 0 1
    outer loop
      vertex 8.87487 40.9251 14.5
      vertex 7.0364 42.7636 14.5
      vertex 8.62038 40.6945 14.5
    endloop
  endfacet
  facet normal -0 0 1
    outer loop
      vertex 6.97095 42.7043 14.5
      vertex 8.62038 40.6945 14.5
      vertex 7.0364 42.7636 14.5
    endloop
  endfacet
  facet normal 0 0 1
    outer loop
      vertex 8.62038 40.6945 14.5
      vertex 6.97095 42.7043 14.5
      vertex 8.34449 40.4899 14.5
    endloop
  endfacet
  facet normal -0 0 1
    outer loop
      vertex 6.90001 42.6517 14.5
      vertex 8.34449 40.4899 14.5
      vertex 6.97095 42.7043 14.5
    endloop
  endfacet
  facet normal 0 0 1
    outer loop
      vertex 8.34449 40.4899 14.5
      vertex 6.90001 42.6517 14.5
      vertex 8.04989 40.3133 14.5
    endloop
  endfacet
  facet normal -0 0 1
    outer loop
      vertex 6.82426 42.6063 14.5
      vertex 8.04989 40.3133 14.5
      vertex 6.90001 42.6517 14.5
    endloop
  endfacet
  facet normal 0 0 1
    outer loop
      vertex 8.04989 40.3133 14.5
      vertex 6.82426 42.6063 14.5
      vertex 7.73939 40.1664 14.5
    endloop
  endfacet
  facet normal -0 0 1
    outer loop
      vertex 6.74441 42.5685 14.5
      vertex 7.73939 40.1664 14.5
      vertex 6.82426 42.6063 14.5
    endloop
  endfacet
  facet normal 0 0 1
    outer loop
      vertex 7.73939 40.1664 14.5
      vertex 6.74441 42.5685 14.5
      vertex 7.416 40.0507 14.5
    endloop
  endfacet
  facet normal -0 0 1
    outer loop
      vertex 6.66126 42.5388 14.5
      vertex 7.416 40.0507 14.5
      vertex 6.74441 42.5685 14.5
    endloop
  endfacet
  facet normal 0 0 1
    outer loop
      vertex 7.416 40.0507 14.5
      vertex 6.66126 42.5388 14.5
      vertex 7.08282 39.9673 14.5
    endloop
  endfacet
  facet normal -0 0 1
    outer loop
      vertex 6.57558 42.5173 14.5
      vertex 7.08282 39.9673 14.5
      vertex 6.66126 42.5388 14.5
    endloop
  endfacet
  facet normal 0 0 1
    outer loop
      vertex 7.08282 39.9673 14.5
      vertex 6.57558 42.5173 14.5
      vertex 6.74306 39.9169 14.5
    endloop
  endfacet
  facet normal -0 0 1
    outer loop
      vertex 6.48821 42.5043 14.5
      vertex 6.74306 39.9169 14.5
      vertex 6.57558 42.5173 14.5
    endloop
  endfacet
  facet normal -0 0 1
    outer loop
      vertex 6.4 42.5 14.5
      vertex 6.74306 39.9169 14.5
      vertex 6.48821 42.5043 14.5
    endloop
  endfacet
  facet normal 0 0 1
    outer loop
      vertex 6.4 42.5 14.5
      vertex 6.4 39.9 14.5
      vertex 6.74306 39.9169 14.5
    endloop
  endfacet
  facet normal 0 0 1
    outer loop
      vertex 6.31179 42.5043 14.5
      vertex 6.4 39.9 14.5
      vertex 6.4 42.5 14.5
    endloop
  endfacet
  facet normal 0 0 1
    outer loop
      vertex 6.05694 39.9169 14.5
      vertex 6.31179 42.5043 14.5
      vertex 6.22442 42.5173 14.5
    endloop
  endfacet
  facet normal 0 0 1
    outer loop
      vertex 5.71718 39.9673 14.5
      vertex 6.22442 42.5173 14.5
      vertex 6.13874 42.5388 14.5
    endloop
  endfacet
  facet normal 0 0 1
    outer loop
      vertex 6.31179 42.5043 14.5
      vertex 6.05694 39.9169 14.5
      vertex 6.4 39.9 14.5
    endloop
  endfacet
  facet normal 0 0 1
    outer loop
      vertex 5.384 40.0507 14.5
      vertex 6.13874 42.5388 14.5
      vertex 6.05559 42.5685 14.5
    endloop
  endfacet
  facet normal 0 0 1
    outer loop
      vertex 5.06061 40.1664 14.5
      vertex 6.05559 42.5685 14.5
      vertex 5.97574 42.6063 14.5
    endloop
  endfacet
  facet normal 0 0 1
    outer loop
      vertex 4.75011 40.3133 14.5
      vertex 5.97574 42.6063 14.5
      vertex 5.89999 42.6517 14.5
    endloop
  endfacet
  facet normal 0 0 1
    outer loop
      vertex 4.4555 40.4899 14.5
      vertex 5.89999 42.6517 14.5
      vertex 5.82905 42.7043 14.5
    endloop
  endfacet
  facet normal 0 0 1
    outer loop
      vertex 4.17962 40.6945 14.5
      vertex 5.82905 42.7043 14.5
      vertex 5.7636 42.7636 14.5
    endloop
  endfacet
  facet normal 0 0 1
    outer loop
      vertex 6.22442 42.5173 14.5
      vertex 5.71718 39.9673 14.5
      vertex 6.05694 39.9169 14.5
    endloop
  endfacet
  facet normal 0 0 1
    outer loop
      vertex 3.92513 40.9251 14.5
      vertex 5.7636 42.7636 14.5
      vertex 5.70429 42.829 14.5
    endloop
  endfacet
  facet normal 0 0 1
    outer loop
      vertex 3.69446 41.1796 14.5
      vertex 5.70429 42.829 14.5
      vertex 5.65168 42.9 14.5
    endloop
  endfacet
  facet normal 0 0 1
    outer loop
      vertex 3.48986 41.4555 14.5
      vertex 5.65168 42.9 14.5
      vertex 5.60627 42.9757 14.5
    endloop
  endfacet
  facet normal 0 0 1
    outer loop
      vertex 3.31328 41.7501 14.5
      vertex 5.60627 42.9757 14.5
      vertex 5.56851 43.0556 14.5
    endloop
  endfacet
  facet normal 0 0 1
    outer loop
      vertex 3.16642 42.0606 14.5
      vertex 5.56851 43.0556 14.5
      vertex 5.53875 43.1387 14.5
    endloop
  endfacet
  facet normal 0 0 1
    outer loop
      vertex 3.05071 42.384 14.5
      vertex 5.53875 43.1387 14.5
      vertex 5.51729 43.2244 14.5
    endloop
  endfacet
  facet normal 0 0 1
    outer loop
      vertex 2.96725 42.7172 14.5
      vertex 5.51729 43.2244 14.5
      vertex 5.50433 43.3118 14.5
    endloop
  endfacet
  facet normal 0 0 1
    outer loop
      vertex 6.13874 42.5388 14.5
      vertex 5.384 40.0507 14.5
      vertex 5.71718 39.9673 14.5
    endloop
  endfacet
  facet normal 0 0 1
    outer loop
      vertex 2.91685 43.0569 14.5
      vertex 5.50433 43.3118 14.5
      vertex 5.5 43.4 14.5
    endloop
  endfacet
  facet normal -0 0 1
    outer loop
      vertex 3.48986 45.3445 14.5
      vertex 5.65168 43.9 14.5
      vertex 3.69446 45.6204 14.5
    endloop
  endfacet
  facet normal 0 0 1
    outer loop
      vertex 5.65168 43.9 14.5
      vertex 3.48986 45.3445 14.5
      vertex 5.60627 43.8243 14.5
    endloop
  endfacet
  facet normal 0 0 1
    outer loop
      vertex 6.05559 42.5685 14.5
      vertex 5.06061 40.1664 14.5
      vertex 5.384 40.0507 14.5
    endloop
  endfacet
  facet normal -0 0 1
    outer loop
      vertex 3.31328 45.0499 14.5
      vertex 5.60627 43.8243 14.5
      vertex 3.48986 45.3445 14.5
    endloop
  endfacet
  facet normal 0 0 1
    outer loop
      vertex 5.97574 42.6063 14.5
      vertex 4.75011 40.3133 14.5
      vertex 5.06061 40.1664 14.5
    endloop
  endfacet
  facet normal 0 0 1
    outer loop
      vertex 5.60627 43.8243 14.5
      vertex 3.31328 45.0499 14.5
      vertex 5.56851 43.7444 14.5
    endloop
  endfacet
  facet normal 0 0 1
    outer loop
      vertex 5.89999 42.6517 14.5
      vertex 4.4555 40.4899 14.5
      vertex 4.75011 40.3133 14.5
    endloop
  endfacet
  facet normal -0 0 1
    outer loop
      vertex 3.16642 44.7394 14.5
      vertex 5.56851 43.7444 14.5
      vertex 3.31328 45.0499 14.5
    endloop
  endfacet
  facet normal 0 0 1
    outer loop
      vertex 5.82905 42.7043 14.5
      vertex 4.17962 40.6945 14.5
      vertex 4.4555 40.4899 14.5
    endloop
  endfacet
  facet normal 0 0 1
    outer loop
      vertex 5.56851 43.7444 14.5
      vertex 3.16642 44.7394 14.5
      vertex 5.53875 43.6613 14.5
    endloop
  endfacet
  facet normal 0 0 1
    outer loop
      vertex 5.7636 42.7636 14.5
      vertex 3.92513 40.9251 14.5
      vertex 4.17962 40.6945 14.5
    endloop
  endfacet
  facet normal -0 0 1
    outer loop
      vertex 3.05071 44.416 14.5
      vertex 5.53875 43.6613 14.5
      vertex 3.16642 44.7394 14.5
    endloop
  endfacet
  facet normal 0 0 1
    outer loop
      vertex 5.70429 42.829 14.5
      vertex 3.69446 41.1796 14.5
      vertex 3.92513 40.9251 14.5
    endloop
  endfacet
  facet normal 0 0 1
    outer loop
      vertex 5.53875 43.6613 14.5
      vertex 3.05071 44.416 14.5
      vertex 5.51729 43.5756 14.5
    endloop
  endfacet
  facet normal 0 0 1
    outer loop
      vertex 5.65168 42.9 14.5
      vertex 3.48986 41.4555 14.5
      vertex 3.69446 41.1796 14.5
    endloop
  endfacet
  facet normal -0 0 1
    outer loop
      vertex 2.96725 44.0828 14.5
      vertex 5.51729 43.5756 14.5
      vertex 3.05071 44.416 14.5
    endloop
  endfacet
  facet normal 0 0 1
    outer loop
      vertex 5.60627 42.9757 14.5
      vertex 3.31328 41.7501 14.5
      vertex 3.48986 41.4555 14.5
    endloop
  endfacet
  facet normal 0 0 1
    outer loop
      vertex 5.51729 43.5756 14.5
      vertex 2.96725 44.0828 14.5
      vertex 5.50433 43.4882 14.5
    endloop
  endfacet
  facet normal 0 0 1
    outer loop
      vertex 5.56851 43.0556 14.5
      vertex 3.16642 42.0606 14.5
      vertex 3.31328 41.7501 14.5
    endloop
  endfacet
  facet normal -0 0 1
    outer loop
      vertex 2.91685 43.7431 14.5
      vertex 5.50433 43.4882 14.5
      vertex 2.96725 44.0828 14.5
    endloop
  endfacet
  facet normal 0 0 1
    outer loop
      vertex 5.53875 43.1387 14.5
      vertex 3.05071 42.384 14.5
      vertex 3.16642 42.0606 14.5
    endloop
  endfacet
  facet normal 0 0 1
    outer loop
      vertex 5.50433 43.4882 14.5
      vertex 2.91685 43.7431 14.5
      vertex 5.5 43.4 14.5
    endloop
  endfacet
  facet normal 0 0 1
    outer loop
      vertex 5.51729 43.2244 14.5
      vertex 2.96725 42.7172 14.5
      vertex 3.05071 42.384 14.5
    endloop
  endfacet
  facet normal 0 0 1
    outer loop
      vertex 2.9 43.4 14.5
      vertex 5.5 43.4 14.5
      vertex 2.91685 43.7431 14.5
    endloop
  endfacet
  facet normal 0 0 1
    outer loop
      vertex 5.50433 43.3118 14.5
      vertex 2.91685 43.0569 14.5
      vertex 2.96725 42.7172 14.5
    endloop
  endfacet
  facet normal 0 0 1
    outer loop
      vertex 5.5 43.4 14.5
      vertex 2.9 43.4 14.5
      vertex 2.91685 43.0569 14.5
    endloop
  endfacet
  facet normal -0.989184 -0.14668 0
    outer loop
      vertex 7.29567 43.4882 2
      vertex 7.28271 43.5756 14.5
      vertex 7.28271 43.5756 2
    endloop
  endfacet
  facet normal -0.989184 -0.14668 0
    outer loop
      vertex 7.28271 43.5756 14.5
      vertex 7.29567 43.4882 2
      vertex 7.29567 43.4882 14.5
    endloop
  endfacet
  facet normal -0.998797 -0.0490339 0
    outer loop
      vertex 7.3 43.4 2
      vertex 7.29567 43.4882 14.5
      vertex 7.29567 43.4882 2
    endloop
  endfacet
  facet normal -0.998797 -0.0490339 0
    outer loop
      vertex 7.29567 43.4882 14.5
      vertex 7.3 43.4 2
      vertex 7.3 43.4 14.5
    endloop
  endfacet
  facet normal -0.970049 -0.242908 0
    outer loop
      vertex 7.28271 43.5756 2
      vertex 7.26125 43.6613 14.5
      vertex 7.26125 43.6613 2
    endloop
  endfacet
  facet normal -0.970049 -0.242908 0
    outer loop
      vertex 7.26125 43.6613 14.5
      vertex 7.28271 43.5756 2
      vertex 7.28271 43.5756 14.5
    endloop
  endfacet
  facet normal -0.998797 0.0490339 0
    outer loop
      vertex 7.29567 43.3118 2
      vertex 7.3 43.4 14.5
      vertex 7.3 43.4 2
    endloop
  endfacet
  facet normal -0.998797 0.0490339 0
    outer loop
      vertex 7.3 43.4 14.5
      vertex 7.29567 43.3118 2
      vertex 7.29567 43.3118 14.5
    endloop
  endfacet
  facet normal -0.243388 -0.969929 0
    outer loop
      vertex 6.57558 44.2827 2
      vertex 6.66126 44.2612 14.5
      vertex 6.57558 44.2827 14.5
    endloop
  endfacet
  facet normal -0.243388 -0.969929 -0
    outer loop
      vertex 6.66126 44.2612 14.5
      vertex 6.57558 44.2827 2
      vertex 6.66126 44.2612 2
    endloop
  endfacet
  facet normal 0.0486895 -0.998814 0
    outer loop
      vertex 6.31179 44.2957 2
      vertex 6.4 44.3 14.5
      vertex 6.31179 44.2957 14.5
    endloop
  endfacet
  facet normal 0.0486895 -0.998814 0
    outer loop
      vertex 6.4 44.3 14.5
      vertex 6.31179 44.2957 2
      vertex 6.4 44.3 2
    endloop
  endfacet
  facet normal -0.941449 0.337154 0
    outer loop
      vertex 7.23149 43.0556 2
      vertex 7.26125 43.1387 14.5
      vertex 7.26125 43.1387 2
    endloop
  endfacet
  facet normal -0.941449 0.337154 0
    outer loop
      vertex 7.26125 43.1387 14.5
      vertex 7.23149 43.0556 2
      vertex 7.23149 43.0556 14.5
    endloop
  endfacet
  facet normal 0.336372 -0.941729 0
    outer loop
      vertex 6.05559 44.2315 2
      vertex 6.13874 44.2612 14.5
      vertex 6.05559 44.2315 14.5
    endloop
  endfacet
  facet normal 0.336372 -0.941729 0
    outer loop
      vertex 6.13874 44.2612 14.5
      vertex 6.05559 44.2315 2
      vertex 6.13874 44.2612 2
    endloop
  endfacet
  facet normal -0.147172 0.989111 0
    outer loop
      vertex 6.57558 42.5173 2
      vertex 6.48821 42.5043 14.5
      vertex 6.57558 42.5173 14.5
    endloop
  endfacet
  facet normal -0.147172 0.989111 0
    outer loop
      vertex 6.48821 42.5043 14.5
      vertex 6.57558 42.5173 2
      vertex 6.48821 42.5043 2
    endloop
  endfacet
  facet normal 0.90412 0.427279 0
    outer loop
      vertex 5.60627 42.9757 14.5
      vertex 5.56851 43.0556 2
      vertex 5.56851 43.0556 14.5
    endloop
  endfacet
  facet normal 0.90412 0.427279 0
    outer loop
      vertex 5.56851 43.0556 2
      vertex 5.60627 42.9757 14.5
      vertex 5.60627 42.9757 2
    endloop
  endfacet
  facet normal 0.90412 -0.427279 0
    outer loop
      vertex 5.56851 43.7444 14.5
      vertex 5.60627 43.8243 2
      vertex 5.60627 43.8243 14.5
    endloop
  endfacet
  facet normal 0.90412 -0.427279 0
    outer loop
      vertex 5.60627 43.8243 2
      vertex 5.56851 43.7444 14.5
      vertex 5.56851 43.7444 2
    endloop
  endfacet
  facet normal -0.671432 -0.741066 0
    outer loop
      vertex 6.97095 44.0957 2
      vertex 7.0364 44.0364 14.5
      vertex 6.97095 44.0957 14.5
    endloop
  endfacet
  facet normal -0.671432 -0.741066 -0
    outer loop
      vertex 7.0364 44.0364 14.5
      vertex 6.97095 44.0957 2
      vertex 7.0364 44.0364 2
    endloop
  endfacet
  facet normal 0.970049 -0.242908 0
    outer loop
      vertex 5.51729 43.5756 14.5
      vertex 5.53875 43.6613 2
      vertex 5.53875 43.6613 14.5
    endloop
  endfacet
  facet normal 0.970049 -0.242908 0
    outer loop
      vertex 5.53875 43.6613 2
      vertex 5.51729 43.5756 14.5
      vertex 5.51729 43.5756 2
    endloop
  endfacet
  facet normal 0.671432 -0.741066 0
    outer loop
      vertex 5.7636 44.0364 2
      vertex 5.82905 44.0957 14.5
      vertex 5.7636 44.0364 14.5
    endloop
  endfacet
  facet normal 0.671432 -0.741066 0
    outer loop
      vertex 5.82905 44.0957 14.5
      vertex 5.7636 44.0364 2
      vertex 5.82905 44.0957 2
    endloop
  endfacet
  facet normal 0.243388 -0.969929 0
    outer loop
      vertex 6.13874 44.2612 2
      vertex 6.22442 44.2827 14.5
      vertex 6.13874 44.2612 14.5
    endloop
  endfacet
  facet normal 0.243388 -0.969929 0
    outer loop
      vertex 6.22442 44.2827 14.5
      vertex 6.13874 44.2612 2
      vertex 6.22442 44.2827 2
    endloop
  endfacet
  facet normal -0.90412 0.427279 0
    outer loop
      vertex 7.19373 42.9757 2
      vertex 7.23149 43.0556 14.5
      vertex 7.23149 43.0556 2
    endloop
  endfacet
  facet normal -0.90412 0.427279 0
    outer loop
      vertex 7.23149 43.0556 14.5
      vertex 7.19373 42.9757 2
      vertex 7.19373 42.9757 14.5
    endloop
  endfacet
  facet normal 0.803463 0.595355 0
    outer loop
      vertex 5.70429 42.829 14.5
      vertex 5.65168 42.9 2
      vertex 5.65168 42.9 14.5
    endloop
  endfacet
  facet normal 0.803463 0.595355 0
    outer loop
      vertex 5.65168 42.9 2
      vertex 5.70429 42.829 14.5
      vertex 5.70429 42.829 2
    endloop
  endfacet
  facet normal 0.595607 -0.803276 0
    outer loop
      vertex 5.82905 44.0957 2
      vertex 5.89999 44.1483 14.5
      vertex 5.82905 44.0957 14.5
    endloop
  endfacet
  facet normal 0.595607 -0.803276 0
    outer loop
      vertex 5.89999 44.1483 14.5
      vertex 5.82905 44.0957 2
      vertex 5.89999 44.1483 2
    endloop
  endfacet
  facet normal -0.989184 0.14668 0
    outer loop
      vertex 7.28271 43.2244 2
      vertex 7.29567 43.3118 14.5
      vertex 7.29567 43.3118 2
    endloop
  endfacet
  facet normal -0.989184 0.14668 0
    outer loop
      vertex 7.29567 43.3118 14.5
      vertex 7.28271 43.2244 2
      vertex 7.28271 43.2244 14.5
    endloop
  endfacet
  facet normal 0.989184 0.14668 0
    outer loop
      vertex 5.51729 43.2244 14.5
      vertex 5.50433 43.3118 2
      vertex 5.50433 43.3118 14.5
    endloop
  endfacet
  facet normal 0.989184 0.14668 0
    outer loop
      vertex 5.50433 43.3118 2
      vertex 5.51729 43.2244 14.5
      vertex 5.51729 43.2244 2
    endloop
  endfacet
  facet normal 0.803463 -0.595355 0
    outer loop
      vertex 5.65168 43.9 14.5
      vertex 5.70429 43.971 2
      vertex 5.70429 43.971 14.5
    endloop
  endfacet
  facet normal 0.803463 -0.595355 0
    outer loop
      vertex 5.70429 43.971 2
      vertex 5.65168 43.9 14.5
      vertex 5.65168 43.9 2
    endloop
  endfacet
  facet normal -0.514079 0.857743 0
    outer loop
      vertex 6.90001 42.6517 2
      vertex 6.82426 42.6063 14.5
      vertex 6.90001 42.6517 14.5
    endloop
  endfacet
  facet normal -0.514079 0.857743 0
    outer loop
      vertex 6.82426 42.6063 14.5
      vertex 6.90001 42.6517 2
      vertex 6.82426 42.6063 2
    endloop
  endfacet
  facet normal 0.740754 0.671776 0
    outer loop
      vertex 5.7636 42.7636 14.5
      vertex 5.70429 42.829 2
      vertex 5.70429 42.829 14.5
    endloop
  endfacet
  facet normal 0.740754 0.671776 0
    outer loop
      vertex 5.70429 42.829 2
      vertex 5.7636 42.7636 14.5
      vertex 5.7636 42.7636 2
    endloop
  endfacet
  facet normal 0.0486895 0.998814 -0
    outer loop
      vertex 6.4 42.5 2
      vertex 6.31179 42.5043 14.5
      vertex 6.4 42.5 14.5
    endloop
  endfacet
  facet normal 0.0486895 0.998814 0
    outer loop
      vertex 6.31179 42.5043 14.5
      vertex 6.4 42.5 2
      vertex 6.31179 42.5043 2
    endloop
  endfacet
  facet normal -0.595607 0.803276 0
    outer loop
      vertex 6.97095 42.7043 2
      vertex 6.90001 42.6517 14.5
      vertex 6.97095 42.7043 14.5
    endloop
  endfacet
  facet normal -0.595607 0.803276 0
    outer loop
      vertex 6.90001 42.6517 14.5
      vertex 6.97095 42.7043 2
      vertex 6.90001 42.6517 2
    endloop
  endfacet
  facet normal -0.90412 -0.427279 0
    outer loop
      vertex 7.23149 43.7444 2
      vertex 7.19373 43.8243 14.5
      vertex 7.19373 43.8243 2
    endloop
  endfacet
  facet normal -0.90412 -0.427279 0
    outer loop
      vertex 7.19373 43.8243 14.5
      vertex 7.23149 43.7444 2
      vertex 7.23149 43.7444 14.5
    endloop
  endfacet
  facet normal -0.0486895 0.998814 0
    outer loop
      vertex 6.48821 42.5043 2
      vertex 6.4 42.5 14.5
      vertex 6.48821 42.5043 14.5
    endloop
  endfacet
  facet normal -0.0486895 0.998814 0
    outer loop
      vertex 6.4 42.5 14.5
      vertex 6.48821 42.5043 2
      vertex 6.4 42.5 2
    endloop
  endfacet
  facet normal 0.989184 -0.14668 0
    outer loop
      vertex 5.50433 43.4882 14.5
      vertex 5.51729 43.5756 2
      vertex 5.51729 43.5756 14.5
    endloop
  endfacet
  facet normal 0.989184 -0.14668 0
    outer loop
      vertex 5.51729 43.5756 2
      vertex 5.50433 43.4882 14.5
      vertex 5.50433 43.4882 2
    endloop
  endfacet
  facet normal -0.803463 -0.595355 0
    outer loop
      vertex 7.14832 43.9 2
      vertex 7.09571 43.971 14.5
      vertex 7.09571 43.971 2
    endloop
  endfacet
  facet normal -0.803463 -0.595355 0
    outer loop
      vertex 7.09571 43.971 14.5
      vertex 7.14832 43.9 2
      vertex 7.14832 43.9 14.5
    endloop
  endfacet
  facet normal -0.671432 0.741066 0
    outer loop
      vertex 7.0364 42.7636 2
      vertex 6.97095 42.7043 14.5
      vertex 7.0364 42.7636 14.5
    endloop
  endfacet
  facet normal -0.671432 0.741066 0
    outer loop
      vertex 6.97095 42.7043 14.5
      vertex 7.0364 42.7636 2
      vertex 6.97095 42.7043 2
    endloop
  endfacet
  facet normal -0.803463 0.595355 0
    outer loop
      vertex 7.09571 42.829 2
      vertex 7.14832 42.9 14.5
      vertex 7.14832 42.9 2
    endloop
  endfacet
  facet normal -0.803463 0.595355 0
    outer loop
      vertex 7.14832 42.9 14.5
      vertex 7.09571 42.829 2
      vertex 7.09571 42.829 14.5
    endloop
  endfacet
  facet normal -0.427867 -0.903842 0
    outer loop
      vertex 6.74441 44.2315 2
      vertex 6.82426 44.1937 14.5
      vertex 6.74441 44.2315 14.5
    endloop
  endfacet
  facet normal -0.427867 -0.903842 -0
    outer loop
      vertex 6.82426 44.1937 14.5
      vertex 6.74441 44.2315 2
      vertex 6.82426 44.1937 2
    endloop
  endfacet
  facet normal 0.147172 0.989111 -0
    outer loop
      vertex 6.31179 42.5043 2
      vertex 6.22442 42.5173 14.5
      vertex 6.31179 42.5043 14.5
    endloop
  endfacet
  facet normal 0.147172 0.989111 0
    outer loop
      vertex 6.22442 42.5173 14.5
      vertex 6.31179 42.5043 2
      vertex 6.22442 42.5173 2
    endloop
  endfacet
  facet normal -0.514079 -0.857743 0
    outer loop
      vertex 6.82426 44.1937 2
      vertex 6.90001 44.1483 14.5
      vertex 6.82426 44.1937 14.5
    endloop
  endfacet
  facet normal -0.514079 -0.857743 -0
    outer loop
      vertex 6.90001 44.1483 14.5
      vertex 6.82426 44.1937 2
      vertex 6.90001 44.1483 2
    endloop
  endfacet
  facet normal -0.941449 -0.337154 0
    outer loop
      vertex 7.26125 43.6613 2
      vertex 7.23149 43.7444 14.5
      vertex 7.23149 43.7444 2
    endloop
  endfacet
  facet normal -0.941449 -0.337154 0
    outer loop
      vertex 7.23149 43.7444 14.5
      vertex 7.26125 43.6613 2
      vertex 7.26125 43.6613 14.5
    endloop
  endfacet
  facet normal -0.740754 -0.671776 0
    outer loop
      vertex 7.09571 43.971 2
      vertex 7.0364 44.0364 14.5
      vertex 7.0364 44.0364 2
    endloop
  endfacet
  facet normal -0.740754 -0.671776 0
    outer loop
      vertex 7.0364 44.0364 14.5
      vertex 7.09571 43.971 2
      vertex 7.09571 43.971 14.5
    endloop
  endfacet
  facet normal 0.243388 0.969929 -0
    outer loop
      vertex 6.22442 42.5173 2
      vertex 6.13874 42.5388 14.5
      vertex 6.22442 42.5173 14.5
    endloop
  endfacet
  facet normal 0.243388 0.969929 0
    outer loop
      vertex 6.13874 42.5388 14.5
      vertex 6.22442 42.5173 2
      vertex 6.13874 42.5388 2
    endloop
  endfacet
  facet normal -0.595607 -0.803276 0
    outer loop
      vertex 6.90001 44.1483 2
      vertex 6.97095 44.0957 14.5
      vertex 6.90001 44.1483 14.5
    endloop
  endfacet
  facet normal -0.595607 -0.803276 -0
    outer loop
      vertex 6.97095 44.0957 14.5
      vertex 6.90001 44.1483 2
      vertex 6.97095 44.0957 2
    endloop
  endfacet
  facet normal -0.427867 0.903842 0
    outer loop
      vertex 6.82426 42.6063 2
      vertex 6.74441 42.5685 14.5
      vertex 6.82426 42.6063 14.5
    endloop
  endfacet
  facet normal -0.427867 0.903842 0
    outer loop
      vertex 6.74441 42.5685 14.5
      vertex 6.82426 42.6063 2
      vertex 6.74441 42.5685 2
    endloop
  endfacet
  facet normal -0.336372 -0.941729 0
    outer loop
      vertex 6.66126 44.2612 2
      vertex 6.74441 44.2315 14.5
      vertex 6.66126 44.2612 14.5
    endloop
  endfacet
  facet normal -0.336372 -0.941729 -0
    outer loop
      vertex 6.74441 44.2315 14.5
      vertex 6.66126 44.2612 2
      vertex 6.74441 44.2315 2
    endloop
  endfacet
  facet normal 0.147172 -0.989111 0
    outer loop
      vertex 6.22442 44.2827 2
      vertex 6.31179 44.2957 14.5
      vertex 6.22442 44.2827 14.5
    endloop
  endfacet
  facet normal 0.147172 -0.989111 0
    outer loop
      vertex 6.31179 44.2957 14.5
      vertex 6.22442 44.2827 2
      vertex 6.31179 44.2957 2
    endloop
  endfacet
  facet normal -0.970049 0.242908 0
    outer loop
      vertex 7.26125 43.1387 2
      vertex 7.28271 43.2244 14.5
      vertex 7.28271 43.2244 2
    endloop
  endfacet
  facet normal -0.970049 0.242908 0
    outer loop
      vertex 7.28271 43.2244 14.5
      vertex 7.26125 43.1387 2
      vertex 7.26125 43.1387 14.5
    endloop
  endfacet
  facet normal 0.427867 -0.903842 0
    outer loop
      vertex 5.97574 44.1937 2
      vertex 6.05559 44.2315 14.5
      vertex 5.97574 44.1937 14.5
    endloop
  endfacet
  facet normal 0.427867 -0.903842 0
    outer loop
      vertex 6.05559 44.2315 14.5
      vertex 5.97574 44.1937 2
      vertex 6.05559 44.2315 2
    endloop
  endfacet
  facet normal 0.998797 -0.0490339 0
    outer loop
      vertex 5.5 43.4 14.5
      vertex 5.50433 43.4882 2
      vertex 5.50433 43.4882 14.5
    endloop
  endfacet
  facet normal 0.998797 -0.0490339 0
    outer loop
      vertex 5.50433 43.4882 2
      vertex 5.5 43.4 14.5
      vertex 5.5 43.4 2
    endloop
  endfacet
  facet normal -0.857543 -0.514412 0
    outer loop
      vertex 7.19373 43.8243 2
      vertex 7.14832 43.9 14.5
      vertex 7.14832 43.9 2
    endloop
  endfacet
  facet normal -0.857543 -0.514412 0
    outer loop
      vertex 7.14832 43.9 14.5
      vertex 7.19373 43.8243 2
      vertex 7.19373 43.8243 14.5
    endloop
  endfacet
  facet normal -0.243388 0.969929 0
    outer loop
      vertex 6.66126 42.5388 2
      vertex 6.57558 42.5173 14.5
      vertex 6.66126 42.5388 14.5
    endloop
  endfacet
  facet normal -0.243388 0.969929 0
    outer loop
      vertex 6.57558 42.5173 14.5
      vertex 6.66126 42.5388 2
      vertex 6.57558 42.5173 2
    endloop
  endfacet
  facet normal 0.970049 0.242908 0
    outer loop
      vertex 5.53875 43.1387 14.5
      vertex 5.51729 43.2244 2
      vertex 5.51729 43.2244 14.5
    endloop
  endfacet
  facet normal 0.970049 0.242908 0
    outer loop
      vertex 5.51729 43.2244 2
      vertex 5.53875 43.1387 14.5
      vertex 5.53875 43.1387 2
    endloop
  endfacet
  facet normal 0.514079 -0.857743 0
    outer loop
      vertex 5.89999 44.1483 2
      vertex 5.97574 44.1937 14.5
      vertex 5.89999 44.1483 14.5
    endloop
  endfacet
  facet normal 0.514079 -0.857743 0
    outer loop
      vertex 5.97574 44.1937 14.5
      vertex 5.89999 44.1483 2
      vertex 5.97574 44.1937 2
    endloop
  endfacet
  facet normal 0.514079 0.857743 -0
    outer loop
      vertex 5.97574 42.6063 2
      vertex 5.89999 42.6517 14.5
      vertex 5.97574 42.6063 14.5
    endloop
  endfacet
  facet normal 0.514079 0.857743 0
    outer loop
      vertex 5.89999 42.6517 14.5
      vertex 5.97574 42.6063 2
      vertex 5.89999 42.6517 2
    endloop
  endfacet
  facet normal 0.671432 0.741066 -0
    outer loop
      vertex 5.82905 42.7043 2
      vertex 5.7636 42.7636 14.5
      vertex 5.82905 42.7043 14.5
    endloop
  endfacet
  facet normal 0.671432 0.741066 0
    outer loop
      vertex 5.7636 42.7636 14.5
      vertex 5.82905 42.7043 2
      vertex 5.7636 42.7636 2
    endloop
  endfacet
  facet normal -0.336372 0.941729 0
    outer loop
      vertex 6.74441 42.5685 2
      vertex 6.66126 42.5388 14.5
      vertex 6.74441 42.5685 14.5
    endloop
  endfacet
  facet normal -0.336372 0.941729 0
    outer loop
      vertex 6.66126 42.5388 14.5
      vertex 6.74441 42.5685 2
      vertex 6.66126 42.5388 2
    endloop
  endfacet
  facet normal 0.740754 -0.671776 0
    outer loop
      vertex 5.70429 43.971 14.5
      vertex 5.7636 44.0364 2
      vertex 5.7636 44.0364 14.5
    endloop
  endfacet
  facet normal 0.740754 -0.671776 0
    outer loop
      vertex 5.7636 44.0364 2
      vertex 5.70429 43.971 14.5
      vertex 5.70429 43.971 2
    endloop
  endfacet
  facet normal -0.0486895 -0.998814 0
    outer loop
      vertex 6.4 44.3 2
      vertex 6.48821 44.2957 14.5
      vertex 6.4 44.3 14.5
    endloop
  endfacet
  facet normal -0.0486895 -0.998814 -0
    outer loop
      vertex 6.48821 44.2957 14.5
      vertex 6.4 44.3 2
      vertex 6.48821 44.2957 2
    endloop
  endfacet
  facet normal 0.998797 0.0490339 0
    outer loop
      vertex 5.50433 43.3118 14.5
      vertex 5.5 43.4 2
      vertex 5.5 43.4 14.5
    endloop
  endfacet
  facet normal 0.998797 0.0490339 0
    outer loop
      vertex 5.5 43.4 2
      vertex 5.50433 43.3118 14.5
      vertex 5.50433 43.3118 2
    endloop
  endfacet
  facet normal -0.740754 0.671776 0
    outer loop
      vertex 7.0364 42.7636 2
      vertex 7.09571 42.829 14.5
      vertex 7.09571 42.829 2
    endloop
  endfacet
  facet normal -0.740754 0.671776 0
    outer loop
      vertex 7.09571 42.829 14.5
      vertex 7.0364 42.7636 2
      vertex 7.0364 42.7636 14.5
    endloop
  endfacet
  facet normal -0.857543 0.514412 0
    outer loop
      vertex 7.14832 42.9 2
      vertex 7.19373 42.9757 14.5
      vertex 7.19373 42.9757 2
    endloop
  endfacet
  facet normal -0.857543 0.514412 0
    outer loop
      vertex 7.19373 42.9757 14.5
      vertex 7.14832 42.9 2
      vertex 7.14832 42.9 14.5
    endloop
  endfacet
  facet normal 0.941449 0.337154 0
    outer loop
      vertex 5.56851 43.0556 14.5
      vertex 5.53875 43.1387 2
      vertex 5.53875 43.1387 14.5
    endloop
  endfacet
  facet normal 0.941449 0.337154 0
    outer loop
      vertex 5.53875 43.1387 2
      vertex 5.56851 43.0556 14.5
      vertex 5.56851 43.0556 2
    endloop
  endfacet
  facet normal 0.595607 0.803276 -0
    outer loop
      vertex 5.89999 42.6517 2
      vertex 5.82905 42.7043 14.5
      vertex 5.89999 42.6517 14.5
    endloop
  endfacet
  facet normal 0.595607 0.803276 0
    outer loop
      vertex 5.82905 42.7043 14.5
      vertex 5.89999 42.6517 2
      vertex 5.82905 42.7043 2
    endloop
  endfacet
  facet normal 0.336372 0.941729 -0
    outer loop
      vertex 6.13874 42.5388 2
      vertex 6.05559 42.5685 14.5
      vertex 6.13874 42.5388 14.5
    endloop
  endfacet
  facet normal 0.336372 0.941729 0
    outer loop
      vertex 6.05559 42.5685 14.5
      vertex 6.13874 42.5388 2
      vertex 6.05559 42.5685 2
    endloop
  endfacet
  facet normal 0.941449 -0.337154 0
    outer loop
      vertex 5.53875 43.6613 14.5
      vertex 5.56851 43.7444 2
      vertex 5.56851 43.7444 14.5
    endloop
  endfacet
  facet normal 0.941449 -0.337154 0
    outer loop
      vertex 5.56851 43.7444 2
      vertex 5.53875 43.6613 14.5
      vertex 5.53875 43.6613 2
    endloop
  endfacet
  facet normal 0.427867 0.903842 -0
    outer loop
      vertex 6.05559 42.5685 2
      vertex 5.97574 42.6063 14.5
      vertex 6.05559 42.5685 14.5
    endloop
  endfacet
  facet normal 0.427867 0.903842 0
    outer loop
      vertex 5.97574 42.6063 14.5
      vertex 6.05559 42.5685 2
      vertex 5.97574 42.6063 2
    endloop
  endfacet
  facet normal 0.857543 0.514412 0
    outer loop
      vertex 5.65168 42.9 14.5
      vertex 5.60627 42.9757 2
      vertex 5.60627 42.9757 14.5
    endloop
  endfacet
  facet normal 0.857543 0.514412 0
    outer loop
      vertex 5.60627 42.9757 2
      vertex 5.65168 42.9 14.5
      vertex 5.65168 42.9 2
    endloop
  endfacet
  facet normal -0.147172 -0.989111 0
    outer loop
      vertex 6.48821 44.2957 2
      vertex 6.57558 44.2827 14.5
      vertex 6.48821 44.2957 14.5
    endloop
  endfacet
  facet normal -0.147172 -0.989111 -0
    outer loop
      vertex 6.57558 44.2827 14.5
      vertex 6.48821 44.2957 2
      vertex 6.57558 44.2827 2
    endloop
  endfacet
  facet normal 0.857543 -0.514412 0
    outer loop
      vertex 5.60627 43.8243 14.5
      vertex 5.65168 43.9 2
      vertex 5.65168 43.9 14.5
    endloop
  endfacet
  facet normal 0.857543 -0.514412 0
    outer loop
      vertex 5.65168 43.9 2
      vertex 5.60627 43.8243 14.5
      vertex 5.60627 43.8243 2
    endloop
  endfacet
  facet normal 0.989172 0.14676 0
    outer loop
      vertex 64.8831 43.7431 14.5
      vertex 64.8327 44.0828 2
      vertex 64.8327 44.0828 14.5
    endloop
  endfacet
  facet normal 0.989172 0.14676 0
    outer loop
      vertex 64.8327 44.0828 2
      vertex 64.8831 43.7431 14.5
      vertex 64.8831 43.7431 2
    endloop
  endfacet
  facet normal 0.998789 0.0491971 0
    outer loop
      vertex 64.9 43.4 14.5
      vertex 64.8831 43.7431 2
      vertex 64.8831 43.7431 14.5
    endloop
  endfacet
  facet normal 0.998789 0.0491971 0
    outer loop
      vertex 64.8831 43.7431 2
      vertex 64.9 43.4 14.5
      vertex 64.9 43.4 2
    endloop
  endfacet
  facet normal 0.970074 0.24281 0
    outer loop
      vertex 64.8327 44.0828 14.5
      vertex 64.7493 44.416 2
      vertex 64.7493 44.416 14.5
    endloop
  endfacet
  facet normal 0.970074 0.24281 0
    outer loop
      vertex 64.7493 44.416 2
      vertex 64.8327 44.0828 14.5
      vertex 64.8327 44.0828 2
    endloop
  endfacet
  facet normal 0.595659 -0.803237 0
    outer loop
      vertex 63.3445 40.4899 2
      vertex 63.6204 40.6945 14.5
      vertex 63.3445 40.4899 14.5
    endloop
  endfacet
  facet normal 0.595659 -0.803237 0
    outer loop
      vertex 63.6204 40.6945 14.5
      vertex 63.3445 40.4899 2
      vertex 63.6204 40.6945 2
    endloop
  endfacet
  facet normal 0.427661 -0.903939 0
    outer loop
      vertex 62.7394 40.1664 2
      vertex 63.0499 40.3133 14.5
      vertex 62.7394 40.1664 14.5
    endloop
  endfacet
  facet normal 0.427661 -0.903939 0
    outer loop
      vertex 63.0499 40.3133 14.5
      vertex 62.7394 40.1664 2
      vertex 63.0499 40.3133 2
    endloop
  endfacet
  facet normal -0.671454 -0.741046 0
    outer loop
      vertex 58.9251 40.9251 2
      vertex 59.1796 40.6945 14.5
      vertex 58.9251 40.9251 14.5
    endloop
  endfacet
  facet normal -0.671454 -0.741046 -0
    outer loop
      vertex 59.1796 40.6945 14.5
      vertex 58.9251 40.9251 2
      vertex 59.1796 40.6945 2
    endloop
  endfacet
  facet normal 0.514153 0.857698 -0
    outer loop
      vertex 63.3445 46.3101 2
      vertex 63.0499 46.4867 14.5
      vertex 63.3445 46.3101 14.5
    endloop
  endfacet
  facet normal 0.514153 0.857698 0
    outer loop
      vertex 63.0499 46.4867 14.5
      vertex 63.3445 46.3101 2
      vertex 63.0499 46.4867 2
    endloop
  endfacet
  facet normal -0.14676 -0.989172 0
    outer loop
      vertex 60.7172 39.9673 2
      vertex 61.0569 39.9169 14.5
      vertex 60.7172 39.9673 14.5
    endloop
  endfacet
  facet normal -0.14676 -0.989172 -0
    outer loop
      vertex 61.0569 39.9169 14.5
      vertex 60.7172 39.9673 2
      vertex 61.0569 39.9169 2
    endloop
  endfacet
  facet normal -0.24281 0.970074 0
    outer loop
      vertex 60.7172 46.8327 2
      vertex 60.384 46.7493 14.5
      vertex 60.7172 46.8327 14.5
    endloop
  endfacet
  facet normal -0.24281 0.970074 0
    outer loop
      vertex 60.384 46.7493 14.5
      vertex 60.7172 46.8327 2
      vertex 60.384 46.7493 2
    endloop
  endfacet
  facet normal 0.741046 0.671454 0
    outer loop
      vertex 64.1055 45.6204 14.5
      vertex 63.8749 45.8749 2
      vertex 63.8749 45.8749 14.5
    endloop
  endfacet
  facet normal 0.741046 0.671454 0
    outer loop
      vertex 63.8749 45.8749 2
      vertex 64.1055 45.6204 14.5
      vertex 64.1055 45.6204 2
    endloop
  endfacet
  facet normal -0.970074 -0.24281 0
    outer loop
      vertex 58.0507 42.384 2
      vertex 57.9673 42.7172 14.5
      vertex 57.9673 42.7172 2
    endloop
  endfacet
  facet normal -0.970074 -0.24281 0
    outer loop
      vertex 57.9673 42.7172 14.5
      vertex 58.0507 42.384 2
      vertex 58.0507 42.384 14.5
    endloop
  endfacet
  facet normal 0.857698 0.514153 0
    outer loop
      vertex 64.4867 45.0499 14.5
      vertex 64.3101 45.3445 2
      vertex 64.3101 45.3445 14.5
    endloop
  endfacet
  facet normal 0.857698 0.514153 0
    outer loop
      vertex 64.3101 45.3445 2
      vertex 64.4867 45.0499 14.5
      vertex 64.4867 45.0499 2
    endloop
  endfacet
  facet normal 0.671454 0.741046 -0
    outer loop
      vertex 63.8749 45.8749 2
      vertex 63.6204 46.1055 14.5
      vertex 63.8749 45.8749 14.5
    endloop
  endfacet
  facet normal 0.671454 0.741046 0
    outer loop
      vertex 63.6204 46.1055 14.5
      vertex 63.8749 45.8749 2
      vertex 63.6204 46.1055 2
    endloop
  endfacet
  facet normal -0.941557 -0.336853 0
    outer loop
      vertex 58.1664 42.0606 2
      vertex 58.0507 42.384 14.5
      vertex 58.0507 42.384 2
    endloop
  endfacet
  facet normal -0.941557 -0.336853 0
    outer loop
      vertex 58.0507 42.384 14.5
      vertex 58.1664 42.0606 2
      vertex 58.1664 42.0606 14.5
    endloop
  endfacet
  facet normal 0.336853 -0.941557 0
    outer loop
      vertex 62.416 40.0507 2
      vertex 62.7394 40.1664 14.5
      vertex 62.416 40.0507 14.5
    endloop
  endfacet
  facet normal 0.336853 -0.941557 0
    outer loop
      vertex 62.7394 40.1664 14.5
      vertex 62.416 40.0507 2
      vertex 62.7394 40.1664 2
    endloop
  endfacet
  facet normal 0.941557 0.336853 0
    outer loop
      vertex 64.7493 44.416 14.5
      vertex 64.6336 44.7394 2
      vertex 64.6336 44.7394 14.5
    endloop
  endfacet
  facet normal 0.941557 0.336853 0
    outer loop
      vertex 64.6336 44.7394 2
      vertex 64.7493 44.416 14.5
      vertex 64.7493 44.416 2
    endloop
  endfacet
  facet normal -0.998789 -0.0491971 0
    outer loop
      vertex 57.9169 43.0569 2
      vertex 57.9 43.4 14.5
      vertex 57.9 43.4 2
    endloop
  endfacet
  facet normal -0.998789 -0.0491971 0
    outer loop
      vertex 57.9 43.4 14.5
      vertex 57.9169 43.0569 2
      vertex 57.9169 43.0569 14.5
    endloop
  endfacet
  facet normal -0.0491971 0.998789 0
    outer loop
      vertex 61.4 46.9 2
      vertex 61.0569 46.8831 14.5
      vertex 61.4 46.9 14.5
    endloop
  endfacet
  facet normal -0.0491971 0.998789 0
    outer loop
      vertex 61.0569 46.8831 14.5
      vertex 61.4 46.9 2
      vertex 61.0569 46.8831 2
    endloop
  endfacet
  facet normal 0.903939 -0.427661 0
    outer loop
      vertex 64.4867 41.7501 14.5
      vertex 64.6336 42.0606 2
      vertex 64.6336 42.0606 14.5
    endloop
  endfacet
  facet normal 0.903939 -0.427661 0
    outer loop
      vertex 64.6336 42.0606 2
      vertex 64.4867 41.7501 14.5
      vertex 64.4867 41.7501 2
    endloop
  endfacet
  facet normal 0.595659 0.803237 -0
    outer loop
      vertex 63.6204 46.1055 2
      vertex 63.3445 46.3101 14.5
      vertex 63.6204 46.1055 14.5
    endloop
  endfacet
  facet normal 0.595659 0.803237 0
    outer loop
      vertex 63.3445 46.3101 14.5
      vertex 63.6204 46.1055 2
      vertex 63.3445 46.3101 2
    endloop
  endfacet
  facet normal 0.998789 -0.0491971 0
    outer loop
      vertex 64.8831 43.0569 14.5
      vertex 64.9 43.4 2
      vertex 64.9 43.4 14.5
    endloop
  endfacet
  facet normal 0.998789 -0.0491971 0
    outer loop
      vertex 64.9 43.4 2
      vertex 64.8831 43.0569 14.5
      vertex 64.8831 43.0569 2
    endloop
  endfacet
  facet normal -0.336853 -0.941557 0
    outer loop
      vertex 60.0606 40.1664 2
      vertex 60.384 40.0507 14.5
      vertex 60.0606 40.1664 14.5
    endloop
  endfacet
  facet normal -0.336853 -0.941557 -0
    outer loop
      vertex 60.384 40.0507 14.5
      vertex 60.0606 40.1664 2
      vertex 60.384 40.0507 2
    endloop
  endfacet
  facet normal -0.0491971 -0.998789 0
    outer loop
      vertex 61.0569 39.9169 2
      vertex 61.4 39.9 14.5
      vertex 61.0569 39.9169 14.5
    endloop
  endfacet
  facet normal -0.0491971 -0.998789 -0
    outer loop
      vertex 61.4 39.9 14.5
      vertex 61.0569 39.9169 2
      vertex 61.4 39.9 2
    endloop
  endfacet
  facet normal 0.0491971 -0.998789 0
    outer loop
      vertex 61.4 39.9 2
      vertex 61.7431 39.9169 14.5
      vertex 61.4 39.9 14.5
    endloop
  endfacet
  facet normal 0.0491971 -0.998789 0
    outer loop
      vertex 61.7431 39.9169 14.5
      vertex 61.4 39.9 2
      vertex 61.7431 39.9169 2
    endloop
  endfacet
  facet normal 0.803237 0.595659 0
    outer loop
      vertex 64.3101 45.3445 14.5
      vertex 64.1055 45.6204 2
      vertex 64.1055 45.6204 14.5
    endloop
  endfacet
  facet normal 0.803237 0.595659 0
    outer loop
      vertex 64.1055 45.6204 2
      vertex 64.3101 45.3445 14.5
      vertex 64.3101 45.3445 2
    endloop
  endfacet
  facet normal -0.671454 0.741046 0
    outer loop
      vertex 59.1796 46.1055 2
      vertex 58.9251 45.8749 14.5
      vertex 59.1796 46.1055 14.5
    endloop
  endfacet
  facet normal -0.671454 0.741046 0
    outer loop
      vertex 58.9251 45.8749 14.5
      vertex 59.1796 46.1055 2
      vertex 58.9251 45.8749 2
    endloop
  endfacet
  facet normal 0.14676 0.989172 -0
    outer loop
      vertex 62.0828 46.8327 2
      vertex 61.7431 46.8831 14.5
      vertex 62.0828 46.8327 14.5
    endloop
  endfacet
  facet normal 0.14676 0.989172 0
    outer loop
      vertex 61.7431 46.8831 14.5
      vertex 62.0828 46.8327 2
      vertex 61.7431 46.8831 2
    endloop
  endfacet
  facet normal 0.14676 -0.989172 0
    outer loop
      vertex 61.7431 39.9169 2
      vertex 62.0828 39.9673 14.5
      vertex 61.7431 39.9169 14.5
    endloop
  endfacet
  facet normal 0.14676 -0.989172 0
    outer loop
      vertex 62.0828 39.9673 14.5
      vertex 61.7431 39.9169 2
      vertex 62.0828 39.9673 2
    endloop
  endfacet
  facet normal 0.427661 0.903939 -0
    outer loop
      vertex 63.0499 46.4867 2
      vertex 62.7394 46.6336 14.5
      vertex 63.0499 46.4867 14.5
    endloop
  endfacet
  facet normal 0.427661 0.903939 0
    outer loop
      vertex 62.7394 46.6336 14.5
      vertex 63.0499 46.4867 2
      vertex 62.7394 46.6336 2
    endloop
  endfacet
  facet normal 0.941557 -0.336853 0
    outer loop
      vertex 64.6336 42.0606 14.5
      vertex 64.7493 42.384 2
      vertex 64.7493 42.384 14.5
    endloop
  endfacet
  facet normal 0.941557 -0.336853 0
    outer loop
      vertex 64.7493 42.384 2
      vertex 64.6336 42.0606 14.5
      vertex 64.6336 42.0606 2
    endloop
  endfacet
  facet normal 0.741046 -0.671454 0
    outer loop
      vertex 63.8749 40.9251 14.5
      vertex 64.1055 41.1796 2
      vertex 64.1055 41.1796 14.5
    endloop
  endfacet
  facet normal 0.741046 -0.671454 0
    outer loop
      vertex 64.1055 41.1796 2
      vertex 63.8749 40.9251 14.5
      vertex 63.8749 40.9251 2
    endloop
  endfacet
  facet normal -0.741046 0.671454 0
    outer loop
      vertex 58.6945 45.6204 2
      vertex 58.9251 45.8749 14.5
      vertex 58.9251 45.8749 2
    endloop
  endfacet
  facet normal -0.741046 0.671454 0
    outer loop
      vertex 58.9251 45.8749 14.5
      vertex 58.6945 45.6204 2
      vertex 58.6945 45.6204 14.5
    endloop
  endfacet
  facet normal -0.857698 0.514153 0
    outer loop
      vertex 58.3133 45.0499 2
      vertex 58.4899 45.3445 14.5
      vertex 58.4899 45.3445 2
    endloop
  endfacet
  facet normal -0.857698 0.514153 0
    outer loop
      vertex 58.4899 45.3445 14.5
      vertex 58.3133 45.0499 2
      vertex 58.3133 45.0499 14.5
    endloop
  endfacet
  facet normal 0.903939 0.427661 0
    outer loop
      vertex 64.6336 44.7394 14.5
      vertex 64.4867 45.0499 2
      vertex 64.4867 45.0499 14.5
    endloop
  endfacet
  facet normal 0.903939 0.427661 0
    outer loop
      vertex 64.4867 45.0499 2
      vertex 64.6336 44.7394 14.5
      vertex 64.6336 44.7394 2
    endloop
  endfacet
  facet normal -0.514153 0.857698 0
    outer loop
      vertex 59.7501 46.4867 2
      vertex 59.4555 46.3101 14.5
      vertex 59.7501 46.4867 14.5
    endloop
  endfacet
  facet normal -0.514153 0.857698 0
    outer loop
      vertex 59.4555 46.3101 14.5
      vertex 59.7501 46.4867 2
      vertex 59.4555 46.3101 2
    endloop
  endfacet
  facet normal 0.989172 -0.14676 0
    outer loop
      vertex 64.8327 42.7172 14.5
      vertex 64.8831 43.0569 2
      vertex 64.8831 43.0569 14.5
    endloop
  endfacet
  facet normal 0.989172 -0.14676 0
    outer loop
      vertex 64.8831 43.0569 2
      vertex 64.8327 42.7172 14.5
      vertex 64.8327 42.7172 2
    endloop
  endfacet
  facet normal 0.514153 -0.857698 0
    outer loop
      vertex 63.0499 40.3133 2
      vertex 63.3445 40.4899 14.5
      vertex 63.0499 40.3133 14.5
    endloop
  endfacet
  facet normal 0.514153 -0.857698 0
    outer loop
      vertex 63.3445 40.4899 14.5
      vertex 63.0499 40.3133 2
      vertex 63.3445 40.4899 2
    endloop
  endfacet
  facet normal -0.941557 0.336853 0
    outer loop
      vertex 58.0507 44.416 2
      vertex 58.1664 44.7394 14.5
      vertex 58.1664 44.7394 2
    endloop
  endfacet
  facet normal -0.941557 0.336853 0
    outer loop
      vertex 58.1664 44.7394 14.5
      vertex 58.0507 44.416 2
      vertex 58.0507 44.416 14.5
    endloop
  endfacet
  facet normal 0.336853 0.941557 -0
    outer loop
      vertex 62.7394 46.6336 2
      vertex 62.416 46.7493 14.5
      vertex 62.7394 46.6336 14.5
    endloop
  endfacet
  facet normal 0.336853 0.941557 0
    outer loop
      vertex 62.416 46.7493 14.5
      vertex 62.7394 46.6336 2
      vertex 62.416 46.7493 2
    endloop
  endfacet
  facet normal 0.24281 0.970074 -0
    outer loop
      vertex 62.416 46.7493 2
      vertex 62.0828 46.8327 14.5
      vertex 62.416 46.7493 14.5
    endloop
  endfacet
  facet normal 0.24281 0.970074 0
    outer loop
      vertex 62.0828 46.8327 14.5
      vertex 62.416 46.7493 2
      vertex 62.0828 46.8327 2
    endloop
  endfacet
  facet normal -0.427661 0.903939 0
    outer loop
      vertex 60.0606 46.6336 2
      vertex 59.7501 46.4867 14.5
      vertex 60.0606 46.6336 14.5
    endloop
  endfacet
  facet normal -0.427661 0.903939 0
    outer loop
      vertex 59.7501 46.4867 14.5
      vertex 60.0606 46.6336 2
      vertex 59.7501 46.4867 2
    endloop
  endfacet
  facet normal -0.595659 0.803237 0
    outer loop
      vertex 59.4555 46.3101 2
      vertex 59.1796 46.1055 14.5
      vertex 59.4555 46.3101 14.5
    endloop
  endfacet
  facet normal -0.595659 0.803237 0
    outer loop
      vertex 59.1796 46.1055 14.5
      vertex 59.4555 46.3101 2
      vertex 59.1796 46.1055 2
    endloop
  endfacet
  facet normal -0.14676 0.989172 0
    outer loop
      vertex 61.0569 46.8831 2
      vertex 60.7172 46.8327 14.5
      vertex 61.0569 46.8831 14.5
    endloop
  endfacet
  facet normal -0.14676 0.989172 0
    outer loop
      vertex 60.7172 46.8327 14.5
      vertex 61.0569 46.8831 2
      vertex 60.7172 46.8327 2
    endloop
  endfacet
  facet normal 0.24281 -0.970074 0
    outer loop
      vertex 62.0828 39.9673 2
      vertex 62.416 40.0507 14.5
      vertex 62.0828 39.9673 14.5
    endloop
  endfacet
  facet normal 0.24281 -0.970074 0
    outer loop
      vertex 62.416 40.0507 14.5
      vertex 62.0828 39.9673 2
      vertex 62.416 40.0507 2
    endloop
  endfacet
  facet normal -0.595659 -0.803237 0
    outer loop
      vertex 59.1796 40.6945 2
      vertex 59.4555 40.4899 14.5
      vertex 59.1796 40.6945 14.5
    endloop
  endfacet
  facet normal -0.595659 -0.803237 -0
    outer loop
      vertex 59.4555 40.4899 14.5
      vertex 59.1796 40.6945 2
      vertex 59.4555 40.4899 2
    endloop
  endfacet
  facet normal -0.903939 -0.427661 0
    outer loop
      vertex 58.3133 41.7501 2
      vertex 58.1664 42.0606 14.5
      vertex 58.1664 42.0606 2
    endloop
  endfacet
  facet normal -0.903939 -0.427661 0
    outer loop
      vertex 58.1664 42.0606 14.5
      vertex 58.3133 41.7501 2
      vertex 58.3133 41.7501 14.5
    endloop
  endfacet
  facet normal -0.970074 0.24281 0
    outer loop
      vertex 57.9673 44.0828 2
      vertex 58.0507 44.416 14.5
      vertex 58.0507 44.416 2
    endloop
  endfacet
  facet normal -0.970074 0.24281 0
    outer loop
      vertex 58.0507 44.416 14.5
      vertex 57.9673 44.0828 2
      vertex 57.9673 44.0828 14.5
    endloop
  endfacet
  facet normal -0.741046 -0.671454 0
    outer loop
      vertex 58.9251 40.9251 2
      vertex 58.6945 41.1796 14.5
      vertex 58.6945 41.1796 2
    endloop
  endfacet
  facet normal -0.741046 -0.671454 0
    outer loop
      vertex 58.6945 41.1796 14.5
      vertex 58.9251 40.9251 2
      vertex 58.9251 40.9251 14.5
    endloop
  endfacet
  facet normal -0.336853 0.941557 0
    outer loop
      vertex 60.384 46.7493 2
      vertex 60.0606 46.6336 14.5
      vertex 60.384 46.7493 14.5
    endloop
  endfacet
  facet normal -0.336853 0.941557 0
    outer loop
      vertex 60.0606 46.6336 14.5
      vertex 60.384 46.7493 2
      vertex 60.0606 46.6336 2
    endloop
  endfacet
  facet normal -0.989172 0.14676 0
    outer loop
      vertex 57.9169 43.7431 2
      vertex 57.9673 44.0828 14.5
      vertex 57.9673 44.0828 2
    endloop
  endfacet
  facet normal -0.989172 0.14676 0
    outer loop
      vertex 57.9673 44.0828 14.5
      vertex 57.9169 43.7431 2
      vertex 57.9169 43.7431 14.5
    endloop
  endfacet
  facet normal -0.998789 0.0491971 0
    outer loop
      vertex 57.9 43.4 2
      vertex 57.9169 43.7431 14.5
      vertex 57.9169 43.7431 2
    endloop
  endfacet
  facet normal -0.998789 0.0491971 0
    outer loop
      vertex 57.9169 43.7431 14.5
      vertex 57.9 43.4 2
      vertex 57.9 43.4 14.5
    endloop
  endfacet
  facet normal -0.989172 -0.14676 0
    outer loop
      vertex 57.9673 42.7172 2
      vertex 57.9169 43.0569 14.5
      vertex 57.9169 43.0569 2
    endloop
  endfacet
  facet normal -0.989172 -0.14676 0
    outer loop
      vertex 57.9169 43.0569 14.5
      vertex 57.9673 42.7172 2
      vertex 57.9673 42.7172 14.5
    endloop
  endfacet
  facet normal -0.803237 0.595659 0
    outer loop
      vertex 58.4899 45.3445 2
      vertex 58.6945 45.6204 14.5
      vertex 58.6945 45.6204 2
    endloop
  endfacet
  facet normal -0.803237 0.595659 0
    outer loop
      vertex 58.6945 45.6204 14.5
      vertex 58.4899 45.3445 2
      vertex 58.4899 45.3445 14.5
    endloop
  endfacet
  facet normal 0.970074 -0.24281 0
    outer loop
      vertex 64.7493 42.384 14.5
      vertex 64.8327 42.7172 2
      vertex 64.8327 42.7172 14.5
    endloop
  endfacet
  facet normal 0.970074 -0.24281 0
    outer loop
      vertex 64.8327 42.7172 2
      vertex 64.7493 42.384 14.5
      vertex 64.7493 42.384 2
    endloop
  endfacet
  facet normal -0.803237 -0.595659 0
    outer loop
      vertex 58.6945 41.1796 2
      vertex 58.4899 41.4555 14.5
      vertex 58.4899 41.4555 2
    endloop
  endfacet
  facet normal -0.803237 -0.595659 0
    outer loop
      vertex 58.4899 41.4555 14.5
      vertex 58.6945 41.1796 2
      vertex 58.6945 41.1796 14.5
    endloop
  endfacet
  facet normal 0.0491971 0.998789 -0
    outer loop
      vertex 61.7431 46.8831 2
      vertex 61.4 46.9 14.5
      vertex 61.7431 46.8831 14.5
    endloop
  endfacet
  facet normal 0.0491971 0.998789 0
    outer loop
      vertex 61.4 46.9 14.5
      vertex 61.7431 46.8831 2
      vertex 61.4 46.9 2
    endloop
  endfacet
  facet normal -0.514153 -0.857698 0
    outer loop
      vertex 59.4555 40.4899 2
      vertex 59.7501 40.3133 14.5
      vertex 59.4555 40.4899 14.5
    endloop
  endfacet
  facet normal -0.514153 -0.857698 -0
    outer loop
      vertex 59.7501 40.3133 14.5
      vertex 59.4555 40.4899 2
      vertex 59.7501 40.3133 2
    endloop
  endfacet
  facet normal 0.857698 -0.514153 0
    outer loop
      vertex 64.3101 41.4555 14.5
      vertex 64.4867 41.7501 2
      vertex 64.4867 41.7501 14.5
    endloop
  endfacet
  facet normal 0.857698 -0.514153 0
    outer loop
      vertex 64.4867 41.7501 2
      vertex 64.3101 41.4555 14.5
      vertex 64.3101 41.4555 2
    endloop
  endfacet
  facet normal -0.427661 -0.903939 0
    outer loop
      vertex 59.7501 40.3133 2
      vertex 60.0606 40.1664 14.5
      vertex 59.7501 40.3133 14.5
    endloop
  endfacet
  facet normal -0.427661 -0.903939 -0
    outer loop
      vertex 60.0606 40.1664 14.5
      vertex 59.7501 40.3133 2
      vertex 60.0606 40.1664 2
    endloop
  endfacet
  facet normal 0.803237 -0.595659 0
    outer loop
      vertex 64.1055 41.1796 14.5
      vertex 64.3101 41.4555 2
      vertex 64.3101 41.4555 14.5
    endloop
  endfacet
  facet normal 0.803237 -0.595659 0
    outer loop
      vertex 64.3101 41.4555 2
      vertex 64.1055 41.1796 14.5
      vertex 64.1055 41.1796 2
    endloop
  endfacet
  facet normal -0.24281 -0.970074 0
    outer loop
      vertex 60.384 40.0507 2
      vertex 60.7172 39.9673 14.5
      vertex 60.384 40.0507 14.5
    endloop
  endfacet
  facet normal -0.24281 -0.970074 -0
    outer loop
      vertex 60.7172 39.9673 14.5
      vertex 60.384 40.0507 2
      vertex 60.7172 39.9673 2
    endloop
  endfacet
  facet normal -0.857698 -0.514153 0
    outer loop
      vertex 58.4899 41.4555 2
      vertex 58.3133 41.7501 14.5
      vertex 58.3133 41.7501 2
    endloop
  endfacet
  facet normal -0.857698 -0.514153 0
    outer loop
      vertex 58.3133 41.7501 14.5
      vertex 58.4899 41.4555 2
      vertex 58.4899 41.4555 14.5
    endloop
  endfacet
  facet normal -0.903939 0.427661 0
    outer loop
      vertex 58.1664 44.7394 2
      vertex 58.3133 45.0499 14.5
      vertex 58.3133 45.0499 2
    endloop
  endfacet
  facet normal -0.903939 0.427661 0
    outer loop
      vertex 58.3133 45.0499 14.5
      vertex 58.1664 44.7394 2
      vertex 58.1664 44.7394 14.5
    endloop
  endfacet
  facet normal 0.671454 -0.741046 0
    outer loop
      vertex 63.6204 40.6945 2
      vertex 63.8749 40.9251 14.5
      vertex 63.6204 40.6945 14.5
    endloop
  endfacet
  facet normal 0.671454 -0.741046 0
    outer loop
      vertex 63.8749 40.9251 14.5
      vertex 63.6204 40.6945 2
      vertex 63.8749 40.9251 2
    endloop
  endfacet
  facet normal 0 0 1
    outer loop
      vertex 62.3 43.4 14.5
      vertex 64.9 43.4 14.5
      vertex 64.8831 43.7431 14.5
    endloop
  endfacet
  facet normal 0 0 1
    outer loop
      vertex 62.2957 43.4882 14.5
      vertex 64.8831 43.7431 14.5
      vertex 64.8327 44.0828 14.5
    endloop
  endfacet
  facet normal 0 0 1
    outer loop
      vertex 64.9 43.4 14.5
      vertex 62.3 43.4 14.5
      vertex 64.8831 43.0569 14.5
    endloop
  endfacet
  facet normal 0 0 1
    outer loop
      vertex 62.2827 43.5756 14.5
      vertex 64.8327 44.0828 14.5
      vertex 64.7493 44.416 14.5
    endloop
  endfacet
  facet normal -0 0 1
    outer loop
      vertex 62.2957 43.3118 14.5
      vertex 64.8831 43.0569 14.5
      vertex 62.3 43.4 14.5
    endloop
  endfacet
  facet normal 0 0 1
    outer loop
      vertex 62.2612 43.6613 14.5
      vertex 64.7493 44.416 14.5
      vertex 64.6336 44.7394 14.5
    endloop
  endfacet
  facet normal 0 0 1
    outer loop
      vertex 64.8831 43.0569 14.5
      vertex 62.2957 43.3118 14.5
      vertex 64.8327 42.7172 14.5
    endloop
  endfacet
  facet normal 0 0 1
    outer loop
      vertex 62.2315 43.7444 14.5
      vertex 64.6336 44.7394 14.5
      vertex 64.4867 45.0499 14.5
    endloop
  endfacet
  facet normal -0 0 1
    outer loop
      vertex 62.2827 43.2244 14.5
      vertex 64.8327 42.7172 14.5
      vertex 62.2957 43.3118 14.5
    endloop
  endfacet
  facet normal 0 0 1
    outer loop
      vertex 62.1937 43.8243 14.5
      vertex 64.4867 45.0499 14.5
      vertex 64.3101 45.3445 14.5
    endloop
  endfacet
  facet normal 0 0 1
    outer loop
      vertex 64.8327 42.7172 14.5
      vertex 62.2827 43.2244 14.5
      vertex 64.7493 42.384 14.5
    endloop
  endfacet
  facet normal 0 0 1
    outer loop
      vertex 62.1483 43.9 14.5
      vertex 64.3101 45.3445 14.5
      vertex 64.1055 45.6204 14.5
    endloop
  endfacet
  facet normal -0 0 1
    outer loop
      vertex 62.2612 43.1387 14.5
      vertex 64.7493 42.384 14.5
      vertex 62.2827 43.2244 14.5
    endloop
  endfacet
  facet normal 0 0 1
    outer loop
      vertex 62.0957 43.971 14.5
      vertex 64.1055 45.6204 14.5
      vertex 63.8749 45.8749 14.5
    endloop
  endfacet
  facet normal 0 0 1
    outer loop
      vertex 64.7493 42.384 14.5
      vertex 62.2612 43.1387 14.5
      vertex 64.6336 42.0606 14.5
    endloop
  endfacet
  facet normal 0 0 1
    outer loop
      vertex 62.0364 44.0364 14.5
      vertex 63.8749 45.8749 14.5
      vertex 63.6204 46.1055 14.5
    endloop
  endfacet
  facet normal -0 0 1
    outer loop
      vertex 62.2315 43.0556 14.5
      vertex 64.6336 42.0606 14.5
      vertex 62.2612 43.1387 14.5
    endloop
  endfacet
  facet normal 0 0 1
    outer loop
      vertex 61.971 44.0957 14.5
      vertex 63.6204 46.1055 14.5
      vertex 63.3445 46.3101 14.5
    endloop
  endfacet
  facet normal 0 0 1
    outer loop
      vertex 64.6336 42.0606 14.5
      vertex 62.2315 43.0556 14.5
      vertex 64.4867 41.7501 14.5
    endloop
  endfacet
  facet normal 0 0 1
    outer loop
      vertex 61.9 44.1483 14.5
      vertex 63.3445 46.3101 14.5
      vertex 63.0499 46.4867 14.5
    endloop
  endfacet
  facet normal -0 0 1
    outer loop
      vertex 62.1937 42.9757 14.5
      vertex 64.4867 41.7501 14.5
      vertex 62.2315 43.0556 14.5
    endloop
  endfacet
  facet normal 0 0 1
    outer loop
      vertex 61.8243 44.1937 14.5
      vertex 63.0499 46.4867 14.5
      vertex 62.7394 46.6336 14.5
    endloop
  endfacet
  facet normal 0 0 1
    outer loop
      vertex 64.4867 41.7501 14.5
      vertex 62.1937 42.9757 14.5
      vertex 64.3101 41.4555 14.5
    endloop
  endfacet
  facet normal 0 0 1
    outer loop
      vertex 61.7444 44.2315 14.5
      vertex 62.7394 46.6336 14.5
      vertex 62.416 46.7493 14.5
    endloop
  endfacet
  facet normal -0 0 1
    outer loop
      vertex 62.1483 42.9 14.5
      vertex 64.3101 41.4555 14.5
      vertex 62.1937 42.9757 14.5
    endloop
  endfacet
  facet normal 0 0 1
    outer loop
      vertex 64.3101 41.4555 14.5
      vertex 62.1483 42.9 14.5
      vertex 64.1055 41.1796 14.5
    endloop
  endfacet
  facet normal 0 0 1
    outer loop
      vertex 64.8831 43.7431 14.5
      vertex 62.2957 43.4882 14.5
      vertex 62.3 43.4 14.5
    endloop
  endfacet
  facet normal 0 0 1
    outer loop
      vertex 64.8327 44.0828 14.5
      vertex 62.2827 43.5756 14.5
      vertex 62.2957 43.4882 14.5
    endloop
  endfacet
  facet normal 0 0 1
    outer loop
      vertex 64.7493 44.416 14.5
      vertex 62.2612 43.6613 14.5
      vertex 62.2827 43.5756 14.5
    endloop
  endfacet
  facet normal 0 0 1
    outer loop
      vertex 64.6336 44.7394 14.5
      vertex 62.2315 43.7444 14.5
      vertex 62.2612 43.6613 14.5
    endloop
  endfacet
  facet normal 0 0 1
    outer loop
      vertex 64.4867 45.0499 14.5
      vertex 62.1937 43.8243 14.5
      vertex 62.2315 43.7444 14.5
    endloop
  endfacet
  facet normal 0 0 1
    outer loop
      vertex 64.3101 45.3445 14.5
      vertex 62.1483 43.9 14.5
      vertex 62.1937 43.8243 14.5
    endloop
  endfacet
  facet normal 0 0 1
    outer loop
      vertex 64.1055 45.6204 14.5
      vertex 62.0957 43.971 14.5
      vertex 62.1483 43.9 14.5
    endloop
  endfacet
  facet normal 0 0 1
    outer loop
      vertex 61.6613 44.2612 14.5
      vertex 62.416 46.7493 14.5
      vertex 62.0828 46.8327 14.5
    endloop
  endfacet
  facet normal 0 0 1
    outer loop
      vertex 63.8749 45.8749 14.5
      vertex 62.0364 44.0364 14.5
      vertex 62.0957 43.971 14.5
    endloop
  endfacet
  facet normal 0 0 1
    outer loop
      vertex 63.6204 46.1055 14.5
      vertex 61.971 44.0957 14.5
      vertex 62.0364 44.0364 14.5
    endloop
  endfacet
  facet normal 0 0 1
    outer loop
      vertex 63.3445 46.3101 14.5
      vertex 61.9 44.1483 14.5
      vertex 61.971 44.0957 14.5
    endloop
  endfacet
  facet normal 0 0 1
    outer loop
      vertex 63.0499 46.4867 14.5
      vertex 61.8243 44.1937 14.5
      vertex 61.9 44.1483 14.5
    endloop
  endfacet
  facet normal 0 0 1
    outer loop
      vertex 62.7394 46.6336 14.5
      vertex 61.7444 44.2315 14.5
      vertex 61.8243 44.1937 14.5
    endloop
  endfacet
  facet normal 0 0 1
    outer loop
      vertex 61.5756 44.2827 14.5
      vertex 62.0828 46.8327 14.5
      vertex 61.7431 46.8831 14.5
    endloop
  endfacet
  facet normal 0 0 1
    outer loop
      vertex 62.416 46.7493 14.5
      vertex 61.6613 44.2612 14.5
      vertex 61.7444 44.2315 14.5
    endloop
  endfacet
  facet normal 0 0 1
    outer loop
      vertex 62.0828 46.8327 14.5
      vertex 61.5756 44.2827 14.5
      vertex 61.6613 44.2612 14.5
    endloop
  endfacet
  facet normal 0 0 1
    outer loop
      vertex 61.7431 46.8831 14.5
      vertex 61.4882 44.2957 14.5
      vertex 61.5756 44.2827 14.5
    endloop
  endfacet
  facet normal 0 0 1
    outer loop
      vertex 61.4 46.9 14.5
      vertex 61.4882 44.2957 14.5
      vertex 61.7431 46.8831 14.5
    endloop
  endfacet
  facet normal 0 0 1
    outer loop
      vertex 61.4 46.9 14.5
      vertex 61.4 44.3 14.5
      vertex 61.4882 44.2957 14.5
    endloop
  endfacet
  facet normal 0 0 1
    outer loop
      vertex 61.4 46.9 14.5
      vertex 61.3118 44.2957 14.5
      vertex 61.4 44.3 14.5
    endloop
  endfacet
  facet normal -0 0 1
    outer loop
      vertex 61.0569 46.8831 14.5
      vertex 61.3118 44.2957 14.5
      vertex 61.4 46.9 14.5
    endloop
  endfacet
  facet normal 0 0 1
    outer loop
      vertex 61.3118 44.2957 14.5
      vertex 61.0569 46.8831 14.5
      vertex 61.2244 44.2827 14.5
    endloop
  endfacet
  facet normal -0 0 1
    outer loop
      vertex 60.7172 46.8327 14.5
      vertex 61.2244 44.2827 14.5
      vertex 61.0569 46.8831 14.5
    endloop
  endfacet
  facet normal 0 0 1
    outer loop
      vertex 61.2244 44.2827 14.5
      vertex 60.7172 46.8327 14.5
      vertex 61.1387 44.2612 14.5
    endloop
  endfacet
  facet normal -0 0 1
    outer loop
      vertex 60.384 46.7493 14.5
      vertex 61.1387 44.2612 14.5
      vertex 60.7172 46.8327 14.5
    endloop
  endfacet
  facet normal 0 0 1
    outer loop
      vertex 61.1387 44.2612 14.5
      vertex 60.384 46.7493 14.5
      vertex 61.0556 44.2315 14.5
    endloop
  endfacet
  facet normal -0 0 1
    outer loop
      vertex 60.0606 46.6336 14.5
      vertex 61.0556 44.2315 14.5
      vertex 60.384 46.7493 14.5
    endloop
  endfacet
  facet normal 0 0 1
    outer loop
      vertex 61.0556 44.2315 14.5
      vertex 60.0606 46.6336 14.5
      vertex 60.9757 44.1937 14.5
    endloop
  endfacet
  facet normal -0 0 1
    outer loop
      vertex 59.7501 46.4867 14.5
      vertex 60.9757 44.1937 14.5
      vertex 60.0606 46.6336 14.5
    endloop
  endfacet
  facet normal 0 0 1
    outer loop
      vertex 60.9757 44.1937 14.5
      vertex 59.7501 46.4867 14.5
      vertex 60.9 44.1483 14.5
    endloop
  endfacet
  facet normal -0 0 1
    outer loop
      vertex 59.4555 46.3101 14.5
      vertex 60.9 44.1483 14.5
      vertex 59.7501 46.4867 14.5
    endloop
  endfacet
  facet normal 0 0 1
    outer loop
      vertex 60.9 44.1483 14.5
      vertex 59.4555 46.3101 14.5
      vertex 60.829 44.0957 14.5
    endloop
  endfacet
  facet normal -0 0 1
    outer loop
      vertex 59.1796 46.1055 14.5
      vertex 60.829 44.0957 14.5
      vertex 59.4555 46.3101 14.5
    endloop
  endfacet
  facet normal 0 0 1
    outer loop
      vertex 60.829 44.0957 14.5
      vertex 59.1796 46.1055 14.5
      vertex 60.7636 44.0364 14.5
    endloop
  endfacet
  facet normal -0 0 1
    outer loop
      vertex 58.9251 45.8749 14.5
      vertex 60.7636 44.0364 14.5
      vertex 59.1796 46.1055 14.5
    endloop
  endfacet
  facet normal 0 0 1
    outer loop
      vertex 60.7636 44.0364 14.5
      vertex 58.9251 45.8749 14.5
      vertex 60.7043 43.971 14.5
    endloop
  endfacet
  facet normal 0 0 1
    outer loop
      vertex 60.7043 43.971 14.5
      vertex 58.6945 45.6204 14.5
      vertex 60.6517 43.9 14.5
    endloop
  endfacet
  facet normal -0 0 1
    outer loop
      vertex 58.6945 45.6204 14.5
      vertex 60.7043 43.971 14.5
      vertex 58.9251 45.8749 14.5
    endloop
  endfacet
  facet normal -0 0 1
    outer loop
      vertex 62.0957 42.829 14.5
      vertex 64.1055 41.1796 14.5
      vertex 62.1483 42.9 14.5
    endloop
  endfacet
  facet normal 0 0 1
    outer loop
      vertex 64.1055 41.1796 14.5
      vertex 62.0957 42.829 14.5
      vertex 63.8749 40.9251 14.5
    endloop
  endfacet
  facet normal -0 0 1
    outer loop
      vertex 62.0364 42.7636 14.5
      vertex 63.8749 40.9251 14.5
      vertex 62.0957 42.829 14.5
    endloop
  endfacet
  facet normal 0 0 1
    outer loop
      vertex 63.8749 40.9251 14.5
      vertex 62.0364 42.7636 14.5
      vertex 63.6204 40.6945 14.5
    endloop
  endfacet
  facet normal -0 0 1
    outer loop
      vertex 61.971 42.7043 14.5
      vertex 63.6204 40.6945 14.5
      vertex 62.0364 42.7636 14.5
    endloop
  endfacet
  facet normal 0 0 1
    outer loop
      vertex 63.6204 40.6945 14.5
      vertex 61.971 42.7043 14.5
      vertex 63.3445 40.4899 14.5
    endloop
  endfacet
  facet normal -0 0 1
    outer loop
      vertex 61.9 42.6517 14.5
      vertex 63.3445 40.4899 14.5
      vertex 61.971 42.7043 14.5
    endloop
  endfacet
  facet normal 0 0 1
    outer loop
      vertex 63.3445 40.4899 14.5
      vertex 61.9 42.6517 14.5
      vertex 63.0499 40.3133 14.5
    endloop
  endfacet
  facet normal -0 0 1
    outer loop
      vertex 61.8243 42.6063 14.5
      vertex 63.0499 40.3133 14.5
      vertex 61.9 42.6517 14.5
    endloop
  endfacet
  facet normal 0 0 1
    outer loop
      vertex 63.0499 40.3133 14.5
      vertex 61.8243 42.6063 14.5
      vertex 62.7394 40.1664 14.5
    endloop
  endfacet
  facet normal -0 0 1
    outer loop
      vertex 61.7444 42.5685 14.5
      vertex 62.7394 40.1664 14.5
      vertex 61.8243 42.6063 14.5
    endloop
  endfacet
  facet normal 0 0 1
    outer loop
      vertex 62.7394 40.1664 14.5
      vertex 61.7444 42.5685 14.5
      vertex 62.416 40.0507 14.5
    endloop
  endfacet
  facet normal -0 0 1
    outer loop
      vertex 61.6613 42.5388 14.5
      vertex 62.416 40.0507 14.5
      vertex 61.7444 42.5685 14.5
    endloop
  endfacet
  facet normal 0 0 1
    outer loop
      vertex 62.416 40.0507 14.5
      vertex 61.6613 42.5388 14.5
      vertex 62.0828 39.9673 14.5
    endloop
  endfacet
  facet normal -0 0 1
    outer loop
      vertex 61.5756 42.5173 14.5
      vertex 62.0828 39.9673 14.5
      vertex 61.6613 42.5388 14.5
    endloop
  endfacet
  facet normal 0 0 1
    outer loop
      vertex 62.0828 39.9673 14.5
      vertex 61.5756 42.5173 14.5
      vertex 61.7431 39.9169 14.5
    endloop
  endfacet
  facet normal -0 0 1
    outer loop
      vertex 61.4882 42.5043 14.5
      vertex 61.7431 39.9169 14.5
      vertex 61.5756 42.5173 14.5
    endloop
  endfacet
  facet normal -0 0 1
    outer loop
      vertex 61.4 42.5 14.5
      vertex 61.7431 39.9169 14.5
      vertex 61.4882 42.5043 14.5
    endloop
  endfacet
  facet normal 0 0 1
    outer loop
      vertex 61.4 42.5 14.5
      vertex 61.4 39.9 14.5
      vertex 61.7431 39.9169 14.5
    endloop
  endfacet
  facet normal 0 0 1
    outer loop
      vertex 61.3118 42.5043 14.5
      vertex 61.4 39.9 14.5
      vertex 61.4 42.5 14.5
    endloop
  endfacet
  facet normal 0 0 1
    outer loop
      vertex 61.0569 39.9169 14.5
      vertex 61.3118 42.5043 14.5
      vertex 61.2244 42.5173 14.5
    endloop
  endfacet
  facet normal 0 0 1
    outer loop
      vertex 60.7172 39.9673 14.5
      vertex 61.2244 42.5173 14.5
      vertex 61.1387 42.5388 14.5
    endloop
  endfacet
  facet normal 0 0 1
    outer loop
      vertex 61.3118 42.5043 14.5
      vertex 61.0569 39.9169 14.5
      vertex 61.4 39.9 14.5
    endloop
  endfacet
  facet normal 0 0 1
    outer loop
      vertex 60.384 40.0507 14.5
      vertex 61.1387 42.5388 14.5
      vertex 61.0556 42.5685 14.5
    endloop
  endfacet
  facet normal 0 0 1
    outer loop
      vertex 60.0606 40.1664 14.5
      vertex 61.0556 42.5685 14.5
      vertex 60.9757 42.6063 14.5
    endloop
  endfacet
  facet normal 0 0 1
    outer loop
      vertex 59.7501 40.3133 14.5
      vertex 60.9757 42.6063 14.5
      vertex 60.9 42.6517 14.5
    endloop
  endfacet
  facet normal 0 0 1
    outer loop
      vertex 59.4555 40.4899 14.5
      vertex 60.9 42.6517 14.5
      vertex 60.829 42.7043 14.5
    endloop
  endfacet
  facet normal 0 0 1
    outer loop
      vertex 59.1796 40.6945 14.5
      vertex 60.829 42.7043 14.5
      vertex 60.7636 42.7636 14.5
    endloop
  endfacet
  facet normal 0 0 1
    outer loop
      vertex 61.2244 42.5173 14.5
      vertex 60.7172 39.9673 14.5
      vertex 61.0569 39.9169 14.5
    endloop
  endfacet
  facet normal 0 0 1
    outer loop
      vertex 58.9251 40.9251 14.5
      vertex 60.7636 42.7636 14.5
      vertex 60.7043 42.829 14.5
    endloop
  endfacet
  facet normal 0 0 1
    outer loop
      vertex 58.6945 41.1796 14.5
      vertex 60.7043 42.829 14.5
      vertex 60.6517 42.9 14.5
    endloop
  endfacet
  facet normal 0 0 1
    outer loop
      vertex 58.4899 41.4555 14.5
      vertex 60.6517 42.9 14.5
      vertex 60.6063 42.9757 14.5
    endloop
  endfacet
  facet normal 0 0 1
    outer loop
      vertex 58.3133 41.7501 14.5
      vertex 60.6063 42.9757 14.5
      vertex 60.5685 43.0556 14.5
    endloop
  endfacet
  facet normal 0 0 1
    outer loop
      vertex 58.1664 42.0606 14.5
      vertex 60.5685 43.0556 14.5
      vertex 60.5388 43.1387 14.5
    endloop
  endfacet
  facet normal 0 0 1
    outer loop
      vertex 58.0507 42.384 14.5
      vertex 60.5388 43.1387 14.5
      vertex 60.5173 43.2244 14.5
    endloop
  endfacet
  facet normal 0 0 1
    outer loop
      vertex 57.9673 42.7172 14.5
      vertex 60.5173 43.2244 14.5
      vertex 60.5043 43.3118 14.5
    endloop
  endfacet
  facet normal 0 0 1
    outer loop
      vertex 61.1387 42.5388 14.5
      vertex 60.384 40.0507 14.5
      vertex 60.7172 39.9673 14.5
    endloop
  endfacet
  facet normal 0 0 1
    outer loop
      vertex 57.9169 43.0569 14.5
      vertex 60.5043 43.3118 14.5
      vertex 60.5 43.4 14.5
    endloop
  endfacet
  facet normal -0 0 1
    outer loop
      vertex 58.4899 45.3445 14.5
      vertex 60.6517 43.9 14.5
      vertex 58.6945 45.6204 14.5
    endloop
  endfacet
  facet normal 0 0 1
    outer loop
      vertex 60.6517 43.9 14.5
      vertex 58.4899 45.3445 14.5
      vertex 60.6063 43.8243 14.5
    endloop
  endfacet
  facet normal 0 0 1
    outer loop
      vertex 61.0556 42.5685 14.5
      vertex 60.0606 40.1664 14.5
      vertex 60.384 40.0507 14.5
    endloop
  endfacet
  facet normal -0 0 1
    outer loop
      vertex 58.3133 45.0499 14.5
      vertex 60.6063 43.8243 14.5
      vertex 58.4899 45.3445 14.5
    endloop
  endfacet
  facet normal 0 0 1
    outer loop
      vertex 60.9757 42.6063 14.5
      vertex 59.7501 40.3133 14.5
      vertex 60.0606 40.1664 14.5
    endloop
  endfacet
  facet normal 0 0 1
    outer loop
      vertex 60.6063 43.8243 14.5
      vertex 58.3133 45.0499 14.5
      vertex 60.5685 43.7444 14.5
    endloop
  endfacet
  facet normal 0 0 1
    outer loop
      vertex 60.9 42.6517 14.5
      vertex 59.4555 40.4899 14.5
      vertex 59.7501 40.3133 14.5
    endloop
  endfacet
  facet normal -0 0 1
    outer loop
      vertex 58.1664 44.7394 14.5
      vertex 60.5685 43.7444 14.5
      vertex 58.3133 45.0499 14.5
    endloop
  endfacet
  facet normal 0 0 1
    outer loop
      vertex 60.829 42.7043 14.5
      vertex 59.1796 40.6945 14.5
      vertex 59.4555 40.4899 14.5
    endloop
  endfacet
  facet normal 0 0 1
    outer loop
      vertex 60.5685 43.7444 14.5
      vertex 58.1664 44.7394 14.5
      vertex 60.5388 43.6613 14.5
    endloop
  endfacet
  facet normal 0 0 1
    outer loop
      vertex 60.7636 42.7636 14.5
      vertex 58.9251 40.9251 14.5
      vertex 59.1796 40.6945 14.5
    endloop
  endfacet
  facet normal -0 0 1
    outer loop
      vertex 58.0507 44.416 14.5
      vertex 60.5388 43.6613 14.5
      vertex 58.1664 44.7394 14.5
    endloop
  endfacet
  facet normal 0 0 1
    outer loop
      vertex 60.7043 42.829 14.5
      vertex 58.6945 41.1796 14.5
      vertex 58.9251 40.9251 14.5
    endloop
  endfacet
  facet normal 0 0 1
    outer loop
      vertex 60.5388 43.6613 14.5
      vertex 58.0507 44.416 14.5
      vertex 60.5173 43.5756 14.5
    endloop
  endfacet
  facet normal 0 0 1
    outer loop
      vertex 60.6517 42.9 14.5
      vertex 58.4899 41.4555 14.5
      vertex 58.6945 41.1796 14.5
    endloop
  endfacet
  facet normal -0 0 1
    outer loop
      vertex 57.9673 44.0828 14.5
      vertex 60.5173 43.5756 14.5
      vertex 58.0507 44.416 14.5
    endloop
  endfacet
  facet normal 0 0 1
    outer loop
      vertex 60.6063 42.9757 14.5
      vertex 58.3133 41.7501 14.5
      vertex 58.4899 41.4555 14.5
    endloop
  endfacet
  facet normal 0 0 1
    outer loop
      vertex 60.5173 43.5756 14.5
      vertex 57.9673 44.0828 14.5
      vertex 60.5043 43.4882 14.5
    endloop
  endfacet
  facet normal 0 0 1
    outer loop
      vertex 60.5685 43.0556 14.5
      vertex 58.1664 42.0606 14.5
      vertex 58.3133 41.7501 14.5
    endloop
  endfacet
  facet normal -0 0 1
    outer loop
      vertex 57.9169 43.7431 14.5
      vertex 60.5043 43.4882 14.5
      vertex 57.9673 44.0828 14.5
    endloop
  endfacet
  facet normal 0 0 1
    outer loop
      vertex 60.5388 43.1387 14.5
      vertex 58.0507 42.384 14.5
      vertex 58.1664 42.0606 14.5
    endloop
  endfacet
  facet normal 0 0 1
    outer loop
      vertex 60.5043 43.4882 14.5
      vertex 57.9169 43.7431 14.5
      vertex 60.5 43.4 14.5
    endloop
  endfacet
  facet normal 0 0 1
    outer loop
      vertex 60.5173 43.2244 14.5
      vertex 57.9673 42.7172 14.5
      vertex 58.0507 42.384 14.5
    endloop
  endfacet
  facet normal 0 0 1
    outer loop
      vertex 57.9 43.4 14.5
      vertex 60.5 43.4 14.5
      vertex 57.9169 43.7431 14.5
    endloop
  endfacet
  facet normal 0 0 1
    outer loop
      vertex 60.5043 43.3118 14.5
      vertex 57.9169 43.0569 14.5
      vertex 57.9673 42.7172 14.5
    endloop
  endfacet
  facet normal 0 0 1
    outer loop
      vertex 60.5 43.4 14.5
      vertex 57.9 43.4 14.5
      vertex 57.9169 43.0569 14.5
    endloop
  endfacet
  facet normal -0.989118 -0.147123 0
    outer loop
      vertex 62.2957 43.4882 2
      vertex 62.2827 43.5756 14.5
      vertex 62.2827 43.5756 2
    endloop
  endfacet
  facet normal -0.989118 -0.147123 0
    outer loop
      vertex 62.2827 43.5756 14.5
      vertex 62.2957 43.4882 2
      vertex 62.2957 43.4882 14.5
    endloop
  endfacet
  facet normal -0.998814 -0.048695 0
    outer loop
      vertex 62.3 43.4 2
      vertex 62.2957 43.4882 14.5
      vertex 62.2957 43.4882 2
    endloop
  endfacet
  facet normal -0.998814 -0.048695 0
    outer loop
      vertex 62.2957 43.4882 14.5
      vertex 62.3 43.4 2
      vertex 62.3 43.4 14.5
    endloop
  endfacet
  facet normal -0.969942 -0.243334 0
    outer loop
      vertex 62.2827 43.5756 2
      vertex 62.2612 43.6613 14.5
      vertex 62.2612 43.6613 2
    endloop
  endfacet
  facet normal -0.969942 -0.243334 0
    outer loop
      vertex 62.2612 43.6613 14.5
      vertex 62.2827 43.5756 2
      vertex 62.2827 43.5756 14.5
    endloop
  endfacet
  facet normal -0.998814 0.048695 0
    outer loop
      vertex 62.2957 43.3118 2
      vertex 62.3 43.4 14.5
      vertex 62.3 43.4 2
    endloop
  endfacet
  facet normal -0.998814 0.048695 0
    outer loop
      vertex 62.3 43.4 14.5
      vertex 62.2957 43.3118 2
      vertex 62.2957 43.3118 14.5
    endloop
  endfacet
  facet normal -0.243334 -0.969942 0
    outer loop
      vertex 61.5756 44.2827 2
      vertex 61.6613 44.2612 14.5
      vertex 61.5756 44.2827 14.5
    endloop
  endfacet
  facet normal -0.243334 -0.969942 -0
    outer loop
      vertex 61.6613 44.2612 14.5
      vertex 61.5756 44.2827 2
      vertex 61.6613 44.2612 2
    endloop
  endfacet
  facet normal 0.048695 -0.998814 0
    outer loop
      vertex 61.3118 44.2957 2
      vertex 61.4 44.3 14.5
      vertex 61.3118 44.2957 14.5
    endloop
  endfacet
  facet normal 0.048695 -0.998814 0
    outer loop
      vertex 61.4 44.3 14.5
      vertex 61.3118 44.2957 2
      vertex 61.4 44.3 2
    endloop
  endfacet
  facet normal -0.941665 0.336552 0
    outer loop
      vertex 62.2315 43.0556 2
      vertex 62.2612 43.1387 14.5
      vertex 62.2612 43.1387 2
    endloop
  endfacet
  facet normal -0.941665 0.336552 0
    outer loop
      vertex 62.2612 43.1387 14.5
      vertex 62.2315 43.0556 2
      vertex 62.2315 43.0556 14.5
    endloop
  endfacet
  facet normal 0.336552 -0.941665 0
    outer loop
      vertex 61.0556 44.2315 2
      vertex 61.1387 44.2612 14.5
      vertex 61.0556 44.2315 14.5
    endloop
  endfacet
  facet normal 0.336552 -0.941665 0
    outer loop
      vertex 61.1387 44.2612 14.5
      vertex 61.0556 44.2315 2
      vertex 61.1387 44.2612 2
    endloop
  endfacet
  facet normal -0.147123 0.989118 0
    outer loop
      vertex 61.5756 42.5173 2
      vertex 61.4882 42.5043 14.5
      vertex 61.5756 42.5173 14.5
    endloop
  endfacet
  facet normal -0.147123 0.989118 0
    outer loop
      vertex 61.4882 42.5043 14.5
      vertex 61.5756 42.5173 2
      vertex 61.4882 42.5043 2
    endloop
  endfacet
  facet normal 0.903945 0.427649 0
    outer loop
      vertex 60.6063 42.9757 14.5
      vertex 60.5685 43.0556 2
      vertex 60.5685 43.0556 14.5
    endloop
  endfacet
  facet normal 0.903945 0.427649 0
    outer loop
      vertex 60.5685 43.0556 2
      vertex 60.6063 42.9757 14.5
      vertex 60.6063 42.9757 2
    endloop
  endfacet
  facet normal 0.903945 -0.427649 0
    outer loop
      vertex 60.5685 43.7444 14.5
      vertex 60.6063 43.8243 2
      vertex 60.6063 43.8243 14.5
    endloop
  endfacet
  facet normal 0.903945 -0.427649 0
    outer loop
      vertex 60.6063 43.8243 2
      vertex 60.5685 43.7444 14.5
      vertex 60.5685 43.7444 2
    endloop
  endfacet
  facet normal -0.671714 -0.740811 0
    outer loop
      vertex 61.971 44.0957 2
      vertex 62.0364 44.0364 14.5
      vertex 61.971 44.0957 14.5
    endloop
  endfacet
  facet normal -0.671714 -0.740811 -0
    outer loop
      vertex 62.0364 44.0364 14.5
      vertex 61.971 44.0957 2
      vertex 62.0364 44.0364 2
    endloop
  endfacet
  facet normal 0.969942 -0.243334 0
    outer loop
      vertex 60.5173 43.5756 14.5
      vertex 60.5388 43.6613 2
      vertex 60.5388 43.6613 14.5
    endloop
  endfacet
  facet normal 0.969942 -0.243334 0
    outer loop
      vertex 60.5388 43.6613 2
      vertex 60.5173 43.5756 14.5
      vertex 60.5173 43.5756 2
    endloop
  endfacet
  facet normal 0.671714 -0.740811 0
    outer loop
      vertex 60.7636 44.0364 2
      vertex 60.829 44.0957 14.5
      vertex 60.7636 44.0364 14.5
    endloop
  endfacet
  facet normal 0.671714 -0.740811 0
    outer loop
      vertex 60.829 44.0957 14.5
      vertex 60.7636 44.0364 2
      vertex 60.829 44.0957 2
    endloop
  endfacet
  facet normal 0.243334 -0.969942 0
    outer loop
      vertex 61.1387 44.2612 2
      vertex 61.2244 44.2827 14.5
      vertex 61.1387 44.2612 14.5
    endloop
  endfacet
  facet normal 0.243334 -0.969942 0
    outer loop
      vertex 61.2244 44.2827 14.5
      vertex 61.1387 44.2612 2
      vertex 61.2244 44.2827 2
    endloop
  endfacet
  facet normal -0.903945 0.427649 0
    outer loop
      vertex 62.1937 42.9757 2
      vertex 62.2315 43.0556 14.5
      vertex 62.2315 43.0556 2
    endloop
  endfacet
  facet normal -0.903945 0.427649 0
    outer loop
      vertex 62.2315 43.0556 14.5
      vertex 62.1937 42.9757 2
      vertex 62.1937 42.9757 14.5
    endloop
  endfacet
  facet normal 0.803517 0.595282 0
    outer loop
      vertex 60.7043 42.829 14.5
      vertex 60.6517 42.9 2
      vertex 60.6517 42.9 14.5
    endloop
  endfacet
  facet normal 0.803517 0.595282 0
    outer loop
      vertex 60.6517 42.9 2
      vertex 60.7043 42.829 14.5
      vertex 60.7043 42.829 2
    endloop
  endfacet
  facet normal 0.595282 -0.803517 0
    outer loop
      vertex 60.829 44.0957 2
      vertex 60.9 44.1483 14.5
      vertex 60.829 44.0957 14.5
    endloop
  endfacet
  facet normal 0.595282 -0.803517 0
    outer loop
      vertex 60.9 44.1483 14.5
      vertex 60.829 44.0957 2
      vertex 60.9 44.1483 2
    endloop
  endfacet
  facet normal -0.989118 0.147123 0
    outer loop
      vertex 62.2827 43.2244 2
      vertex 62.2957 43.3118 14.5
      vertex 62.2957 43.3118 2
    endloop
  endfacet
  facet normal -0.989118 0.147123 0
    outer loop
      vertex 62.2957 43.3118 14.5
      vertex 62.2827 43.2244 2
      vertex 62.2827 43.2244 14.5
    endloop
  endfacet
  facet normal 0.989118 0.147123 0
    outer loop
      vertex 60.5173 43.2244 14.5
      vertex 60.5043 43.3118 2
      vertex 60.5043 43.3118 14.5
    endloop
  endfacet
  facet normal 0.989118 0.147123 0
    outer loop
      vertex 60.5043 43.3118 2
      vertex 60.5173 43.2244 14.5
      vertex 60.5173 43.2244 2
    endloop
  endfacet
  facet normal 0.803517 -0.595282 0
    outer loop
      vertex 60.6517 43.9 14.5
      vertex 60.7043 43.971 2
      vertex 60.7043 43.971 14.5
    endloop
  endfacet
  facet normal 0.803517 -0.595282 0
    outer loop
      vertex 60.7043 43.971 2
      vertex 60.6517 43.9 14.5
      vertex 60.6517 43.9 2
    endloop
  endfacet
  facet normal -0.514329 0.857593 0
    outer loop
      vertex 61.9 42.6517 2
      vertex 61.8243 42.6063 14.5
      vertex 61.9 42.6517 14.5
    endloop
  endfacet
  facet normal -0.514329 0.857593 0
    outer loop
      vertex 61.8243 42.6063 14.5
      vertex 61.9 42.6517 2
      vertex 61.8243 42.6063 2
    endloop
  endfacet
  facet normal 0.740811 0.671714 0
    outer loop
      vertex 60.7636 42.7636 14.5
      vertex 60.7043 42.829 2
      vertex 60.7043 42.829 14.5
    endloop
  endfacet
  facet normal 0.740811 0.671714 0
    outer loop
      vertex 60.7043 42.829 2
      vertex 60.7636 42.7636 14.5
      vertex 60.7636 42.7636 2
    endloop
  endfacet
  facet normal 0.048695 0.998814 -0
    outer loop
      vertex 61.4 42.5 2
      vertex 61.3118 42.5043 14.5
      vertex 61.4 42.5 14.5
    endloop
  endfacet
  facet normal 0.048695 0.998814 0
    outer loop
      vertex 61.3118 42.5043 14.5
      vertex 61.4 42.5 2
      vertex 61.3118 42.5043 2
    endloop
  endfacet
  facet normal -0.595282 0.803517 0
    outer loop
      vertex 61.971 42.7043 2
      vertex 61.9 42.6517 14.5
      vertex 61.971 42.7043 14.5
    endloop
  endfacet
  facet normal -0.595282 0.803517 0
    outer loop
      vertex 61.9 42.6517 14.5
      vertex 61.971 42.7043 2
      vertex 61.9 42.6517 2
    endloop
  endfacet
  facet normal -0.903945 -0.427649 0
    outer loop
      vertex 62.2315 43.7444 2
      vertex 62.1937 43.8243 14.5
      vertex 62.1937 43.8243 2
    endloop
  endfacet
  facet normal -0.903945 -0.427649 0
    outer loop
      vertex 62.1937 43.8243 14.5
      vertex 62.2315 43.7444 2
      vertex 62.2315 43.7444 14.5
    endloop
  endfacet
  facet normal -0.048695 0.998814 0
    outer loop
      vertex 61.4882 42.5043 2
      vertex 61.4 42.5 14.5
      vertex 61.4882 42.5043 14.5
    endloop
  endfacet
  facet normal -0.048695 0.998814 0
    outer loop
      vertex 61.4 42.5 14.5
      vertex 61.4882 42.5043 2
      vertex 61.4 42.5 2
    endloop
  endfacet
  facet normal 0.989118 -0.147123 0
    outer loop
      vertex 60.5043 43.4882 14.5
      vertex 60.5173 43.5756 2
      vertex 60.5173 43.5756 14.5
    endloop
  endfacet
  facet normal 0.989118 -0.147123 0
    outer loop
      vertex 60.5173 43.5756 2
      vertex 60.5043 43.4882 14.5
      vertex 60.5043 43.4882 2
    endloop
  endfacet
  facet normal -0.803517 -0.595282 0
    outer loop
      vertex 62.1483 43.9 2
      vertex 62.0957 43.971 14.5
      vertex 62.0957 43.971 2
    endloop
  endfacet
  facet normal -0.803517 -0.595282 0
    outer loop
      vertex 62.0957 43.971 14.5
      vertex 62.1483 43.9 2
      vertex 62.1483 43.9 14.5
    endloop
  endfacet
  facet normal -0.671714 0.740811 0
    outer loop
      vertex 62.0364 42.7636 2
      vertex 61.971 42.7043 14.5
      vertex 62.0364 42.7636 14.5
    endloop
  endfacet
  facet normal -0.671714 0.740811 0
    outer loop
      vertex 61.971 42.7043 14.5
      vertex 62.0364 42.7636 2
      vertex 61.971 42.7043 2
    endloop
  endfacet
  facet normal -0.803517 0.595282 0
    outer loop
      vertex 62.0957 42.829 2
      vertex 62.1483 42.9 14.5
      vertex 62.1483 42.9 2
    endloop
  endfacet
  facet normal -0.803517 0.595282 0
    outer loop
      vertex 62.1483 42.9 14.5
      vertex 62.0957 42.829 2
      vertex 62.0957 42.829 14.5
    endloop
  endfacet
  facet normal -0.427649 -0.903945 0
    outer loop
      vertex 61.7444 44.2315 2
      vertex 61.8243 44.1937 14.5
      vertex 61.7444 44.2315 14.5
    endloop
  endfacet
  facet normal -0.427649 -0.903945 -0
    outer loop
      vertex 61.8243 44.1937 14.5
      vertex 61.7444 44.2315 2
      vertex 61.8243 44.1937 2
    endloop
  endfacet
  facet normal 0.147123 0.989118 -0
    outer loop
      vertex 61.3118 42.5043 2
      vertex 61.2244 42.5173 14.5
      vertex 61.3118 42.5043 14.5
    endloop
  endfacet
  facet normal 0.147123 0.989118 0
    outer loop
      vertex 61.2244 42.5173 14.5
      vertex 61.3118 42.5043 2
      vertex 61.2244 42.5173 2
    endloop
  endfacet
  facet normal -0.514329 -0.857593 0
    outer loop
      vertex 61.8243 44.1937 2
      vertex 61.9 44.1483 14.5
      vertex 61.8243 44.1937 14.5
    endloop
  endfacet
  facet normal -0.514329 -0.857593 -0
    outer loop
      vertex 61.9 44.1483 14.5
      vertex 61.8243 44.1937 2
      vertex 61.9 44.1483 2
    endloop
  endfacet
  facet normal -0.941665 -0.336552 0
    outer loop
      vertex 62.2612 43.6613 2
      vertex 62.2315 43.7444 14.5
      vertex 62.2315 43.7444 2
    endloop
  endfacet
  facet normal -0.941665 -0.336552 0
    outer loop
      vertex 62.2315 43.7444 14.5
      vertex 62.2612 43.6613 2
      vertex 62.2612 43.6613 14.5
    endloop
  endfacet
  facet normal -0.740811 -0.671714 0
    outer loop
      vertex 62.0957 43.971 2
      vertex 62.0364 44.0364 14.5
      vertex 62.0364 44.0364 2
    endloop
  endfacet
  facet normal -0.740811 -0.671714 0
    outer loop
      vertex 62.0364 44.0364 14.5
      vertex 62.0957 43.971 2
      vertex 62.0957 43.971 14.5
    endloop
  endfacet
  facet normal 0.243334 0.969942 -0
    outer loop
      vertex 61.2244 42.5173 2
      vertex 61.1387 42.5388 14.5
      vertex 61.2244 42.5173 14.5
    endloop
  endfacet
  facet normal 0.243334 0.969942 0
    outer loop
      vertex 61.1387 42.5388 14.5
      vertex 61.2244 42.5173 2
      vertex 61.1387 42.5388 2
    endloop
  endfacet
  facet normal -0.595282 -0.803517 0
    outer loop
      vertex 61.9 44.1483 2
      vertex 61.971 44.0957 14.5
      vertex 61.9 44.1483 14.5
    endloop
  endfacet
  facet normal -0.595282 -0.803517 -0
    outer loop
      vertex 61.971 44.0957 14.5
      vertex 61.9 44.1483 2
      vertex 61.971 44.0957 2
    endloop
  endfacet
  facet normal -0.427649 0.903945 0
    outer loop
      vertex 61.8243 42.6063 2
      vertex 61.7444 42.5685 14.5
      vertex 61.8243 42.6063 14.5
    endloop
  endfacet
  facet normal -0.427649 0.903945 0
    outer loop
      vertex 61.7444 42.5685 14.5
      vertex 61.8243 42.6063 2
      vertex 61.7444 42.5685 2
    endloop
  endfacet
  facet normal -0.336552 -0.941665 0
    outer loop
      vertex 61.6613 44.2612 2
      vertex 61.7444 44.2315 14.5
      vertex 61.6613 44.2612 14.5
    endloop
  endfacet
  facet normal -0.336552 -0.941665 -0
    outer loop
      vertex 61.7444 44.2315 14.5
      vertex 61.6613 44.2612 2
      vertex 61.7444 44.2315 2
    endloop
  endfacet
  facet normal 0.147123 -0.989118 0
    outer loop
      vertex 61.2244 44.2827 2
      vertex 61.3118 44.2957 14.5
      vertex 61.2244 44.2827 14.5
    endloop
  endfacet
  facet normal 0.147123 -0.989118 0
    outer loop
      vertex 61.3118 44.2957 14.5
      vertex 61.2244 44.2827 2
      vertex 61.3118 44.2957 2
    endloop
  endfacet
  facet normal -0.969942 0.243334 0
    outer loop
      vertex 62.2612 43.1387 2
      vertex 62.2827 43.2244 14.5
      vertex 62.2827 43.2244 2
    endloop
  endfacet
  facet normal -0.969942 0.243334 0
    outer loop
      vertex 62.2827 43.2244 14.5
      vertex 62.2612 43.1387 2
      vertex 62.2612 43.1387 14.5
    endloop
  endfacet
  facet normal 0.427649 -0.903945 0
    outer loop
      vertex 60.9757 44.1937 2
      vertex 61.0556 44.2315 14.5
      vertex 60.9757 44.1937 14.5
    endloop
  endfacet
  facet normal 0.427649 -0.903945 0
    outer loop
      vertex 61.0556 44.2315 14.5
      vertex 60.9757 44.1937 2
      vertex 61.0556 44.2315 2
    endloop
  endfacet
  facet normal 0.998814 -0.048695 0
    outer loop
      vertex 60.5 43.4 14.5
      vertex 60.5043 43.4882 2
      vertex 60.5043 43.4882 14.5
    endloop
  endfacet
  facet normal 0.998814 -0.048695 0
    outer loop
      vertex 60.5043 43.4882 2
      vertex 60.5 43.4 14.5
      vertex 60.5 43.4 2
    endloop
  endfacet
  facet normal -0.857593 -0.514329 0
    outer loop
      vertex 62.1937 43.8243 2
      vertex 62.1483 43.9 14.5
      vertex 62.1483 43.9 2
    endloop
  endfacet
  facet normal -0.857593 -0.514329 0
    outer loop
      vertex 62.1483 43.9 14.5
      vertex 62.1937 43.8243 2
      vertex 62.1937 43.8243 14.5
    endloop
  endfacet
  facet normal -0.243334 0.969942 0
    outer loop
      vertex 61.6613 42.5388 2
      vertex 61.5756 42.5173 14.5
      vertex 61.6613 42.5388 14.5
    endloop
  endfacet
  facet normal -0.243334 0.969942 0
    outer loop
      vertex 61.5756 42.5173 14.5
      vertex 61.6613 42.5388 2
      vertex 61.5756 42.5173 2
    endloop
  endfacet
  facet normal 0.969942 0.243334 0
    outer loop
      vertex 60.5388 43.1387 14.5
      vertex 60.5173 43.2244 2
      vertex 60.5173 43.2244 14.5
    endloop
  endfacet
  facet normal 0.969942 0.243334 0
    outer loop
      vertex 60.5173 43.2244 2
      vertex 60.5388 43.1387 14.5
      vertex 60.5388 43.1387 2
    endloop
  endfacet
  facet normal 0.514329 -0.857593 0
    outer loop
      vertex 60.9 44.1483 2
      vertex 60.9757 44.1937 14.5
      vertex 60.9 44.1483 14.5
    endloop
  endfacet
  facet normal 0.514329 -0.857593 0
    outer loop
      vertex 60.9757 44.1937 14.5
      vertex 60.9 44.1483 2
      vertex 60.9757 44.1937 2
    endloop
  endfacet
  facet normal 0.514329 0.857593 -0
    outer loop
      vertex 60.9757 42.6063 2
      vertex 60.9 42.6517 14.5
      vertex 60.9757 42.6063 14.5
    endloop
  endfacet
  facet normal 0.514329 0.857593 0
    outer loop
      vertex 60.9 42.6517 14.5
      vertex 60.9757 42.6063 2
      vertex 60.9 42.6517 2
    endloop
  endfacet
  facet normal 0.671714 0.740811 -0
    outer loop
      vertex 60.829 42.7043 2
      vertex 60.7636 42.7636 14.5
      vertex 60.829 42.7043 14.5
    endloop
  endfacet
  facet normal 0.671714 0.740811 0
    outer loop
      vertex 60.7636 42.7636 14.5
      vertex 60.829 42.7043 2
      vertex 60.7636 42.7636 2
    endloop
  endfacet
  facet normal -0.336552 0.941665 0
    outer loop
      vertex 61.7444 42.5685 2
      vertex 61.6613 42.5388 14.5
      vertex 61.7444 42.5685 14.5
    endloop
  endfacet
  facet normal -0.336552 0.941665 0
    outer loop
      vertex 61.6613 42.5388 14.5
      vertex 61.7444 42.5685 2
      vertex 61.6613 42.5388 2
    endloop
  endfacet
  facet normal 0.740811 -0.671714 0
    outer loop
      vertex 60.7043 43.971 14.5
      vertex 60.7636 44.0364 2
      vertex 60.7636 44.0364 14.5
    endloop
  endfacet
  facet normal 0.740811 -0.671714 0
    outer loop
      vertex 60.7636 44.0364 2
      vertex 60.7043 43.971 14.5
      vertex 60.7043 43.971 2
    endloop
  endfacet
  facet normal -0.048695 -0.998814 0
    outer loop
      vertex 61.4 44.3 2
      vertex 61.4882 44.2957 14.5
      vertex 61.4 44.3 14.5
    endloop
  endfacet
  facet normal -0.048695 -0.998814 -0
    outer loop
      vertex 61.4882 44.2957 14.5
      vertex 61.4 44.3 2
      vertex 61.4882 44.2957 2
    endloop
  endfacet
  facet normal 0.998814 0.048695 0
    outer loop
      vertex 60.5043 43.3118 14.5
      vertex 60.5 43.4 2
      vertex 60.5 43.4 14.5
    endloop
  endfacet
  facet normal 0.998814 0.048695 0
    outer loop
      vertex 60.5 43.4 2
      vertex 60.5043 43.3118 14.5
      vertex 60.5043 43.3118 2
    endloop
  endfacet
  facet normal -0.740811 0.671714 0
    outer loop
      vertex 62.0364 42.7636 2
      vertex 62.0957 42.829 14.5
      vertex 62.0957 42.829 2
    endloop
  endfacet
  facet normal -0.740811 0.671714 0
    outer loop
      vertex 62.0957 42.829 14.5
      vertex 62.0364 42.7636 2
      vertex 62.0364 42.7636 14.5
    endloop
  endfacet
  facet normal -0.857593 0.514329 0
    outer loop
      vertex 62.1483 42.9 2
      vertex 62.1937 42.9757 14.5
      vertex 62.1937 42.9757 2
    endloop
  endfacet
  facet normal -0.857593 0.514329 0
    outer loop
      vertex 62.1937 42.9757 14.5
      vertex 62.1483 42.9 2
      vertex 62.1483 42.9 14.5
    endloop
  endfacet
  facet normal 0.941665 0.336552 0
    outer loop
      vertex 60.5685 43.0556 14.5
      vertex 60.5388 43.1387 2
      vertex 60.5388 43.1387 14.5
    endloop
  endfacet
  facet normal 0.941665 0.336552 0
    outer loop
      vertex 60.5388 43.1387 2
      vertex 60.5685 43.0556 14.5
      vertex 60.5685 43.0556 2
    endloop
  endfacet
  facet normal 0.595282 0.803517 -0
    outer loop
      vertex 60.9 42.6517 2
      vertex 60.829 42.7043 14.5
      vertex 60.9 42.6517 14.5
    endloop
  endfacet
  facet normal 0.595282 0.803517 0
    outer loop
      vertex 60.829 42.7043 14.5
      vertex 60.9 42.6517 2
      vertex 60.829 42.7043 2
    endloop
  endfacet
  facet normal 0.336552 0.941665 -0
    outer loop
      vertex 61.1387 42.5388 2
      vertex 61.0556 42.5685 14.5
      vertex 61.1387 42.5388 14.5
    endloop
  endfacet
  facet normal 0.336552 0.941665 0
    outer loop
      vertex 61.0556 42.5685 14.5
      vertex 61.1387 42.5388 2
      vertex 61.0556 42.5685 2
    endloop
  endfacet
  facet normal 0.941665 -0.336552 0
    outer loop
      vertex 60.5388 43.6613 14.5
      vertex 60.5685 43.7444 2
      vertex 60.5685 43.7444 14.5
    endloop
  endfacet
  facet normal 0.941665 -0.336552 0
    outer loop
      vertex 60.5685 43.7444 2
      vertex 60.5388 43.6613 14.5
      vertex 60.5388 43.6613 2
    endloop
  endfacet
  facet normal 0.427649 0.903945 -0
    outer loop
      vertex 61.0556 42.5685 2
      vertex 60.9757 42.6063 14.5
      vertex 61.0556 42.5685 14.5
    endloop
  endfacet
  facet normal 0.427649 0.903945 0
    outer loop
      vertex 60.9757 42.6063 14.5
      vertex 61.0556 42.5685 2
      vertex 60.9757 42.6063 2
    endloop
  endfacet
  facet normal 0.857593 0.514329 0
    outer loop
      vertex 60.6517 42.9 14.5
      vertex 60.6063 42.9757 2
      vertex 60.6063 42.9757 14.5
    endloop
  endfacet
  facet normal 0.857593 0.514329 0
    outer loop
      vertex 60.6063 42.9757 2
      vertex 60.6517 42.9 14.5
      vertex 60.6517 42.9 2
    endloop
  endfacet
  facet normal -0.147123 -0.989118 0
    outer loop
      vertex 61.4882 44.2957 2
      vertex 61.5756 44.2827 14.5
      vertex 61.4882 44.2957 14.5
    endloop
  endfacet
  facet normal -0.147123 -0.989118 -0
    outer loop
      vertex 61.5756 44.2827 14.5
      vertex 61.4882 44.2957 2
      vertex 61.5756 44.2827 2
    endloop
  endfacet
  facet normal 0.857593 -0.514329 0
    outer loop
      vertex 60.6063 43.8243 14.5
      vertex 60.6517 43.9 2
      vertex 60.6517 43.9 14.5
    endloop
  endfacet
  facet normal 0.857593 -0.514329 0
    outer loop
      vertex 60.6517 43.9 2
      vertex 60.6063 43.8243 14.5
      vertex 60.6063 43.8243 2
    endloop
  endfacet
  facet normal 0.0793114 0.057681 -0.99518
    outer loop
      vertex 83.9142 103.676 0.00337334
      vertex 83.9062 103.687 0.00337334
      vertex 84.1176 103.861 0.0303061
    endloop
  endfacet
  facet normal 0.0793114 0.057681 -0.99518
    outer loop
      vertex 84.1416 103.828 0.0303061
      vertex 83.9142 103.676 0.00337334
      vertex 84.1176 103.861 0.0303061
    endloop
  endfacet
  facet normal 0.124558 -0.262617 -0.956827
    outer loop
      vertex 84.161 60.9285 0.163677
      vertex 84.0604 61.1714 0.083913
      vertex 84.1207 61.2 0.083913
    endloop
  endfacet
  facet normal 0.0724529 0.0659321 -0.99519
    outer loop
      vertex 83.9062 103.687 0.00337334
      vertex 83.8971 103.697 0.00337334
      vertex 84.0905 103.891 0.0303061
    endloop
  endfacet
  facet normal -0.297246 0.495444 -0.816199
    outer loop
      vertex 3.21373 105.071 0.55102
      vertex 1.77772 106.926 2.2
      vertex 2.11441 107.128 2.2
    endloop
  endfacet
  facet normal 0.0317863 0.0926693 -0.995189
    outer loop
      vertex 83.9572 103.98 0.0303061
      vertex 83.8399 103.731 0.00337334
      vertex 83.9193 103.993 0.0303061
    endloop
  endfacet
  facet normal 0.989176 -0.146733 0
    outer loop
      vertex 87.7231 61.0196 3.2
      vertex 87.7807 61.4079 2.2
      vertex 87.7807 61.4079 3.2
    endloop
  endfacet
  facet normal 0.989176 -0.146733 0
    outer loop
      vertex 87.7807 61.4079 2.2
      vertex 87.7231 61.0196 3.2
      vertex 87.7231 61.0196 2.2
    endloop
  endfacet
  facet normal 0.0980359 0 -0.995183
    outer loop
      vertex 83.9374 61.8 0.00337334
      vertex 84.2108 103.6 0.0303061
      vertex 84.2108 61.8 0.0303061
    endloop
  endfacet
  facet normal 0.0980359 0 -0.995183
    outer loop
      vertex 84.2108 103.6 0.0303061
      vertex 83.9374 61.8 0.00337334
      vertex 83.9374 103.6 0.00337334
    endloop
  endfacet
  facet normal 0.176487 -0.0836501 -0.980742
    outer loop
      vertex 84.4 61.4793 0.083913
      vertex 84.1623 61.6063 0.0303061
      vertex 84.1796 61.6428 0.0303061
    endloop
  endfacet
  facet normal 0.382564 0.0191282 -0.923731
    outer loop
      vertex 84.7433 103.6 0.163677
      vertex 84.7387 103.692 0.163677
      vertex 84.9972 103.6 0.26883
    endloop
  endfacet
  facet normal 0.113543 0.457844 -0.881752
    outer loop
      vertex 84.1475 104.746 0.26883
      vertex 84.0808 105.012 0.39836
      vertex 84.2179 104.978 0.39836
    endloop
  endfacet
  facet normal 0.116495 -0.156783 -0.980739
    outer loop
      vertex 84.178 61.2343 0.083913
      vertex 84.0283 61.4584 0.0303061
      vertex 84.0606 61.4824 0.0303061
    endloop
  endfacet
  facet normal 0.215503 -0.195042 -0.956827
    outer loop
      vertex 84.467 61.133 0.163677
      vertex 84.2811 61.3189 0.083913
      vertex 84.3259 61.3684 0.083913
    endloop
  endfacet
  facet normal -0.296666 0.495857 -0.816159
    outer loop
      vertex 3.07333 104.987 0.55102
      vertex 1.77772 106.926 2.2
      vertex 3.21373 105.071 0.55102
    endloop
  endfacet
  facet normal 0 0.382506 -0.923953
    outer loop
      vertex 4 104.543 0.163677
      vertex 83.8 104.797 0.26883
      vertex 83.8 104.543 0.163677
    endloop
  endfacet
  facet normal 0 0.382506 -0.923953
    outer loop
      vertex 83.8 104.797 0.26883
      vertex 4 104.543 0.163677
      vertex 4 104.797 0.26883
    endloop
  endfacet
  facet normal -1 0 0
    outer loop
      vertex 0 61.8 2.2
      vertex 0 103.6 3.2
      vertex 0 103.6 2.2
    endloop
  endfacet
  facet normal -1 -0 0
    outer loop
      vertex 0 103.6 3.2
      vertex 0 61.8 2.2
      vertex 0 61.8 3.2
    endloop
  endfacet
  facet normal 0.16689 0.101606 -0.980726
    outer loop
      vertex 84.1623 103.794 0.0303061
      vertex 84.1416 103.828 0.0303061
      vertex 84.4 103.921 0.083913
    endloop
  endfacet
  facet normal 0.307276 0.228822 -0.9237
    outer loop
      vertex 84.7954 104.265 0.26883
      vertex 84.5843 104.124 0.163677
      vertex 84.7254 104.359 0.26883
    endloop
  endfacet
  facet normal 0.287649 0.0427116 -0.956783
    outer loop
      vertex 84.4771 103.667 0.083913
      vertex 84.4673 103.733 0.083913
      vertex 84.7387 103.692 0.163677
    endloop
  endfacet
  facet normal 0.0287879 0.0942805 -0.995129
    outer loop
      vertex 83.8399 103.731 0.00337334
      vertex 83.8268 103.735 0.00337334
      vertex 83.8801 104.003 0.0303061
    endloop
  endfacet
  facet normal 0 0.471902 -0.881651
    outer loop
      vertex 4 104.797 0.26883
      vertex 83.8 105.039 0.39836
      vertex 83.8 104.797 0.26883
    endloop
  endfacet
  facet normal 0 0.471902 -0.881651
    outer loop
      vertex 83.8 105.039 0.39836
      vertex 4 104.797 0.26883
      vertex 4 105.039 0.39836
    endloop
  endfacet
  facet normal 0.539314 -0.135168 -0.831186
    outer loop
      vertex 85.3961 61.3158 0.55102
      vertex 85.2118 61.5192 0.39836
      vertex 85.4359 61.4746 0.55102
    endloop
  endfacet
  facet normal 0 0.577352 -0.816495
    outer loop
      vertex 4 105.268 0.55102
      vertex 83.8 107.6 2.2
      vertex 83.8 105.268 0.55102
    endloop
  endfacet
  facet normal 0 0.577352 -0.816495
    outer loop
      vertex 83.8 107.6 2.2
      vertex 4 105.268 0.55102
      vertex 4 107.6 2.2
    endloop
  endfacet
  facet normal 0.123074 0.264136 -0.956601
    outer loop
      vertex 84.2447 104.432 0.163677
      vertex 84.0604 104.229 0.083913
      vertex 84.161 104.471 0.163677
    endloop
  endfacet
  facet normal 0 1 -0
    outer loop
      vertex 83.8 107.6 2.2
      vertex 4 107.6 3.2
      vertex 83.8 107.6 3.2
    endloop
  endfacet
  facet normal 0 1 0
    outer loop
      vertex 4 107.6 3.2
      vertex 83.8 107.6 2.2
      vertex 4 107.6 2.2
    endloop
  endfacet
  facet normal 0.471448 0 -0.881894
    outer loop
      vertex 84.9972 61.8 0.26883
      vertex 85.2395 103.6 0.39836
      vertex 85.2395 61.8 0.39836
    endloop
  endfacet
  facet normal 0.471448 0 -0.881894
    outer loop
      vertex 85.2395 103.6 0.39836
      vertex 84.9972 61.8 0.26883
      vertex 84.9972 103.6 0.26883
    endloop
  endfacet
  facet normal -0.0952067 0.0238993 -0.995171
    outer loop
      vertex 3.86853 103.64 0.00337334
      vertex 3.59705 103.68 0.0303061
      vertex 3.60684 103.719 0.0303061
    endloop
  endfacet
  facet normal 0.233437 -0.173114 -0.956838
    outer loop
      vertex 84.5292 61.2016 0.163677
      vertex 84.3657 61.422 0.083913
      vertex 84.5843 61.2759 0.163677
    endloop
  endfacet
  facet normal 0 -0.382634 -0.9239
    outer loop
      vertex 4 60.6028 0.26883
      vertex 83.8 60.8567 0.163677
      vertex 83.8 60.6028 0.26883
    endloop
  endfacet
  facet normal -0 -0.382634 -0.9239
    outer loop
      vertex 83.8 60.8567 0.163677
      vertex 4 60.6028 0.26883
      vertex 4 60.8567 0.163677
    endloop
  endfacet
  facet normal -0.0275126 -0.555313 -0.831186
    outer loop
      vertex 4 60.132 0.55102
      vertex 3.83651 60.1401 0.55102
      vertex 4 60.3605 0.39836
    endloop
  endfacet
  facet normal 0 -1 0
    outer loop
      vertex 4 57.8 2.2
      vertex 83.8 57.8 3.2
      vertex 4 57.8 3.2
    endloop
  endfacet
  facet normal 0 -1 -0
    outer loop
      vertex 83.8 57.8 3.2
      vertex 4 57.8 2.2
      vertex 83.8 57.8 2.2
    endloop
  endfacet
  facet normal -0.555366 0.0272957 -0.831158
    outer loop
      vertex 2.56051 103.6 0.39836
      vertex 2.33204 103.6 0.55102
      vertex 2.56744 103.741 0.39836
    endloop
  endfacet
  facet normal -0.904011 -0.427509 0
    outer loop
      vertex 0.472315 59.9144 2.2
      vertex 0.304482 60.2693 3.2
      vertex 0.304482 60.2693 2.2
    endloop
  endfacet
  facet normal -0.904011 -0.427509 0
    outer loop
      vertex 0.304482 60.2693 3.2
      vertex 0.472315 59.9144 2.2
      vertex 0.472315 59.9144 3.2
    endloop
  endfacet
  facet normal 0.495608 -0.297041 -0.816174
    outer loop
      vertex 87.1259 59.5777 2.2
      vertex 85.271 61.0137 0.55102
      vertex 87.3277 59.9144 2.2
    endloop
  endfacet
  facet normal 0.08153 -0.549988 -0.831184
    outer loop
      vertex 84.1254 60.1641 0.55102
      vertex 83.9635 60.1401 0.55102
      vertex 84.0808 60.3882 0.39836
    endloop
  endfacet
  facet normal -0.495607 -0.297049 -0.816171
    outer loop
      vertex 0.674121 59.5777 2.2
      vertex 0.472315 59.9144 2.2
      vertex 2.52899 61.0137 0.55102
    endloop
  endfacet
  facet normal 0 -0.471448 -0.881894
    outer loop
      vertex 4 60.3605 0.39836
      vertex 83.8 60.6028 0.26883
      vertex 83.8 60.3605 0.39836
    endloop
  endfacet
  facet normal -0 -0.471448 -0.881894
    outer loop
      vertex 83.8 60.6028 0.26883
      vertex 4 60.3605 0.39836
      vertex 4 60.6028 0.26883
    endloop
  endfacet
  facet normal -0.131096 -0.144762 -0.980743
    outer loop
      vertex 3.56839 61.2741 0.083913
      vertex 3.51892 61.3189 0.083913
      vertex 3.70949 61.5095 0.0303061
    endloop
  endfacet
  facet normal 0.086452 0.175305 -0.980711
    outer loop
      vertex 83.9937 103.962 0.0303061
      vertex 83.9572 103.98 0.0303061
      vertex 84.0604 104.229 0.083913
    endloop
  endfacet
  facet normal 0.183914 0.0658218 -0.980736
    outer loop
      vertex 84.1932 103.719 0.0303061
      vertex 84.1796 103.757 0.0303061
      vertex 84.4286 103.86 0.083913
    endloop
  endfacet
  facet normal 0.065888 0.0724768 -0.995191
    outer loop
      vertex 83.8971 103.697 0.00337334
      vertex 83.8872 103.706 0.00337334
      vertex 84.0905 103.891 0.0303061
    endloop
  endfacet
  facet normal -0.135872 0.539342 -0.831053
    outer loop
      vertex 3.71917 105.012 0.39836
      vertex 3.51582 105.196 0.55102
      vertex 3.6746 105.236 0.55102
    endloop
  endfacet
  facet normal 0.0980349 0.00465666 -0.995172
    outer loop
      vertex 84.2108 103.6 0.0303061
      vertex 83.9374 103.6 0.00337334
      vertex 84.2089 103.64 0.0303061
    endloop
  endfacet
  facet normal -0.186934 0.523822 -0.831063
    outer loop
      vertex 3.44913 104.93 0.39836
      vertex 3.3617 105.141 0.55102
      vertex 3.51582 105.196 0.55102
    endloop
  endfacet
  facet normal -0.0317415 0.0926853 -0.995189
    outer loop
      vertex 3.96012 103.731 0.00337334
      vertex 3.84278 103.98 0.0303061
      vertex 3.88074 103.993 0.0303061
    endloop
  endfacet
  facet normal 0.144719 -0.131167 -0.98074
    outer loop
      vertex 84.3259 61.3684 0.083913
      vertex 84.0905 61.5095 0.0303061
      vertex 84.1176 61.5394 0.0303061
    endloop
  endfacet
  facet normal -0.0242768 0.0949466 -0.995186
    outer loop
      vertex 3.96012 103.731 0.00337334
      vertex 3.88074 103.993 0.0303061
      vertex 3.91985 104.003 0.0303061
    endloop
  endfacet
  facet normal 0.149273 -0.249369 -0.956835
    outer loop
      vertex 84.3241 61.0157 0.163677
      vertex 84.1207 61.2 0.083913
      vertex 84.178 61.2343 0.083913
    endloop
  endfacet
  facet normal 0.0829303 0.0527738 -0.995157
    outer loop
      vertex 83.9212 103.665 0.00337334
      vertex 83.9142 103.676 0.00337334
      vertex 84.1623 103.794 0.0303061
    endloop
  endfacet
  facet normal 0.095265 0.0236941 -0.99517
    outer loop
      vertex 84.2029 103.68 0.0303061
      vertex 83.9315 103.64 0.00337334
      vertex 84.1932 103.719 0.0303061
    endloop
  endfacet
  facet normal 0.290319 -0.0144375 -0.956821
    outer loop
      vertex 84.7387 61.7075 0.163677
      vertex 84.4771 61.7333 0.083913
      vertex 84.7433 61.8 0.163677
    endloop
  endfacet
  facet normal 0.0847844 -0.571559 -0.816169
    outer loop
      vertex 84.1921 57.8193 2.2
      vertex 84.1254 60.1641 0.55102
      vertex 84.5804 57.8769 2.2
    endloop
  endfacet
  facet normal 0.427706 0.38847 -0.816186
    outer loop
      vertex 85.0893 104.658 0.55102
      vertex 84.9794 104.779 0.55102
      vertex 86.6284 106.428 2.2
    endloop
  endfacet
  facet normal 0.0237993 -0.0951972 -0.995174
    outer loop
      vertex 83.8801 61.397 0.0303061
      vertex 83.8399 61.6685 0.00337334
      vertex 83.9193 61.4068 0.0303061
    endloop
  endfacet
  facet normal 0.0887207 0.0421423 -0.995165
    outer loop
      vertex 83.9269 103.653 0.00337334
      vertex 83.9212 103.665 0.00337334
      vertex 84.1796 103.757 0.0303061
    endloop
  endfacet
  facet normal -0.466811 0.0691214 -0.881652
    outer loop
      vertex 2.82585 103.834 0.26883
      vertex 2.56744 103.741 0.39836
      vertex 2.58817 103.881 0.39836
    endloop
  endfacet
  facet normal 0 0.0978233 -0.995204
    outer loop
      vertex 4 103.737 0.00337334
      vertex 83.8 104.011 0.0303061
      vertex 83.8 103.737 0.00337334
    endloop
  endfacet
  facet normal 0 0.0978233 -0.995204
    outer loop
      vertex 83.8 104.011 0.0303061
      vertex 4 103.737 0.00337334
      vertex 4 104.011 0.0303061
    endloop
  endfacet
  facet normal 0.0659572 -0.183807 -0.980747
    outer loop
      vertex 84.0604 61.1714 0.083913
      vertex 83.9193 61.4068 0.0303061
      vertex 83.9572 61.4204 0.0303061
    endloop
  endfacet
  facet normal 0.287559 -0.0424267 -0.956823
    outer loop
      vertex 84.7252 61.616 0.163677
      vertex 84.4771 61.7333 0.083913
      vertex 84.7387 61.7075 0.163677
    endloop
  endfacet
  facet normal 0.201637 -0.426571 -0.881691
    outer loop
      vertex 84.4786 60.5305 0.39836
      vertex 84.2581 60.694 0.26883
      vertex 84.3643 60.7442 0.26883
    endloop
  endfacet
  facet normal -0.388331 0.42784 -0.816181
    outer loop
      vertex 2.82057 104.779 0.55102
      vertex 1.17157 106.428 2.2
      vertex 1.46243 106.692 2.2
    endloop
  endfacet
  facet normal -0.0584174 -0.0788391 -0.995174
    outer loop
      vertex 3.77175 61.4584 0.0303061
      vertex 3.73936 61.4824 0.0303061
      vertex 3.92367 61.6858 0.00337334
    endloop
  endfacet
  facet normal -0.571543 0.0848448 -0.816174
    outer loop
      vertex 2.36409 103.925 0.55102
      vertex 0.0192604 103.992 2.2
      vertex 0.0768585 104.38 2.2
    endloop
  endfacet
  facet normal -0.560497 -0.140371 -0.816174
    outer loop
      vertex 2.40386 61.3158 0.55102
      vertex 0.0768585 61.0196 2.2
      vertex 2.36409 61.4746 0.55102
    endloop
  endfacet
  facet normal -0.00970598 0.19543 -0.98067
    outer loop
      vertex 4 104.011 0.0303061
      vertex 3.95973 104.009 0.0303061
      vertex 4 104.28 0.083913
    endloop
  endfacet
  facet normal -0.24706 0.52225 -0.816221
    outer loop
      vertex 3.21373 105.071 0.55102
      vertex 2.46927 107.296 2.2
      vertex 3.3617 105.141 0.55102
    endloop
  endfacet
  facet normal -0.0491664 -0.998791 0
    outer loop
      vertex 3.60793 57.8193 2.2
      vertex 4 57.8 3.2
      vertex 3.60793 57.8193 3.2
    endloop
  endfacet
  facet normal -0.0491664 -0.998791 -0
    outer loop
      vertex 4 57.8 3.2
      vertex 3.60793 57.8193 2.2
      vertex 4 57.8 2.2
    endloop
  endfacet
  facet normal -0.514095 -0.857733 0
    outer loop
      vertex 1.77772 58.4741 2.2
      vertex 2.11441 58.2723 3.2
      vertex 1.77772 58.4741 3.2
    endloop
  endfacet
  facet normal -0.514095 -0.857733 -0
    outer loop
      vertex 2.11441 58.2723 3.2
      vertex 1.77772 58.4741 2.2
      vertex 2.11441 58.2723 2.2
    endloop
  endfacet
  facet normal 0.998791 -0.0491626 0
    outer loop
      vertex 87.7807 61.4079 3.2
      vertex 87.8 61.8 2.2
      vertex 87.8 61.8 3.2
    endloop
  endfacet
  facet normal 0.998791 -0.0491626 0
    outer loop
      vertex 87.8 61.8 2.2
      vertex 87.7807 61.4079 3.2
      vertex 87.7807 61.4079 2.2
    endloop
  endfacet
  facet normal -0.560488 -0.140423 -0.816171
    outer loop
      vertex 0.172238 60.6389 2.2
      vertex 0.0768585 61.0196 2.2
      vertex 2.40386 61.3158 0.55102
    endloop
  endfacet
  facet normal -0.998795 0.0490745 0
    outer loop
      vertex 0 103.6 2.2
      vertex 0.0192604 103.992 3.2
      vertex 0.0192604 103.992 2.2
    endloop
  endfacet
  facet normal -0.998795 0.0490745 0
    outer loop
      vertex 0.0192604 103.992 3.2
      vertex 0 103.6 2.2
      vertex 0 103.6 3.2
    endloop
  endfacet
  facet normal -0.0583096 -0.0789366 -0.995173
    outer loop
      vertex 3.92367 61.6858 0.00337334
      vertex 3.73936 61.4824 0.0303061
      vertex 3.91284 61.6938 0.00337334
    endloop
  endfacet
  facet normal 0.0165385 0.382453 -0.923827
    outer loop
      vertex 83.8925 104.539 0.163677
      vertex 83.8 104.543 0.163677
      vertex 83.8 104.797 0.26883
    endloop
  endfacet
  facet normal 0.0490504 0.0848571 -0.995185
    outer loop
      vertex 84.0283 103.942 0.0303061
      vertex 83.8763 103.714 0.00337334
      vertex 83.9937 103.962 0.0303061
    endloop
  endfacet
  facet normal 0.058414 0.0786155 -0.995192
    outer loop
      vertex 84.0606 103.918 0.0303061
      vertex 83.8763 103.714 0.00337334
      vertex 84.0283 103.942 0.0303061
    endloop
  endfacet
  facet normal 0.131561 0.144717 -0.980688
    outer loop
      vertex 84.2811 104.081 0.083913
      vertex 84.0905 103.891 0.0303061
      vertex 84.2316 104.126 0.083913
    endloop
  endfacet
  facet normal 0 0.554683 -0.832061
    outer loop
      vertex 4 105.039 0.39836
      vertex 83.8 105.268 0.55102
      vertex 83.8 105.039 0.39836
    endloop
  endfacet
  facet normal 0 0.554683 -0.832061
    outer loop
      vertex 83.8 105.268 0.55102
      vertex 4 105.039 0.39836
      vertex 4 105.268 0.55102
    endloop
  endfacet
  facet normal -0.427542 0.388639 -0.816191
    outer loop
      vertex 2.82057 104.779 0.55102
      vertex 0.907958 106.138 2.2
      vertex 1.17157 106.428 2.2
    endloop
  endfacet
  facet normal 0.571547 0.0848483 -0.816171
    outer loop
      vertex 87.7807 103.992 2.2
      vertex 85.4359 103.925 0.55102
      vertex 87.7231 104.38 2.2
    endloop
  endfacet
  facet normal 0.970068 -0.242835 0
    outer loop
      vertex 87.6278 60.6389 3.2
      vertex 87.7231 61.0196 2.2
      vertex 87.7231 61.0196 3.2
    endloop
  endfacet
  facet normal 0.970068 -0.242835 0
    outer loop
      vertex 87.7231 61.0196 2.2
      vertex 87.6278 60.6389 3.2
      vertex 87.6278 60.6389 2.2
    endloop
  endfacet
  facet normal 0.577352 0 -0.816495
    outer loop
      vertex 85.468 61.8 0.55102
      vertex 87.8 103.6 2.2
      vertex 87.8 61.8 2.2
    endloop
  endfacet
  facet normal 0.577352 0 -0.816495
    outer loop
      vertex 87.8 103.6 2.2
      vertex 85.468 61.8 0.55102
      vertex 85.468 103.6 0.55102
    endloop
  endfacet
  facet normal 0.0952999 0.0234584 -0.995172
    outer loop
      vertex 83.9347 103.627 0.00337334
      vertex 83.9315 103.64 0.00337334
      vertex 84.2029 103.68 0.0303061
    endloop
  endfacet
  facet normal 0.0841965 -0.0503719 -0.995175
    outer loop
      vertex 84.1416 61.5717 0.0303061
      vertex 83.9142 61.7237 0.00337334
      vertex 84.1623 61.6063 0.0303061
    endloop
  endfacet
  facet normal 0.0331432 -0.0923623 -0.995174
    outer loop
      vertex 83.9193 61.4068 0.0303061
      vertex 83.8399 61.6685 0.00337334
      vertex 83.9572 61.4204 0.0303061
    endloop
  endfacet
  facet normal 0 0.195439 -0.980716
    outer loop
      vertex 4 104.011 0.0303061
      vertex 83.8 104.28 0.083913
      vertex 83.8 104.011 0.0303061
    endloop
  endfacet
  facet normal 0 0.195439 -0.980716
    outer loop
      vertex 83.8 104.28 0.083913
      vertex 4 104.011 0.0303061
      vertex 4 104.28 0.083913
    endloop
  endfacet
  facet normal 0.0240372 0.469927 -0.882378
    outer loop
      vertex 83.9173 104.791 0.26883
      vertex 83.8 104.797 0.26883
      vertex 83.9411 105.033 0.39836
    endloop
  endfacet
  facet normal 0.0979445 0.00527393 -0.995178
    outer loop
      vertex 83.9374 103.6 0.00337334
      vertex 83.9367 103.613 0.00337334
      vertex 84.2089 103.64 0.0303061
    endloop
  endfacet
  facet normal 0.125868 0.261718 -0.956902
    outer loop
      vertex 84.1207 104.2 0.083913
      vertex 84.0604 104.229 0.083913
      vertex 84.2447 104.432 0.163677
    endloop
  endfacet
  facet normal 0.0837745 0.0510039 -0.995179
    outer loop
      vertex 84.1623 103.794 0.0303061
      vertex 83.9142 103.676 0.00337334
      vertex 84.1416 103.828 0.0303061
    endloop
  endfacet
  facet normal 0.0924313 0.0330807 -0.995169
    outer loop
      vertex 84.1932 103.719 0.0303061
      vertex 83.9315 103.64 0.00337334
      vertex 84.1796 103.757 0.0303061
    endloop
  endfacet
  facet normal 0.0889225 0.0415773 -0.99517
    outer loop
      vertex 84.1796 103.757 0.0303061
      vertex 83.9212 103.665 0.00337334
      vertex 84.1623 103.794 0.0303061
    endloop
  endfacet
  facet normal 0.19509 0 -0.980785
    outer loop
      vertex 84.2108 61.8 0.0303061
      vertex 84.4803 103.6 0.083913
      vertex 84.4803 61.8 0.083913
    endloop
  endfacet
  facet normal 0.19509 0 -0.980785
    outer loop
      vertex 84.4803 103.6 0.083913
      vertex 84.2108 61.8 0.0303061
      vertex 84.2108 103.6 0.0303061
    endloop
  endfacet
  facet normal 0.287446 -0.0426813 -0.956845
    outer loop
      vertex 84.7252 61.616 0.163677
      vertex 84.4673 61.6673 0.083913
      vertex 84.4771 61.7333 0.083913
    endloop
  endfacet
  facet normal 0.671607 -0.740908 0
    outer loop
      vertex 86.3376 58.708 2.2
      vertex 86.6284 58.9716 3.2
      vertex 86.3376 58.708 3.2
    endloop
  endfacet
  facet normal 0.671607 -0.740908 0
    outer loop
      vertex 86.6284 58.9716 3.2
      vertex 86.3376 58.708 2.2
      vertex 86.6284 58.9716 2.2
    endloop
  endfacet
  facet normal 0.382565 -0.0190249 -0.923733
    outer loop
      vertex 84.9972 61.8 0.26883
      vertex 84.7387 61.7075 0.163677
      vertex 84.7433 61.8 0.163677
    endloop
  endfacet
  facet normal 0.502639 -0.23774 -0.831164
    outer loop
      vertex 85.341 61.1617 0.55102
      vertex 85.0695 61.1214 0.39836
      vertex 85.1299 61.2491 0.39836
    endloop
  endfacet
  facet normal 0.0838733 -0.0510533 -0.995168
    outer loop
      vertex 84.1623 61.6063 0.0303061
      vertex 83.9142 61.7237 0.00337334
      vertex 83.9212 61.7352 0.00337334
    endloop
  endfacet
  facet normal -0.176536 -0.083584 -0.980739
    outer loop
      vertex 3.39999 61.4793 0.083913
      vertex 3.37144 61.5396 0.083913
      vertex 3.63767 61.6063 0.0303061
    endloop
  endfacet
  facet normal 0.195121 -0.00919924 -0.980736
    outer loop
      vertex 84.4771 61.7333 0.083913
      vertex 84.2089 61.7597 0.0303061
      vertex 84.2108 61.8 0.0303061
    endloop
  endfacet
  facet normal 0.0146016 0.0971003 -0.995167
    outer loop
      vertex 83.8268 103.735 0.00337334
      vertex 83.8135 103.737 0.00337334
      vertex 83.8403 104.009 0.0303061
    endloop
  endfacet
  facet normal -0.214333 0.196093 -0.956875
    outer loop
      vertex 3.47409 104.032 0.083913
      vertex 3.33299 104.267 0.163677
      vertex 3.51892 104.081 0.083913
    endloop
  endfacet
  facet normal -0.495609 -0.297048 -0.816171
    outer loop
      vertex 2.61314 60.8733 0.55102
      vertex 0.674121 59.5777 2.2
      vertex 2.52899 61.0137 0.55102
    endloop
  endfacet
  facet normal -0.0420836 -0.0886675 -0.995172
    outer loop
      vertex 3.84278 61.4204 0.0303061
      vertex 3.80633 61.4377 0.0303061
      vertex 3.93524 61.6788 0.00337334
    endloop
  endfacet
  facet normal 0 -0.577352 -0.816495
    outer loop
      vertex 4 57.8 2.2
      vertex 83.8 60.132 0.55102
      vertex 83.8 57.8 2.2
    endloop
  endfacet
  facet normal -0 -0.577352 -0.816495
    outer loop
      vertex 83.8 60.132 0.55102
      vertex 4 57.8 2.2
      vertex 4 60.132 0.55102
    endloop
  endfacet
  facet normal 0.134967 -0.539476 -0.831113
    outer loop
      vertex 84.2842 60.2039 0.55102
      vertex 84.0808 60.3882 0.39836
      vertex 84.2179 60.4225 0.39836
    endloop
  endfacet
  facet normal -0.378899 0.0559288 -0.923746
    outer loop
      vertex 3.06125 103.692 0.163677
      vertex 2.82585 103.834 0.26883
      vertex 3.07483 103.784 0.163677
    endloop
  endfacet
  facet normal 0.058516 -0.0787528 -0.995175
    outer loop
      vertex 84.0283 61.4584 0.0303061
      vertex 83.8763 61.6858 0.00337334
      vertex 84.0606 61.4824 0.0303061
    endloop
  endfacet
  facet normal 0.233291 -0.173227 -0.956853
    outer loop
      vertex 84.5292 61.2016 0.163677
      vertex 84.3259 61.3684 0.083913
      vertex 84.3657 61.422 0.083913
    endloop
  endfacet
  facet normal 0.0563765 -0.378994 -0.92368
    outer loop
      vertex 84.0336 60.6259 0.26883
      vertex 83.9173 60.6086 0.26883
      vertex 83.984 60.8748 0.163677
    endloop
  endfacet
  facet normal 0.331492 -0.446292 -0.831226
    outer loop
      vertex 84.7267 60.4131 0.55102
      vertex 84.5997 60.6031 0.39836
      vertex 84.8581 60.5107 0.55102
    endloop
  endfacet
  facet normal 0.9415 -0.337014 0
    outer loop
      vertex 87.4955 60.2693 3.2
      vertex 87.6278 60.6389 2.2
      vertex 87.6278 60.6389 3.2
    endloop
  endfacet
  facet normal 0.9415 -0.337014 0
    outer loop
      vertex 87.6278 60.6389 2.2
      vertex 87.4955 60.2693 3.2
      vertex 87.4955 60.2693 2.2
    endloop
  endfacet
  facet normal -0.522332 0.246942 -0.816204
    outer loop
      vertex 2.52899 104.386 0.55102
      vertex 0.304482 105.131 2.2
      vertex 0.472315 105.486 2.2
    endloop
  endfacet
  facet normal -0.577345 0 -0.8165
    outer loop
      vertex 0 61.8 2.2
      vertex 2.33204 103.6 0.55102
      vertex 2.33204 61.8 0.55102
    endloop
  endfacet
  facet normal -0.577345 0 -0.8165
    outer loop
      vertex 2.33204 103.6 0.55102
      vertex 0 61.8 2.2
      vertex 0 103.6 2.2
    endloop
  endfacet
  facet normal -0.242068 0.970259 0
    outer loop
      vertex 3.21964 107.523 2.2
      vertex 2.83886 107.428 3.2
      vertex 3.21964 107.523 3.2
    endloop
  endfacet
  facet normal -0.242068 0.970259 0
    outer loop
      vertex 2.83886 107.428 3.2
      vertex 3.21964 107.523 2.2
      vertex 2.83886 107.428 2.2
    endloop
  endfacet
  facet normal 0.140473 -0.56048 -0.816168
    outer loop
      vertex 84.5804 57.8769 2.2
      vertex 84.1254 60.1641 0.55102
      vertex 84.2842 60.2039 0.55102
    endloop
  endfacet
  facet normal -0.42748 -0.904025 0
    outer loop
      vertex 2.11441 58.2723 2.2
      vertex 2.46927 58.1045 3.2
      vertex 2.11441 58.2723 3.2
    endloop
  endfacet
  facet normal -0.42748 -0.904025 -0
    outer loop
      vertex 2.46927 58.1045 3.2
      vertex 2.11441 58.2723 2.2
      vertex 2.46927 58.1045 2.2
    endloop
  endfacet
  facet normal -0.194731 -0.543996 -0.816179
    outer loop
      vertex 2.83886 57.9722 2.2
      vertex 2.46927 58.1045 2.2
      vertex 3.51582 60.2039 0.55102
    endloop
  endfacet
  facet normal -0.0285918 -0.577095 -0.816176
    outer loop
      vertex 4 60.132 0.55102
      vertex 3.60793 57.8193 2.2
      vertex 3.83651 60.1401 0.55102
    endloop
  endfacet
  facet normal -0.344424 -0.463949 -0.816164
    outer loop
      vertex 3.07333 60.4131 0.55102
      vertex 1.77772 58.4741 2.2
      vertex 2.94186 60.5107 0.55102
    endloop
  endfacet
  facet normal 0.0483427 0.189503 -0.980689
    outer loop
      vertex 83.9193 103.993 0.0303061
      vertex 83.8801 104.003 0.0303061
      vertex 83.9327 104.267 0.083913
    endloop
  endfacet
  facet normal 0.0295221 0.0937327 -0.99516
    outer loop
      vertex 83.8526 103.727 0.00337334
      vertex 83.8399 103.731 0.00337334
      vertex 83.9572 103.98 0.0303061
    endloop
  endfacet
  facet normal -0.033407 -0.0922325 -0.995177
    outer loop
      vertex 3.96012 61.6685 0.00337334
      vertex 3.84278 61.4204 0.0303061
      vertex 3.94742 61.6731 0.00337334
    endloop
  endfacet
  facet normal 0.0952487 -0.0236295 -0.995173
    outer loop
      vertex 84.1932 61.6807 0.0303061
      vertex 83.9315 61.7601 0.00337334
      vertex 84.2029 61.7198 0.0303061
    endloop
  endfacet
  facet normal 0.382634 0 -0.9239
    outer loop
      vertex 84.7433 61.8 0.163677
      vertex 84.9972 103.6 0.26883
      vertex 84.9972 61.8 0.26883
    endloop
  endfacet
  facet normal 0.382634 0 -0.9239
    outer loop
      vertex 84.9972 103.6 0.26883
      vertex 84.7433 61.8 0.163677
      vertex 84.7433 103.6 0.163677
    endloop
  endfacet
  facet normal 0.144925 0.130916 -0.980743
    outer loop
      vertex 84.1176 103.861 0.0303061
      vertex 84.0905 103.891 0.0303061
      vertex 84.3259 104.032 0.083913
    endloop
  endfacet
  facet normal -0.560533 0.140204 -0.816178
    outer loop
      vertex 2.36409 103.925 0.55102
      vertex 0.0768585 104.38 2.2
      vertex 2.40386 104.084 0.55102
    endloop
  endfacet
  facet normal -0.544092 0.194467 -0.816178
    outer loop
      vertex 2.40386 104.084 0.55102
      vertex 0.172238 104.761 2.2
      vertex 0.304482 105.131 2.2
    endloop
  endfacet
  facet normal 0.672166 0.740401 -0
    outer loop
      vertex 86.6284 106.428 2.2
      vertex 86.3376 106.692 3.2
      vertex 86.6284 106.428 3.2
    endloop
  endfacet
  facet normal 0.672166 0.740401 0
    outer loop
      vertex 86.3376 106.692 3.2
      vertex 86.6284 106.428 2.2
      vertex 86.3376 106.692 2.2
    endloop
  endfacet
  facet normal 0.360371 0.129734 -0.923743
    outer loop
      vertex 84.9456 103.948 0.26883
      vertex 84.7027 103.874 0.163677
      vertex 84.906 104.058 0.26883
    endloop
  endfacet
  facet normal 0.287584 0.0421999 -0.956825
    outer loop
      vertex 84.7387 103.692 0.163677
      vertex 84.4673 103.733 0.083913
      vertex 84.7252 103.784 0.163677
    endloop
  endfacet
  facet normal -0.0290888 0.193344 -0.9807
    outer loop
      vertex 3.91985 104.003 0.0303061
      vertex 3.86727 104.267 0.083913
      vertex 3.95973 104.009 0.0303061
    endloop
  endfacet
  facet normal -0.0980146 0 -0.995185
    outer loop
      vertex 3.58915 61.8 0.0303061
      vertex 3.86261 103.6 0.00337334
      vertex 3.86261 61.8 0.00337334
    endloop
  endfacet
  facet normal -0.0980146 0 -0.995185
    outer loop
      vertex 3.86261 103.6 0.00337334
      vertex 3.58915 61.8 0.0303061
      vertex 3.58915 103.6 0.0303061
    endloop
  endfacet
  facet normal -0.346341 -0.163777 -0.923702
    outer loop
      vertex 3.16809 61.3553 0.163677
      vertex 2.9442 61.2357 0.26883
      vertex 3.12851 61.439 0.163677
    endloop
  endfacet
  facet normal 0 -0.0980359 -0.995183
    outer loop
      vertex 4 61.3892 0.0303061
      vertex 83.8 61.6626 0.00337334
      vertex 83.8 61.3892 0.0303061
    endloop
  endfacet
  facet normal -0 -0.0980359 -0.995183
    outer loop
      vertex 83.8 61.6626 0.00337334
      vertex 4 61.3892 0.0303061
      vertex 4 61.6626 0.00337334
    endloop
  endfacet
  facet normal 0.146733 -0.989176 0
    outer loop
      vertex 84.1921 57.8193 2.2
      vertex 84.5804 57.8769 3.2
      vertex 84.1921 57.8193 3.2
    endloop
  endfacet
  facet normal 0.146733 -0.989176 0
    outer loop
      vertex 84.5804 57.8769 3.2
      vertex 84.1921 57.8193 2.2
      vertex 84.5804 57.8769 2.2
    endloop
  endfacet
  facet normal 0.0925823 0.0327599 -0.995166
    outer loop
      vertex 83.9315 103.64 0.00337334
      vertex 83.9269 103.653 0.00337334
      vertex 84.1796 103.757 0.0303061
    endloop
  endfacet
  facet normal -0.193142 0.0286787 -0.980752
    outer loop
      vertex 3.59113 103.64 0.0303061
      vertex 3.32293 103.667 0.083913
      vertex 3.33273 103.733 0.083913
    endloop
  endfacet
  facet normal 0.290203 -0.0139228 -0.956864
    outer loop
      vertex 84.7433 61.8 0.163677
      vertex 84.4771 61.7333 0.083913
      vertex 84.4803 61.8 0.083913
    endloop
  endfacet
  facet normal 0.195082 -0.00935925 -0.980742
    outer loop
      vertex 84.4771 61.7333 0.083913
      vertex 84.2108 61.8 0.0303061
      vertex 84.4803 61.8 0.083913
    endloop
  endfacet
  facet normal 0.514084 -0.85774 0
    outer loop
      vertex 85.6856 58.2723 2.2
      vertex 86.0223 58.4741 3.2
      vertex 85.6856 58.2723 3.2
    endloop
  endfacet
  facet normal 0.514084 -0.85774 0
    outer loop
      vertex 86.0223 58.4741 3.2
      vertex 85.6856 58.2723 2.2
      vertex 86.0223 58.4741 2.2
    endloop
  endfacet
  facet normal 0.173114 -0.233437 -0.956838
    outer loop
      vertex 84.3241 61.0157 0.163677
      vertex 84.178 61.2343 0.083913
      vertex 84.3984 61.0708 0.163677
    endloop
  endfacet
  facet normal 0.378901 -0.0559035 -0.923747
    outer loop
      vertex 84.9914 61.6827 0.26883
      vertex 84.7252 61.616 0.163677
      vertex 84.7387 61.7075 0.163677
    endloop
  endfacet
  facet normal 0.378928 -0.056041 -0.923728
    outer loop
      vertex 84.9742 61.5664 0.26883
      vertex 84.7252 61.616 0.163677
      vertex 84.9914 61.6827 0.26883
    endloop
  endfacet
  facet normal 0.522337 -0.247051 -0.816168
    outer loop
      vertex 87.4955 60.2693 2.2
      vertex 85.271 61.0137 0.55102
      vertex 85.341 61.1617 0.55102
    endloop
  endfacet
  facet normal 0.307713 -0.228177 -0.923714
    outer loop
      vertex 84.7254 61.0405 0.26883
      vertex 84.5843 61.2759 0.163677
      vertex 84.7954 61.1349 0.26883
    endloop
  endfacet
  facet normal 0.85774 -0.514084 0
    outer loop
      vertex 87.1259 59.5777 3.2
      vertex 87.3277 59.9144 2.2
      vertex 87.3277 59.9144 3.2
    endloop
  endfacet
  facet normal 0.85774 -0.514084 0
    outer loop
      vertex 87.3277 59.9144 2.2
      vertex 87.1259 59.5777 3.2
      vertex 87.1259 59.5777 2.2
    endloop
  endfacet
  facet normal 0.328559 -0.19697 -0.923716
    outer loop
      vertex 84.7954 61.1349 0.26883
      vertex 84.5843 61.2759 0.163677
      vertex 84.6319 61.3553 0.163677
    endloop
  endfacet
  facet normal 0.0886934 -0.0420383 -0.995171
    outer loop
      vertex 84.1623 61.6063 0.0303061
      vertex 83.9212 61.7352 0.00337334
      vertex 84.1796 61.6428 0.0303061
    endloop
  endfacet
  facet normal 0.0970238 0.0145536 -0.995176
    outer loop
      vertex 84.2089 103.64 0.0303061
      vertex 83.9367 103.613 0.00337334
      vertex 84.2029 103.68 0.0303061
    endloop
  endfacet
  facet normal 0.0971915 0.0138845 -0.995169
    outer loop
      vertex 83.9367 103.613 0.00337334
      vertex 83.9347 103.627 0.00337334
      vertex 84.2029 103.68 0.0303061
    endloop
  endfacet
  facet normal 0.0286413 -0.193208 -0.98074
    outer loop
      vertex 83.8667 61.1229 0.083913
      vertex 83.8403 61.3911 0.0303061
      vertex 83.8801 61.397 0.0303061
    endloop
  endfacet
  facet normal 0.0659123 -0.0727225 -0.995172
    outer loop
      vertex 84.0606 61.4824 0.0303061
      vertex 83.8872 61.6938 0.00337334
      vertex 84.0905 61.5095 0.0303061
    endloop
  endfacet
  facet normal 0.159044 -0.444199 -0.881699
    outer loop
      vertex 84.2179 60.4225 0.39836
      vertex 84.1475 60.6544 0.26883
      vertex 84.2581 60.694 0.26883
    endloop
  endfacet
  facet normal 0.555494 -0.0271645 -0.831077
    outer loop
      vertex 85.4599 61.6365 0.55102
      vertex 85.2326 61.6589 0.39836
      vertex 85.2395 61.8 0.39836
    endloop
  endfacet
  facet normal -0.0271645 -0.555495 -0.831076
    outer loop
      vertex 4 60.3605 0.39836
      vertex 3.83651 60.1401 0.55102
      vertex 3.8589 60.3674 0.39836
    endloop
  endfacet
  facet normal -0.374147 0.412231 -0.830711
    outer loop
      vertex 2.98213 104.618 0.39836
      vertex 2.82057 104.779 0.55102
      vertex 3.0868 104.713 0.39836
    endloop
  endfacet
  facet normal -0.019603 0.38337 -0.923387
    outer loop
      vertex 3.90754 104.539 0.163677
      vertex 3.88266 104.791 0.26883
      vertex 4 104.797 0.26883
    endloop
  endfacet
  facet normal -0.247001 -0.522352 -0.816174
    outer loop
      vertex 2.46927 58.1045 2.2
      vertex 2.11441 58.2723 2.2
      vertex 3.21373 60.329 0.55102
    endloop
  endfacet
  facet normal -0.404603 -0.242661 -0.88171
    outer loop
      vertex 2.80311 61.0003 0.39836
      vertex 2.73048 61.1214 0.39836
      vertex 2.9442 61.2357 0.26883
    endloop
  endfacet
  facet normal -0.941545 -0.336888 0
    outer loop
      vertex 0.304482 60.2693 2.2
      vertex 0.172238 60.6389 3.2
      vertex 0.172238 60.6389 2.2
    endloop
  endfacet
  facet normal -0.941545 -0.336888 0
    outer loop
      vertex 0.172238 60.6389 3.2
      vertex 0.304482 60.2693 2.2
      vertex 0.304482 60.2693 3.2
    endloop
  endfacet
  facet normal -0.577113 -0.0283485 -0.816172
    outer loop
      vertex 0.0192604 61.4079 2.2
      vertex 0 61.8 2.2
      vertex 2.33204 61.8 0.55102
    endloop
  endfacet
  facet normal 0 -0.290231 -0.956957
    outer loop
      vertex 4 60.8567 0.163677
      vertex 83.8 61.1197 0.083913
      vertex 83.8 60.8567 0.163677
    endloop
  endfacet
  facet normal -0 -0.290231 -0.956957
    outer loop
      vertex 83.8 61.1197 0.083913
      vertex 4 60.8567 0.163677
      vertex 4 61.1197 0.083913
    endloop
  endfacet
  facet normal 0.27356 -0.0978791 -0.956862
    outer loop
      vertex 84.6715 61.439 0.163677
      vertex 84.451 61.6025 0.083913
      vertex 84.7027 61.5262 0.163677
    endloop
  endfacet
  facet normal -0.0143585 -0.0970537 -0.995176
    outer loop
      vertex 3.95973 61.3911 0.0303061
      vertex 3.91985 61.397 0.0303061
      vertex 3.98653 61.6633 0.00337334
    endloop
  endfacet
  facet normal 0.23774 -0.502639 -0.831164
    outer loop
      vertex 84.4383 60.259 0.55102
      vertex 84.3509 60.4701 0.39836
      vertex 84.4786 60.5305 0.39836
    endloop
  endfacet
  facet normal 0.237735 -0.502639 -0.831166
    outer loop
      vertex 84.5863 60.329 0.55102
      vertex 84.4383 60.259 0.55102
      vertex 84.4786 60.5305 0.39836
    endloop
  endfacet
  facet normal -0.0976299 0.168802 -0.980803
    outer loop
      vertex 3.77175 103.942 0.0303061
      vertex 3.67929 104.2 0.083913
      vertex 3.80633 103.962 0.0303061
    endloop
  endfacet
  facet normal -0.46674 -0.0692593 -0.881678
    outer loop
      vertex 2.58817 61.5192 0.39836
      vertex 2.56744 61.6589 0.39836
      vertex 2.82585 61.5664 0.26883
    endloop
  endfacet
  facet normal -0.285836 0.477755 -0.830691
    outer loop
      vertex 3.32143 104.87 0.39836
      vertex 3.07333 104.987 0.55102
      vertex 3.21373 105.071 0.55102
    endloop
  endfacet
  facet normal -0.332314 0.445809 -0.831157
    outer loop
      vertex 3.20026 104.797 0.39836
      vertex 2.94186 104.889 0.55102
      vertex 3.07333 104.987 0.55102
    endloop
  endfacet
  facet normal -0.476678 0.286125 -0.83121
    outer loop
      vertex 2.73048 104.279 0.39836
      vertex 2.61314 104.527 0.55102
      vertex 2.80311 104.4 0.39836
    endloop
  endfacet
  facet normal -0.148662 0.250408 -0.956659
    outer loop
      vertex 3.62202 104.166 0.083913
      vertex 3.47593 104.384 0.163677
      vertex 3.67929 104.2 0.083913
    endloop
  endfacet
  facet normal -0.237831 0.502742 -0.831076
    outer loop
      vertex 3.44913 104.93 0.39836
      vertex 3.21373 105.071 0.55102
      vertex 3.3617 105.141 0.55102
    endloop
  endfacet
  facet normal -0.286893 0.476203 -0.831218
    outer loop
      vertex 3.20026 104.797 0.39836
      vertex 3.07333 104.987 0.55102
      vertex 3.32143 104.87 0.39836
    endloop
  endfacet
  facet normal -0.550118 0.0815669 -0.831094
    outer loop
      vertex 2.56744 103.741 0.39836
      vertex 2.34007 103.763 0.55102
      vertex 2.36409 103.925 0.55102
    endloop
  endfacet
  facet normal -0.98916 0.14684 0
    outer loop
      vertex 0.0192604 103.992 2.2
      vertex 0.0768585 104.38 3.2
      vertex 0.0768585 104.38 2.2
    endloop
  endfacet
  facet normal -0.98916 0.14684 0
    outer loop
      vertex 0.0768585 104.38 3.2
      vertex 0.0192604 103.992 2.2
      vertex 0.0192604 103.992 3.2
    endloop
  endfacet
  facet normal -0.52369 0.187387 -0.831044
    outer loop
      vertex 2.6225 104.018 0.39836
      vertex 2.40386 104.084 0.55102
      vertex 2.67009 104.151 0.39836
    endloop
  endfacet
  facet normal 0.187358 -0.523502 -0.83117
    outer loop
      vertex 84.4383 60.259 0.55102
      vertex 84.2179 60.4225 0.39836
      vertex 84.3509 60.4701 0.39836
    endloop
  endfacet
  facet normal 0.194728 -0.544001 -0.816176
    outer loop
      vertex 84.9611 57.9722 2.2
      vertex 84.2842 60.2039 0.55102
      vertex 85.3307 58.1045 2.2
    endloop
  endfacet
  facet normal 0.803137 -0.595794 0
    outer loop
      vertex 86.892 59.2624 3.2
      vertex 87.1259 59.5777 2.2
      vertex 87.1259 59.5777 3.2
    endloop
  endfacet
  facet normal 0.803137 -0.595794 0
    outer loop
      vertex 87.1259 59.5777 2.2
      vertex 86.892 59.2624 3.2
      vertex 86.892 59.2624 2.2
    endloop
  endfacet
  facet normal -0.989177 -0.146729 0
    outer loop
      vertex 0.0768585 61.0196 2.2
      vertex 0.0192604 61.4079 3.2
      vertex 0.0192604 61.4079 2.2
    endloop
  endfacet
  facet normal -0.989177 -0.146729 0
    outer loop
      vertex 0.0192604 61.4079 3.2
      vertex 0.0768585 61.0196 2.2
      vertex 0.0768585 61.0196 3.2
    endloop
  endfacet
  facet normal -0.146737 -0.989176 0
    outer loop
      vertex 3.21964 57.8769 2.2
      vertex 3.60793 57.8193 3.2
      vertex 3.21964 57.8769 3.2
    endloop
  endfacet
  facet normal -0.146737 -0.989176 -0
    outer loop
      vertex 3.60793 57.8193 3.2
      vertex 3.21964 57.8769 2.2
      vertex 3.60793 57.8193 2.2
    endloop
  endfacet
  facet normal -0.196935 -0.328562 -0.923723
    outer loop
      vertex 3.43567 60.7442 0.26883
      vertex 3.3349 60.8046 0.26883
      vertex 3.55534 60.9681 0.163677
    endloop
  endfacet
  facet normal -0.135187 -0.539323 -0.831177
    outer loop
      vertex 3.6746 60.1641 0.55102
      vertex 3.51582 60.2039 0.55102
      vertex 3.71917 60.3882 0.39836
    endloop
  endfacet
  facet normal 0.014638 0.0970985 -0.995167
    outer loop
      vertex 83.8801 104.003 0.0303061
      vertex 83.8268 103.735 0.00337334
      vertex 83.8403 104.009 0.0303061
    endloop
  endfacet
  facet normal 0.0663763 -0.0722116 -0.995178
    outer loop
      vertex 84.0905 61.5095 0.0303061
      vertex 83.8872 61.6938 0.00337334
      vertex 83.8971 61.7029 0.00337334
    endloop
  endfacet
  facet normal 0.0853624 0.571487 -0.816159
    outer loop
      vertex 84.5804 107.523 2.2
      vertex 84.1254 105.236 0.55102
      vertex 84.1921 107.581 2.2
    endloop
  endfacet
  facet normal -0.0696247 0.281806 -0.956942
    outer loop
      vertex 3.80251 104.251 0.083913
      vertex 3.72618 104.503 0.163677
      vertex 3.86727 104.267 0.083913
    endloop
  endfacet
  facet normal 0.167589 -0.100319 -0.98074
    outer loop
      vertex 84.3657 61.422 0.083913
      vertex 84.1416 61.5717 0.0303061
      vertex 84.4 61.4793 0.083913
    endloop
  endfacet
  facet normal 0.0722116 -0.0663763 -0.995178
    outer loop
      vertex 84.0905 61.5095 0.0303061
      vertex 83.8971 61.7029 0.00337334
      vertex 83.9062 61.7128 0.00337334
    endloop
  endfacet
  facet normal 0.234331 0.172711 -0.956692
    outer loop
      vertex 84.3657 103.978 0.083913
      vertex 84.3259 104.032 0.083913
      vertex 84.5292 104.198 0.163677
    endloop
  endfacet
  facet normal 0.374023 0.412446 -0.83066
    outer loop
      vertex 84.9794 104.779 0.55102
      vertex 84.8179 104.618 0.39836
      vertex 84.8581 104.889 0.55102
    endloop
  endfacet
  facet normal 0.0847235 0.57153 -0.816195
    outer loop
      vertex 84.1254 105.236 0.55102
      vertex 83.9635 105.26 0.55102
      vertex 84.1921 107.581 2.2
    endloop
  endfacet
  facet normal 0.0282369 0.577091 -0.816191
    outer loop
      vertex 83.9635 105.26 0.55102
      vertex 83.8 105.268 0.55102
      vertex 84.1921 107.581 2.2
    endloop
  endfacet
  facet normal 0.216211 0.194904 -0.956695
    outer loop
      vertex 84.5292 104.198 0.163677
      vertex 84.3259 104.032 0.083913
      vertex 84.467 104.267 0.163677
    endloop
  endfacet
  facet normal -0.560513 0.140319 -0.816171
    outer loop
      vertex 2.40386 104.084 0.55102
      vertex 0.0768585 104.38 2.2
      vertex 0.172238 104.761 2.2
    endloop
  endfacet
  facet normal 0.388363 0.427788 -0.816193
    outer loop
      vertex 86.6284 106.428 2.2
      vertex 84.8581 104.889 0.55102
      vertex 86.3376 106.692 2.2
    endloop
  endfacet
  facet normal 0.0420383 -0.0886934 -0.995171
    outer loop
      vertex 83.9572 61.4204 0.0303061
      vertex 83.8648 61.6788 0.00337334
      vertex 83.9937 61.4377 0.0303061
    endloop
  endfacet
  facet normal 0.0888776 -0.0415248 -0.995177
    outer loop
      vertex 84.1796 61.6428 0.0303061
      vertex 83.9212 61.7352 0.00337334
      vertex 83.9269 61.7474 0.00337334
    endloop
  endfacet
  facet normal -0.0145692 0.0971035 -0.995168
    outer loop
      vertex 3.9732 103.735 0.00337334
      vertex 3.95973 104.009 0.0303061
      vertex 3.98653 103.737 0.00337334
    endloop
  endfacet
  facet normal -0.0644688 0.184234 -0.980766
    outer loop
      vertex 3.88074 103.993 0.0303061
      vertex 3.73964 104.229 0.083913
      vertex 3.80251 104.251 0.083913
    endloop
  endfacet
  facet normal 0.262617 -0.124558 -0.956827
    outer loop
      vertex 84.6715 61.439 0.163677
      vertex 84.4 61.4793 0.083913
      vertex 84.4286 61.5396 0.083913
    endloop
  endfacet
  facet normal 0.371625 -0.093113 -0.923702
    outer loop
      vertex 84.9456 61.4525 0.26883
      vertex 84.7027 61.5262 0.163677
      vertex 84.7252 61.616 0.163677
    endloop
  endfacet
  facet normal 0.463866 -0.344546 -0.816159
    outer loop
      vertex 87.1259 59.5777 2.2
      vertex 85.0893 60.7419 0.55102
      vertex 85.1869 60.8733 0.55102
    endloop
  endfacet
  facet normal 0.495693 -0.296922 -0.816165
    outer loop
      vertex 87.1259 59.5777 2.2
      vertex 85.1869 60.8733 0.55102
      vertex 85.271 61.0137 0.55102
    endloop
  endfacet
  facet normal 0.577095 -0.02859 -0.816176
    outer loop
      vertex 87.7807 61.4079 2.2
      vertex 85.4599 61.6365 0.55102
      vertex 85.468 61.8 0.55102
    endloop
  endfacet
  facet normal 0.571559 -0.0847844 -0.816169
    outer loop
      vertex 87.7231 61.0196 2.2
      vertex 85.4359 61.4746 0.55102
      vertex 87.7807 61.4079 2.2
    endloop
  endfacet
  facet normal 0.555313 -0.0275109 -0.831187
    outer loop
      vertex 85.4599 61.6365 0.55102
      vertex 85.2395 61.8 0.39836
      vertex 85.468 61.8 0.55102
    endloop
  endfacet
  facet normal 0.577119 -0.028407 -0.816166
    outer loop
      vertex 87.7807 61.4079 2.2
      vertex 85.468 61.8 0.55102
      vertex 87.8 61.8 2.2
    endloop
  endfacet
  facet normal 0.56048 -0.140473 -0.816168
    outer loop
      vertex 87.7231 61.0196 2.2
      vertex 85.3961 61.3158 0.55102
      vertex 85.4359 61.4746 0.55102
    endloop
  endfacet
  facet normal 0.522365 -0.246979 -0.816172
    outer loop
      vertex 87.3277 59.9144 2.2
      vertex 85.271 61.0137 0.55102
      vertex 87.4955 60.2693 2.2
    endloop
  endfacet
  facet normal 0.549988 -0.08153 -0.831184
    outer loop
      vertex 85.4359 61.4746 0.55102
      vertex 85.2118 61.5192 0.39836
      vertex 85.4599 61.6365 0.55102
    endloop
  endfacet
  facet normal 0.346357 -0.163721 -0.923706
    outer loop
      vertex 84.8558 61.2357 0.26883
      vertex 84.6319 61.3553 0.163677
      vertex 84.906 61.3419 0.26883
    endloop
  endfacet
  facet normal -0.378917 -0.056237 -0.923721
    outer loop
      vertex 3.07483 61.616 0.163677
      vertex 2.82585 61.5664 0.26883
      vertex 3.06125 61.7075 0.163677
    endloop
  endfacet
  facet normal 0.0791419 -0.0580858 -0.99517
    outer loop
      vertex 84.1176 61.5394 0.0303061
      vertex 83.9062 61.7128 0.00337334
      vertex 83.9142 61.7237 0.00337334
    endloop
  endfacet
  facet normal 0.193167 -0.0290476 -0.980736
    outer loop
      vertex 84.4771 61.7333 0.083913
      vertex 84.2029 61.7198 0.0303061
      vertex 84.2089 61.7597 0.0303061
    endloop
  endfacet
  facet normal -0.0970658 -0.0144504 -0.995173
    outer loop
      vertex 3.86525 61.7732 0.00337334
      vertex 3.59113 61.7597 0.0303061
      vertex 3.86327 61.7865 0.00337334
    endloop
  endfacet
  facet normal 0 0.0985356 -0.995134
    outer loop
      vertex 83.8135 103.737 0.00337334
      vertex 83.8 103.737 0.00337334
      vertex 83.8403 104.009 0.0303061
    endloop
  endfacet
  facet normal 0.0580858 -0.0791419 -0.99517
    outer loop
      vertex 84.0606 61.4824 0.0303061
      vertex 83.8763 61.6858 0.00337334
      vertex 83.8872 61.6938 0.00337334
    endloop
  endfacet
  facet normal 0.0139228 -0.290203 -0.956864
    outer loop
      vertex 83.8667 61.1229 0.083913
      vertex 83.8 60.8567 0.163677
      vertex 83.8 61.1197 0.083913
    endloop
  endfacet
  facet normal 0.00507979 -0.0979674 -0.995177
    outer loop
      vertex 83.8403 61.3911 0.0303061
      vertex 83.8 61.6626 0.00337334
      vertex 83.8135 61.6633 0.00337334
    endloop
  endfacet
  facet normal 0.0847283 -0.571563 -0.816172
    outer loop
      vertex 84.1921 57.8193 2.2
      vertex 83.9635 60.1401 0.55102
      vertex 84.1254 60.1641 0.55102
    endloop
  endfacet
  facet normal 0 -0.555523 -0.831501
    outer loop
      vertex 4 60.132 0.55102
      vertex 83.8 60.3605 0.39836
      vertex 83.8 60.132 0.55102
    endloop
  endfacet
  facet normal -0 -0.555523 -0.831501
    outer loop
      vertex 83.8 60.3605 0.39836
      vertex 4 60.132 0.55102
      vertex 4 60.3605 0.39836
    endloop
  endfacet
  facet normal -0.0284092 -0.577119 -0.816166
    outer loop
      vertex 4 57.8 2.2
      vertex 3.60793 57.8193 2.2
      vertex 4 60.132 0.55102
    endloop
  endfacet
  facet normal -0.0633242 0.184907 -0.980714
    outer loop
      vertex 3.84278 103.98 0.0303061
      vertex 3.73964 104.229 0.083913
      vertex 3.88074 103.993 0.0303061
    endloop
  endfacet
  facet normal -0.116292 -0.156946 -0.980737
    outer loop
      vertex 3.77175 61.4584 0.0303061
      vertex 3.56839 61.2741 0.083913
      vertex 3.73936 61.4824 0.0303061
    endloop
  endfacet
  facet normal -0.201735 -0.426517 -0.881695
    outer loop
      vertex 3.44913 60.4701 0.39836
      vertex 3.32143 60.5305 0.39836
      vertex 3.54187 60.694 0.26883
    endloop
  endfacet
  facet normal -0.237773 -0.502619 -0.831167
    outer loop
      vertex 3.3617 60.259 0.55102
      vertex 3.21373 60.329 0.55102
      vertex 3.32143 60.5305 0.39836
    endloop
  endfacet
  facet normal -0.550006 -0.0816151 -0.831163
    outer loop
      vertex 2.58817 61.5192 0.39836
      vertex 2.36409 61.4746 0.55102
      vertex 2.56744 61.6589 0.39836
    endloop
  endfacet
  facet normal -0.998796 -0.049062 0
    outer loop
      vertex 0.0192604 61.4079 2.2
      vertex 0 61.8 3.2
      vertex 0 61.8 2.2
    endloop
  endfacet
  facet normal -0.998796 -0.049062 0
    outer loop
      vertex 0 61.8 3.2
      vertex 0.0192604 61.4079 2.2
      vertex 0.0192604 61.4079 3.2
    endloop
  endfacet
  facet normal -0.0190331 -0.382565 -0.923733
    outer loop
      vertex 4 60.6028 0.26883
      vertex 3.90754 60.8613 0.163677
      vertex 4 60.8567 0.163677
    endloop
  endfacet
  facet normal -0.671531 -0.740977 0
    outer loop
      vertex 1.17157 58.9716 2.2
      vertex 1.46243 58.708 3.2
      vertex 1.17157 58.9716 3.2
    endloop
  endfacet
  facet normal -0.671531 -0.740977 -0
    outer loop
      vertex 1.46243 58.708 3.2
      vertex 1.17157 58.9716 2.2
      vertex 1.46243 58.708 2.2
    endloop
  endfacet
  facet normal 0.093113 -0.371625 -0.923702
    outer loop
      vertex 84.1475 60.6544 0.26883
      vertex 83.984 60.8748 0.163677
      vertex 84.0738 60.8973 0.163677
    endloop
  endfacet
  facet normal 0.195188 -0.215272 -0.956849
    outer loop
      vertex 84.3984 61.0708 0.163677
      vertex 84.2316 61.2741 0.083913
      vertex 84.467 61.133 0.163677
    endloop
  endfacet
  facet normal 0.0727225 -0.0659123 -0.995172
    outer loop
      vertex 84.0905 61.5095 0.0303061
      vertex 83.9062 61.7128 0.00337334
      vertex 84.1176 61.5394 0.0303061
    endloop
  endfacet
  facet normal -0.0980135 -0.00481555 -0.995173
    outer loop
      vertex 3.59113 61.7597 0.0303061
      vertex 3.58915 61.8 0.0303061
      vertex 3.86261 61.8 0.00337334
    endloop
  endfacet
  facet normal 0.257322 -0.283799 -0.923712
    outer loop
      vertex 84.6465 60.9535 0.26883
      vertex 84.3984 61.0708 0.163677
      vertex 84.467 61.133 0.163677
    endloop
  endfacet
  facet normal 0.19697 -0.328559 -0.923716
    outer loop
      vertex 84.4651 60.8046 0.26883
      vertex 84.2447 60.9681 0.163677
      vertex 84.3241 61.0157 0.163677
    endloop
  endfacet
  facet normal -0.0979954 0.00497515 -0.995174
    outer loop
      vertex 3.86261 103.6 0.00337334
      vertex 3.59113 103.64 0.0303061
      vertex 3.86327 103.613 0.00337334
    endloop
  endfacet
  facet normal 0.242509 -0.404716 -0.8817
    outer loop
      vertex 84.4786 60.5305 0.39836
      vertex 84.3643 60.7442 0.26883
      vertex 84.4651 60.8046 0.26883
    endloop
  endfacet
  facet normal 0.0978791 -0.27356 -0.956862
    outer loop
      vertex 84.0738 60.8973 0.163677
      vertex 83.9975 61.149 0.083913
      vertex 84.161 60.9285 0.163677
    endloop
  endfacet
  facet normal -0.52232 0.246973 -0.816202
    outer loop
      vertex 2.45901 104.238 0.55102
      vertex 0.304482 105.131 2.2
      vertex 2.52899 104.386 0.55102
    endloop
  endfacet
  facet normal -0.94166 0.336565 0
    outer loop
      vertex 0.172238 104.761 2.2
      vertex 0.304482 105.131 3.2
      vertex 0.304482 105.131 2.2
    endloop
  endfacet
  facet normal -0.94166 0.336565 0
    outer loop
      vertex 0.304482 105.131 3.2
      vertex 0.172238 104.761 2.2
      vertex 0.172238 104.761 3.2
    endloop
  endfacet
  facet normal 0.0970307 -0.0145911 -0.995174
    outer loop
      vertex 84.2029 61.7198 0.0303061
      vertex 83.9367 61.7865 0.00337334
      vertex 84.2089 61.7597 0.0303061
    endloop
  endfacet
  facet normal 0.0415248 -0.0888776 -0.995177
    outer loop
      vertex 83.9572 61.4204 0.0303061
      vertex 83.8526 61.6731 0.00337334
      vertex 83.8648 61.6788 0.00337334
    endloop
  endfacet
  facet normal -0.37821 0.281649 -0.881834
    outer loop
      vertex 3.07459 104.359 0.26883
      vertex 2.80311 104.4 0.39836
      vertex 2.88726 104.513 0.39836
    endloop
  endfacet
  facet normal -0.495298 0.297483 -0.816201
    outer loop
      vertex 2.52899 104.386 0.55102
      vertex 0.472315 105.486 2.2
      vertex 0.674121 105.822 2.2
    endloop
  endfacet
  facet normal -0.803846 0.594838 0
    outer loop
      vertex 0.674121 105.822 2.2
      vertex 0.907958 106.138 3.2
      vertex 0.907958 106.138 2.2
    endloop
  endfacet
  facet normal -0.803846 0.594838 0
    outer loop
      vertex 0.907958 106.138 3.2
      vertex 0.674121 105.822 2.2
      vertex 0.674121 105.822 3.2
    endloop
  endfacet
  facet normal -0.59597 0.803006 0
    outer loop
      vertex 1.77772 106.926 2.2
      vertex 1.46243 106.692 3.2
      vertex 1.77772 106.926 3.2
    endloop
  endfacet
  facet normal -0.59597 0.803006 0
    outer loop
      vertex 1.46243 106.692 3.2
      vertex 1.77772 106.926 2.2
      vertex 1.46243 106.692 2.2
    endloop
  endfacet
  facet normal -0.336344 0.941739 0
    outer loop
      vertex 2.83886 107.428 2.2
      vertex 2.46927 107.296 3.2
      vertex 2.83886 107.428 3.2
    endloop
  endfacet
  facet normal -0.336344 0.941739 0
    outer loop
      vertex 2.46927 107.296 3.2
      vertex 2.83886 107.428 2.2
      vertex 2.46927 107.296 2.2
    endloop
  endfacet
  facet normal -0.247218 0.52219 -0.816211
    outer loop
      vertex 3.21373 105.071 0.55102
      vertex 2.11441 107.128 2.2
      vertex 2.46927 107.296 2.2
    endloop
  endfacet
  facet normal -0.0853647 0.571487 -0.816159
    outer loop
      vertex 3.6746 105.236 0.55102
      vertex 3.21964 107.523 2.2
      vertex 3.60793 107.581 2.2
    endloop
  endfacet
  facet normal -0.0970682 -0.0144021 -0.995174
    outer loop
      vertex 3.59705 61.7198 0.0303061
      vertex 3.59113 61.7597 0.0303061
      vertex 3.86525 61.7732 0.00337334
    endloop
  endfacet
  facet normal -0.413053 0.373204 -0.830726
    outer loop
      vertex 2.88726 104.513 0.39836
      vertex 2.82057 104.779 0.55102
      vertex 2.98213 104.618 0.39836
    endloop
  endfacet
  facet normal -0.0200627 0.471807 -0.881474
    outer loop
      vertex 4 104.797 0.26883
      vertex 3.8589 105.033 0.39836
      vertex 4 105.039 0.39836
    endloop
  endfacet
  facet normal -0.0508348 0.0840227 -0.995166
    outer loop
      vertex 3.92367 103.714 0.00337334
      vertex 3.80633 103.962 0.0303061
      vertex 3.93524 103.721 0.00337334
    endloop
  endfacet
  facet normal -0.139859 0.560583 -0.816202
    outer loop
      vertex 3.51582 105.196 0.55102
      vertex 2.83886 107.428 2.2
      vertex 3.21964 107.523 2.2
    endloop
  endfacet
  facet normal -0.116815 0.15662 -0.980726
    outer loop
      vertex 3.77175 103.942 0.0303061
      vertex 3.56839 104.126 0.083913
      vertex 3.62202 104.166 0.083913
    endloop
  endfacet
  facet normal -0.57155 0.0847446 -0.81618
    outer loop
      vertex 2.34007 103.763 0.55102
      vertex 0.0192604 103.992 2.2
      vertex 2.36409 103.925 0.55102
    endloop
  endfacet
  facet normal -0.577104 0.0284303 -0.816176
    outer loop
      vertex 2.33204 103.6 0.55102
      vertex 0.0192604 103.992 2.2
      vertex 2.34007 103.763 0.55102
    endloop
  endfacet
  facet normal -0.346259 0.164081 -0.923678
    outer loop
      vertex 3.12851 103.961 0.163677
      vertex 2.89397 104.058 0.26883
      vertex 2.9442 104.164 0.26883
    endloop
  endfacet
  facet normal -0.411534 0.37385 -0.831189
    outer loop
      vertex 2.88726 104.513 0.39836
      vertex 2.71065 104.658 0.55102
      vertex 2.82057 104.779 0.55102
    endloop
  endfacet
  facet normal -0.555367 -0.0272763 -0.831158
    outer loop
      vertex 2.56744 61.6589 0.39836
      vertex 2.33204 61.8 0.55102
      vertex 2.56051 61.8 0.39836
    endloop
  endfacet
  facet normal -0.577113 0.0283557 -0.816172
    outer loop
      vertex 2.33204 103.6 0.55102
      vertex 0 103.6 2.2
      vertex 0.0192604 103.992 2.2
    endloop
  endfacet
  facet normal -0.0847184 0.571531 -0.816195
    outer loop
      vertex 3.6746 105.236 0.55102
      vertex 3.60793 107.581 2.2
      vertex 3.83651 105.26 0.55102
    endloop
  endfacet
  facet normal -0.027968 0.577126 -0.816176
    outer loop
      vertex 4 105.268 0.55102
      vertex 3.60793 107.581 2.2
      vertex 4 107.6 2.2
    endloop
  endfacet
  facet normal 0.0491626 -0.998791 0
    outer loop
      vertex 83.8 57.8 2.2
      vertex 84.1921 57.8193 3.2
      vertex 83.8 57.8 3.2
    endloop
  endfacet
  facet normal 0.0491626 -0.998791 0
    outer loop
      vertex 84.1921 57.8193 3.2
      vertex 83.8 57.8 2.2
      vertex 84.1921 57.8193 2.2
    endloop
  endfacet
  facet normal 0.194543 -0.544084 -0.816165
    outer loop
      vertex 85.3307 58.1045 2.2
      vertex 84.2842 60.2039 0.55102
      vertex 84.4383 60.259 0.55102
    endloop
  endfacet
  facet normal 0.187229 -0.523629 -0.831119
    outer loop
      vertex 84.2842 60.2039 0.55102
      vertex 84.2179 60.4225 0.39836
      vertex 84.4383 60.259 0.55102
    endloop
  endfacet
  facet normal 0.247051 -0.522337 -0.816168
    outer loop
      vertex 85.3307 58.1045 2.2
      vertex 84.4383 60.259 0.55102
      vertex 84.5863 60.329 0.55102
    endloop
  endfacet
  facet normal 0.257342 -0.283761 -0.923718
    outer loop
      vertex 84.5595 60.8746 0.26883
      vertex 84.3984 61.0708 0.163677
      vertex 84.6465 60.9535 0.26883
    endloop
  endfacet
  facet normal -0.337022 -0.941497 0
    outer loop
      vertex 2.46927 58.1045 2.2
      vertex 2.83886 57.9722 3.2
      vertex 2.46927 58.1045 3.2
    endloop
  endfacet
  facet normal -0.337022 -0.941497 -0
    outer loop
      vertex 2.83886 57.9722 3.2
      vertex 2.46927 58.1045 2.2
      vertex 2.83886 57.9722 2.2
    endloop
  endfacet
  facet normal 0.857268 0.514871 0
    outer loop
      vertex 87.3277 105.486 3.2
      vertex 87.1259 105.822 2.2
      vertex 87.1259 105.822 3.2
    endloop
  endfacet
  facet normal 0.857268 0.514871 0
    outer loop
      vertex 87.1259 105.822 2.2
      vertex 87.3277 105.486 3.2
      vertex 87.3277 105.486 2.2
    endloop
  endfacet
  facet normal 0.07272 0.0656904 -0.995187
    outer loop
      vertex 84.1176 103.861 0.0303061
      vertex 83.9062 103.687 0.00337334
      vertex 84.0905 103.891 0.0303061
    endloop
  endfacet
  facet normal 0.0510691 0.0838993 -0.995165
    outer loop
      vertex 83.8763 103.714 0.00337334
      vertex 83.8648 103.721 0.00337334
      vertex 83.9937 103.962 0.0303061
    endloop
  endfacet
  facet normal 0.0433048 0.0880531 -0.995174
    outer loop
      vertex 83.8648 103.721 0.00337334
      vertex 83.8526 103.727 0.00337334
      vertex 83.9937 103.962 0.0303061
    endloop
  endfacet
  facet normal 0.00969876 0.19543 -0.98067
    outer loop
      vertex 83.8403 104.009 0.0303061
      vertex 83.8 104.011 0.0303061
      vertex 83.8 104.28 0.083913
    endloop
  endfacet
  facet normal 0.0048547 0.0978222 -0.995192
    outer loop
      vertex 83.8403 104.009 0.0303061
      vertex 83.8 103.737 0.00337334
      vertex 83.8 104.011 0.0303061
    endloop
  endfacet
  facet normal 0.0923623 -0.0331432 -0.995174
    outer loop
      vertex 84.1796 61.6428 0.0303061
      vertex 83.9315 61.7601 0.00337334
      vertex 84.1932 61.6807 0.0303061
    endloop
  endfacet
  facet normal -0.0233064 -0.0952647 -0.995179
    outer loop
      vertex 3.9732 61.6653 0.00337334
      vertex 3.91985 61.397 0.0303061
      vertex 3.96012 61.6685 0.00337334
    endloop
  endfacet
  facet normal 0.092237 -0.0334087 -0.995176
    outer loop
      vertex 84.1796 61.6428 0.0303061
      vertex 83.9269 61.7474 0.00337334
      vertex 83.9315 61.7601 0.00337334
    endloop
  endfacet
  facet normal 0.0970307 -0.0145911 -0.995174
    outer loop
      vertex 84.2029 61.7198 0.0303061
      vertex 83.9347 61.7732 0.00337334
      vertex 83.9367 61.7865 0.00337334
    endloop
  endfacet
  facet normal -0.0484494 0.189485 -0.980687
    outer loop
      vertex 3.88074 103.993 0.0303061
      vertex 3.86727 104.267 0.083913
      vertex 3.91985 104.003 0.0303061
    endloop
  endfacet
  facet normal 0.0911536 0.372072 -0.923717
    outer loop
      vertex 84.0738 104.503 0.163677
      vertex 83.984 104.525 0.163677
      vertex 84.1475 104.746 0.26883
    endloop
  endfacet
  facet normal 0.544009 0.194642 -0.816191
    outer loop
      vertex 85.3961 104.084 0.55102
      vertex 85.341 104.238 0.55102
      vertex 87.4955 105.131 2.2
    endloop
  endfacet
  facet normal 0.195094 0.00926697 -0.980741
    outer loop
      vertex 84.2108 103.6 0.0303061
      vertex 84.2089 103.64 0.0303061
      vertex 84.4771 103.667 0.083913
    endloop
  endfacet
  facet normal 0.560532 0.140207 -0.816177
    outer loop
      vertex 87.7231 104.38 2.2
      vertex 85.3961 104.084 0.55102
      vertex 87.6278 104.761 2.2
    endloop
  endfacet
  facet normal -0.857261 0.514882 0
    outer loop
      vertex 0.472315 105.486 2.2
      vertex 0.674121 105.822 3.2
      vertex 0.674121 105.822 2.2
    endloop
  endfacet
  facet normal -0.857261 0.514882 0
    outer loop
      vertex 0.674121 105.822 3.2
      vertex 0.472315 105.486 2.2
      vertex 0.472315 105.486 3.2
    endloop
  endfacet
  facet normal -0.147734 0.989027 0
    outer loop
      vertex 3.60793 107.581 2.2
      vertex 3.21964 107.523 3.2
      vertex 3.60793 107.581 3.2
    endloop
  endfacet
  facet normal -0.147734 0.989027 0
    outer loop
      vertex 3.21964 107.523 3.2
      vertex 3.60793 107.581 2.2
      vertex 3.21964 107.523 2.2
    endloop
  endfacet
  facet normal 0.337014 -0.9415 0
    outer loop
      vertex 84.9611 57.9722 2.2
      vertex 85.3307 58.1045 3.2
      vertex 84.9611 57.9722 3.2
    endloop
  endfacet
  facet normal 0.337014 -0.9415 0
    outer loop
      vertex 85.3307 58.1045 3.2
      vertex 84.9611 57.9722 2.2
      vertex 85.3307 58.1045 2.2
    endloop
  endfacet
  facet normal 0.184051 -0.0655443 -0.980729
    outer loop
      vertex 84.4286 61.5396 0.083913
      vertex 84.1932 61.6807 0.0303061
      vertex 84.451 61.6025 0.083913
    endloop
  endfacet
  facet normal 0.281826 -0.0706133 -0.956864
    outer loop
      vertex 84.7027 61.5262 0.163677
      vertex 84.451 61.6025 0.083913
      vertex 84.7252 61.616 0.163677
    endloop
  endfacet
  facet normal 0.379023 -0.281055 -0.881674
    outer loop
      vertex 84.9969 61.0003 0.39836
      vertex 84.7254 61.0405 0.26883
      vertex 84.7954 61.1349 0.26883
    endloop
  endfacet
  facet normal 0.249369 -0.149273 -0.956835
    outer loop
      vertex 84.5843 61.2759 0.163677
      vertex 84.3657 61.422 0.083913
      vertex 84.4 61.4793 0.083913
    endloop
  endfacet
  facet normal 0.428201 -0.387958 -0.816169
    outer loop
      vertex 86.6284 58.9716 2.2
      vertex 84.9794 60.6206 0.55102
      vertex 85.0893 60.7419 0.55102
    endloop
  endfacet
  facet normal 0.387958 -0.428201 -0.816169
    outer loop
      vertex 86.6284 58.9716 2.2
      vertex 84.8581 60.5107 0.55102
      vertex 84.9794 60.6206 0.55102
    endloop
  endfacet
  facet normal 0.273818 -0.0975124 -0.956825
    outer loop
      vertex 84.6715 61.439 0.163677
      vertex 84.4286 61.5396 0.083913
      vertex 84.451 61.6025 0.083913
    endloop
  endfacet
  facet normal 0.412159 -0.373423 -0.831072
    outer loop
      vertex 84.9794 60.6206 0.55102
      vertex 84.8179 60.7821 0.39836
      vertex 85.0893 60.7419 0.55102
    endloop
  endfacet
  facet normal 0.571563 -0.0847283 -0.816172
    outer loop
      vertex 87.7807 61.4079 2.2
      vertex 85.4359 61.4746 0.55102
      vertex 85.4599 61.6365 0.55102
    endloop
  endfacet
  facet normal 0.544084 -0.194543 -0.816165
    outer loop
      vertex 87.4955 60.2693 2.2
      vertex 85.341 61.1617 0.55102
      vertex 85.3961 61.3158 0.55102
    endloop
  endfacet
  facet normal 0.904044 -0.42744 0
    outer loop
      vertex 87.3277 59.9144 3.2
      vertex 87.4955 60.2693 2.2
      vertex 87.4955 60.2693 3.2
    endloop
  endfacet
  facet normal 0.904044 -0.42744 0
    outer loop
      vertex 87.4955 60.2693 2.2
      vertex 87.3277 59.9144 3.2
      vertex 87.3277 59.9144 2.2
    endloop
  endfacet
  facet normal 0.183807 -0.0659572 -0.980747
    outer loop
      vertex 84.4286 61.5396 0.083913
      vertex 84.1796 61.6428 0.0303061
      vertex 84.1932 61.6807 0.0303061
    endloop
  endfacet
  facet normal 0.176456 -0.0836923 -0.980744
    outer loop
      vertex 84.4 61.4793 0.083913
      vertex 84.1796 61.6428 0.0303061
      vertex 84.4286 61.5396 0.083913
    endloop
  endfacet
  facet normal 0.189475 -0.0476612 -0.980728
    outer loop
      vertex 84.451 61.6025 0.083913
      vertex 84.1932 61.6807 0.0303061
      vertex 84.4673 61.6673 0.083913
    endloop
  endfacet
  facet normal 0.281833 -0.0708931 -0.956841
    outer loop
      vertex 84.7252 61.616 0.163677
      vertex 84.451 61.6025 0.083913
      vertex 84.4673 61.6673 0.083913
    endloop
  endfacet
  facet normal -0.0831264 0.0523697 -0.995162
    outer loop
      vertex 3.87883 103.665 0.00337334
      vertex 3.63767 103.794 0.0303061
      vertex 3.88576 103.676 0.00337334
    endloop
  endfacet
  facet normal 0.0980349 -0.00462199 -0.995172
    outer loop
      vertex 84.2089 61.7597 0.0303061
      vertex 83.9374 61.8 0.00337334
      vertex 84.2108 61.8 0.0303061
    endloop
  endfacet
  facet normal 0.0979674 -0.00507979 -0.995177
    outer loop
      vertex 84.2089 61.7597 0.0303061
      vertex 83.9367 61.7865 0.00337334
      vertex 83.9374 61.8 0.00337334
    endloop
  endfacet
  facet normal -0.0658712 -0.183858 -0.980743
    outer loop
      vertex 3.88074 61.4068 0.0303061
      vertex 3.73964 61.1714 0.083913
      vertex 3.84278 61.4204 0.0303061
    endloop
  endfacet
  facet normal 0.0787528 -0.058516 -0.995175
    outer loop
      vertex 84.1176 61.5394 0.0303061
      vertex 83.9142 61.7237 0.00337334
      vertex 84.1416 61.5717 0.0303061
    endloop
  endfacet
  facet normal 0.0334087 -0.092237 -0.995176
    outer loop
      vertex 83.9572 61.4204 0.0303061
      vertex 83.8399 61.6685 0.00337334
      vertex 83.8526 61.6731 0.00337334
    endloop
  endfacet
  facet normal 0 -0.19509 -0.980785
    outer loop
      vertex 4 61.1197 0.083913
      vertex 83.8 61.3892 0.0303061
      vertex 83.8 61.1197 0.083913
    endloop
  endfacet
  facet normal -0 -0.19509 -0.980785
    outer loop
      vertex 83.8 61.3892 0.0303061
      vertex 4 61.1197 0.083913
      vertex 4 61.3892 0.0303061
    endloop
  endfacet
  facet normal 0.0145866 -0.0970011 -0.995177
    outer loop
      vertex 83.8801 61.397 0.0303061
      vertex 83.8135 61.6633 0.00337334
      vertex 83.8268 61.6653 0.00337334
    endloop
  endfacet
  facet normal 0 0 -1
    outer loop
      vertex 83.8 61.6626 0.00337334
      vertex 83.9374 61.8 0.00337334
      vertex 83.9367 61.7865 0.00337334
    endloop
  endfacet
  facet normal 0 0 -1
    outer loop
      vertex 83.9374 61.8 0.00337334
      vertex 46.9 78.7 0.00337334
      vertex 83.9374 103.6 0.00337334
    endloop
  endfacet
  facet normal 0 0 -1
    outer loop
      vertex 83.8 61.6626 0.00337334
      vertex 83.9367 61.7865 0.00337334
      vertex 83.9347 61.7732 0.00337334
    endloop
  endfacet
  facet normal 0 0 -1
    outer loop
      vertex 46.9 86.7 0.00337334
      vertex 83.9374 103.6 0.00337334
      vertex 46.9 78.7 0.00337334
    endloop
  endfacet
  facet normal 0 0 -1
    outer loop
      vertex 83.8 61.6626 0.00337334
      vertex 83.9347 61.7732 0.00337334
      vertex 83.9315 61.7601 0.00337334
    endloop
  endfacet
  facet normal 0 0 -1
    outer loop
      vertex 46.888 86.945 0.00337334
      vertex 83.9374 103.6 0.00337334
      vertex 46.9 86.7 0.00337334
    endloop
  endfacet
  facet normal 0 0 -1
    outer loop
      vertex 83.8 61.6626 0.00337334
      vertex 83.9315 61.7601 0.00337334
      vertex 83.9269 61.7474 0.00337334
    endloop
  endfacet
  facet normal 0 0 -1
    outer loop
      vertex 83.9374 103.6 0.00337334
      vertex 83.8 103.737 0.00337334
      vertex 83.9367 103.613 0.00337334
    endloop
  endfacet
  facet normal 0 0 -1
    outer loop
      vertex 83.8 61.6626 0.00337334
      vertex 83.9269 61.7474 0.00337334
      vertex 83.9212 61.7352 0.00337334
    endloop
  endfacet
  facet normal 0 0 -1
    outer loop
      vertex 46.888 78.455 0.00337334
      vertex 83.9374 61.8 0.00337334
      vertex 83.8 61.6626 0.00337334
    endloop
  endfacet
  facet normal 0 0 -1
    outer loop
      vertex 83.8 61.6626 0.00337334
      vertex 83.9212 61.7352 0.00337334
      vertex 83.9142 61.7237 0.00337334
    endloop
  endfacet
  facet normal 0 0 -1
    outer loop
      vertex 83.9367 103.613 0.00337334
      vertex 83.8 103.737 0.00337334
      vertex 83.9347 103.627 0.00337334
    endloop
  endfacet
  facet normal 0 0 -1
    outer loop
      vertex 83.8 61.6626 0.00337334
      vertex 83.9142 61.7237 0.00337334
      vertex 83.9062 61.7128 0.00337334
    endloop
  endfacet
  facet normal 0 0 -1
    outer loop
      vertex 83.9269 103.653 0.00337334
      vertex 83.8 103.737 0.00337334
      vertex 83.9212 103.665 0.00337334
    endloop
  endfacet
  facet normal 0 0 -1
    outer loop
      vertex 83.8 61.6626 0.00337334
      vertex 83.9062 61.7128 0.00337334
      vertex 83.8971 61.7029 0.00337334
    endloop
  endfacet
  facet normal 0 0 -1
    outer loop
      vertex 83.9212 103.665 0.00337334
      vertex 83.8 103.737 0.00337334
      vertex 83.9142 103.676 0.00337334
    endloop
  endfacet
  facet normal 0 0 -1
    outer loop
      vertex 83.8 61.6626 0.00337334
      vertex 83.8971 61.7029 0.00337334
      vertex 83.8872 61.6938 0.00337334
    endloop
  endfacet
  facet normal 0 0 -1
    outer loop
      vertex 83.9142 103.676 0.00337334
      vertex 83.8 103.737 0.00337334
      vertex 83.9062 103.687 0.00337334
    endloop
  endfacet
  facet normal 0 0 -1
    outer loop
      vertex 83.8 61.6626 0.00337334
      vertex 83.8872 61.6938 0.00337334
      vertex 83.8763 61.6858 0.00337334
    endloop
  endfacet
  facet normal 0 0 -1
    outer loop
      vertex 83.9062 103.687 0.00337334
      vertex 83.8 103.737 0.00337334
      vertex 83.8971 103.697 0.00337334
    endloop
  endfacet
  facet normal 0 0 -1
    outer loop
      vertex 83.8 61.6626 0.00337334
      vertex 83.8763 61.6858 0.00337334
      vertex 83.8648 61.6788 0.00337334
    endloop
  endfacet
  facet normal 0 0 -1
    outer loop
      vertex 83.8971 103.697 0.00337334
      vertex 83.8 103.737 0.00337334
      vertex 83.8872 103.706 0.00337334
    endloop
  endfacet
  facet normal 0 0 -1
    outer loop
      vertex 83.8 61.6626 0.00337334
      vertex 83.8648 61.6788 0.00337334
      vertex 83.8526 61.6731 0.00337334
    endloop
  endfacet
  facet normal 0 0 -1
    outer loop
      vertex 83.8872 103.706 0.00337334
      vertex 83.8 103.737 0.00337334
      vertex 83.8763 103.714 0.00337334
    endloop
  endfacet
  facet normal 0 0 -1
    outer loop
      vertex 83.8 61.6626 0.00337334
      vertex 83.8526 61.6731 0.00337334
      vertex 83.8399 61.6685 0.00337334
    endloop
  endfacet
  facet normal 0 0 -1
    outer loop
      vertex 83.8763 103.714 0.00337334
      vertex 83.8 103.737 0.00337334
      vertex 83.8648 103.721 0.00337334
    endloop
  endfacet
  facet normal 0 0 -1
    outer loop
      vertex 83.8 61.6626 0.00337334
      vertex 83.8399 61.6685 0.00337334
      vertex 83.8268 61.6653 0.00337334
    endloop
  endfacet
  facet normal 0 0 -1
    outer loop
      vertex 83.8648 103.721 0.00337334
      vertex 83.8 103.737 0.00337334
      vertex 83.8526 103.727 0.00337334
    endloop
  endfacet
  facet normal 0 0 -1
    outer loop
      vertex 83.8 61.6626 0.00337334
      vertex 83.8268 61.6653 0.00337334
      vertex 83.8135 61.6633 0.00337334
    endloop
  endfacet
  facet normal 0 0 -1
    outer loop
      vertex 83.8526 103.727 0.00337334
      vertex 83.8 103.737 0.00337334
      vertex 83.8399 103.731 0.00337334
    endloop
  endfacet
  facet normal 0 0 -1
    outer loop
      vertex 83.8399 103.731 0.00337334
      vertex 83.8 103.737 0.00337334
      vertex 83.8268 103.735 0.00337334
    endloop
  endfacet
  facet normal 0 0 -1
    outer loop
      vertex 83.8268 103.735 0.00337334
      vertex 83.8 103.737 0.00337334
      vertex 83.8135 103.737 0.00337334
    endloop
  endfacet
  facet normal 0 0 -1
    outer loop
      vertex 83.9347 103.627 0.00337334
      vertex 83.8 103.737 0.00337334
      vertex 83.9315 103.64 0.00337334
    endloop
  endfacet
  facet normal 0 0 -1
    outer loop
      vertex 83.9374 61.8 0.00337334
      vertex 46.888 78.455 0.00337334
      vertex 46.9 78.7 0.00337334
    endloop
  endfacet
  facet normal 0 0 -1
    outer loop
      vertex 83.8 61.6626 0.00337334
      vertex 46.852 78.2123 0.00337334
      vertex 46.888 78.455 0.00337334
    endloop
  endfacet
  facet normal 0 0 -1
    outer loop
      vertex 83.8 61.6626 0.00337334
      vertex 46.7924 77.9743 0.00337334
      vertex 46.852 78.2123 0.00337334
    endloop
  endfacet
  facet normal 0 0 -1
    outer loop
      vertex 83.8 61.6626 0.00337334
      vertex 46.7097 77.7433 0.00337334
      vertex 46.7924 77.9743 0.00337334
    endloop
  endfacet
  facet normal 0 0 -1
    outer loop
      vertex 83.8 61.6626 0.00337334
      vertex 46.6048 77.5215 0.00337334
      vertex 46.7097 77.7433 0.00337334
    endloop
  endfacet
  facet normal 0 0 -1
    outer loop
      vertex 83.8 61.6626 0.00337334
      vertex 46.4787 77.3111 0.00337334
      vertex 46.6048 77.5215 0.00337334
    endloop
  endfacet
  facet normal 0 0 -1
    outer loop
      vertex 83.8 61.6626 0.00337334
      vertex 46.3325 77.114 0.00337334
      vertex 46.4787 77.3111 0.00337334
    endloop
  endfacet
  facet normal 0 0 -1
    outer loop
      vertex 83.8 61.6626 0.00337334
      vertex 46.1678 76.9322 0.00337334
      vertex 46.3325 77.114 0.00337334
    endloop
  endfacet
  facet normal 0 0 -1
    outer loop
      vertex 83.8 61.6626 0.00337334
      vertex 45.986 76.7675 0.00337334
      vertex 46.1678 76.9322 0.00337334
    endloop
  endfacet
  facet normal 0 0 -1
    outer loop
      vertex 83.8 61.6626 0.00337334
      vertex 45.7889 76.6213 0.00337334
      vertex 45.986 76.7675 0.00337334
    endloop
  endfacet
  facet normal 0 0 -1
    outer loop
      vertex 83.8 61.6626 0.00337334
      vertex 45.5785 76.4952 0.00337334
      vertex 45.7889 76.6213 0.00337334
    endloop
  endfacet
  facet normal 0 0 -1
    outer loop
      vertex 83.8 61.6626 0.00337334
      vertex 45.3567 76.3903 0.00337334
      vertex 45.5785 76.4952 0.00337334
    endloop
  endfacet
  facet normal 0 0 -1
    outer loop
      vertex 83.8 61.6626 0.00337334
      vertex 45.1257 76.3076 0.00337334
      vertex 45.3567 76.3903 0.00337334
    endloop
  endfacet
  facet normal 0 0 -1
    outer loop
      vertex 83.8 61.6626 0.00337334
      vertex 44.8877 76.248 0.00337334
      vertex 45.1257 76.3076 0.00337334
    endloop
  endfacet
  facet normal 0 0 -1
    outer loop
      vertex 83.8 61.6626 0.00337334
      vertex 44.645 76.212 0.00337334
      vertex 44.8877 76.248 0.00337334
    endloop
  endfacet
  facet normal 0 0 -1
    outer loop
      vertex 83.8 61.6626 0.00337334
      vertex 44.4 76.2 0.00337334
      vertex 44.645 76.212 0.00337334
    endloop
  endfacet
  facet normal 0 0 -1
    outer loop
      vertex 4 61.6626 0.00337334
      vertex 44.4 76.2 0.00337334
      vertex 83.8 61.6626 0.00337334
    endloop
  endfacet
  facet normal -0 0 -1
    outer loop
      vertex 44.4 76.2 0.00337334
      vertex 4 61.6626 0.00337334
      vertex 21.4 76.2 0.00337334
    endloop
  endfacet
  facet normal -0 0 -1
    outer loop
      vertex 21.4 76.2 0.00337334
      vertex 4 61.6626 0.00337334
      vertex 21.155 76.212 0.00337334
    endloop
  endfacet
  facet normal -0 0 -1
    outer loop
      vertex 18.912 78.455 0.00337334
      vertex 3.86261 61.8 0.00337334
      vertex 18.9 78.7 0.00337334
    endloop
  endfacet
  facet normal -0 0 -1
    outer loop
      vertex 18.948 78.2123 0.00337334
      vertex 3.86261 61.8 0.00337334
      vertex 18.912 78.455 0.00337334
    endloop
  endfacet
  facet normal -0 0 -1
    outer loop
      vertex 19.0076 77.9743 0.00337334
      vertex 3.86261 61.8 0.00337334
      vertex 18.948 78.2123 0.00337334
    endloop
  endfacet
  facet normal -0 0 -1
    outer loop
      vertex 19.0903 77.7433 0.00337334
      vertex 3.86261 61.8 0.00337334
      vertex 19.0076 77.9743 0.00337334
    endloop
  endfacet
  facet normal -0 0 -1
    outer loop
      vertex 19.1952 77.5215 0.00337334
      vertex 3.86261 61.8 0.00337334
      vertex 19.0903 77.7433 0.00337334
    endloop
  endfacet
  facet normal -0 0 -1
    outer loop
      vertex 19.3213 77.3111 0.00337334
      vertex 3.86261 61.8 0.00337334
      vertex 19.1952 77.5215 0.00337334
    endloop
  endfacet
  facet normal -0 0 -1
    outer loop
      vertex 19.4675 77.114 0.00337334
      vertex 3.86261 61.8 0.00337334
      vertex 19.3213 77.3111 0.00337334
    endloop
  endfacet
  facet normal -0 0 -1
    outer loop
      vertex 19.6322 76.9322 0.00337334
      vertex 3.86261 61.8 0.00337334
      vertex 19.4675 77.114 0.00337334
    endloop
  endfacet
  facet normal 0 0 -1
    outer loop
      vertex 3.86261 61.8 0.00337334
      vertex 19.6322 76.9322 0.00337334
      vertex 4 61.6626 0.00337334
    endloop
  endfacet
  facet normal -0 0 -1
    outer loop
      vertex 19.814 76.7675 0.00337334
      vertex 4 61.6626 0.00337334
      vertex 19.6322 76.9322 0.00337334
    endloop
  endfacet
  facet normal -0 0 -1
    outer loop
      vertex 20.0111 76.6213 0.00337334
      vertex 4 61.6626 0.00337334
      vertex 19.814 76.7675 0.00337334
    endloop
  endfacet
  facet normal -0 0 -1
    outer loop
      vertex 20.2215 76.4952 0.00337334
      vertex 4 61.6626 0.00337334
      vertex 20.0111 76.6213 0.00337334
    endloop
  endfacet
  facet normal -0 0 -1
    outer loop
      vertex 20.4433 76.3903 0.00337334
      vertex 4 61.6626 0.00337334
      vertex 20.2215 76.4952 0.00337334
    endloop
  endfacet
  facet normal -0 0 -1
    outer loop
      vertex 20.6743 76.3076 0.00337334
      vertex 4 61.6626 0.00337334
      vertex 20.4433 76.3903 0.00337334
    endloop
  endfacet
  facet normal -0 0 -1
    outer loop
      vertex 20.9123 76.248 0.00337334
      vertex 4 61.6626 0.00337334
      vertex 20.6743 76.3076 0.00337334
    endloop
  endfacet
  facet normal -0 0 -1
    outer loop
      vertex 21.155 76.212 0.00337334
      vertex 4 61.6626 0.00337334
      vertex 20.9123 76.248 0.00337334
    endloop
  endfacet
  facet normal 0 0 -1
    outer loop
      vertex 83.9315 103.64 0.00337334
      vertex 83.8 103.737 0.00337334
      vertex 83.9269 103.653 0.00337334
    endloop
  endfacet
  facet normal -0 0 -1
    outer loop
      vertex 83.9374 103.6 0.00337334
      vertex 46.888 86.945 0.00337334
      vertex 83.8 103.737 0.00337334
    endloop
  endfacet
  facet normal 0 0 -1
    outer loop
      vertex 46.852 87.1877 0.00337334
      vertex 83.8 103.737 0.00337334
      vertex 46.888 86.945 0.00337334
    endloop
  endfacet
  facet normal 0 0 -1
    outer loop
      vertex 46.7924 87.4257 0.00337334
      vertex 83.8 103.737 0.00337334
      vertex 46.852 87.1877 0.00337334
    endloop
  endfacet
  facet normal 0 0 -1
    outer loop
      vertex 46.7097 87.6567 0.00337334
      vertex 83.8 103.737 0.00337334
      vertex 46.7924 87.4257 0.00337334
    endloop
  endfacet
  facet normal 0 0 -1
    outer loop
      vertex 46.6048 87.8785 0.00337334
      vertex 83.8 103.737 0.00337334
      vertex 46.7097 87.6567 0.00337334
    endloop
  endfacet
  facet normal 0 0 -1
    outer loop
      vertex 46.4787 88.0889 0.00337334
      vertex 83.8 103.737 0.00337334
      vertex 46.6048 87.8785 0.00337334
    endloop
  endfacet
  facet normal 0 0 -1
    outer loop
      vertex 46.3325 88.286 0.00337334
      vertex 83.8 103.737 0.00337334
      vertex 46.4787 88.0889 0.00337334
    endloop
  endfacet
  facet normal 0 0 -1
    outer loop
      vertex 46.1678 88.4678 0.00337334
      vertex 83.8 103.737 0.00337334
      vertex 46.3325 88.286 0.00337334
    endloop
  endfacet
  facet normal 0 0 -1
    outer loop
      vertex 45.986 88.6325 0.00337334
      vertex 83.8 103.737 0.00337334
      vertex 46.1678 88.4678 0.00337334
    endloop
  endfacet
  facet normal 0 0 -1
    outer loop
      vertex 45.7889 88.7787 0.00337334
      vertex 83.8 103.737 0.00337334
      vertex 45.986 88.6325 0.00337334
    endloop
  endfacet
  facet normal 0 0 -1
    outer loop
      vertex 45.5785 88.9048 0.00337334
      vertex 83.8 103.737 0.00337334
      vertex 45.7889 88.7787 0.00337334
    endloop
  endfacet
  facet normal 0 0 -1
    outer loop
      vertex 45.3567 89.0097 0.00337334
      vertex 83.8 103.737 0.00337334
      vertex 45.5785 88.9048 0.00337334
    endloop
  endfacet
  facet normal 0 0 -1
    outer loop
      vertex 45.1257 89.0924 0.00337334
      vertex 83.8 103.737 0.00337334
      vertex 45.3567 89.0097 0.00337334
    endloop
  endfacet
  facet normal 0 0 -1
    outer loop
      vertex 44.8877 89.152 0.00337334
      vertex 83.8 103.737 0.00337334
      vertex 45.1257 89.0924 0.00337334
    endloop
  endfacet
  facet normal 0 0 -1
    outer loop
      vertex 44.645 89.188 0.00337334
      vertex 83.8 103.737 0.00337334
      vertex 44.8877 89.152 0.00337334
    endloop
  endfacet
  facet normal 0 0 -1
    outer loop
      vertex 44.4 89.2 0.00337334
      vertex 83.8 103.737 0.00337334
      vertex 44.645 89.188 0.00337334
    endloop
  endfacet
  facet normal 0 0 -1
    outer loop
      vertex 4 103.737 0.00337334
      vertex 44.4 89.2 0.00337334
      vertex 21.4 89.2 0.00337334
    endloop
  endfacet
  facet normal 0 0 -1
    outer loop
      vertex 4 103.737 0.00337334
      vertex 21.4 89.2 0.00337334
      vertex 21.155 89.188 0.00337334
    endloop
  endfacet
  facet normal 0 0 -1
    outer loop
      vertex 4 103.737 0.00337334
      vertex 21.155 89.188 0.00337334
      vertex 20.9123 89.152 0.00337334
    endloop
  endfacet
  facet normal -0 0 -1
    outer loop
      vertex 18.9 78.7 0.00337334
      vertex 3.86261 61.8 0.00337334
      vertex 18.9 86.7 0.00337334
    endloop
  endfacet
  facet normal 0 0 -1
    outer loop
      vertex 3.86261 103.6 0.00337334
      vertex 18.9 86.7 0.00337334
      vertex 3.86261 61.8 0.00337334
    endloop
  endfacet
  facet normal 0 0 -1
    outer loop
      vertex 18.9 86.7 0.00337334
      vertex 3.86261 103.6 0.00337334
      vertex 18.912 86.945 0.00337334
    endloop
  endfacet
  facet normal 0 0 -1
    outer loop
      vertex 18.912 86.945 0.00337334
      vertex 3.86261 103.6 0.00337334
      vertex 18.948 87.1877 0.00337334
    endloop
  endfacet
  facet normal 0 0 -1
    outer loop
      vertex 18.948 87.1877 0.00337334
      vertex 3.86261 103.6 0.00337334
      vertex 19.0076 87.4257 0.00337334
    endloop
  endfacet
  facet normal 0 0 -1
    outer loop
      vertex 44.4 89.2 0.00337334
      vertex 4 103.737 0.00337334
      vertex 83.8 103.737 0.00337334
    endloop
  endfacet
  facet normal 0 0 -1
    outer loop
      vertex 20.6743 89.0924 0.00337334
      vertex 4 103.737 0.00337334
      vertex 20.9123 89.152 0.00337334
    endloop
  endfacet
  facet normal 0 0 -1
    outer loop
      vertex 20.4433 89.0097 0.00337334
      vertex 4 103.737 0.00337334
      vertex 20.6743 89.0924 0.00337334
    endloop
  endfacet
  facet normal 0 0 -1
    outer loop
      vertex 20.2215 88.9048 0.00337334
      vertex 4 103.737 0.00337334
      vertex 20.4433 89.0097 0.00337334
    endloop
  endfacet
  facet normal 0 0 -1
    outer loop
      vertex 20.0111 88.7787 0.00337334
      vertex 4 103.737 0.00337334
      vertex 20.2215 88.9048 0.00337334
    endloop
  endfacet
  facet normal 0 0 -1
    outer loop
      vertex 19.814 88.6325 0.00337334
      vertex 4 103.737 0.00337334
      vertex 20.0111 88.7787 0.00337334
    endloop
  endfacet
  facet normal 0 0 -1
    outer loop
      vertex 19.6322 88.4678 0.00337334
      vertex 4 103.737 0.00337334
      vertex 19.814 88.6325 0.00337334
    endloop
  endfacet
  facet normal 0 0 -1
    outer loop
      vertex 3.86261 103.6 0.00337334
      vertex 19.6322 88.4678 0.00337334
      vertex 19.4675 88.286 0.00337334
    endloop
  endfacet
  facet normal 0 0 -1
    outer loop
      vertex 3.86261 103.6 0.00337334
      vertex 19.4675 88.286 0.00337334
      vertex 19.3213 88.0889 0.00337334
    endloop
  endfacet
  facet normal 0 0 -1
    outer loop
      vertex 3.86261 103.6 0.00337334
      vertex 19.3213 88.0889 0.00337334
      vertex 19.1952 87.8785 0.00337334
    endloop
  endfacet
  facet normal 0 0 -1
    outer loop
      vertex 19.0076 87.4257 0.00337334
      vertex 3.86261 103.6 0.00337334
      vertex 19.0903 87.6567 0.00337334
    endloop
  endfacet
  facet normal 0 0 -1
    outer loop
      vertex 3.86261 61.8 0.00337334
      vertex 4 61.6626 0.00337334
      vertex 3.98653 61.6633 0.00337334
    endloop
  endfacet
  facet normal 0 0 -1
    outer loop
      vertex 19.0903 87.6567 0.00337334
      vertex 3.86261 103.6 0.00337334
      vertex 19.1952 87.8785 0.00337334
    endloop
  endfacet
  facet normal 0 0 -1
    outer loop
      vertex 3.86261 61.8 0.00337334
      vertex 3.98653 61.6633 0.00337334
      vertex 3.9732 61.6653 0.00337334
    endloop
  endfacet
  facet normal 0 0 -1
    outer loop
      vertex 19.6322 88.4678 0.00337334
      vertex 3.86261 103.6 0.00337334
      vertex 4 103.737 0.00337334
    endloop
  endfacet
  facet normal 0 0 -1
    outer loop
      vertex 3.86261 61.8 0.00337334
      vertex 3.9732 61.6653 0.00337334
      vertex 3.96012 61.6685 0.00337334
    endloop
  endfacet
  facet normal -0 0 -1
    outer loop
      vertex 4 103.737 0.00337334
      vertex 3.86261 103.6 0.00337334
      vertex 3.98653 103.737 0.00337334
    endloop
  endfacet
  facet normal 0 0 -1
    outer loop
      vertex 3.86261 61.8 0.00337334
      vertex 3.96012 61.6685 0.00337334
      vertex 3.94742 61.6731 0.00337334
    endloop
  endfacet
  facet normal 0 0 -1
    outer loop
      vertex 3.98653 103.737 0.00337334
      vertex 3.86261 103.6 0.00337334
      vertex 3.9732 103.735 0.00337334
    endloop
  endfacet
  facet normal 0 0 -1
    outer loop
      vertex 3.86261 61.8 0.00337334
      vertex 3.94742 61.6731 0.00337334
      vertex 3.93524 61.6788 0.00337334
    endloop
  endfacet
  facet normal 0 0 -1
    outer loop
      vertex 3.9732 103.735 0.00337334
      vertex 3.86261 103.6 0.00337334
      vertex 3.96012 103.731 0.00337334
    endloop
  endfacet
  facet normal 0 0 -1
    outer loop
      vertex 3.86261 61.8 0.00337334
      vertex 3.93524 61.6788 0.00337334
      vertex 3.92367 61.6858 0.00337334
    endloop
  endfacet
  facet normal 0 0 -1
    outer loop
      vertex 3.96012 103.731 0.00337334
      vertex 3.86261 103.6 0.00337334
      vertex 3.94742 103.727 0.00337334
    endloop
  endfacet
  facet normal 0 0 -1
    outer loop
      vertex 3.86261 61.8 0.00337334
      vertex 3.92367 61.6858 0.00337334
      vertex 3.91284 61.6938 0.00337334
    endloop
  endfacet
  facet normal 0 0 -1
    outer loop
      vertex 3.94742 103.727 0.00337334
      vertex 3.86261 103.6 0.00337334
      vertex 3.93524 103.721 0.00337334
    endloop
  endfacet
  facet normal 0 0 -1
    outer loop
      vertex 3.86261 61.8 0.00337334
      vertex 3.91284 61.6938 0.00337334
      vertex 3.90285 61.7029 0.00337334
    endloop
  endfacet
  facet normal 0 0 -1
    outer loop
      vertex 3.93524 103.721 0.00337334
      vertex 3.86261 103.6 0.00337334
      vertex 3.92367 103.714 0.00337334
    endloop
  endfacet
  facet normal 0 0 -1
    outer loop
      vertex 3.86261 61.8 0.00337334
      vertex 3.90285 61.7029 0.00337334
      vertex 3.8938 61.7128 0.00337334
    endloop
  endfacet
  facet normal 0 0 -1
    outer loop
      vertex 3.92367 103.714 0.00337334
      vertex 3.86261 103.6 0.00337334
      vertex 3.91284 103.706 0.00337334
    endloop
  endfacet
  facet normal 0 0 -1
    outer loop
      vertex 3.86261 61.8 0.00337334
      vertex 3.8938 61.7128 0.00337334
      vertex 3.88576 61.7237 0.00337334
    endloop
  endfacet
  facet normal 0 0 -1
    outer loop
      vertex 3.91284 103.706 0.00337334
      vertex 3.86261 103.6 0.00337334
      vertex 3.90285 103.697 0.00337334
    endloop
  endfacet
  facet normal 0 0 -1
    outer loop
      vertex 3.86261 61.8 0.00337334
      vertex 3.88576 61.7237 0.00337334
      vertex 3.87883 61.7352 0.00337334
    endloop
  endfacet
  facet normal 0 0 -1
    outer loop
      vertex 3.90285 103.697 0.00337334
      vertex 3.86261 103.6 0.00337334
      vertex 3.8938 103.687 0.00337334
    endloop
  endfacet
  facet normal 0 0 -1
    outer loop
      vertex 3.86261 61.8 0.00337334
      vertex 3.87883 61.7352 0.00337334
      vertex 3.87307 61.7474 0.00337334
    endloop
  endfacet
  facet normal 0 0 -1
    outer loop
      vertex 3.8938 103.687 0.00337334
      vertex 3.86261 103.6 0.00337334
      vertex 3.88576 103.676 0.00337334
    endloop
  endfacet
  facet normal 0 0 -1
    outer loop
      vertex 3.86261 61.8 0.00337334
      vertex 3.87307 61.7474 0.00337334
      vertex 3.86853 61.7601 0.00337334
    endloop
  endfacet
  facet normal 0 0 -1
    outer loop
      vertex 3.88576 103.676 0.00337334
      vertex 3.86261 103.6 0.00337334
      vertex 3.87883 103.665 0.00337334
    endloop
  endfacet
  facet normal 0 0 -1
    outer loop
      vertex 3.86261 61.8 0.00337334
      vertex 3.86853 61.7601 0.00337334
      vertex 3.86525 61.7732 0.00337334
    endloop
  endfacet
  facet normal 0 0 -1
    outer loop
      vertex 3.87883 103.665 0.00337334
      vertex 3.86261 103.6 0.00337334
      vertex 3.87307 103.653 0.00337334
    endloop
  endfacet
  facet normal 0 0 -1
    outer loop
      vertex 3.86261 61.8 0.00337334
      vertex 3.86525 61.7732 0.00337334
      vertex 3.86327 61.7865 0.00337334
    endloop
  endfacet
  facet normal 0 0 -1
    outer loop
      vertex 3.87307 103.653 0.00337334
      vertex 3.86261 103.6 0.00337334
      vertex 3.86853 103.64 0.00337334
    endloop
  endfacet
  facet normal 0 0 -1
    outer loop
      vertex 3.86853 103.64 0.00337334
      vertex 3.86261 103.6 0.00337334
      vertex 3.86525 103.627 0.00337334
    endloop
  endfacet
  facet normal 0 0 -1
    outer loop
      vertex 3.86525 103.627 0.00337334
      vertex 3.86261 103.6 0.00337334
      vertex 3.86327 103.613 0.00337334
    endloop
  endfacet
  facet normal -0.0789958 -0.0582685 -0.995171
    outer loop
      vertex 3.8938 61.7128 0.00337334
      vertex 3.68241 61.5394 0.0303061
      vertex 3.88576 61.7237 0.00337334
    endloop
  endfacet
  facet normal 0.02859 -0.577095 -0.816176
    outer loop
      vertex 84.1921 57.8193 2.2
      vertex 83.8 60.132 0.55102
      vertex 83.9635 60.1401 0.55102
    endloop
  endfacet
  facet normal 0.028407 -0.577119 -0.816166
    outer loop
      vertex 84.1921 57.8193 2.2
      vertex 83.8 57.8 2.2
      vertex 83.8 60.132 0.55102
    endloop
  endfacet
  facet normal 0.163861 -0.346343 -0.923686
    outer loop
      vertex 84.2581 60.694 0.26883
      vertex 84.161 60.9285 0.163677
      vertex 84.2447 60.9681 0.163677
    endloop
  endfacet
  facet normal 0.135168 -0.539314 -0.831186
    outer loop
      vertex 84.1254 60.1641 0.55102
      vertex 84.0808 60.3882 0.39836
      vertex 84.2842 60.2039 0.55102
    endloop
  endfacet
  facet normal -0.242787 -0.97008 0
    outer loop
      vertex 2.83886 57.9722 2.2
      vertex 3.21964 57.8769 3.2
      vertex 2.83886 57.9722 3.2
    endloop
  endfacet
  facet normal -0.242787 -0.97008 -0
    outer loop
      vertex 3.21964 57.8769 3.2
      vertex 2.83886 57.9722 2.2
      vertex 3.21964 57.8769 2.2
    endloop
  endfacet
  facet normal -0.17304 -0.233494 -0.956837
    outer loop
      vertex 3.47593 61.0157 0.163677
      vertex 3.40158 61.0708 0.163677
      vertex 3.62202 61.2343 0.083913
    endloop
  endfacet
  facet normal -0.0836421 -0.176497 -0.980741
    outer loop
      vertex 3.73964 61.1714 0.083913
      vertex 3.67929 61.2 0.083913
      vertex 3.84278 61.4204 0.0303061
    endloop
  endfacet
  facet normal -0.242587 -0.404726 -0.881673
    outer loop
      vertex 3.43567 60.7442 0.26883
      vertex 3.32143 60.5305 0.39836
      vertex 3.3349 60.8046 0.26883
    endloop
  endfacet
  facet normal -0.388016 -0.428142 -0.816173
    outer loop
      vertex 1.46243 58.708 2.2
      vertex 1.17157 58.9716 2.2
      vertex 2.94186 60.5107 0.55102
    endloop
  endfacet
  facet normal -0.158975 -0.444228 -0.881696
    outer loop
      vertex 3.58214 60.4225 0.39836
      vertex 3.44913 60.4701 0.39836
      vertex 3.54187 60.694 0.26883
    endloop
  endfacet
  facet normal -0.595806 -0.803128 0
    outer loop
      vertex 1.46243 58.708 2.2
      vertex 1.77772 58.4741 3.2
      vertex 1.46243 58.708 3.2
    endloop
  endfacet
  facet normal -0.595806 -0.803128 -0
    outer loop
      vertex 1.77772 58.4741 3.2
      vertex 1.46243 58.708 2.2
      vertex 1.77772 58.4741 2.2
    endloop
  endfacet
  facet normal -0.0727473 -0.0658862 -0.995172
    outer loop
      vertex 3.70949 61.5095 0.0303061
      vertex 3.68241 61.5394 0.0303061
      vertex 3.8938 61.7128 0.00337334
    endloop
  endfacet
  facet normal -0.328613 -0.196961 -0.923699
    outer loop
      vertex 3.21568 61.2759 0.163677
      vertex 2.9442 61.2357 0.26883
      vertex 3.16809 61.3553 0.163677
    endloop
  endfacet
  facet normal -0.466721 -0.0691855 -0.881694
    outer loop
      vertex 2.82585 61.5664 0.26883
      vertex 2.56744 61.6589 0.39836
      vertex 2.80861 61.6827 0.26883
    endloop
  endfacet
  facet normal -0.24893 0.149957 -0.956842
    outer loop
      vertex 3.39999 103.921 0.083913
      vertex 3.16809 104.045 0.163677
      vertex 3.21568 104.124 0.163677
    endloop
  endfacet
  facet normal -0.52353 -0.187329 -0.831158
    outer loop
      vertex 2.67009 61.2491 0.39836
      vertex 2.40386 61.3158 0.55102
      vertex 2.6225 61.3821 0.39836
    endloop
  endfacet
  facet normal -0.571554 -0.084781 -0.816173
    outer loop
      vertex 0.0768585 61.0196 2.2
      vertex 0.0192604 61.4079 2.2
      vertex 2.36409 61.4746 0.55102
    endloop
  endfacet
  facet normal -0.471387 0 -0.881926
    outer loop
      vertex 2.56051 61.8 0.39836
      vertex 2.80285 103.6 0.26883
      vertex 2.80285 61.8 0.26883
    endloop
  endfacet
  facet normal -0.471387 0 -0.881926
    outer loop
      vertex 2.80285 103.6 0.26883
      vertex 2.56051 61.8 0.39836
      vertex 2.56051 103.6 0.39836
    endloop
  endfacet
  facet normal -0.97002 -0.243026 0
    outer loop
      vertex 0.172238 60.6389 2.2
      vertex 0.0768585 61.0196 3.2
      vertex 0.0768585 61.0196 2.2
    endloop
  endfacet
  facet normal -0.97002 -0.243026 0
    outer loop
      vertex 0.0768585 61.0196 3.2
      vertex 0.172238 60.6389 2.2
      vertex 0.172238 60.6389 3.2
    endloop
  endfacet
  facet normal -0.129119 -0.360707 -0.923698
    outer loop
      vertex 3.72618 60.8973 0.163677
      vertex 3.54187 60.694 0.26883
      vertex 3.63902 60.9285 0.163677
    endloop
  endfacet
  facet normal -0.740892 -0.671624 0
    outer loop
      vertex 1.17157 58.9716 2.2
      vertex 0.907958 59.2624 3.2
      vertex 0.907958 59.2624 2.2
    endloop
  endfacet
  facet normal -0.740892 -0.671624 0
    outer loop
      vertex 0.907958 59.2624 3.2
      vertex 1.17157 58.9716 2.2
      vertex 1.17157 58.9716 3.2
    endloop
  endfacet
  facet normal -0.803214 -0.59569 0
    outer loop
      vertex 0.907958 59.2624 2.2
      vertex 0.674121 59.5777 3.2
      vertex 0.674121 59.5777 2.2
    endloop
  endfacet
  facet normal -0.803214 -0.59569 0
    outer loop
      vertex 0.674121 59.5777 3.2
      vertex 0.907958 59.2624 2.2
      vertex 0.907958 59.2624 3.2
    endloop
  endfacet
  facet normal -0.502693 -0.237692 -0.831145
    outer loop
      vertex 2.52899 61.0137 0.55102
      vertex 2.45901 61.1617 0.55102
      vertex 2.67009 61.2491 0.39836
    endloop
  endfacet
  facet normal -0.522359 -0.246991 -0.816172
    outer loop
      vertex 2.52899 61.0137 0.55102
      vertex 0.304482 60.2693 2.2
      vertex 2.45901 61.1617 0.55102
    endloop
  endfacet
  facet normal 0.00935925 -0.195082 -0.980742
    outer loop
      vertex 83.8667 61.1229 0.083913
      vertex 83.8 61.1197 0.083913
      vertex 83.8 61.3892 0.0303061
    endloop
  endfacet
  facet normal 0.100273 -0.167606 -0.980741
    outer loop
      vertex 84.1207 61.2 0.083913
      vertex 83.9937 61.4377 0.0303061
      vertex 84.0283 61.4584 0.0303061
    endloop
  endfacet
  facet normal 0.201719 -0.426481 -0.881716
    outer loop
      vertex 84.3509 60.4701 0.39836
      vertex 84.2581 60.694 0.26883
      vertex 84.4786 60.5305 0.39836
    endloop
  endfacet
  facet normal 0.158975 -0.444195 -0.881713
    outer loop
      vertex 84.3509 60.4701 0.39836
      vertex 84.2179 60.4225 0.39836
      vertex 84.2581 60.694 0.26883
    endloop
  endfacet
  facet normal 0.0694201 -0.466679 -0.881698
    outer loop
      vertex 84.0808 60.3882 0.39836
      vertex 83.9173 60.6086 0.26883
      vertex 84.0336 60.6259 0.26883
    endloop
  endfacet
  facet normal 0.0230436 -0.471226 -0.881712
    outer loop
      vertex 83.9411 60.3674 0.39836
      vertex 83.8 60.3605 0.39836
      vertex 83.9173 60.6086 0.26883
    endloop
  endfacet
  facet normal -0.0655656 0.0727779 -0.995191
    outer loop
      vertex 3.90285 103.697 0.00337334
      vertex 3.73936 103.918 0.0303061
      vertex 3.91284 103.706 0.00337334
    endloop
  endfacet
  facet normal -0.00920603 -0.195119 -0.980736
    outer loop
      vertex 4 61.3892 0.0303061
      vertex 3.93331 61.1229 0.083913
      vertex 3.95973 61.3911 0.0303061
    endloop
  endfacet
  facet normal 0.0232734 -0.0952756 -0.995179
    outer loop
      vertex 83.8801 61.397 0.0303061
      vertex 83.8268 61.6653 0.00337334
      vertex 83.8399 61.6685 0.00337334
    endloop
  endfacet
  facet normal 0.167606 -0.100273 -0.980741
    outer loop
      vertex 84.4 61.4793 0.083913
      vertex 84.1416 61.5717 0.0303061
      vertex 84.1623 61.6063 0.0303061
    endloop
  endfacet
  facet normal -0.904058 0.42741 0
    outer loop
      vertex 0.304482 105.131 2.2
      vertex 0.472315 105.486 3.2
      vertex 0.472315 105.486 2.2
    endloop
  endfacet
  facet normal -0.904058 0.42741 0
    outer loop
      vertex 0.472315 105.486 3.2
      vertex 0.304482 105.131 2.2
      vertex 0.304482 105.131 3.2
    endloop
  endfacet
  facet normal 0.0143869 -0.0970509 -0.995175
    outer loop
      vertex 83.8403 61.3911 0.0303061
      vertex 83.8135 61.6633 0.00337334
      vertex 83.8801 61.397 0.0303061
    endloop
  endfacet
  facet normal -0.427654 0.388494 -0.816201
    outer loop
      vertex 2.71065 104.658 0.55102
      vertex 0.907958 106.138 2.2
      vertex 2.82057 104.779 0.55102
    endloop
  endfacet
  facet normal -0.344329 0.463947 -0.816205
    outer loop
      vertex 2.94186 104.889 0.55102
      vertex 1.46243 106.692 2.2
      vertex 1.77772 106.926 2.2
    endloop
  endfacet
  facet normal -0.51447 0.857509 0
    outer loop
      vertex 2.11441 107.128 2.2
      vertex 1.77772 106.926 3.2
      vertex 2.11441 107.128 3.2
    endloop
  endfacet
  facet normal -0.51447 0.857509 0
    outer loop
      vertex 1.77772 106.926 3.2
      vertex 2.11441 107.128 2.2
      vertex 1.77772 106.926 2.2
    endloop
  endfacet
  facet normal 0.198175 0.327815 -0.923723
    outer loop
      vertex 84.3241 104.384 0.163677
      vertex 84.2447 104.432 0.163677
      vertex 84.3643 104.656 0.26883
    endloop
  endfacet
  facet normal -0.0863363 0.174831 -0.980806
    outer loop
      vertex 3.80633 103.962 0.0303061
      vertex 3.67929 104.2 0.083913
      vertex 3.84278 103.98 0.0303061
    endloop
  endfacet
  facet normal -0.0700481 0.466087 -0.881962
    outer loop
      vertex 3.76645 104.774 0.26883
      vertex 3.71917 105.012 0.39836
      vertex 3.8589 105.033 0.39836
    endloop
  endfacet
  facet normal -0.19321 -0.0286668 -0.980738
    outer loop
      vertex 3.59705 61.7198 0.0303061
      vertex 3.33273 61.6673 0.083913
      vertex 3.59113 61.7597 0.0303061
    endloop
  endfacet
  facet normal -0.100429 0.273543 -0.956603
    outer loop
      vertex 3.73964 104.229 0.083913
      vertex 3.63902 104.471 0.163677
      vertex 3.72618 104.503 0.163677
    endloop
  endfacet
  facet normal -0.141167 0.560364 -0.816127
    outer loop
      vertex 3.51582 105.196 0.55102
      vertex 3.21964 107.523 2.2
      vertex 3.6746 105.236 0.55102
    endloop
  endfacet
  facet normal -0.162935 0.346073 -0.923951
    outer loop
      vertex 3.63902 104.471 0.163677
      vertex 3.43567 104.656 0.26883
      vertex 3.54187 104.706 0.26883
    endloop
  endfacet
  facet normal -0.194185 0.54414 -0.816213
    outer loop
      vertex 3.3617 105.141 0.55102
      vertex 2.46927 107.296 2.2
      vertex 3.51582 105.196 0.55102
    endloop
  endfacet
  facet normal -0.194319 0.54408 -0.816221
    outer loop
      vertex 3.51582 105.196 0.55102
      vertex 2.46927 107.296 2.2
      vertex 2.83886 107.428 2.2
    endloop
  endfacet
  facet normal -0.555393 0.0273607 -0.831138
    outer loop
      vertex 2.56744 103.741 0.39836
      vertex 2.33204 103.6 0.55102
      vertex 2.34007 103.763 0.55102
    endloop
  endfacet
  facet normal -0.285206 0.255681 -0.923734
    outer loop
      vertex 3.27083 104.198 0.163677
      vertex 3.07459 104.359 0.26883
      vertex 3.15348 104.447 0.26883
    endloop
  endfacet
  facet normal -0.496241 0.296161 -0.816109
    outer loop
      vertex 2.52899 104.386 0.55102
      vertex 0.674121 105.822 2.2
      vertex 2.61314 104.527 0.55102
    endloop
  endfacet
  facet normal -0.426255 0.201989 -0.881764
    outer loop
      vertex 2.89397 104.058 0.26883
      vertex 2.67009 104.151 0.39836
      vertex 2.9442 104.164 0.26883
    endloop
  endfacet
  facet normal -0.0282386 0.577091 -0.816191
    outer loop
      vertex 3.83651 105.26 0.55102
      vertex 3.60793 107.581 2.2
      vertex 4 105.268 0.55102
    endloop
  endfacet
  facet normal -0.0816209 0.550635 -0.830746
    outer loop
      vertex 3.8589 105.033 0.39836
      vertex 3.6746 105.236 0.55102
      vertex 3.83651 105.26 0.55102
    endloop
  endfacet
  facet normal 0.577119 0.0284143 -0.816166
    outer loop
      vertex 87.8 103.6 2.2
      vertex 85.468 103.6 0.55102
      vertex 87.7807 103.992 2.2
    endloop
  endfacet
  facet normal 0.242835 -0.970068 0
    outer loop
      vertex 84.5804 57.8769 2.2
      vertex 84.9611 57.9722 3.2
      vertex 84.5804 57.8769 3.2
    endloop
  endfacet
  facet normal 0.242835 -0.970068 0
    outer loop
      vertex 84.9611 57.9722 3.2
      vertex 84.5804 57.8769 2.2
      vertex 84.9611 57.9722 2.2
    endloop
  endfacet
  facet normal 0.285675 -0.476918 -0.831227
    outer loop
      vertex 84.7267 60.4131 0.55102
      vertex 84.5863 60.329 0.55102
      vertex 84.5997 60.6031 0.39836
    endloop
  endfacet
  facet normal 0.595794 -0.803137 0
    outer loop
      vertex 86.0223 58.4741 2.2
      vertex 86.3376 58.708 3.2
      vertex 86.0223 58.4741 3.2
    endloop
  endfacet
  facet normal 0.595794 -0.803137 0
    outer loop
      vertex 86.3376 58.708 3.2
      vertex 86.0223 58.4741 2.2
      vertex 86.3376 58.708 2.2
    endloop
  endfacet
  facet normal 0.140311 -0.560507 -0.816177
    outer loop
      vertex 84.5804 57.8769 2.2
      vertex 84.2842 60.2039 0.55102
      vertex 84.9611 57.9722 2.2
    endloop
  endfacet
  facet normal -0.739971 0.672639 0
    outer loop
      vertex 0.907958 106.138 2.2
      vertex 1.17157 106.428 3.2
      vertex 1.17157 106.428 2.2
    endloop
  endfacet
  facet normal -0.739971 0.672639 0
    outer loop
      vertex 1.17157 106.428 3.2
      vertex 0.907958 106.138 2.2
      vertex 0.907958 106.138 3.2
    endloop
  endfacet
  facet normal 0.0656666 0.0727197 -0.995188
    outer loop
      vertex 84.0905 103.891 0.0303061
      vertex 83.8872 103.706 0.00337334
      vertex 84.0606 103.918 0.0303061
    endloop
  endfacet
  facet normal 0.057984 0.0790033 -0.995187
    outer loop
      vertex 83.8872 103.706 0.00337334
      vertex 83.8763 103.714 0.00337334
      vertex 84.0606 103.918 0.0303061
    endloop
  endfacet
  facet normal 0.193142 0.0286787 -0.980752
    outer loop
      vertex 84.4771 103.667 0.083913
      vertex 84.2089 103.64 0.0303061
      vertex 84.4673 103.733 0.083913
    endloop
  endfacet
  facet normal 0.503095 0.23795 -0.830828
    outer loop
      vertex 85.341 104.238 0.55102
      vertex 85.0695 104.279 0.39836
      vertex 85.271 104.386 0.55102
    endloop
  endfacet
  facet normal 0 0.290231 -0.956957
    outer loop
      vertex 4 104.28 0.083913
      vertex 83.8 104.543 0.163677
      vertex 83.8 104.28 0.083913
    endloop
  endfacet
  facet normal 0 0.290231 -0.956957
    outer loop
      vertex 83.8 104.543 0.163677
      vertex 4 104.28 0.083913
      vertex 4 104.543 0.163677
    endloop
  endfacet
  facet normal 0.0433964 0.0879982 -0.995175
    outer loop
      vertex 83.9937 103.962 0.0303061
      vertex 83.8526 103.727 0.00337334
      vertex 83.9572 103.98 0.0303061
    endloop
  endfacet
  facet normal -0.195498 0.214917 -0.956865
    outer loop
      vertex 3.51892 104.081 0.083913
      vertex 3.33299 104.267 0.163677
      vertex 3.56839 104.126 0.083913
    endloop
  endfacet
  facet normal -0.0924129 -0.0330358 -0.995173
    outer loop
      vertex 3.87307 61.7474 0.00337334
      vertex 3.62043 61.6428 0.0303061
      vertex 3.86853 61.7601 0.00337334
    endloop
  endfacet
  facet normal 0.0279658 0.577126 -0.816176
    outer loop
      vertex 84.1921 107.581 2.2
      vertex 83.8 105.268 0.55102
      vertex 83.8 107.6 2.2
    endloop
  endfacet
  facet normal 0.0200627 0.471807 -0.881474
    outer loop
      vertex 83.9411 105.033 0.39836
      vertex 83.8 104.797 0.26883
      vertex 83.8 105.039 0.39836
    endloop
  endfacet
  facet normal 0.0235803 0.554529 -0.83183
    outer loop
      vertex 83.9411 105.033 0.39836
      vertex 83.8 105.039 0.39836
      vertex 83.8 105.268 0.55102
    endloop
  endfacet
  facet normal 1 -0 0
    outer loop
      vertex 87.8 61.8 3.2
      vertex 87.8 103.6 2.2
      vertex 87.8 103.6 3.2
    endloop
  endfacet
  facet normal 1 0 0
    outer loop
      vertex 87.8 103.6 2.2
      vertex 87.8 61.8 3.2
      vertex 87.8 61.8 2.2
    endloop
  endfacet
  facet normal 0.290231 0 -0.956957
    outer loop
      vertex 84.4803 61.8 0.083913
      vertex 84.7433 103.6 0.163677
      vertex 84.7433 61.8 0.163677
    endloop
  endfacet
  facet normal 0.290231 0 -0.956957
    outer loop
      vertex 84.7433 103.6 0.163677
      vertex 84.4803 61.8 0.083913
      vertex 84.4803 103.6 0.083913
    endloop
  endfacet
  facet normal 0.194316 0.544084 -0.816219
    outer loop
      vertex 85.3307 107.296 2.2
      vertex 84.2842 105.196 0.55102
      vertex 84.9611 107.428 2.2
    endloop
  endfacet
  facet normal 0.970113 0.242655 0
    outer loop
      vertex 87.7231 104.38 3.2
      vertex 87.6278 104.761 2.2
      vertex 87.6278 104.761 3.2
    endloop
  endfacet
  facet normal 0.970113 0.242655 0
    outer loop
      vertex 87.6278 104.761 2.2
      vertex 87.7231 104.38 3.2
      vertex 87.7231 104.38 2.2
    endloop
  endfacet
  facet normal 0.160134 0.443705 -0.88175
    outer loop
      vertex 84.3509 104.93 0.39836
      vertex 84.1475 104.746 0.26883
      vertex 84.2179 104.978 0.39836
    endloop
  endfacet
  facet normal -0.0484039 0.998828 0
    outer loop
      vertex 4 107.6 2.2
      vertex 3.60793 107.581 3.2
      vertex 4 107.6 3.2
    endloop
  endfacet
  facet normal -0.0484039 0.998828 0
    outer loop
      vertex 3.60793 107.581 3.2
      vertex 4 107.6 2.2
      vertex 3.60793 107.581 2.2
    endloop
  endfacet
  facet normal 0.382532 -0.0189146 -0.923749
    outer loop
      vertex 84.9914 61.6827 0.26883
      vertex 84.7387 61.7075 0.163677
      vertex 84.9972 61.8 0.26883
    endloop
  endfacet
  facet normal 0.47132 -0.0233048 -0.881655
    outer loop
      vertex 85.2395 61.8 0.39836
      vertex 84.9914 61.6827 0.26883
      vertex 84.9972 61.8 0.26883
    endloop
  endfacet
  facet normal 0.349566 -0.31702 -0.881647
    outer loop
      vertex 84.9127 60.8868 0.39836
      vertex 84.6465 60.9535 0.26883
      vertex 84.7254 61.0405 0.26883
    endloop
  endfacet
  facet normal 0.249226 -0.14941 -0.956851
    outer loop
      vertex 84.5843 61.2759 0.163677
      vertex 84.4 61.4793 0.083913
      vertex 84.6319 61.3553 0.163677
    endloop
  endfacet
  facet normal 0.373423 -0.412159 -0.831072
    outer loop
      vertex 84.8581 60.5107 0.55102
      vertex 84.8179 60.7821 0.39836
      vertex 84.9794 60.6206 0.55102
    endloop
  endfacet
  facet normal 0.331318 -0.446611 -0.831124
    outer loop
      vertex 84.8581 60.5107 0.55102
      vertex 84.5997 60.6031 0.39836
      vertex 84.7132 60.6873 0.39836
    endloop
  endfacet
  facet normal 0.2859 -0.476894 -0.831164
    outer loop
      vertex 84.5863 60.329 0.55102
      vertex 84.4786 60.5305 0.39836
      vertex 84.5997 60.6031 0.39836
    endloop
  endfacet
  facet normal 0.242619 -0.4047 -0.881677
    outer loop
      vertex 84.4786 60.5305 0.39836
      vertex 84.4651 60.8046 0.26883
      vertex 84.5997 60.6031 0.39836
    endloop
  endfacet
  facet normal 0.189511 -0.0470144 -0.980752
    outer loop
      vertex 84.4673 61.6673 0.083913
      vertex 84.1932 61.6807 0.0303061
      vertex 84.2029 61.7198 0.0303061
    endloop
  endfacet
  facet normal 0.193151 -0.0286801 -0.98075
    outer loop
      vertex 84.4673 61.6673 0.083913
      vertex 84.2029 61.7198 0.0303061
      vertex 84.4771 61.7333 0.083913
    endloop
  endfacet
  facet normal 0.0953009 -0.0232796 -0.995176
    outer loop
      vertex 84.2029 61.7198 0.0303061
      vertex 83.9315 61.7601 0.00337334
      vertex 83.9347 61.7732 0.00337334
    endloop
  endfacet
  facet normal -0.195069 0.00952054 -0.980743
    outer loop
      vertex 3.59113 103.64 0.0303061
      vertex 3.31966 103.6 0.083913
      vertex 3.32293 103.667 0.083913
    endloop
  endfacet
  facet normal -0.0841811 -0.0504114 -0.995174
    outer loop
      vertex 3.65839 61.5717 0.0303061
      vertex 3.63767 61.6063 0.0303061
      vertex 3.88576 61.7237 0.00337334
    endloop
  endfacet
  facet normal -0.0951903 -0.0238341 -0.995174
    outer loop
      vertex 3.60684 61.6807 0.0303061
      vertex 3.59705 61.7198 0.0303061
      vertex 3.86853 61.7601 0.00337334
    endloop
  endfacet
  facet normal -0.0415793 -0.0888484 -0.995177
    outer loop
      vertex 3.94742 61.6731 0.00337334
      vertex 3.84278 61.4204 0.0303061
      vertex 3.93524 61.6788 0.00337334
    endloop
  endfacet
  facet normal -0.23335 -0.173207 -0.956842
    outer loop
      vertex 3.27083 61.2016 0.163677
      vertex 3.21568 61.2759 0.163677
      vertex 3.47409 61.3684 0.083913
    endloop
  endfacet
  facet normal -0.346318 -0.1638 -0.923706
    outer loop
      vertex 2.9442 61.2357 0.26883
      vertex 2.89397 61.3419 0.26883
      vertex 3.12851 61.439 0.163677
    endloop
  endfacet
  facet normal -0.0840642 -0.0506578 -0.995172
    outer loop
      vertex 3.88576 61.7237 0.00337334
      vertex 3.63767 61.6063 0.0303061
      vertex 3.87883 61.7352 0.00337334
    endloop
  endfacet
  facet normal -0.100309 -0.16757 -0.980744
    outer loop
      vertex 3.80633 61.4377 0.0303061
      vertex 3.67929 61.2 0.083913
      vertex 3.77175 61.4584 0.0303061
    endloop
  endfacet
  facet normal -0.195088 0.00965687 -0.980738
    outer loop
      vertex 3.58915 103.6 0.0303061
      vertex 3.31966 103.6 0.083913
      vertex 3.59113 103.64 0.0303061
    endloop
  endfacet
  facet normal 0.0275109 -0.555313 -0.831187
    outer loop
      vertex 83.9635 60.1401 0.55102
      vertex 83.8 60.132 0.55102
      vertex 83.8 60.3605 0.39836
    endloop
  endfacet
  facet normal 0.0424267 -0.287559 -0.956823
    outer loop
      vertex 83.8925 60.8613 0.163677
      vertex 83.8667 61.1229 0.083913
      vertex 83.984 60.8748 0.163677
    endloop
  endfacet
  facet normal 0.114514 -0.457721 -0.88169
    outer loop
      vertex 84.0808 60.3882 0.39836
      vertex 84.0336 60.6259 0.26883
      vertex 84.2179 60.4225 0.39836
    endloop
  endfacet
  facet normal 0.0694789 -0.466644 -0.881712
    outer loop
      vertex 83.9411 60.3674 0.39836
      vertex 83.9173 60.6086 0.26883
      vertex 84.0808 60.3882 0.39836
    endloop
  endfacet
  facet normal -0.379052 -0.281033 -0.881669
    outer loop
      vertex 2.88726 60.8868 0.39836
      vertex 2.80311 61.0003 0.39836
      vertex 3.07459 61.0405 0.26883
    endloop
  endfacet
  facet normal -0.0837365 -0.176428 -0.980745
    outer loop
      vertex 3.84278 61.4204 0.0303061
      vertex 3.67929 61.2 0.083913
      vertex 3.80633 61.4377 0.0303061
    endloop
  endfacet
  facet normal -0.0709347 -0.281824 -0.95684
    outer loop
      vertex 3.81597 60.8748 0.163677
      vertex 3.80251 61.149 0.083913
      vertex 3.86727 61.1327 0.083913
    endloop
  endfacet
  facet normal -0.0474774 -0.189474 -0.980737
    outer loop
      vertex 3.91985 61.397 0.0303061
      vertex 3.86727 61.1327 0.083913
      vertex 3.88074 61.4068 0.0303061
    endloop
  endfacet
  facet normal -0.228113 -0.307808 -0.923698
    outer loop
      vertex 3.47593 61.0157 0.163677
      vertex 3.24053 60.8746 0.26883
      vertex 3.40158 61.0708 0.163677
    endloop
  endfacet
  facet normal -0.28572 -0.476993 -0.831169
    outer loop
      vertex 3.21373 60.329 0.55102
      vertex 3.07333 60.4131 0.55102
      vertex 3.32143 60.5305 0.39836
    endloop
  endfacet
  facet normal -0.0847867 -0.57156 -0.816168
    outer loop
      vertex 3.60793 57.8193 2.2
      vertex 3.21964 57.8769 2.2
      vertex 3.6746 60.1641 0.55102
    endloop
  endfacet
  facet normal -0.159041 -0.444232 -0.881682
    outer loop
      vertex 3.58214 60.4225 0.39836
      vertex 3.54187 60.694 0.26883
      vertex 3.65248 60.6544 0.26883
    endloop
  endfacet
  facet normal -0.187203 -0.523625 -0.831127
    outer loop
      vertex 3.51582 60.2039 0.55102
      vertex 3.3617 60.259 0.55102
      vertex 3.58214 60.4225 0.39836
    endloop
  endfacet
  facet normal -0.19452 -0.544092 -0.816166
    outer loop
      vertex 3.51582 60.2039 0.55102
      vertex 2.46927 58.1045 2.2
      vertex 3.3617 60.259 0.55102
    endloop
  endfacet
  facet normal -0.262881 0.123867 -0.956844
    outer loop
      vertex 3.39999 103.921 0.083913
      vertex 3.12851 103.961 0.163677
      vertex 3.16809 104.045 0.163677
    endloop
  endfacet
  facet normal -0.382618 0.0188813 -0.923714
    outer loop
      vertex 3.05671 103.6 0.163677
      vertex 2.80285 103.6 0.26883
      vertex 3.06125 103.692 0.163677
    endloop
  endfacet
  facet normal -0.471261 -0.0231455 -0.88169
    outer loop
      vertex 2.56744 61.6589 0.39836
      vertex 2.56051 61.8 0.39836
      vertex 2.80285 61.8 0.26883
    endloop
  endfacet
  facet normal -0.444227 -0.158974 -0.881697
    outer loop
      vertex 2.89397 61.3419 0.26883
      vertex 2.67009 61.2491 0.39836
      vertex 2.85439 61.4525 0.26883
    endloop
  endfacet
  facet normal -0.28745 -0.0426619 -0.956845
    outer loop
      vertex 3.07483 61.616 0.163677
      vertex 3.06125 61.7075 0.163677
      vertex 3.33273 61.6673 0.083913
    endloop
  endfacet
  facet normal -0.544036 -0.194658 -0.81617
    outer loop
      vertex 0.304482 60.2693 2.2
      vertex 0.172238 60.6389 2.2
      vertex 2.40386 61.3158 0.55102
    endloop
  endfacet
  facet normal -0.471263 -0.0231413 -0.881689
    outer loop
      vertex 2.80861 61.6827 0.26883
      vertex 2.56744 61.6589 0.39836
      vertex 2.80285 61.8 0.26883
    endloop
  endfacet
  facet normal -0.539367 -0.135079 -0.831166
    outer loop
      vertex 2.40386 61.3158 0.55102
      vertex 2.36409 61.4746 0.55102
      vertex 2.58817 61.5192 0.39836
    endloop
  endfacet
  facet normal -0.316719 -0.349694 -0.881705
    outer loop
      vertex 3.0868 60.6873 0.39836
      vertex 2.98213 60.7821 0.39836
      vertex 3.15348 60.9535 0.26883
    endloop
  endfacet
  facet normal -0.426509 -0.201698 -0.881707
    outer loop
      vertex 2.73048 61.1214 0.39836
      vertex 2.67009 61.2491 0.39836
      vertex 2.9442 61.2357 0.26883
    endloop
  endfacet
  facet normal -0.522348 -0.24702 -0.81617
    outer loop
      vertex 0.472315 59.9144 2.2
      vertex 0.304482 60.2693 2.2
      vertex 2.52899 61.0137 0.55102
    endloop
  endfacet
  facet normal -0.428165 -0.387996 -0.81617
    outer loop
      vertex 2.82057 60.6206 0.55102
      vertex 1.17157 58.9716 2.2
      vertex 2.71065 60.7419 0.55102
    endloop
  endfacet
  facet normal -0.247092 -0.522317 -0.816168
    outer loop
      vertex 3.3617 60.259 0.55102
      vertex 2.46927 58.1045 2.2
      vertex 3.21373 60.329 0.55102
    endloop
  endfacet
  facet normal -0.544019 -0.194696 -0.816172
    outer loop
      vertex 2.45901 61.1617 0.55102
      vertex 0.304482 60.2693 2.2
      vertex 2.40386 61.3158 0.55102
    endloop
  endfacet
  facet normal -0.523533 -0.187364 -0.831148
    outer loop
      vertex 2.45901 61.1617 0.55102
      vertex 2.40386 61.3158 0.55102
      vertex 2.67009 61.2491 0.39836
    endloop
  endfacet
  facet normal 0.14941 -0.249226 -0.956851
    outer loop
      vertex 84.2447 60.9681 0.163677
      vertex 84.1207 61.2 0.083913
      vertex 84.3241 61.0157 0.163677
    endloop
  endfacet
  facet normal 0.100319 -0.167589 -0.98074
    outer loop
      vertex 84.1207 61.2 0.083913
      vertex 84.0283 61.4584 0.0303061
      vertex 84.178 61.2343 0.083913
    endloop
  endfacet
  facet normal 0.0836923 -0.176456 -0.980744
    outer loop
      vertex 84.0604 61.1714 0.083913
      vertex 83.9572 61.4204 0.0303061
      vertex 84.1207 61.2 0.083913
    endloop
  endfacet
  facet normal 0.0836501 -0.176487 -0.980742
    outer loop
      vertex 84.1207 61.2 0.083913
      vertex 83.9572 61.4204 0.0303061
      vertex 83.9937 61.4377 0.0303061
    endloop
  endfacet
  facet normal 0.163721 -0.346357 -0.923706
    outer loop
      vertex 84.2581 60.694 0.26883
      vertex 84.2447 60.9681 0.163677
      vertex 84.3643 60.7442 0.26883
    endloop
  endfacet
  facet normal 0.196915 -0.328626 -0.923704
    outer loop
      vertex 84.3643 60.7442 0.26883
      vertex 84.2447 60.9681 0.163677
      vertex 84.4651 60.8046 0.26883
    endloop
  endfacet
  facet normal 0.129075 -0.360748 -0.923688
    outer loop
      vertex 84.2581 60.694 0.26883
      vertex 84.0738 60.8973 0.163677
      vertex 84.161 60.9285 0.163677
    endloop
  endfacet
  facet normal 0.129145 -0.360692 -0.923701
    outer loop
      vertex 84.1475 60.6544 0.26883
      vertex 84.0738 60.8973 0.163677
      vertex 84.2581 60.694 0.26883
    endloop
  endfacet
  facet normal 0.156783 -0.116495 -0.980739
    outer loop
      vertex 84.3657 61.422 0.083913
      vertex 84.1176 61.5394 0.0303061
      vertex 84.1416 61.5717 0.0303061
    endloop
  endfacet
  facet normal 0.156811 -0.116438 -0.980741
    outer loop
      vertex 84.3259 61.3684 0.083913
      vertex 84.1176 61.5394 0.0303061
      vertex 84.3657 61.422 0.083913
    endloop
  endfacet
  facet normal -0.0958375 0.273877 -0.956978
    outer loop
      vertex 3.73964 104.229 0.083913
      vertex 3.72618 104.503 0.163677
      vertex 3.80251 104.251 0.083913
    endloop
  endfacet
  facet normal -0.47796 0.285251 -0.830774
    outer loop
      vertex 2.73048 104.279 0.39836
      vertex 2.52899 104.386 0.55102
      vertex 2.61314 104.527 0.55102
    endloop
  endfacet
  facet normal -0.543944 0.194795 -0.816198
    outer loop
      vertex 2.40386 104.084 0.55102
      vertex 0.304482 105.131 2.2
      vertex 2.45901 104.238 0.55102
    endloop
  endfacet
  facet normal -0.126274 0.262781 -0.956557
    outer loop
      vertex 3.67929 104.2 0.083913
      vertex 3.63902 104.471 0.163677
      vertex 3.73964 104.229 0.083913
    endloop
  endfacet
  facet normal -0.345355 0.463304 -0.816137
    outer loop
      vertex 2.94186 104.889 0.55102
      vertex 1.77772 106.926 2.2
      vertex 3.07333 104.987 0.55102
    endloop
  endfacet
  facet normal -0.388146 0.427983 -0.816194
    outer loop
      vertex 2.82057 104.779 0.55102
      vertex 1.46243 106.692 2.2
      vertex 2.94186 104.889 0.55102
    endloop
  endfacet
  facet normal -0.331356 0.447567 -0.830594
    outer loop
      vertex 3.0868 104.713 0.39836
      vertex 2.94186 104.889 0.55102
      vertex 3.20026 104.797 0.39836
    endloop
  endfacet
  facet normal -0.0165457 0.382453 -0.923827
    outer loop
      vertex 4 104.543 0.163677
      vertex 3.90754 104.539 0.163677
      vertex 4 104.797 0.26883
    endloop
  endfacet
  facet normal -0.012555 0.290208 -0.956881
    outer loop
      vertex 4 104.28 0.083913
      vertex 3.90754 104.539 0.163677
      vertex 4 104.543 0.163677
    endloop
  endfacet
  facet normal -0.0555628 0.379821 -0.92339
    outer loop
      vertex 3.90754 104.539 0.163677
      vertex 3.76645 104.774 0.26883
      vertex 3.88266 104.791 0.26883
    endloop
  endfacet
  facet normal -0.00485831 0.0978221 -0.995192
    outer loop
      vertex 4 103.737 0.00337334
      vertex 3.95973 104.009 0.0303061
      vertex 4 104.011 0.0303061
    endloop
  endfacet
  facet normal -0.0295208 0.0937286 -0.99516
    outer loop
      vertex 3.94742 103.727 0.00337334
      vertex 3.84278 103.98 0.0303061
      vertex 3.96012 103.731 0.00337334
    endloop
  endfacet
  facet normal -0.273441 0.0979987 -0.956884
    outer loop
      vertex 3.37144 103.86 0.083913
      vertex 3.09733 103.874 0.163677
      vertex 3.12851 103.961 0.163677
    endloop
  endfacet
  facet normal -0.0826532 0.549958 -0.831092
    outer loop
      vertex 3.71917 105.012 0.39836
      vertex 3.6746 105.236 0.55102
      vertex 3.8589 105.033 0.39836
    endloop
  endfacet
  facet normal -0.134164 0.540718 -0.830436
    outer loop
      vertex 3.58214 104.978 0.39836
      vertex 3.51582 105.196 0.55102
      vertex 3.71917 105.012 0.39836
    endloop
  endfacet
  facet normal -0.112441 0.457675 -0.881981
    outer loop
      vertex 3.76645 104.774 0.26883
      vertex 3.65248 104.746 0.26883
      vertex 3.71917 105.012 0.39836
    endloop
  endfacet
  facet normal -0.160386 0.443508 -0.881803
    outer loop
      vertex 3.54187 104.706 0.26883
      vertex 3.44913 104.93 0.39836
      vertex 3.65248 104.746 0.26883
    endloop
  endfacet
  facet normal -0.317375 0.34968 -0.881475
    outer loop
      vertex 3.15348 104.447 0.26883
      vertex 2.98213 104.618 0.39836
      vertex 3.0868 104.713 0.39836
    endloop
  endfacet
  facet normal -0.314306 0.350773 -0.88214
    outer loop
      vertex 3.15348 104.447 0.26883
      vertex 3.0868 104.713 0.39836
      vertex 3.24053 104.525 0.26883
    endloop
  endfacet
  facet normal -0.307307 0.228813 -0.923692
    outer loop
      vertex 3.21568 104.124 0.163677
      vertex 3.0046 104.265 0.26883
      vertex 3.07459 104.359 0.26883
    endloop
  endfacet
  facet normal -0.426297 0.201126 -0.88194
    outer loop
      vertex 2.9442 104.164 0.26883
      vertex 2.67009 104.151 0.39836
      vertex 2.73048 104.279 0.39836
    endloop
  endfacet
  facet normal -0.328807 0.196633 -0.9237
    outer loop
      vertex 3.21568 104.124 0.163677
      vertex 2.9442 104.164 0.26883
      vertex 3.0046 104.265 0.26883
    endloop
  endfacet
  facet normal 0.344249 -0.464052 -0.816179
    outer loop
      vertex 86.0223 58.4741 2.2
      vertex 84.8581 60.5107 0.55102
      vertex 86.3376 58.708 2.2
    endloop
  endfacet
  facet normal 0.388056 -0.428098 -0.816177
    outer loop
      vertex 86.3376 58.708 2.2
      vertex 84.8581 60.5107 0.55102
      vertex 86.6284 58.9716 2.2
    endloop
  endfacet
  facet normal 0.344546 -0.463866 -0.816159
    outer loop
      vertex 86.0223 58.4741 2.2
      vertex 84.7267 60.4131 0.55102
      vertex 84.8581 60.5107 0.55102
    endloop
  endfacet
  facet normal 0.296922 -0.495693 -0.816165
    outer loop
      vertex 86.0223 58.4741 2.2
      vertex 84.5863 60.329 0.55102
      vertex 84.7267 60.4131 0.55102
    endloop
  endfacet
  facet normal 0.740908 -0.671607 0
    outer loop
      vertex 86.6284 58.9716 3.2
      vertex 86.892 59.2624 2.2
      vertex 86.892 59.2624 3.2
    endloop
  endfacet
  facet normal 0.740908 -0.671607 0
    outer loop
      vertex 86.892 59.2624 2.2
      vertex 86.6284 58.9716 3.2
      vertex 86.6284 58.9716 2.2
    endloop
  endfacet
  facet normal 0.290352 0.0145176 -0.95681
    outer loop
      vertex 84.7433 103.6 0.163677
      vertex 84.4771 103.667 0.083913
      vertex 84.7387 103.692 0.163677
    endloop
  endfacet
  facet normal 0.0634076 0.184858 -0.980718
    outer loop
      vertex 83.9572 103.98 0.0303061
      vertex 83.9193 103.993 0.0303061
      vertex 84.0604 104.229 0.083913
    endloop
  endfacet
  facet normal 0.0242246 0.0949606 -0.995186
    outer loop
      vertex 83.9193 103.993 0.0303061
      vertex 83.8399 103.731 0.00337334
      vertex 83.8801 104.003 0.0303061
    endloop
  endfacet
  facet normal 0.0975938 0.168837 -0.9808
    outer loop
      vertex 84.0283 103.942 0.0303061
      vertex 83.9937 103.962 0.0303061
      vertex 84.1207 104.2 0.083913
    endloop
  endfacet
  facet normal 0.0816255 0.550632 -0.830748
    outer loop
      vertex 84.1254 105.236 0.55102
      vertex 83.9411 105.033 0.39836
      vertex 83.9635 105.26 0.55102
    endloop
  endfacet
  facet normal 0.0272047 0.555997 -0.830739
    outer loop
      vertex 83.9411 105.033 0.39836
      vertex 83.8 105.268 0.55102
      vertex 83.9635 105.26 0.55102
    endloop
  endfacet
  facet normal 0.99879 0.0491751 0
    outer loop
      vertex 87.8 103.6 3.2
      vertex 87.7807 103.992 2.2
      vertex 87.7807 103.992 3.2
    endloop
  endfacet
  facet normal 0.99879 0.0491751 0
    outer loop
      vertex 87.7807 103.992 2.2
      vertex 87.8 103.6 3.2
      vertex 87.8 103.6 2.2
    endloop
  endfacet
  facet normal 0.157105 0.115792 -0.98077
    outer loop
      vertex 84.3657 103.978 0.083913
      vertex 84.1416 103.828 0.0303061
      vertex 84.3259 104.032 0.083913
    endloop
  endfacet
  facet normal 0.544057 0.194537 -0.816185
    outer loop
      vertex 87.6278 104.761 2.2
      vertex 85.3961 104.084 0.55102
      vertex 87.4955 105.131 2.2
    endloop
  endfacet
  facet normal 0.290203 0.0138604 -0.956865
    outer loop
      vertex 84.4803 103.6 0.083913
      vertex 84.4771 103.667 0.083913
      vertex 84.7433 103.6 0.163677
    endloop
  endfacet
  facet normal 0.195082 0.00931735 -0.980743
    outer loop
      vertex 84.4803 103.6 0.083913
      vertex 84.2108 103.6 0.0303061
      vertex 84.4771 103.667 0.083913
    endloop
  endfacet
  facet normal 0.14773 0.989028 -0
    outer loop
      vertex 84.5804 107.523 2.2
      vertex 84.1921 107.581 3.2
      vertex 84.5804 107.523 3.2
    endloop
  endfacet
  facet normal 0.14773 0.989028 0
    outer loop
      vertex 84.1921 107.581 3.2
      vertex 84.5804 107.523 2.2
      vertex 84.1921 107.581 2.2
    endloop
  endfacet
  facet normal 0.595958 0.803015 -0
    outer loop
      vertex 86.3376 106.692 2.2
      vertex 86.0223 106.926 3.2
      vertex 86.3376 106.692 3.2
    endloop
  endfacet
  facet normal 0.595958 0.803015 0
    outer loop
      vertex 86.0223 106.926 3.2
      vertex 86.3376 106.692 2.2
      vertex 86.0223 106.926 2.2
    endloop
  endfacet
  facet normal 0.539569 0.135089 -0.831033
    outer loop
      vertex 85.2118 103.881 0.39836
      vertex 85.1775 104.018 0.39836
      vertex 85.3961 104.084 0.55102
    endloop
  endfacet
  facet normal 0.941615 0.336691 0
    outer loop
      vertex 87.6278 104.761 3.2
      vertex 87.4955 105.131 2.2
      vertex 87.4955 105.131 3.2
    endloop
  endfacet
  facet normal 0.941615 0.336691 0
    outer loop
      vertex 87.4955 105.131 2.2
      vertex 87.6278 104.761 3.2
      vertex 87.6278 104.761 2.2
    endloop
  endfacet
  facet normal -0.427896 0.903828 0
    outer loop
      vertex 2.46927 107.296 2.2
      vertex 2.11441 107.128 3.2
      vertex 2.46927 107.296 3.2
    endloop
  endfacet
  facet normal -0.427896 0.903828 0
    outer loop
      vertex 2.11441 107.128 3.2
      vertex 2.46927 107.296 2.2
      vertex 2.11441 107.128 2.2
    endloop
  endfacet
  facet normal 0.444199 -0.159044 -0.881699
    outer loop
      vertex 85.1775 61.3821 0.39836
      vertex 84.906 61.3419 0.26883
      vertex 84.9456 61.4525 0.26883
    endloop
  endfacet
  facet normal 0.550097 -0.0819043 -0.831074
    outer loop
      vertex 85.4599 61.6365 0.55102
      vertex 85.2118 61.5192 0.39836
      vertex 85.2326 61.6589 0.39836
    endloop
  endfacet
  facet normal 0.378997 -0.281159 -0.881652
    outer loop
      vertex 84.9127 60.8868 0.39836
      vertex 84.7254 61.0405 0.26883
      vertex 84.9969 61.0003 0.39836
    endloop
  endfacet
  facet normal 0.262667 -0.124272 -0.95685
    outer loop
      vertex 84.6319 61.3553 0.163677
      vertex 84.4 61.4793 0.083913
      vertex 84.6715 61.439 0.163677
    endloop
  endfacet
  facet normal 0.281159 -0.378997 -0.881652
    outer loop
      vertex 84.5997 60.6031 0.39836
      vertex 84.5595 60.8746 0.26883
      vertex 84.7132 60.6873 0.39836
    endloop
  endfacet
  facet normal 0.281055 -0.379023 -0.881674
    outer loop
      vertex 84.5997 60.6031 0.39836
      vertex 84.4651 60.8046 0.26883
      vertex 84.5595 60.8746 0.26883
    endloop
  endfacet
  facet normal 0.116438 -0.156811 -0.980741
    outer loop
      vertex 84.178 61.2343 0.083913
      vertex 84.0606 61.4824 0.0303061
      vertex 84.2316 61.2741 0.083913
    endloop
  endfacet
  facet normal 0.173227 -0.233291 -0.956853
    outer loop
      vertex 84.3984 61.0708 0.163677
      vertex 84.178 61.2343 0.083913
      vertex 84.2316 61.2741 0.083913
    endloop
  endfacet
  facet normal 0.31702 -0.349566 -0.881647
    outer loop
      vertex 84.7132 60.6873 0.39836
      vertex 84.5595 60.8746 0.26883
      vertex 84.6465 60.9535 0.26883
    endloop
  endfacet
  facet normal 0.446611 -0.331318 -0.831124
    outer loop
      vertex 85.0893 60.7419 0.55102
      vertex 84.9127 60.8868 0.39836
      vertex 84.9969 61.0003 0.39836
    endloop
  endfacet
  facet normal -0.16686 0.101687 -0.980723
    outer loop
      vertex 3.63767 103.794 0.0303061
      vertex 3.39999 103.921 0.083913
      vertex 3.65839 103.828 0.0303061
    endloop
  endfacet
  facet normal -0.098017 -0.00479194 -0.995173
    outer loop
      vertex 3.86327 61.7865 0.00337334
      vertex 3.59113 61.7597 0.0303061
      vertex 3.86261 61.8 0.00337334
    endloop
  endfacet
  facet normal -0.189375 0.047538 -0.980753
    outer loop
      vertex 3.59705 103.68 0.0303061
      vertex 3.33273 103.733 0.083913
      vertex 3.60684 103.719 0.0303061
    endloop
  endfacet
  facet normal -0.382686 0 -0.923879
    outer loop
      vertex 2.80285 61.8 0.26883
      vertex 3.05671 103.6 0.163677
      vertex 3.05671 61.8 0.163677
    endloop
  endfacet
  facet normal -0.382686 0 -0.923879
    outer loop
      vertex 3.05671 103.6 0.163677
      vertex 2.80285 61.8 0.26883
      vertex 2.80285 103.6 0.26883
    endloop
  endfacet
  facet normal -0.0476873 -0.189462 -0.980729
    outer loop
      vertex 3.86727 61.1327 0.083913
      vertex 3.80251 61.149 0.083913
      vertex 3.88074 61.4068 0.0303061
    endloop
  endfacet
  facet normal -0.0238506 -0.0951835 -0.995174
    outer loop
      vertex 3.91985 61.397 0.0303061
      vertex 3.88074 61.4068 0.0303061
      vertex 3.96012 61.6685 0.00337334
    endloop
  endfacet
  facet normal -0.0931227 -0.371622 -0.923702
    outer loop
      vertex 3.81597 60.8748 0.163677
      vertex 3.65248 60.6544 0.26883
      vertex 3.72618 60.8973 0.163677
    endloop
  endfacet
  facet normal -0.144759 -0.131102 -0.980743
    outer loop
      vertex 3.51892 61.3189 0.083913
      vertex 3.47409 61.3684 0.083913
      vertex 3.70949 61.5095 0.0303061
    endloop
  endfacet
  facet normal 0.0819043 -0.550097 -0.831074
    outer loop
      vertex 83.9635 60.1401 0.55102
      vertex 83.9411 60.3674 0.39836
      vertex 84.0808 60.3882 0.39836
    endloop
  endfacet
  facet normal 0.0271645 -0.555494 -0.831077
    outer loop
      vertex 83.9635 60.1401 0.55102
      vertex 83.8 60.3605 0.39836
      vertex 83.9411 60.3674 0.39836
    endloop
  endfacet
  facet normal 0.0930055 -0.371696 -0.923684
    outer loop
      vertex 84.0336 60.6259 0.26883
      vertex 83.984 60.8748 0.163677
      vertex 84.1475 60.6544 0.26883
    endloop
  endfacet
  facet normal 0.114528 -0.45771 -0.881694
    outer loop
      vertex 84.2179 60.4225 0.39836
      vertex 84.0336 60.6259 0.26883
      vertex 84.1475 60.6544 0.26883
    endloop
  endfacet
  facet normal -0.0815262 -0.549996 -0.831179
    outer loop
      vertex 3.83651 60.1401 0.55102
      vertex 3.6746 60.1641 0.55102
      vertex 3.71917 60.3882 0.39836
    endloop
  endfacet
  facet normal -0.149409 -0.249256 -0.956843
    outer loop
      vertex 3.55534 60.9681 0.163677
      vertex 3.47593 61.0157 0.163677
      vertex 3.67929 61.2 0.083913
    endloop
  endfacet
  facet normal -0.0286703 -0.193203 -0.98074
    outer loop
      vertex 3.93331 61.1229 0.083913
      vertex 3.86727 61.1327 0.083913
      vertex 3.95973 61.3911 0.0303061
    endloop
  endfacet
  facet normal -0.0979161 -0.273538 -0.956864
    outer loop
      vertex 3.72618 60.8973 0.163677
      vertex 3.63902 60.9285 0.163677
      vertex 3.80251 61.149 0.083913
    endloop
  endfacet
  facet normal -0.00936065 -0.195082 -0.980742
    outer loop
      vertex 4 61.1197 0.083913
      vertex 3.93331 61.1229 0.083913
      vertex 4 61.3892 0.0303061
    endloop
  endfacet
  facet normal -0.0139249 -0.290203 -0.956864
    outer loop
      vertex 4 60.8567 0.163677
      vertex 3.93331 61.1229 0.083913
      vertex 4 61.1197 0.083913
    endloop
  endfacet
  facet normal -0.0706188 -0.281816 -0.956866
    outer loop
      vertex 3.81597 60.8748 0.163677
      vertex 3.72618 60.8973 0.163677
      vertex 3.80251 61.149 0.083913
    endloop
  endfacet
  facet normal -0.0564212 -0.379 -0.923675
    outer loop
      vertex 3.88266 60.6086 0.26883
      vertex 3.76645 60.6259 0.26883
      vertex 3.81597 60.8748 0.163677
    endloop
  endfacet
  facet normal -0.0847232 -0.571564 -0.816172
    outer loop
      vertex 3.83651 60.1401 0.55102
      vertex 3.60793 57.8193 2.2
      vertex 3.6746 60.1641 0.55102
    endloop
  endfacet
  facet normal -0.13503 -0.53945 -0.83112
    outer loop
      vertex 3.71917 60.3882 0.39836
      vertex 3.51582 60.2039 0.55102
      vertex 3.58214 60.4225 0.39836
    endloop
  endfacet
  facet normal -0.14049 -0.560478 -0.816166
    outer loop
      vertex 3.6746 60.1641 0.55102
      vertex 3.21964 57.8769 2.2
      vertex 3.51582 60.2039 0.55102
    endloop
  endfacet
  facet normal -0.140283 -0.560512 -0.816178
    outer loop
      vertex 3.21964 57.8769 2.2
      vertex 2.83886 57.9722 2.2
      vertex 3.51582 60.2039 0.55102
    endloop
  endfacet
  facet normal -0.297047 -0.495603 -0.816175
    outer loop
      vertex 2.11441 58.2723 2.2
      vertex 1.77772 58.4741 2.2
      vertex 3.21373 60.329 0.55102
    endloop
  endfacet
  facet normal -0.476876 -0.28582 -0.831202
    outer loop
      vertex 2.61314 60.8733 0.55102
      vertex 2.52899 61.0137 0.55102
      vertex 2.80311 61.0003 0.39836
    endloop
  endfacet
  facet normal -0.18734 -0.523491 -0.831181
    outer loop
      vertex 3.58214 60.4225 0.39836
      vertex 3.3617 60.259 0.55102
      vertex 3.44913 60.4701 0.39836
    endloop
  endfacet
  facet normal -0.237731 -0.502619 -0.831179
    outer loop
      vertex 3.3617 60.259 0.55102
      vertex 3.32143 60.5305 0.39836
      vertex 3.44913 60.4701 0.39836
    endloop
  endfacet
  facet normal -0.144757 -0.131104 -0.980743
    outer loop
      vertex 3.70949 61.5095 0.0303061
      vertex 3.47409 61.3684 0.083913
      vertex 3.68241 61.5394 0.0303061
    endloop
  endfacet
  facet normal -0.360664 -0.129069 -0.923722
    outer loop
      vertex 2.89397 61.3419 0.26883
      vertex 2.85439 61.4525 0.26883
      vertex 3.09733 61.5262 0.163677
    endloop
  endfacet
  facet normal -0.0997527 0.168025 -0.980723
    outer loop
      vertex 3.77175 103.942 0.0303061
      vertex 3.62202 104.166 0.083913
      vertex 3.67929 104.2 0.083913
    endloop
  endfacet
  facet normal -0.471243 0.0231996 -0.881698
    outer loop
      vertex 2.80285 103.6 0.26883
      vertex 2.56744 103.741 0.39836
      vertex 2.80861 103.717 0.26883
    endloop
  endfacet
  facet normal -0.471261 0.023162 -0.88169
    outer loop
      vertex 2.80285 103.6 0.26883
      vertex 2.56051 103.6 0.39836
      vertex 2.56744 103.741 0.39836
    endloop
  endfacet
  facet normal -0.457822 0.114723 -0.881611
    outer loop
      vertex 2.85439 103.948 0.26883
      vertex 2.58817 103.881 0.39836
      vertex 2.6225 104.018 0.39836
    endloop
  endfacet
  facet normal -0.444433 0.159027 -0.881584
    outer loop
      vertex 2.85439 103.948 0.26883
      vertex 2.6225 104.018 0.39836
      vertex 2.67009 104.151 0.39836
    endloop
  endfacet
  facet normal -0.426507 -0.201728 -0.881701
    outer loop
      vertex 2.9442 61.2357 0.26883
      vertex 2.67009 61.2491 0.39836
      vertex 2.89397 61.3419 0.26883
    endloop
  endfacet
  facet normal -0.382618 -0.0187793 -0.923716
    outer loop
      vertex 3.06125 61.7075 0.163677
      vertex 2.80285 61.8 0.26883
      vertex 3.05671 61.8 0.163677
    endloop
  endfacet
  facet normal -0.539381 -0.135062 -0.83116
    outer loop
      vertex 2.6225 61.3821 0.39836
      vertex 2.40386 61.3158 0.55102
      vertex 2.58817 61.5192 0.39836
    endloop
  endfacet
  facet normal -0.571553 -0.0847975 -0.816172
    outer loop
      vertex 2.36409 61.4746 0.55102
      vertex 0.0192604 61.4079 2.2
      vertex 2.34007 61.6365 0.55102
    endloop
  endfacet
  facet normal -0.577114 -0.0283439 -0.816172
    outer loop
      vertex 2.34007 61.6365 0.55102
      vertex 0.0192604 61.4079 2.2
      vertex 2.33204 61.8 0.55102
    endloop
  endfacet
  facet normal -0.857733 -0.514095 0
    outer loop
      vertex 0.674121 59.5777 2.2
      vertex 0.472315 59.9144 3.2
      vertex 0.472315 59.9144 2.2
    endloop
  endfacet
  facet normal -0.857733 -0.514095 0
    outer loop
      vertex 0.472315 59.9144 3.2
      vertex 0.674121 59.5777 2.2
      vertex 0.674121 59.5777 3.2
    endloop
  endfacet
  facet normal -0.476857 -0.285996 -0.831152
    outer loop
      vertex 2.80311 61.0003 0.39836
      vertex 2.52899 61.0137 0.55102
      vertex 2.73048 61.1214 0.39836
    endloop
  endfacet
  facet normal -0.502667 -0.237714 -0.831155
    outer loop
      vertex 2.73048 61.1214 0.39836
      vertex 2.52899 61.0137 0.55102
      vertex 2.67009 61.2491 0.39836
    endloop
  endfacet
  facet normal -0.215353 -0.195136 -0.956841
    outer loop
      vertex 3.33299 61.133 0.163677
      vertex 3.27083 61.2016 0.163677
      vertex 3.47409 61.3684 0.083913
    endloop
  endfacet
  facet normal -0.283878 -0.257228 -0.923714
    outer loop
      vertex 3.33299 61.133 0.163677
      vertex 3.15348 60.9535 0.26883
      vertex 3.27083 61.2016 0.163677
    endloop
  endfacet
  facet normal 0.131167 -0.144719 -0.98074
    outer loop
      vertex 84.2316 61.2741 0.083913
      vertex 84.0606 61.4824 0.0303061
      vertex 84.0905 61.5095 0.0303061
    endloop
  endfacet
  facet normal 0.195042 -0.215503 -0.956827
    outer loop
      vertex 84.467 61.133 0.163677
      vertex 84.2316 61.2741 0.083913
      vertex 84.2811 61.3189 0.083913
    endloop
  endfacet
  facet normal 0.228186 -0.3077 -0.923716
    outer loop
      vertex 84.5595 60.8746 0.26883
      vertex 84.3241 61.0157 0.163677
      vertex 84.3984 61.0708 0.163677
    endloop
  endfacet
  facet normal 0.228177 -0.307713 -0.923714
    outer loop
      vertex 84.4651 60.8046 0.26883
      vertex 84.3241 61.0157 0.163677
      vertex 84.5595 60.8746 0.26883
    endloop
  endfacet
  facet normal 0.0426813 -0.287446 -0.956845
    outer loop
      vertex 83.984 60.8748 0.163677
      vertex 83.8667 61.1229 0.083913
      vertex 83.9327 61.1327 0.083913
    endloop
  endfacet
  facet normal 0.0144375 -0.290319 -0.956821
    outer loop
      vertex 83.8925 60.8613 0.163677
      vertex 83.8 60.8567 0.163677
      vertex 83.8667 61.1229 0.083913
    endloop
  endfacet
  facet normal 0.0510533 -0.0838733 -0.995168
    outer loop
      vertex 83.9937 61.4377 0.0303061
      vertex 83.8648 61.6788 0.00337334
      vertex 83.8763 61.6858 0.00337334
    endloop
  endfacet
  facet normal 0.0503719 -0.0841965 -0.995175
    outer loop
      vertex 83.9937 61.4377 0.0303061
      vertex 83.8763 61.6858 0.00337334
      vertex 84.0283 61.4584 0.0303061
    endloop
  endfacet
  facet normal -0.0660697 -0.0725315 -0.995175
    outer loop
      vertex 3.91284 61.6938 0.00337334
      vertex 3.70949 61.5095 0.0303061
      vertex 3.90285 61.7029 0.00337334
    endloop
  endfacet
  facet normal -0.0724098 -0.0661928 -0.995176
    outer loop
      vertex 3.90285 61.7029 0.00337334
      vertex 3.70949 61.5095 0.0303061
      vertex 3.8938 61.7128 0.00337334
    endloop
  endfacet
  facet normal 0.0706133 -0.281826 -0.956864
    outer loop
      vertex 84.0738 60.8973 0.163677
      vertex 83.984 60.8748 0.163677
      vertex 83.9975 61.149 0.083913
    endloop
  endfacet
  facet normal 0.124272 -0.262667 -0.95685
    outer loop
      vertex 84.161 60.9285 0.163677
      vertex 84.1207 61.2 0.083913
      vertex 84.2447 60.9681 0.163677
    endloop
  endfacet
  facet normal -0.970065 0.242846 0
    outer loop
      vertex 0.0768585 104.38 2.2
      vertex 0.172238 104.761 3.2
      vertex 0.172238 104.761 2.2
    endloop
  endfacet
  facet normal -0.970065 0.242846 0
    outer loop
      vertex 0.172238 104.761 3.2
      vertex 0.0768585 104.38 2.2
      vertex 0.0768585 104.38 3.2
    endloop
  endfacet
  facet normal -0.523705 0.187548 -0.830999
    outer loop
      vertex 2.67009 104.151 0.39836
      vertex 2.40386 104.084 0.55102
      vertex 2.45901 104.238 0.55102
    endloop
  endfacet
  facet normal -0.502953 0.237815 -0.830953
    outer loop
      vertex 2.67009 104.151 0.39836
      vertex 2.45901 104.238 0.55102
      vertex 2.52899 104.386 0.55102
    endloop
  endfacet
  facet normal -0.463577 0.345064 -0.816105
    outer loop
      vertex 2.61314 104.527 0.55102
      vertex 0.674121 105.822 2.2
      vertex 2.71065 104.658 0.55102
    endloop
  endfacet
  facet normal -0.464441 0.343682 -0.816197
    outer loop
      vertex 2.71065 104.658 0.55102
      vertex 0.674121 105.822 2.2
      vertex 0.907958 106.138 2.2
    endloop
  endfacet
  facet normal -0.67209 0.74047 0
    outer loop
      vertex 1.46243 106.692 2.2
      vertex 1.17157 106.428 3.2
      vertex 1.46243 106.692 3.2
    endloop
  endfacet
  facet normal -0.67209 0.74047 0
    outer loop
      vertex 1.17157 106.428 3.2
      vertex 1.46243 106.692 2.2
      vertex 1.17157 106.428 2.2
    endloop
  endfacet
  facet normal -0.0434667 0.287054 -0.956928
    outer loop
      vertex 3.93331 104.277 0.083913
      vertex 3.86727 104.267 0.083913
      vertex 3.90754 104.539 0.163677
    endloop
  endfacet
  facet normal -0.0130475 0.290045 -0.956924
    outer loop
      vertex 3.93331 104.277 0.083913
      vertex 3.90754 104.539 0.163677
      vertex 4 104.28 0.083913
    endloop
  endfacet
  facet normal -0.0438954 0.287107 -0.956892
    outer loop
      vertex 3.86727 104.267 0.083913
      vertex 3.81597 104.525 0.163677
      vertex 3.90754 104.539 0.163677
    endloop
  endfacet
  facet normal -0.0691173 0.282093 -0.956894
    outer loop
      vertex 3.86727 104.267 0.083913
      vertex 3.72618 104.503 0.163677
      vertex 3.81597 104.525 0.163677
    endloop
  endfacet
  facet normal -0.043443 0.0879721 -0.995175
    outer loop
      vertex 3.94742 103.727 0.00337334
      vertex 3.80633 103.962 0.0303061
      vertex 3.84278 103.98 0.0303061
    endloop
  endfacet
  facet normal -0.0433604 0.0880216 -0.995174
    outer loop
      vertex 3.93524 103.721 0.00337334
      vertex 3.80633 103.962 0.0303061
      vertex 3.94742 103.727 0.00337334
    endloop
  endfacet
  facet normal -0.049078 0.0848558 -0.995184
    outer loop
      vertex 3.92367 103.714 0.00337334
      vertex 3.77175 103.942 0.0303061
      vertex 3.80633 103.962 0.0303061
    endloop
  endfacet
  facet normal -0.0468379 0.189577 -0.980748
    outer loop
      vertex 3.88074 103.993 0.0303061
      vertex 3.80251 104.251 0.083913
      vertex 3.86727 104.267 0.083913
    endloop
  endfacet
  facet normal 0 0.0985356 -0.995134
    outer loop
      vertex 3.98653 103.737 0.00337334
      vertex 3.95973 104.009 0.0303061
      vertex 4 103.737 0.00337334
    endloop
  endfacet
  facet normal -0.0272064 0.555997 -0.830739
    outer loop
      vertex 3.8589 105.033 0.39836
      vertex 3.83651 105.26 0.55102
      vertex 4 105.268 0.55102
    endloop
  endfacet
  facet normal -0.0235803 0.554529 -0.83183
    outer loop
      vertex 4 105.039 0.39836
      vertex 3.8589 105.033 0.39836
      vertex 4 105.268 0.55102
    endloop
  endfacet
  facet normal -0.0578821 0.378591 -0.923753
    outer loop
      vertex 3.81597 104.525 0.163677
      vertex 3.76645 104.774 0.26883
      vertex 3.90754 104.539 0.163677
    endloop
  endfacet
  facet normal -0.113602 0.45785 -0.881741
    outer loop
      vertex 3.65248 104.746 0.26883
      vertex 3.58214 104.978 0.39836
      vertex 3.71917 105.012 0.39836
    endloop
  endfacet
  facet normal -0.24396 0.403014 -0.882079
    outer loop
      vertex 3.3349 104.595 0.26883
      vertex 3.20026 104.797 0.39836
      vertex 3.43567 104.656 0.26883
    endloop
  endfacet
  facet normal -0.236795 0.503979 -0.830622
    outer loop
      vertex 3.32143 104.87 0.39836
      vertex 3.21373 105.071 0.55102
      vertex 3.44913 104.93 0.39836
    endloop
  endfacet
  facet normal -0.280731 0.378466 -0.882017
    outer loop
      vertex 3.24053 104.525 0.26883
      vertex 3.20026 104.797 0.39836
      vertex 3.3349 104.595 0.26883
    endloop
  endfacet
  facet normal -0.374055 0.412447 -0.830645
    outer loop
      vertex 3.0868 104.713 0.39836
      vertex 2.82057 104.779 0.55102
      vertex 2.94186 104.889 0.55102
    endloop
  endfacet
  facet normal -0.243321 0.40388 -0.881859
    outer loop
      vertex 3.43567 104.656 0.26883
      vertex 3.20026 104.797 0.39836
      vertex 3.32143 104.87 0.39836
    endloop
  endfacet
  facet normal -0.200505 0.426741 -0.881867
    outer loop
      vertex 3.43567 104.656 0.26883
      vertex 3.32143 104.87 0.39836
      vertex 3.44913 104.93 0.39836
    endloop
  endfacet
  facet normal 0.297041 -0.495608 -0.816174
    outer loop
      vertex 85.6856 58.2723 2.2
      vertex 84.5863 60.329 0.55102
      vertex 86.0223 58.4741 2.2
    endloop
  endfacet
  facet normal 0.404448 0.241868 -0.881999
    outer loop
      vertex 84.8558 104.164 0.26883
      vertex 84.7954 104.265 0.26883
      vertex 85.0695 104.279 0.39836
    endloop
  endfacet
  facet normal 0.158038 0.114937 -0.980721
    outer loop
      vertex 84.1416 103.828 0.0303061
      vertex 84.1176 103.861 0.0303061
      vertex 84.3259 104.032 0.083913
    endloop
  endfacet
  facet normal 0.0845459 0.175797 -0.980789
    outer loop
      vertex 84.1207 104.2 0.083913
      vertex 83.9937 103.962 0.0303061
      vertex 84.0604 104.229 0.083913
    endloop
  endfacet
  facet normal 0.214418 0.196039 -0.956867
    outer loop
      vertex 84.3259 104.032 0.083913
      vertex 84.2811 104.081 0.083913
      vertex 84.467 104.267 0.163677
    endloop
  endfacet
  facet normal 0.523754 0.187395 -0.831002
    outer loop
      vertex 85.3961 104.084 0.55102
      vertex 85.1775 104.018 0.39836
      vertex 85.341 104.238 0.55102
    endloop
  endfacet
  facet normal 0.150311 0.24864 -0.956862
    outer loop
      vertex 84.3241 104.384 0.163677
      vertex 84.1207 104.2 0.083913
      vertex 84.2447 104.432 0.163677
    endloop
  endfacet
  facet normal 0.0695864 0.281825 -0.956939
    outer loop
      vertex 83.9975 104.251 0.083913
      vertex 83.9327 104.267 0.083913
      vertex 84.0738 104.503 0.163677
    endloop
  endfacet
  facet normal 0.0579228 0.378567 -0.92376
    outer loop
      vertex 83.984 104.525 0.163677
      vertex 83.8925 104.539 0.163677
      vertex 84.0336 104.774 0.26883
    endloop
  endfacet
  facet normal 0.555523 0 -0.831501
    outer loop
      vertex 85.2395 61.8 0.39836
      vertex 85.468 103.6 0.55102
      vertex 85.468 61.8 0.55102
    endloop
  endfacet
  facet normal 0.555523 0 -0.831501
    outer loop
      vertex 85.468 103.6 0.55102
      vertex 85.2395 61.8 0.39836
      vertex 85.2395 103.6 0.39836
    endloop
  endfacet
  facet normal 0.98916 0.146844 0
    outer loop
      vertex 87.7807 103.992 3.2
      vertex 87.7231 104.38 2.2
      vertex 87.7231 104.38 3.2
    endloop
  endfacet
  facet normal 0.98916 0.146844 0
    outer loop
      vertex 87.7231 104.38 2.2
      vertex 87.7807 103.992 3.2
      vertex 87.7807 103.992 2.2
    endloop
  endfacet
  facet normal 0.496325 0.296035 -0.816104
    outer loop
      vertex 85.271 104.386 0.55102
      vertex 85.1869 104.527 0.55102
      vertex 87.1259 105.822 2.2
    endloop
  endfacet
  facet normal 0.243924 0.403075 -0.882061
    outer loop
      vertex 84.4651 104.595 0.26883
      vertex 84.3643 104.656 0.26883
      vertex 84.5997 104.797 0.39836
    endloop
  endfacet
  facet normal 0.193044 0.0289567 -0.980763
    outer loop
      vertex 84.2089 103.64 0.0303061
      vertex 84.2029 103.68 0.0303061
      vertex 84.4673 103.733 0.083913
    endloop
  endfacet
  facet normal 0.189407 0.0471089 -0.980768
    outer loop
      vertex 84.2029 103.68 0.0303061
      vertex 84.1932 103.719 0.0303061
      vertex 84.4673 103.733 0.083913
    endloop
  endfacet
  facet normal 0.427856 0.903847 -0
    outer loop
      vertex 85.6856 107.128 2.2
      vertex 85.3307 107.296 3.2
      vertex 85.6856 107.128 3.2
    endloop
  endfacet
  facet normal 0.427856 0.903847 0
    outer loop
      vertex 85.3307 107.296 3.2
      vertex 85.6856 107.128 2.2
      vertex 85.3307 107.296 2.2
    endloop
  endfacet
  facet normal 0.0484002 0.998828 -0
    outer loop
      vertex 84.1921 107.581 2.2
      vertex 83.8 107.6 3.2
      vertex 84.1921 107.581 3.2
    endloop
  endfacet
  facet normal 0.0484002 0.998828 0
    outer loop
      vertex 83.8 107.6 3.2
      vertex 84.1921 107.581 2.2
      vertex 83.8 107.6 2.2
    endloop
  endfacet
  facet normal 0.478018 0.285116 -0.830787
    outer loop
      vertex 85.271 104.386 0.55102
      vertex 85.0695 104.279 0.39836
      vertex 85.1869 104.527 0.55102
    endloop
  endfacet
  facet normal 0.495299 0.297474 -0.816203
    outer loop
      vertex 87.3277 105.486 2.2
      vertex 85.271 104.386 0.55102
      vertex 87.1259 105.822 2.2
    endloop
  endfacet
  facet normal 0.90409 0.427342 0
    outer loop
      vertex 87.4955 105.131 3.2
      vertex 87.3277 105.486 2.2
      vertex 87.3277 105.486 3.2
    endloop
  endfacet
  facet normal 0.90409 0.427342 0
    outer loop
      vertex 87.3277 105.486 2.2
      vertex 87.4955 105.131 3.2
      vertex 87.4955 105.131 2.2
    endloop
  endfacet
  facet normal 0.555311 0.0275952 -0.831185
    outer loop
      vertex 85.468 103.6 0.55102
      vertex 85.2395 103.6 0.39836
      vertex 85.4599 103.763 0.55102
    endloop
  endfacet
  facet normal 0.466644 -0.0694789 -0.881712
    outer loop
      vertex 85.2118 61.5192 0.39836
      vertex 84.9914 61.6827 0.26883
      vertex 85.2326 61.6589 0.39836
    endloop
  endfacet
  facet normal 0.471226 -0.0230436 -0.881712
    outer loop
      vertex 85.2326 61.6589 0.39836
      vertex 84.9914 61.6827 0.26883
      vertex 85.2395 61.8 0.39836
    endloop
  endfacet
  facet normal 0.560507 -0.140311 -0.816177
    outer loop
      vertex 87.6278 60.6389 2.2
      vertex 85.3961 61.3158 0.55102
      vertex 87.7231 61.0196 2.2
    endloop
  endfacet
  facet normal 0.544001 -0.194728 -0.816176
    outer loop
      vertex 87.4955 60.2693 2.2
      vertex 85.3961 61.3158 0.55102
      vertex 87.6278 60.6389 2.2
    endloop
  endfacet
  facet normal 0.457864 -0.114549 -0.881612
    outer loop
      vertex 85.1775 61.3821 0.39836
      vertex 84.9742 61.5664 0.26883
      vertex 85.2118 61.5192 0.39836
    endloop
  endfacet
  facet normal 0.502639 -0.237735 -0.831166
    outer loop
      vertex 85.271 61.0137 0.55102
      vertex 85.0695 61.1214 0.39836
      vertex 85.341 61.1617 0.55102
    endloop
  endfacet
  facet normal 0.283799 -0.257322 -0.923712
    outer loop
      vertex 84.6465 60.9535 0.26883
      vertex 84.467 61.133 0.163677
      vertex 84.5292 61.2016 0.163677
    endloop
  endfacet
  facet normal 0.215272 -0.195188 -0.956849
    outer loop
      vertex 84.467 61.133 0.163677
      vertex 84.3259 61.3684 0.083913
      vertex 84.5292 61.2016 0.163677
    endloop
  endfacet
  facet normal 0.464052 -0.344249 -0.816179
    outer loop
      vertex 86.892 59.2624 2.2
      vertex 85.0893 60.7419 0.55102
      vertex 87.1259 59.5777 2.2
    endloop
  endfacet
  facet normal 0.428098 -0.388056 -0.816177
    outer loop
      vertex 86.6284 58.9716 2.2
      vertex 85.0893 60.7419 0.55102
      vertex 86.892 59.2624 2.2
    endloop
  endfacet
  facet normal 0.316637 -0.349703 -0.881731
    outer loop
      vertex 84.7132 60.6873 0.39836
      vertex 84.6465 60.9535 0.26883
      vertex 84.8179 60.7821 0.39836
    endloop
  endfacet
  facet normal 0.373239 -0.412216 -0.831126
    outer loop
      vertex 84.8581 60.5107 0.55102
      vertex 84.7132 60.6873 0.39836
      vertex 84.8179 60.7821 0.39836
    endloop
  endfacet
  facet normal -0.131251 -0.144667 -0.980737
    outer loop
      vertex 3.73936 61.4824 0.0303061
      vertex 3.56839 61.2741 0.083913
      vertex 3.70949 61.5095 0.0303061
    endloop
  endfacet
  facet normal -0.0659374 -0.0726771 -0.995173
    outer loop
      vertex 3.73936 61.4824 0.0303061
      vertex 3.70949 61.5095 0.0303061
      vertex 3.91284 61.6938 0.00337334
    endloop
  endfacet
  facet normal -0.0145544 -0.0970048 -0.995177
    outer loop
      vertex 3.98653 61.6633 0.00337334
      vertex 3.91985 61.397 0.0303061
      vertex 3.9732 61.6653 0.00337334
    endloop
  endfacet
  facet normal -0.0285874 -0.193232 -0.980737
    outer loop
      vertex 3.95973 61.3911 0.0303061
      vertex 3.86727 61.1327 0.083913
      vertex 3.91985 61.397 0.0303061
    endloop
  endfacet
  facet normal -0.0504002 -0.0841951 -0.995174
    outer loop
      vertex 3.80633 61.4377 0.0303061
      vertex 3.77175 61.4584 0.0303061
      vertex 3.92367 61.6858 0.00337334
    endloop
  endfacet
  facet normal -0.050819 -0.0839966 -0.995169
    outer loop
      vertex 3.93524 61.6788 0.00337334
      vertex 3.80633 61.4377 0.0303061
      vertex 3.92367 61.6858 0.00337334
    endloop
  endfacet
  facet normal -0.34956 -0.316975 -0.881666
    outer loop
      vertex 3.15348 60.9535 0.26883
      vertex 2.88726 60.8868 0.39836
      vertex 3.07459 61.0405 0.26883
    endloop
  endfacet
  facet normal -0.373269 -0.412132 -0.831155
    outer loop
      vertex 3.0868 60.6873 0.39836
      vertex 2.94186 60.5107 0.55102
      vertex 2.98213 60.7821 0.39836
    endloop
  endfacet
  facet normal -0.116392 -0.156837 -0.980742
    outer loop
      vertex 3.62202 61.2343 0.083913
      vertex 3.56839 61.2741 0.083913
      vertex 3.77175 61.4584 0.0303061
    endloop
  endfacet
  facet normal -0.100351 -0.167554 -0.980742
    outer loop
      vertex 3.67929 61.2 0.083913
      vertex 3.62202 61.2343 0.083913
      vertex 3.77175 61.4584 0.0303061
    endloop
  endfacet
  facet normal 0.0233048 -0.47132 -0.881655
    outer loop
      vertex 83.9173 60.6086 0.26883
      vertex 83.8 60.3605 0.39836
      vertex 83.8 60.6028 0.26883
    endloop
  endfacet
  facet normal 0.0559035 -0.378901 -0.923747
    outer loop
      vertex 83.9173 60.6086 0.26883
      vertex 83.8925 60.8613 0.163677
      vertex 83.984 60.8748 0.163677
    endloop
  endfacet
  facet normal -0.0232969 -0.47132 -0.881655
    outer loop
      vertex 4 60.3605 0.39836
      vertex 3.88266 60.6086 0.26883
      vertex 4 60.6028 0.26883
    endloop
  endfacet
  facet normal -0.0558592 -0.378891 -0.923754
    outer loop
      vertex 3.88266 60.6086 0.26883
      vertex 3.81597 60.8748 0.163677
      vertex 3.90754 60.8613 0.163677
    endloop
  endfacet
  facet normal -0.129134 -0.360695 -0.923701
    outer loop
      vertex 3.65248 60.6544 0.26883
      vertex 3.54187 60.694 0.26883
      vertex 3.72618 60.8973 0.163677
    endloop
  endfacet
  facet normal -0.0818873 -0.550102 -0.831073
    outer loop
      vertex 3.83651 60.1401 0.55102
      vertex 3.71917 60.3882 0.39836
      vertex 3.8589 60.3674 0.39836
    endloop
  endfacet
  facet normal -0.0423861 -0.287503 -0.956841
    outer loop
      vertex 3.90754 60.8613 0.163677
      vertex 3.81597 60.8748 0.163677
      vertex 3.86727 61.1327 0.083913
    endloop
  endfacet
  facet normal -0.018908 -0.382528 -0.923751
    outer loop
      vertex 4 60.6028 0.26883
      vertex 3.88266 60.6086 0.26883
      vertex 3.90754 60.8613 0.163677
    endloop
  endfacet
  facet normal -0.196942 -0.328554 -0.923724
    outer loop
      vertex 3.55534 60.9681 0.163677
      vertex 3.3349 60.8046 0.26883
      vertex 3.47593 61.0157 0.163677
    endloop
  endfacet
  facet normal -0.173163 -0.233335 -0.956854
    outer loop
      vertex 3.62202 61.2343 0.083913
      vertex 3.40158 61.0708 0.163677
      vertex 3.56839 61.2741 0.083913
    endloop
  endfacet
  facet normal -0.296921 -0.495692 -0.816166
    outer loop
      vertex 3.21373 60.329 0.55102
      vertex 1.77772 58.4741 2.2
      vertex 3.07333 60.4131 0.55102
    endloop
  endfacet
  facet normal -0.34426 -0.464052 -0.816174
    outer loop
      vertex 1.77772 58.4741 2.2
      vertex 1.46243 58.708 2.2
      vertex 2.94186 60.5107 0.55102
    endloop
  endfacet
  facet normal -0.0887456 -0.0418996 -0.995173
    outer loop
      vertex 3.87883 61.7352 0.00337334
      vertex 3.63767 61.6063 0.0303061
      vertex 3.87307 61.7474 0.00337334
    endloop
  endfacet
  facet normal -0.360732 -0.128986 -0.923707
    outer loop
      vertex 3.12851 61.439 0.163677
      vertex 2.89397 61.3419 0.26883
      vertex 3.09733 61.5262 0.163677
    endloop
  endfacet
  facet normal -0.189481 -0.0474429 -0.980738
    outer loop
      vertex 3.60684 61.6807 0.0303061
      vertex 3.33273 61.6673 0.083913
      vertex 3.59705 61.7198 0.0303061
    endloop
  endfacet
  facet normal -0.27365 -0.0978486 -0.956839
    outer loop
      vertex 3.12851 61.439 0.163677
      vertex 3.09733 61.5262 0.163677
      vertex 3.37144 61.5396 0.083913
    endloop
  endfacet
  facet normal -0.290252 0.0143233 -0.956843
    outer loop
      vertex 3.31966 103.6 0.083913
      vertex 3.05671 103.6 0.163677
      vertex 3.06125 103.692 0.163677
    endloop
  endfacet
  facet normal -0.15714 0.11576 -0.980768
    outer loop
      vertex 3.65839 103.828 0.0303061
      vertex 3.43431 103.978 0.083913
      vertex 3.47409 104.032 0.083913
    endloop
  endfacet
  facet normal -0.457806 0.114612 -0.881634
    outer loop
      vertex 2.82585 103.834 0.26883
      vertex 2.58817 103.881 0.39836
      vertex 2.85439 103.948 0.26883
    endloop
  endfacet
  facet normal -0.550184 0.0814665 -0.83106
    outer loop
      vertex 2.56744 103.741 0.39836
      vertex 2.36409 103.925 0.55102
      vertex 2.58817 103.881 0.39836
    endloop
  endfacet
  facet normal -0.457702 -0.114609 -0.881688
    outer loop
      vertex 2.6225 61.3821 0.39836
      vertex 2.58817 61.5192 0.39836
      vertex 2.85439 61.4525 0.26883
    endloop
  endfacet
  facet normal -0.444241 -0.158958 -0.881693
    outer loop
      vertex 2.67009 61.2491 0.39836
      vertex 2.6225 61.3821 0.39836
      vertex 2.85439 61.4525 0.26883
    endloop
  endfacet
  facet normal -0.457714 -0.11469 -0.881671
    outer loop
      vertex 2.85439 61.4525 0.26883
      vertex 2.58817 61.5192 0.39836
      vertex 2.82585 61.5664 0.26883
    endloop
  endfacet
  facet normal -0.550015 -0.0816019 -0.831159
    outer loop
      vertex 2.36409 61.4746 0.55102
      vertex 2.34007 61.6365 0.55102
      vertex 2.56744 61.6589 0.39836
    endloop
  endfacet
  facet normal -0.555366 -0.0272758 -0.831158
    outer loop
      vertex 2.34007 61.6365 0.55102
      vertex 2.33204 61.8 0.55102
      vertex 2.56744 61.6589 0.39836
    endloop
  endfacet
  facet normal -0.307745 -0.228168 -0.923706
    outer loop
      vertex 3.07459 61.0405 0.26883
      vertex 3.0046 61.1349 0.26883
      vertex 3.21568 61.2759 0.163677
    endloop
  endfacet
  facet normal -0.379051 -0.281036 -0.881668
    outer loop
      vertex 3.07459 61.0405 0.26883
      vertex 2.80311 61.0003 0.39836
      vertex 3.0046 61.1349 0.26883
    endloop
  endfacet
  facet normal 0.131045 -0.144793 -0.980746
    outer loop
      vertex 84.2316 61.2741 0.083913
      vertex 84.0905 61.5095 0.0303061
      vertex 84.2811 61.3189 0.083913
    endloop
  endfacet
  facet normal 0.144793 -0.131045 -0.980746
    outer loop
      vertex 84.2811 61.3189 0.083913
      vertex 84.0905 61.5095 0.0303061
      vertex 84.3259 61.3684 0.083913
    endloop
  endfacet
  facet normal 0.00919924 -0.195121 -0.980736
    outer loop
      vertex 83.8667 61.1229 0.083913
      vertex 83.8 61.3892 0.0303061
      vertex 83.8403 61.3911 0.0303061
    endloop
  endfacet
  facet normal 0.00462199 -0.0980349 -0.995172
    outer loop
      vertex 83.8403 61.3911 0.0303061
      vertex 83.8 61.3892 0.0303061
      vertex 83.8 61.6626 0.00337334
    endloop
  endfacet
  facet normal 0.0286887 -0.19321 -0.980738
    outer loop
      vertex 83.9327 61.1327 0.083913
      vertex 83.8667 61.1229 0.083913
      vertex 83.8801 61.397 0.0303061
    endloop
  endfacet
  facet normal 0.0473728 -0.189491 -0.980739
    outer loop
      vertex 83.9327 61.1327 0.083913
      vertex 83.8801 61.397 0.0303061
      vertex 83.9193 61.4068 0.0303061
    endloop
  endfacet
  facet normal 0.0189146 -0.382532 -0.923749
    outer loop
      vertex 83.9173 60.6086 0.26883
      vertex 83.8 60.6028 0.26883
      vertex 83.8925 60.8613 0.163677
    endloop
  endfacet
  facet normal 0.0190249 -0.382565 -0.923733
    outer loop
      vertex 83.8925 60.8613 0.163677
      vertex 83.8 60.6028 0.26883
      vertex 83.8 60.8567 0.163677
    endloop
  endfacet
  facet normal -0.539474 0.135183 -0.83108
    outer loop
      vertex 2.58817 103.881 0.39836
      vertex 2.40386 104.084 0.55102
      vertex 2.6225 104.018 0.39836
    endloop
  endfacet
  facet normal -0.539639 0.134978 -0.831006
    outer loop
      vertex 2.58817 103.881 0.39836
      vertex 2.36409 103.925 0.55102
      vertex 2.40386 104.084 0.55102
    endloop
  endfacet
  facet normal -0.404052 0.242532 -0.881998
    outer loop
      vertex 2.9442 104.164 0.26883
      vertex 2.73048 104.279 0.39836
      vertex 2.80311 104.4 0.39836
    endloop
  endfacet
  facet normal -0.503353 0.23748 -0.830806
    outer loop
      vertex 2.67009 104.151 0.39836
      vertex 2.52899 104.386 0.55102
      vertex 2.73048 104.279 0.39836
    endloop
  endfacet
  facet normal -0.0292673 0.193281 -0.980707
    outer loop
      vertex 3.95973 104.009 0.0303061
      vertex 3.86727 104.267 0.083913
      vertex 3.93331 104.277 0.083913
    endloop
  endfacet
  facet normal -0.00878543 0.1953 -0.980704
    outer loop
      vertex 3.95973 104.009 0.0303061
      vertex 3.93331 104.277 0.083913
      vertex 4 104.28 0.083913
    endloop
  endfacet
  facet normal -0.0582077 0.0787987 -0.99519
    outer loop
      vertex 3.91284 103.706 0.00337334
      vertex 3.73936 103.918 0.0303061
      vertex 3.92367 103.714 0.00337334
    endloop
  endfacet
  facet normal -0.0927549 0.0323929 -0.995162
    outer loop
      vertex 3.86853 103.64 0.00337334
      vertex 3.62043 103.757 0.0303061
      vertex 3.87307 103.653 0.00337334
    endloop
  endfacet
  facet normal -0.0846168 0.176091 -0.98073
    outer loop
      vertex 3.84278 103.98 0.0303061
      vertex 3.67929 104.2 0.083913
      vertex 3.73964 104.229 0.083913
    endloop
  endfacet
  facet normal -0.150311 0.24867 -0.956854
    outer loop
      vertex 3.67929 104.2 0.083913
      vertex 3.47593 104.384 0.163677
      vertex 3.55534 104.432 0.163677
    endloop
  endfacet
  facet normal -0.0913752 0.37193 -0.923753
    outer loop
      vertex 3.81597 104.525 0.163677
      vertex 3.65248 104.746 0.26883
      vertex 3.76645 104.774 0.26883
    endloop
  endfacet
  facet normal -0.0911631 0.37207 -0.923717
    outer loop
      vertex 3.72618 104.503 0.163677
      vertex 3.65248 104.746 0.26883
      vertex 3.81597 104.525 0.163677
    endloop
  endfacet
  facet normal -0.0681111 0.4656 -0.882371
    outer loop
      vertex 3.88266 104.791 0.26883
      vertex 3.76645 104.774 0.26883
      vertex 3.8589 105.033 0.39836
    endloop
  endfacet
  facet normal -0.0240292 0.469931 -0.882376
    outer loop
      vertex 3.88266 104.791 0.26883
      vertex 3.8589 105.033 0.39836
      vertex 4 104.797 0.26883
    endloop
  endfacet
  facet normal -0.160134 0.443738 -0.881734
    outer loop
      vertex 3.65248 104.746 0.26883
      vertex 3.44913 104.93 0.39836
      vertex 3.58214 104.978 0.39836
    endloop
  endfacet
  facet normal -0.189104 0.524015 -0.830451
    outer loop
      vertex 3.58214 104.978 0.39836
      vertex 3.44913 104.93 0.39836
      vertex 3.51582 105.196 0.55102
    endloop
  endfacet
  facet normal -0.28028 0.378578 -0.882112
    outer loop
      vertex 3.24053 104.525 0.26883
      vertex 3.0868 104.713 0.39836
      vertex 3.20026 104.797 0.39836
    endloop
  endfacet
  facet normal -0.194992 0.215718 -0.956788
    outer loop
      vertex 3.56839 104.126 0.083913
      vertex 3.33299 104.267 0.163677
      vertex 3.40158 104.329 0.163677
    endloop
  endfacet
  facet normal -0.200905 0.426722 -0.881785
    outer loop
      vertex 3.54187 104.706 0.26883
      vertex 3.43567 104.656 0.26883
      vertex 3.44913 104.93 0.39836
    endloop
  endfacet
  facet normal -0.198132 0.327785 -0.923743
    outer loop
      vertex 3.47593 104.384 0.163677
      vertex 3.43567 104.656 0.26883
      vertex 3.55534 104.432 0.163677
    endloop
  endfacet
  facet normal -0.130067 0.359669 -0.92397
    outer loop
      vertex 3.63902 104.471 0.163677
      vertex 3.54187 104.706 0.26883
      vertex 3.65248 104.746 0.26883
    endloop
  endfacet
  facet normal -0.132046 0.35966 -0.923693
    outer loop
      vertex 3.72618 104.503 0.163677
      vertex 3.63902 104.471 0.163677
      vertex 3.65248 104.746 0.26883
    endloop
  endfacet
  facet normal -0.227978 0.308184 -0.923606
    outer loop
      vertex 3.40158 104.329 0.163677
      vertex 3.24053 104.525 0.26883
      vertex 3.47593 104.384 0.163677
    endloop
  endfacet
  facet normal -0.116392 0.157081 -0.980703
    outer loop
      vertex 3.73936 103.918 0.0303061
      vertex 3.56839 104.126 0.083913
      vertex 3.77175 103.942 0.0303061
    endloop
  endfacet
  facet normal 0.42744 -0.904044 0
    outer loop
      vertex 85.3307 58.1045 2.2
      vertex 85.6856 58.2723 3.2
      vertex 85.3307 58.1045 3.2
    endloop
  endfacet
  facet normal 0.42744 -0.904044 0
    outer loop
      vertex 85.6856 58.2723 3.2
      vertex 85.3307 58.1045 2.2
      vertex 85.6856 58.2723 2.2
    endloop
  endfacet
  facet normal 0.246979 -0.522365 -0.816172
    outer loop
      vertex 85.3307 58.1045 2.2
      vertex 84.5863 60.329 0.55102
      vertex 85.6856 58.2723 2.2
    endloop
  endfacet
  facet normal 0.130993 0.145063 -0.980713
    outer loop
      vertex 84.0905 103.891 0.0303061
      vertex 84.0606 103.918 0.0303061
      vertex 84.2316 104.126 0.083913
    endloop
  endfacet
  facet normal 0.116586 0.156906 -0.980708
    outer loop
      vertex 84.0606 103.918 0.0303061
      vertex 84.0283 103.942 0.0303061
      vertex 84.2316 104.126 0.083913
    endloop
  endfacet
  facet normal 0.0130455 0.290044 -0.956924
    outer loop
      vertex 83.8667 104.277 0.083913
      vertex 83.8 104.28 0.083913
      vertex 83.8925 104.539 0.163677
    endloop
  endfacet
  facet normal 0.0468122 0.189589 -0.980747
    outer loop
      vertex 83.9975 104.251 0.083913
      vertex 83.9193 103.993 0.0303061
      vertex 83.9327 104.267 0.083913
    endloop
  endfacet
  facet normal 0.100391 0.273566 -0.9566
    outer loop
      vertex 84.161 104.471 0.163677
      vertex 84.0604 104.229 0.083913
      vertex 84.0738 104.503 0.163677
    endloop
  endfacet
  facet normal 0.135852 0.539334 -0.831061
    outer loop
      vertex 84.2842 105.196 0.55102
      vertex 84.0808 105.012 0.39836
      vertex 84.1254 105.236 0.55102
    endloop
  endfacet
  facet normal 0.522349 0.246902 -0.816205
    outer loop
      vertex 87.4955 105.131 2.2
      vertex 85.271 104.386 0.55102
      vertex 87.3277 105.486 2.2
    endloop
  endfacet
  facet normal 0.522299 0.247033 -0.816198
    outer loop
      vertex 85.341 104.238 0.55102
      vertex 85.271 104.386 0.55102
      vertex 87.4955 105.131 2.2
    endloop
  endfacet
  facet normal 0.131747 0.359011 -0.923988
    outer loop
      vertex 84.161 104.471 0.163677
      vertex 84.0738 104.503 0.163677
      vertex 84.2581 104.706 0.26883
    endloop
  endfacet
  facet normal 0.47121 0.0230592 -0.88172
    outer loop
      vertex 85.2395 103.6 0.39836
      vertex 84.9914 103.717 0.26883
      vertex 85.2326 103.741 0.39836
    endloop
  endfacet
  facet normal 0.0997208 0.168059 -0.98072
    outer loop
      vertex 84.178 104.166 0.083913
      vertex 84.0283 103.942 0.0303061
      vertex 84.1207 104.2 0.083913
    endloop
  endfacet
  facet normal 0.148603 0.25044 -0.956659
    outer loop
      vertex 84.178 104.166 0.083913
      vertex 84.1207 104.2 0.083913
      vertex 84.3241 104.384 0.163677
    endloop
  endfacet
  facet normal 0.273746 0.0973318 -0.956865
    outer loop
      vertex 84.451 103.797 0.083913
      vertex 84.4286 103.86 0.083913
      vertex 84.6715 103.961 0.163677
    endloop
  endfacet
  facet normal 0.539587 0.135066 -0.831025
    outer loop
      vertex 85.4359 103.925 0.55102
      vertex 85.2118 103.881 0.39836
      vertex 85.3961 104.084 0.55102
    endloop
  endfacet
  facet normal 0.371405 0.093177 -0.923784
    outer loop
      vertex 84.9742 103.834 0.26883
      vertex 84.7252 103.784 0.163677
      vertex 84.9456 103.948 0.26883
    endloop
  endfacet
  facet normal 0.139887 0.560578 -0.816201
    outer loop
      vertex 84.9611 107.428 2.2
      vertex 84.2842 105.196 0.55102
      vertex 84.5804 107.523 2.2
    endloop
  endfacet
  facet normal 0.4121 0.374296 -0.830708
    outer loop
      vertex 85.0893 104.658 0.55102
      vertex 84.8179 104.618 0.39836
      vertex 84.9794 104.779 0.55102
    endloop
  endfacet
  facet normal 0.803769 0.594942 0
    outer loop
      vertex 87.1259 105.822 3.2
      vertex 86.892 106.138 2.2
      vertex 86.892 106.138 3.2
    endloop
  endfacet
  facet normal 0.803769 0.594942 0
    outer loop
      vertex 86.892 106.138 2.2
      vertex 87.1259 105.822 3.2
      vertex 87.1259 105.822 2.2
    endloop
  endfacet
  facet normal 0.739986 0.672622 0
    outer loop
      vertex 86.892 106.138 3.2
      vertex 86.6284 106.428 2.2
      vertex 86.6284 106.428 3.2
    endloop
  endfacet
  facet normal 0.739986 0.672622 0
    outer loop
      vertex 86.6284 106.428 2.2
      vertex 86.892 106.138 3.2
      vertex 86.892 106.138 2.2
    endloop
  endfacet
  facet normal 0.281734 0.0717541 -0.956806
    outer loop
      vertex 84.4673 103.733 0.083913
      vertex 84.451 103.797 0.083913
      vertex 84.7252 103.784 0.163677
    endloop
  endfacet
  facet normal 0.189342 0.048223 -0.980726
    outer loop
      vertex 84.4673 103.733 0.083913
      vertex 84.1932 103.719 0.0303061
      vertex 84.451 103.797 0.083913
    endloop
  endfacet
  facet normal 0.336336 0.941742 -0
    outer loop
      vertex 85.3307 107.296 2.2
      vertex 84.9611 107.428 3.2
      vertex 85.3307 107.296 3.2
    endloop
  endfacet
  facet normal 0.336336 0.941742 0
    outer loop
      vertex 84.9611 107.428 3.2
      vertex 85.3307 107.296 2.2
      vertex 84.9611 107.428 2.2
    endloop
  endfacet
  facet normal 0.242116 0.970247 -0
    outer loop
      vertex 84.9611 107.428 2.2
      vertex 84.5804 107.523 3.2
      vertex 84.9611 107.428 3.2
    endloop
  endfacet
  facet normal 0.242116 0.970247 0
    outer loop
      vertex 84.5804 107.523 3.2
      vertex 84.9611 107.428 2.2
      vertex 84.5804 107.523 2.2
    endloop
  endfacet
  facet normal 0.426571 -0.201637 -0.881691
    outer loop
      vertex 85.0695 61.1214 0.39836
      vertex 84.8558 61.2357 0.26883
      vertex 84.906 61.3419 0.26883
    endloop
  endfacet
  facet normal 0.466901 -0.0690516 -0.88161
    outer loop
      vertex 85.2118 61.5192 0.39836
      vertex 84.9742 61.5664 0.26883
      vertex 84.9914 61.6827 0.26883
    endloop
  endfacet
  facet normal 0.4047 -0.242619 -0.881677
    outer loop
      vertex 84.9969 61.0003 0.39836
      vertex 84.7954 61.1349 0.26883
      vertex 85.0695 61.1214 0.39836
    endloop
  endfacet
  facet normal 0.476894 -0.2859 -0.831164
    outer loop
      vertex 85.271 61.0137 0.55102
      vertex 84.9969 61.0003 0.39836
      vertex 85.0695 61.1214 0.39836
    endloop
  endfacet
  facet normal -0.0923721 -0.0331223 -0.995174
    outer loop
      vertex 3.62043 61.6428 0.0303061
      vertex 3.60684 61.6807 0.0303061
      vertex 3.86853 61.7601 0.00337334
    endloop
  endfacet
  facet normal -0.0951903 -0.0238339 -0.995174
    outer loop
      vertex 3.86853 61.7601 0.00337334
      vertex 3.59705 61.7198 0.0303061
      vertex 3.86525 61.7732 0.00337334
    endloop
  endfacet
  facet normal -0.00509105 -0.0979663 -0.995177
    outer loop
      vertex 4 61.6626 0.00337334
      vertex 3.95973 61.3911 0.0303061
      vertex 3.98653 61.6633 0.00337334
    endloop
  endfacet
  facet normal -0.00462543 -0.0980349 -0.995172
    outer loop
      vertex 4 61.3892 0.0303061
      vertex 3.95973 61.3911 0.0303061
      vertex 4 61.6626 0.00337334
    endloop
  endfacet
  facet normal -0.0655701 -0.184035 -0.98073
    outer loop
      vertex 3.80251 61.149 0.083913
      vertex 3.73964 61.1714 0.083913
      vertex 3.88074 61.4068 0.0303061
    endloop
  endfacet
  facet normal -0.0330968 -0.0923789 -0.995174
    outer loop
      vertex 3.88074 61.4068 0.0303061
      vertex 3.84278 61.4204 0.0303061
      vertex 3.96012 61.6685 0.00337334
    endloop
  endfacet
  facet normal -0.283748 -0.257298 -0.923734
    outer loop
      vertex 3.15348 60.9535 0.26883
      vertex 3.07459 61.0405 0.26883
      vertex 3.27083 61.2016 0.163677
    endloop
  endfacet
  facet normal -0.307562 -0.228291 -0.923736
    outer loop
      vertex 3.27083 61.2016 0.163677
      vertex 3.07459 61.0405 0.26883
      vertex 3.21568 61.2759 0.163677
    endloop
  endfacet
  facet normal -0.19509 -0.215427 -0.956834
    outer loop
      vertex 3.56839 61.2741 0.083913
      vertex 3.33299 61.133 0.163677
      vertex 3.51892 61.3189 0.083913
    endloop
  endfacet
  facet normal -0.215419 -0.195095 -0.956835
    outer loop
      vertex 3.51892 61.3189 0.083913
      vertex 3.33299 61.133 0.163677
      vertex 3.47409 61.3684 0.083913
    endloop
  endfacet
  facet normal -0.228212 -0.307662 -0.923723
    outer loop
      vertex 3.3349 60.8046 0.26883
      vertex 3.24053 60.8746 0.26883
      vertex 3.47593 61.0157 0.163677
    endloop
  endfacet
  facet normal -0.316896 -0.34963 -0.881666
    outer loop
      vertex 3.24053 60.8746 0.26883
      vertex 3.0868 60.6873 0.39836
      vertex 3.15348 60.9535 0.26883
    endloop
  endfacet
  facet normal -0.0694655 -0.466655 -0.881707
    outer loop
      vertex 3.8589 60.3674 0.39836
      vertex 3.71917 60.3882 0.39836
      vertex 3.88266 60.6086 0.26883
    endloop
  endfacet
  facet normal -0.0230438 -0.471229 -0.88171
    outer loop
      vertex 4 60.3605 0.39836
      vertex 3.8589 60.3674 0.39836
      vertex 3.88266 60.6086 0.26883
    endloop
  endfacet
  facet normal -0.0694697 -0.466652 -0.881709
    outer loop
      vertex 3.88266 60.6086 0.26883
      vertex 3.71917 60.3882 0.39836
      vertex 3.76645 60.6259 0.26883
    endloop
  endfacet
  facet normal -0.114562 -0.457681 -0.881705
    outer loop
      vertex 3.71917 60.3882 0.39836
      vertex 3.58214 60.4225 0.39836
      vertex 3.76645 60.6259 0.26883
    endloop
  endfacet
  facet normal -0.0426692 -0.287538 -0.956818
    outer loop
      vertex 3.90754 60.8613 0.163677
      vertex 3.86727 61.1327 0.083913
      vertex 3.93331 61.1229 0.083913
    endloop
  endfacet
  facet normal -0.0144438 -0.29032 -0.956821
    outer loop
      vertex 4 60.8567 0.163677
      vertex 3.90754 60.8613 0.163677
      vertex 3.93331 61.1229 0.083913
    endloop
  endfacet
  facet normal -0.163882 -0.346304 -0.923697
    outer loop
      vertex 3.63902 60.9285 0.163677
      vertex 3.54187 60.694 0.26883
      vertex 3.55534 60.9681 0.163677
    endloop
  endfacet
  facet normal -0.124305 -0.262674 -0.956844
    outer loop
      vertex 3.63902 60.9285 0.163677
      vertex 3.55534 60.9681 0.163677
      vertex 3.67929 61.2 0.083913
    endloop
  endfacet
  facet normal -0.163704 -0.346323 -0.923722
    outer loop
      vertex 3.54187 60.694 0.26883
      vertex 3.43567 60.7442 0.26883
      vertex 3.55534 60.9681 0.163677
    endloop
  endfacet
  facet normal -0.201654 -0.426607 -0.88167
    outer loop
      vertex 3.54187 60.694 0.26883
      vertex 3.32143 60.5305 0.39836
      vertex 3.43567 60.7442 0.26883
    endloop
  endfacet
  facet normal -0.257287 -0.283863 -0.923702
    outer loop
      vertex 3.24053 60.8746 0.26883
      vertex 3.15348 60.9535 0.26883
      vertex 3.40158 61.0708 0.163677
    endloop
  endfacet
  facet normal -0.149332 -0.249337 -0.956834
    outer loop
      vertex 3.67929 61.2 0.083913
      vertex 3.47593 61.0157 0.163677
      vertex 3.62202 61.2343 0.083913
    endloop
  endfacet
  facet normal -0.42809 -0.388066 -0.816176
    outer loop
      vertex 1.17157 58.9716 2.2
      vertex 0.907958 59.2624 2.2
      vertex 2.71065 60.7419 0.55102
    endloop
  endfacet
  facet normal -0.464099 -0.344191 -0.816177
    outer loop
      vertex 0.907958 59.2624 2.2
      vertex 0.674121 59.5777 2.2
      vertex 2.71065 60.7419 0.55102
    endloop
  endfacet
  facet normal -0.281205 -0.378926 -0.881668
    outer loop
      vertex 3.20026 60.6031 0.39836
      vertex 3.0868 60.6873 0.39836
      vertex 3.24053 60.8746 0.26883
    endloop
  endfacet
  facet normal -0.331368 -0.44652 -0.831153
    outer loop
      vertex 3.20026 60.6031 0.39836
      vertex 2.94186 60.5107 0.55102
      vertex 3.0868 60.6873 0.39836
    endloop
  endfacet
  facet normal -0.28576 -0.476935 -0.831188
    outer loop
      vertex 3.32143 60.5305 0.39836
      vertex 3.07333 60.4131 0.55102
      vertex 3.20026 60.6031 0.39836
    endloop
  endfacet
  facet normal -0.331417 -0.446429 -0.831182
    outer loop
      vertex 3.07333 60.4131 0.55102
      vertex 2.94186 60.5107 0.55102
      vertex 3.20026 60.6031 0.39836
    endloop
  endfacet
  facet normal -0.183831 -0.0659172 -0.980745
    outer loop
      vertex 3.62043 61.6428 0.0303061
      vertex 3.37144 61.5396 0.083913
      vertex 3.60684 61.6807 0.0303061
    endloop
  endfacet
  facet normal -0.195097 0 -0.980784
    outer loop
      vertex 3.31966 61.8 0.083913
      vertex 3.58915 103.6 0.0303061
      vertex 3.58915 61.8 0.0303061
    endloop
  endfacet
  facet normal -0.195097 0 -0.980784
    outer loop
      vertex 3.58915 103.6 0.0303061
      vertex 3.31966 61.8 0.083913
      vertex 3.31966 103.6 0.083913
    endloop
  endfacet
  facet normal -0.371573 -0.0931053 -0.923723
    outer loop
      vertex 2.85439 61.4525 0.26883
      vertex 2.82585 61.5664 0.26883
      vertex 3.07483 61.616 0.163677
    endloop
  endfacet
  facet normal -0.249238 -0.149386 -0.956851
    outer loop
      vertex 3.21568 61.2759 0.163677
      vertex 3.16809 61.3553 0.163677
      vertex 3.39999 61.4793 0.083913
    endloop
  endfacet
  facet normal -0.262628 -0.124345 -0.956851
    outer loop
      vertex 3.39999 61.4793 0.083913
      vertex 3.16809 61.3553 0.163677
      vertex 3.37144 61.5396 0.083913
    endloop
  endfacet
  facet normal -0.0787379 -0.0585537 -0.995174
    outer loop
      vertex 3.68241 61.5394 0.0303061
      vertex 3.65839 61.5717 0.0303061
      vertex 3.88576 61.7237 0.00337334
    endloop
  endfacet
  facet normal -0.287452 -0.0426823 -0.956844
    outer loop
      vertex 3.33273 61.6673 0.083913
      vertex 3.06125 61.7075 0.163677
      vertex 3.32293 61.7333 0.083913
    endloop
  endfacet
  facet normal -0.089016 0.0414766 -0.995166
    outer loop
      vertex 3.87307 103.653 0.00337334
      vertex 3.62043 103.757 0.0303061
      vertex 3.63767 103.794 0.0303061
    endloop
  endfacet
  facet normal -0.443826 0.159697 -0.881769
    outer loop
      vertex 2.85439 103.948 0.26883
      vertex 2.67009 104.151 0.39836
      vertex 2.89397 104.058 0.26883
    endloop
  endfacet
  facet normal -0.360485 0.129709 -0.923702
    outer loop
      vertex 3.12851 103.961 0.163677
      vertex 2.85439 103.948 0.26883
      vertex 2.89397 104.058 0.26883
    endloop
  endfacet
  facet normal -0.37895 -0.0561745 -0.923711
    outer loop
      vertex 2.82585 61.5664 0.26883
      vertex 2.80861 61.6827 0.26883
      vertex 3.06125 61.7075 0.163677
    endloop
  endfacet
  facet normal -0.382621 -0.0187886 -0.923714
    outer loop
      vertex 2.80861 61.6827 0.26883
      vertex 2.80285 61.8 0.26883
      vertex 3.06125 61.7075 0.163677
    endloop
  endfacet
  facet normal -0.555573 0 -0.831468
    outer loop
      vertex 2.33204 61.8 0.55102
      vertex 2.56051 103.6 0.39836
      vertex 2.56051 61.8 0.39836
    endloop
  endfacet
  facet normal -0.555573 0 -0.831468
    outer loop
      vertex 2.56051 103.6 0.39836
      vertex 2.33204 61.8 0.55102
      vertex 2.33204 103.6 0.55102
    endloop
  endfacet
  facet normal -0.404768 -0.242539 -0.881668
    outer loop
      vertex 3.0046 61.1349 0.26883
      vertex 2.80311 61.0003 0.39836
      vertex 2.9442 61.2357 0.26883
    endloop
  endfacet
  facet normal -0.328623 -0.196913 -0.923706
    outer loop
      vertex 3.0046 61.1349 0.26883
      vertex 2.9442 61.2357 0.26883
      vertex 3.21568 61.2759 0.163677
    endloop
  endfacet
  facet normal 0.0708931 -0.281833 -0.956841
    outer loop
      vertex 83.984 60.8748 0.163677
      vertex 83.9327 61.1327 0.083913
      vertex 83.9975 61.149 0.083913
    endloop
  endfacet
  facet normal 0.0476612 -0.189475 -0.980728
    outer loop
      vertex 83.9327 61.1327 0.083913
      vertex 83.9193 61.4068 0.0303061
      vertex 83.9975 61.149 0.083913
    endloop
  endfacet
  facet normal -0.446002 0.331982 -0.831186
    outer loop
      vertex 2.80311 104.4 0.39836
      vertex 2.61314 104.527 0.55102
      vertex 2.71065 104.658 0.55102
    endloop
  endfacet
  facet normal -0.445885 0.332046 -0.831223
    outer loop
      vertex 2.80311 104.4 0.39836
      vertex 2.71065 104.658 0.55102
      vertex 2.88726 104.513 0.39836
    endloop
  endfacet
  facet normal -0.0146091 0.0971015 -0.995167
    outer loop
      vertex 3.9732 103.735 0.00337334
      vertex 3.91985 104.003 0.0303061
      vertex 3.95973 104.009 0.0303061
    endloop
  endfacet
  facet normal -0.0288279 0.0942672 -0.995129
    outer loop
      vertex 3.96012 103.731 0.00337334
      vertex 3.91985 104.003 0.0303061
      vertex 3.9732 103.735 0.00337334
    endloop
  endfacet
  facet normal -0.167228 0.100689 -0.980763
    outer loop
      vertex 3.65839 103.828 0.0303061
      vertex 3.39999 103.921 0.083913
      vertex 3.43431 103.978 0.083913
    endloop
  endfacet
  facet normal -0.0583155 0.0787016 -0.995191
    outer loop
      vertex 3.92367 103.714 0.00337334
      vertex 3.73936 103.918 0.0303061
      vertex 3.77175 103.942 0.0303061
    endloop
  endfacet
  facet normal -0.14427 0.131992 -0.980696
    outer loop
      vertex 3.70949 103.891 0.0303061
      vertex 3.47409 104.032 0.083913
      vertex 3.51892 104.081 0.083913
    endloop
  endfacet
  facet normal -0.088435 0.0424488 -0.995177
    outer loop
      vertex 3.87307 103.653 0.00337334
      vertex 3.63767 103.794 0.0303061
      vertex 3.87883 103.665 0.00337334
    endloop
  endfacet
  facet normal -0.198389 0.327733 -0.923706
    outer loop
      vertex 3.47593 104.384 0.163677
      vertex 3.3349 104.595 0.26883
      vertex 3.43567 104.656 0.26883
    endloop
  endfacet
  facet normal -0.228274 0.307745 -0.92368
    outer loop
      vertex 3.47593 104.384 0.163677
      vertex 3.24053 104.525 0.26883
      vertex 3.3349 104.595 0.26883
    endloop
  endfacet
  facet normal -0.161809 0.347185 -0.923732
    outer loop
      vertex 3.55534 104.432 0.163677
      vertex 3.43567 104.656 0.26883
      vertex 3.63902 104.471 0.163677
    endloop
  endfacet
  facet normal -0.122756 0.26339 -0.956847
    outer loop
      vertex 3.67929 104.2 0.083913
      vertex 3.55534 104.432 0.163677
      vertex 3.63902 104.471 0.163677
    endloop
  endfacet
  facet normal -0.172962 0.233814 -0.956773
    outer loop
      vertex 3.56839 104.126 0.083913
      vertex 3.40158 104.329 0.163677
      vertex 3.47593 104.384 0.163677
    endloop
  endfacet
  facet normal -0.174072 0.233386 -0.956676
    outer loop
      vertex 3.56839 104.126 0.083913
      vertex 3.47593 104.384 0.163677
      vertex 3.62202 104.166 0.083913
    endloop
  endfacet
  facet normal -0.233383 0.173933 -0.956702
    outer loop
      vertex 3.47409 104.032 0.083913
      vertex 3.21568 104.124 0.163677
      vertex 3.27083 104.198 0.163677
    endloop
  endfacet
  facet normal -0.307156 0.228915 -0.923717
    outer loop
      vertex 3.21568 104.124 0.163677
      vertex 3.07459 104.359 0.26883
      vertex 3.27083 104.198 0.163677
    endloop
  endfacet
  facet normal -0.351058 0.314716 -0.88188
    outer loop
      vertex 3.07459 104.359 0.26883
      vertex 2.88726 104.513 0.39836
      vertex 3.15348 104.447 0.26883
    endloop
  endfacet
  facet normal -0.350395 0.31659 -0.881473
    outer loop
      vertex 3.15348 104.447 0.26883
      vertex 2.88726 104.513 0.39836
      vertex 2.98213 104.618 0.39836
    endloop
  endfacet
  facet normal -0.256578 0.28385 -0.923903
    outer loop
      vertex 3.33299 104.267 0.163677
      vertex 3.15348 104.447 0.26883
      vertex 3.40158 104.329 0.163677
    endloop
  endfacet
  facet normal -0.255734 0.285405 -0.923658
    outer loop
      vertex 3.40158 104.329 0.163677
      vertex 3.15348 104.447 0.26883
      vertex 3.24053 104.525 0.26883
    endloop
  endfacet
  facet normal 0.314429 0.350709 -0.882121
    outer loop
      vertex 84.6465 104.447 0.26883
      vertex 84.5595 104.525 0.26883
      vertex 84.7132 104.713 0.39836
    endloop
  endfacet
  facet normal 0.144305 0.131936 -0.980698
    outer loop
      vertex 84.3259 104.032 0.083913
      vertex 84.0905 103.891 0.0303061
      vertex 84.2811 104.081 0.083913
    endloop
  endfacet
  facet normal 0.0125495 0.290208 -0.956881
    outer loop
      vertex 83.8925 104.539 0.163677
      vertex 83.8 104.28 0.083913
      vertex 83.8 104.543 0.163677
    endloop
  endfacet
  facet normal 0.0291453 0.193331 -0.980701
    outer loop
      vertex 83.8801 104.003 0.0303061
      vertex 83.8403 104.009 0.0303061
      vertex 83.9327 104.267 0.083913
    endloop
  endfacet
  facet normal 0.043492 0.287047 -0.956929
    outer loop
      vertex 83.9327 104.267 0.083913
      vertex 83.8667 104.277 0.083913
      vertex 83.8925 104.539 0.163677
    endloop
  endfacet
  facet normal 0.134102 0.540745 -0.830429
    outer loop
      vertex 84.2179 104.978 0.39836
      vertex 84.0808 105.012 0.39836
      vertex 84.2842 105.196 0.55102
    endloop
  endfacet
  facet normal 0.0196099 0.383374 -0.923385
    outer loop
      vertex 83.8925 104.539 0.163677
      vertex 83.8 104.797 0.26883
      vertex 83.9173 104.791 0.26883
    endloop
  endfacet
  facet normal 0.236795 0.503979 -0.830622
    outer loop
      vertex 84.4786 104.87 0.39836
      vertex 84.3509 104.93 0.39836
      vertex 84.5863 105.071 0.55102
    endloop
  endfacet
  facet normal 0.161794 0.347236 -0.923715
    outer loop
      vertex 84.2447 104.432 0.163677
      vertex 84.161 104.471 0.163677
      vertex 84.3643 104.656 0.26883
    endloop
  endfacet
  facet normal 0.247196 0.522203 -0.81621
    outer loop
      vertex 85.6856 107.128 2.2
      vertex 84.5863 105.071 0.55102
      vertex 85.3307 107.296 2.2
    endloop
  endfacet
  facet normal 0.130276 0.360212 -0.923729
    outer loop
      vertex 84.2581 104.706 0.26883
      vertex 84.0738 104.503 0.163677
      vertex 84.1475 104.746 0.26883
    endloop
  endfacet
  facet normal 0.0914227 0.371895 -0.923762
    outer loop
      vertex 84.1475 104.746 0.26883
      vertex 83.984 104.525 0.163677
      vertex 84.0336 104.774 0.26883
    endloop
  endfacet
  facet normal 0.200888 0.426687 -0.881806
    outer loop
      vertex 84.3643 104.656 0.26883
      vertex 84.2581 104.706 0.26883
      vertex 84.3509 104.93 0.39836
    endloop
  endfacet
  facet normal 0.198358 0.327778 -0.923697
    outer loop
      vertex 84.4651 104.595 0.26883
      vertex 84.3241 104.384 0.163677
      vertex 84.3643 104.656 0.26883
    endloop
  endfacet
  facet normal 0.388146 0.428019 -0.816175
    outer loop
      vertex 84.9794 104.779 0.55102
      vertex 84.8581 104.889 0.55102
      vertex 86.6284 106.428 2.2
    endloop
  endfacet
  facet normal 0.195449 0.214994 -0.956858
    outer loop
      vertex 84.2811 104.081 0.083913
      vertex 84.2316 104.126 0.083913
      vertex 84.467 104.267 0.163677
    endloop
  endfacet
  facet normal 0.256564 0.283875 -0.923899
    outer loop
      vertex 84.467 104.267 0.163677
      vertex 84.3984 104.329 0.163677
      vertex 84.6465 104.447 0.26883
    endloop
  endfacet
  facet normal 0.174133 0.233338 -0.956677
    outer loop
      vertex 84.2316 104.126 0.083913
      vertex 84.178 104.166 0.083913
      vertex 84.3241 104.384 0.163677
    endloop
  endfacet
  facet normal 0.116866 0.156601 -0.980723
    outer loop
      vertex 84.2316 104.126 0.083913
      vertex 84.0283 103.942 0.0303061
      vertex 84.178 104.166 0.083913
    endloop
  endfacet
  facet normal 0.523715 0.187435 -0.831018
    outer loop
      vertex 85.1775 104.018 0.39836
      vertex 85.1299 104.151 0.39836
      vertex 85.341 104.238 0.55102
    endloop
  endfacet
  facet normal 0.37159 0.0928976 -0.923737
    outer loop
      vertex 84.7252 103.784 0.163677
      vertex 84.7027 103.874 0.163677
      vertex 84.9456 103.948 0.26883
    endloop
  endfacet
  facet normal 0.378896 0.0555988 -0.923768
    outer loop
      vertex 84.7387 103.692 0.163677
      vertex 84.7252 103.784 0.163677
      vertex 84.9914 103.717 0.26883
    endloop
  endfacet
  facet normal 0.560516 0.140305 -0.816172
    outer loop
      vertex 85.4359 103.925 0.55102
      vertex 85.3961 104.084 0.55102
      vertex 87.7231 104.38 2.2
    endloop
  endfacet
  facet normal 0.346599 0.163397 -0.923672
    outer loop
      vertex 84.6715 103.961 0.163677
      vertex 84.6319 104.045 0.163677
      vertex 84.906 104.058 0.26883
    endloop
  endfacet
  facet normal 0.184123 0.0654661 -0.980721
    outer loop
      vertex 84.451 103.797 0.083913
      vertex 84.1932 103.719 0.0303061
      vertex 84.4286 103.86 0.083913
    endloop
  endfacet
  facet normal 0.360684 0.129349 -0.923675
    outer loop
      vertex 84.7027 103.874 0.163677
      vertex 84.6715 103.961 0.163677
      vertex 84.906 104.058 0.26883
    endloop
  endfacet
  facet normal 0.281702 0.0704256 -0.956914
    outer loop
      vertex 84.7252 103.784 0.163677
      vertex 84.451 103.797 0.083913
      vertex 84.7027 103.874 0.163677
    endloop
  endfacet
  facet normal 0.514458 0.857515 -0
    outer loop
      vertex 86.0223 106.926 2.2
      vertex 85.6856 107.128 3.2
      vertex 86.0223 106.926 3.2
    endloop
  endfacet
  facet normal 0.514458 0.857515 0
    outer loop
      vertex 85.6856 107.128 3.2
      vertex 86.0223 106.926 2.2
      vertex 85.6856 107.128 2.2
    endloop
  endfacet
  facet normal 0.346343 -0.163861 -0.923686
    outer loop
      vertex 84.906 61.3419 0.26883
      vertex 84.6319 61.3553 0.163677
      vertex 84.6715 61.439 0.163677
    endloop
  endfacet
  facet normal 0.360748 -0.129075 -0.923688
    outer loop
      vertex 84.906 61.3419 0.26883
      vertex 84.6715 61.439 0.163677
      vertex 84.7027 61.5262 0.163677
    endloop
  endfacet
  facet normal 0.446292 -0.331492 -0.831226
    outer loop
      vertex 85.0893 60.7419 0.55102
      vertex 84.9969 61.0003 0.39836
      vertex 85.1869 60.8733 0.55102
    endloop
  endfacet
  facet normal 0.476918 -0.285675 -0.831227
    outer loop
      vertex 85.1869 60.8733 0.55102
      vertex 84.9969 61.0003 0.39836
      vertex 85.271 61.0137 0.55102
    endloop
  endfacet
  facet normal 0.412216 -0.373239 -0.831126
    outer loop
      vertex 85.0893 60.7419 0.55102
      vertex 84.8179 60.7821 0.39836
      vertex 84.9127 60.8868 0.39836
    endloop
  endfacet
  facet normal 0.349703 -0.316637 -0.881731
    outer loop
      vertex 84.8179 60.7821 0.39836
      vertex 84.6465 60.9535 0.26883
      vertex 84.9127 60.8868 0.39836
    endloop
  endfacet
  facet normal -0.0929573 -0.371731 -0.923675
    outer loop
      vertex 3.76645 60.6259 0.26883
      vertex 3.65248 60.6544 0.26883
      vertex 3.81597 60.8748 0.163677
    endloop
  endfacet
  facet normal -0.114468 -0.457751 -0.881681
    outer loop
      vertex 3.76645 60.6259 0.26883
      vertex 3.58214 60.4225 0.39836
      vertex 3.65248 60.6544 0.26883
    endloop
  endfacet
  facet normal -0.0975507 -0.273795 -0.956828
    outer loop
      vertex 3.80251 61.149 0.083913
      vertex 3.63902 60.9285 0.163677
      vertex 3.73964 61.1714 0.083913
    endloop
  endfacet
  facet normal -0.124468 -0.262646 -0.956831
    outer loop
      vertex 3.73964 61.1714 0.083913
      vertex 3.63902 60.9285 0.163677
      vertex 3.67929 61.2 0.083913
    endloop
  endfacet
  facet normal -0.257336 -0.283773 -0.923716
    outer loop
      vertex 3.40158 61.0708 0.163677
      vertex 3.15348 60.9535 0.26883
      vertex 3.33299 61.133 0.163677
    endloop
  endfacet
  facet normal -0.1952 -0.215253 -0.956851
    outer loop
      vertex 3.40158 61.0708 0.163677
      vertex 3.33299 61.133 0.163677
      vertex 3.56839 61.2741 0.083913
    endloop
  endfacet
  facet normal -0.446464 -0.331314 -0.831204
    outer loop
      vertex 2.71065 60.7419 0.55102
      vertex 2.61314 60.8733 0.55102
      vertex 2.80311 61.0003 0.39836
    endloop
  endfacet
  facet normal -0.46401 -0.344335 -0.816167
    outer loop
      vertex 2.71065 60.7419 0.55102
      vertex 0.674121 59.5777 2.2
      vertex 2.61314 60.8733 0.55102
    endloop
  endfacet
  facet normal -0.412068 -0.373409 -0.831123
    outer loop
      vertex 2.82057 60.6206 0.55102
      vertex 2.71065 60.7419 0.55102
      vertex 2.98213 60.7821 0.39836
    endloop
  endfacet
  facet normal -0.387975 -0.428185 -0.81617
    outer loop
      vertex 2.94186 60.5107 0.55102
      vertex 1.17157 58.9716 2.2
      vertex 2.82057 60.6206 0.55102
    endloop
  endfacet
  facet normal -0.373394 -0.412092 -0.831118
    outer loop
      vertex 2.94186 60.5107 0.55102
      vertex 2.82057 60.6206 0.55102
      vertex 2.98213 60.7821 0.39836
    endloop
  endfacet
  facet normal -0.446698 -0.331186 -0.83113
    outer loop
      vertex 2.88726 60.8868 0.39836
      vertex 2.71065 60.7419 0.55102
      vertex 2.80311 61.0003 0.39836
    endloop
  endfacet
  facet normal -0.281093 -0.378954 -0.881692
    outer loop
      vertex 3.3349 60.8046 0.26883
      vertex 3.20026 60.6031 0.39836
      vertex 3.24053 60.8746 0.26883
    endloop
  endfacet
  facet normal -0.242503 -0.404739 -0.881691
    outer loop
      vertex 3.32143 60.5305 0.39836
      vertex 3.20026 60.6031 0.39836
      vertex 3.3349 60.8046 0.26883
    endloop
  endfacet
  facet normal -0.262723 -0.124236 -0.95684
    outer loop
      vertex 3.16809 61.3553 0.163677
      vertex 3.12851 61.439 0.163677
      vertex 3.37144 61.5396 0.083913
    endloop
  endfacet
  facet normal -0.167577 -0.100352 -0.980738
    outer loop
      vertex 3.65839 61.5717 0.0303061
      vertex 3.39999 61.4793 0.083913
      vertex 3.63767 61.6063 0.0303061
    endloop
  endfacet
  facet normal -0.290252 -0.0142459 -0.956844
    outer loop
      vertex 3.06125 61.7075 0.163677
      vertex 3.05671 61.8 0.163677
      vertex 3.31966 61.8 0.083913
    endloop
  endfacet
  facet normal -0.290281 0 -0.956941
    outer loop
      vertex 3.05671 61.8 0.163677
      vertex 3.31966 103.6 0.083913
      vertex 3.31966 61.8 0.083913
    endloop
  endfacet
  facet normal -0.290281 0 -0.956941
    outer loop
      vertex 3.31966 103.6 0.083913
      vertex 3.05671 61.8 0.163677
      vertex 3.05671 103.6 0.163677
    endloop
  endfacet
  facet normal -0.156713 -0.11654 -0.980744
    outer loop
      vertex 3.68241 61.5394 0.0303061
      vertex 3.47409 61.3684 0.083913
      vertex 3.65839 61.5717 0.0303061
    endloop
  endfacet
  facet normal -0.183937 0.0657819 -0.980734
    outer loop
      vertex 3.60684 103.719 0.0303061
      vertex 3.37144 103.86 0.083913
      vertex 3.62043 103.757 0.0303061
    endloop
  endfacet
  facet normal -0.27365 -0.0978441 -0.95684
    outer loop
      vertex 3.37144 61.5396 0.083913
      vertex 3.09733 61.5262 0.163677
      vertex 3.34895 61.6025 0.083913
    endloop
  endfacet
  facet normal -0.281921 -0.0705673 -0.956839
    outer loop
      vertex 3.34895 61.6025 0.083913
      vertex 3.09733 61.5262 0.163677
      vertex 3.33273 61.6673 0.083913
    endloop
  endfacet
  facet normal -0.176583 -0.0834051 -0.980746
    outer loop
      vertex 3.63767 61.6063 0.0303061
      vertex 3.37144 61.5396 0.083913
      vertex 3.62043 61.6428 0.0303061
    endloop
  endfacet
  facet normal -0.0887374 -0.0419132 -0.995173
    outer loop
      vertex 3.63767 61.6063 0.0303061
      vertex 3.62043 61.6428 0.0303061
      vertex 3.87307 61.7474 0.00337334
    endloop
  endfacet
  facet normal -0.156853 -0.116411 -0.980737
    outer loop
      vertex 3.47409 61.3684 0.083913
      vertex 3.43431 61.422 0.083913
      vertex 3.65839 61.5717 0.0303061
    endloop
  endfacet
  facet normal -0.233357 -0.173189 -0.956844
    outer loop
      vertex 3.47409 61.3684 0.083913
      vertex 3.21568 61.2759 0.163677
      vertex 3.43431 61.422 0.083913
    endloop
  endfacet
  facet normal -0.183923 -0.0657618 -0.980738
    outer loop
      vertex 3.37144 61.5396 0.083913
      vertex 3.34895 61.6025 0.083913
      vertex 3.60684 61.6807 0.0303061
    endloop
  endfacet
  facet normal -0.189482 -0.0474289 -0.980738
    outer loop
      vertex 3.34895 61.6025 0.083913
      vertex 3.33273 61.6673 0.083913
      vertex 3.60684 61.6807 0.0303061
    endloop
  endfacet
  facet normal -0.263013 0.123099 -0.956907
    outer loop
      vertex 3.37144 103.86 0.083913
      vertex 3.12851 103.961 0.163677
      vertex 3.39999 103.921 0.083913
    endloop
  endfacet
  facet normal -0.0924411 0.0330599 -0.995169
    outer loop
      vertex 3.86853 103.64 0.00337334
      vertex 3.60684 103.719 0.0303061
      vertex 3.62043 103.757 0.0303061
    endloop
  endfacet
  facet normal -0.290303 0.0141685 -0.95683
    outer loop
      vertex 3.31966 103.6 0.083913
      vertex 3.06125 103.692 0.163677
      vertex 3.32293 103.667 0.083913
    endloop
  endfacet
  facet normal -0.273469 0.097624 -0.956914
    outer loop
      vertex 3.34895 103.797 0.083913
      vertex 3.09733 103.874 0.163677
      vertex 3.37144 103.86 0.083913
    endloop
  endfacet
  facet normal -0.371542 0.0928855 -0.923758
    outer loop
      vertex 3.07483 103.784 0.163677
      vertex 2.85439 103.948 0.26883
      vertex 3.09733 103.874 0.163677
    endloop
  endfacet
  facet normal -0.382604 0.0188359 -0.92372
    outer loop
      vertex 3.06125 103.692 0.163677
      vertex 2.80285 103.6 0.26883
      vertex 2.80861 103.717 0.26883
    endloop
  endfacet
  facet normal -0.281886 -0.0706286 -0.956845
    outer loop
      vertex 3.09733 61.5262 0.163677
      vertex 3.07483 61.616 0.163677
      vertex 3.33273 61.6673 0.083913
    endloop
  endfacet
  facet normal -0.371576 -0.0931009 -0.923723
    outer loop
      vertex 3.09733 61.5262 0.163677
      vertex 2.85439 61.4525 0.26883
      vertex 3.07483 61.616 0.163677
    endloop
  endfacet
  facet normal 0.0975124 -0.273818 -0.956825
    outer loop
      vertex 84.161 60.9285 0.163677
      vertex 83.9975 61.149 0.083913
      vertex 84.0604 61.1714 0.083913
    endloop
  endfacet
  facet normal 0.0655443 -0.184051 -0.980729
    outer loop
      vertex 83.9975 61.149 0.083913
      vertex 83.9193 61.4068 0.0303061
      vertex 84.0604 61.1714 0.083913
    endloop
  endfacet
  facet normal -0.328547 0.197918 -0.923518
    outer loop
      vertex 3.16809 104.045 0.163677
      vertex 2.9442 104.164 0.26883
      vertex 3.21568 104.124 0.163677
    endloop
  endfacet
  facet normal -0.346885 0.163449 -0.923556
    outer loop
      vertex 3.12851 103.961 0.163677
      vertex 2.9442 104.164 0.26883
      vertex 3.16809 104.045 0.163677
    endloop
  endfacet
  facet normal -0.0971264 0.0137365 -0.995177
    outer loop
      vertex 3.86327 103.613 0.00337334
      vertex 3.59113 103.64 0.0303061
      vertex 3.86525 103.627 0.00337334
    endloop
  endfacet
  facet normal -0.0656971 0.0726804 -0.995189
    outer loop
      vertex 3.90285 103.697 0.00337334
      vertex 3.70949 103.891 0.0303061
      vertex 3.73936 103.918 0.0303061
    endloop
  endfacet
  facet normal -0.0726647 0.0657616 -0.995186
    outer loop
      vertex 3.8938 103.687 0.00337334
      vertex 3.68241 103.861 0.0303061
      vertex 3.90285 103.697 0.00337334
    endloop
  endfacet
  facet normal -0.284336 0.256149 -0.923873
    outer loop
      vertex 3.27083 104.198 0.163677
      vertex 3.15348 104.447 0.26883
      vertex 3.33299 104.267 0.163677
    endloop
  endfacet
  facet normal -0.216293 0.194852 -0.956687
    outer loop
      vertex 3.47409 104.032 0.083913
      vertex 3.27083 104.198 0.163677
      vertex 3.33299 104.267 0.163677
    endloop
  endfacet
  facet normal 0.0292851 0.193282 -0.980706
    outer loop
      vertex 83.9327 104.267 0.083913
      vertex 83.8403 104.009 0.0303061
      vertex 83.8667 104.277 0.083913
    endloop
  endfacet
  facet normal 0.00878414 0.195301 -0.980704
    outer loop
      vertex 83.8403 104.009 0.0303061
      vertex 83.8 104.28 0.083913
      vertex 83.8667 104.277 0.083913
    endloop
  endfacet
  facet normal 0.0555226 0.37984 -0.923384
    outer loop
      vertex 84.0336 104.774 0.26883
      vertex 83.8925 104.539 0.163677
      vertex 83.9173 104.791 0.26883
    endloop
  endfacet
  facet normal 0.068058 0.465597 -0.882376
    outer loop
      vertex 84.0336 104.774 0.26883
      vertex 83.9173 104.791 0.26883
      vertex 83.9411 105.033 0.39836
    endloop
  endfacet
  facet normal 0.160388 0.443474 -0.88182
    outer loop
      vertex 84.2581 104.706 0.26883
      vertex 84.1475 104.746 0.26883
      vertex 84.3509 104.93 0.39836
    endloop
  endfacet
  facet normal 0.162946 0.346098 -0.92394
    outer loop
      vertex 84.3643 104.656 0.26883
      vertex 84.161 104.471 0.163677
      vertex 84.2581 104.706 0.26883
    endloop
  endfacet
  facet normal 0.112514 0.45769 -0.881964
    outer loop
      vertex 84.1475 104.746 0.26883
      vertex 84.0336 104.774 0.26883
      vertex 84.0808 105.012 0.39836
    endloop
  endfacet
  facet normal 0.14115 0.560366 -0.816129
    outer loop
      vertex 84.2842 105.196 0.55102
      vertex 84.1254 105.236 0.55102
      vertex 84.5804 107.523 2.2
    endloop
  endfacet
  facet normal 0.0957995 0.273899 -0.956975
    outer loop
      vertex 84.0604 104.229 0.083913
      vertex 83.9975 104.251 0.083913
      vertex 84.0738 104.503 0.163677
    endloop
  endfacet
  facet normal 0.0644433 0.184249 -0.980765
    outer loop
      vertex 84.0604 104.229 0.083913
      vertex 83.9193 103.993 0.0303061
      vertex 83.9975 104.251 0.083913
    endloop
  endfacet
  facet normal 0.06911 0.282094 -0.956894
    outer loop
      vertex 84.0738 104.503 0.163677
      vertex 83.9327 104.267 0.083913
      vertex 83.984 104.525 0.163677
    endloop
  endfacet
  facet normal 0.043928 0.287101 -0.956893
    outer loop
      vertex 83.9327 104.267 0.083913
      vertex 83.8925 104.539 0.163677
      vertex 83.984 104.525 0.163677
    endloop
  endfacet
  facet normal 0.200488 0.426706 -0.881888
    outer loop
      vertex 84.3643 104.656 0.26883
      vertex 84.3509 104.93 0.39836
      vertex 84.4786 104.87 0.39836
    endloop
  endfacet
  facet normal 0.344318 0.463946 -0.81621
    outer loop
      vertex 86.3376 106.692 2.2
      vertex 84.8581 104.889 0.55102
      vertex 86.0223 106.926 2.2
    endloop
  endfacet
  facet normal 0.427544 0.388622 -0.816198
    outer loop
      vertex 86.892 106.138 2.2
      vertex 85.0893 104.658 0.55102
      vertex 86.6284 106.428 2.2
    endloop
  endfacet
  facet normal 0.464394 0.343739 -0.8162
    outer loop
      vertex 87.1259 105.822 2.2
      vertex 85.0893 104.658 0.55102
      vertex 86.892 106.138 2.2
    endloop
  endfacet
  facet normal 0.19498 0.215736 -0.956787
    outer loop
      vertex 84.467 104.267 0.163677
      vertex 84.2316 104.126 0.083913
      vertex 84.3984 104.329 0.163677
    endloop
  endfacet
  facet normal 0.173039 0.233759 -0.956773
    outer loop
      vertex 84.3984 104.329 0.163677
      vertex 84.2316 104.126 0.083913
      vertex 84.3241 104.384 0.163677
    endloop
  endfacet
  facet normal 0.273272 0.0980011 -0.956932
    outer loop
      vertex 84.7027 103.874 0.163677
      vertex 84.451 103.797 0.083913
      vertex 84.6715 103.961 0.163677
    endloop
  endfacet
  facet normal 0.248917 0.149981 -0.956842
    outer loop
      vertex 84.6319 104.045 0.163677
      vertex 84.4 103.921 0.083913
      vertex 84.5843 104.124 0.163677
    endloop
  endfacet
  facet normal 0.329127 0.196824 -0.923545
    outer loop
      vertex 84.8558 104.164 0.26883
      vertex 84.6319 104.045 0.163677
      vertex 84.7954 104.265 0.26883
    endloop
  endfacet
  facet normal 0.328089 0.197684 -0.923731
    outer loop
      vertex 84.6319 104.045 0.163677
      vertex 84.5843 104.124 0.163677
      vertex 84.7954 104.265 0.26883
    endloop
  endfacet
  facet normal 0.426533 0.20127 -0.881794
    outer loop
      vertex 85.1299 104.151 0.39836
      vertex 84.906 104.058 0.26883
      vertex 85.0695 104.279 0.39836
    endloop
  endfacet
  facet normal 0.444099 0.158941 -0.881767
    outer loop
      vertex 85.1775 104.018 0.39836
      vertex 84.906 104.058 0.26883
      vertex 85.1299 104.151 0.39836
    endloop
  endfacet
  facet normal 0.571559 0.0846754 -0.81618
    outer loop
      vertex 85.4599 103.763 0.55102
      vertex 85.4359 103.925 0.55102
      vertex 87.7807 103.992 2.2
    endloop
  endfacet
  facet normal 0.577085 0.0286772 -0.816181
    outer loop
      vertex 85.468 103.6 0.55102
      vertex 85.4599 103.763 0.55102
      vertex 87.7807 103.992 2.2
    endloop
  endfacet
  facet normal 0.176845 0.082914 -0.98074
    outer loop
      vertex 84.4286 103.86 0.083913
      vertex 84.1796 103.757 0.0303061
      vertex 84.4 103.921 0.083913
    endloop
  endfacet
  facet normal 0.176969 0.0827448 -0.980732
    outer loop
      vertex 84.1796 103.757 0.0303061
      vertex 84.1623 103.794 0.0303061
      vertex 84.4 103.921 0.083913
    endloop
  endfacet
  facet normal 0.457919 0.114647 -0.881571
    outer loop
      vertex 85.2118 103.881 0.39836
      vertex 84.9742 103.834 0.26883
      vertex 85.1775 104.018 0.39836
    endloop
  endfacet
  facet normal 0.466616 0.0693258 -0.881739
    outer loop
      vertex 85.2326 103.741 0.39836
      vertex 84.9914 103.717 0.26883
      vertex 85.2118 103.881 0.39836
    endloop
  endfacet
  facet normal 0.262962 0.12329 -0.956896
    outer loop
      vertex 84.4286 103.86 0.083913
      vertex 84.4 103.921 0.083913
      vertex 84.6715 103.961 0.163677
    endloop
  endfacet
  facet normal 0.262855 0.123917 -0.956845
    outer loop
      vertex 84.6715 103.961 0.163677
      vertex 84.4 103.921 0.083913
      vertex 84.6319 104.045 0.163677
    endloop
  endfacet
  facet normal 0.426481 -0.201719 -0.881716
    outer loop
      vertex 85.0695 61.1214 0.39836
      vertex 84.906 61.3419 0.26883
      vertex 85.1299 61.2491 0.39836
    endloop
  endfacet
  facet normal 0.360692 -0.129145 -0.923701
    outer loop
      vertex 84.906 61.3419 0.26883
      vertex 84.7027 61.5262 0.163677
      vertex 84.9456 61.4525 0.26883
    endloop
  endfacet
  facet normal 0.539476 -0.134967 -0.831113
    outer loop
      vertex 85.3961 61.3158 0.55102
      vertex 85.1775 61.3821 0.39836
      vertex 85.2118 61.5192 0.39836
    endloop
  endfacet
  facet normal 0.523629 -0.187229 -0.831119
    outer loop
      vertex 85.341 61.1617 0.55102
      vertex 85.1775 61.3821 0.39836
      vertex 85.3961 61.3158 0.55102
    endloop
  endfacet
  facet normal 0.404716 -0.242509 -0.8817
    outer loop
      vertex 85.0695 61.1214 0.39836
      vertex 84.7954 61.1349 0.26883
      vertex 84.8558 61.2357 0.26883
    endloop
  endfacet
  facet normal 0.328626 -0.196915 -0.923704
    outer loop
      vertex 84.7954 61.1349 0.26883
      vertex 84.6319 61.3553 0.163677
      vertex 84.8558 61.2357 0.26883
    endloop
  endfacet
  facet normal 0.283761 -0.257342 -0.923718
    outer loop
      vertex 84.6465 60.9535 0.26883
      vertex 84.5292 61.2016 0.163677
      vertex 84.7254 61.0405 0.26883
    endloop
  endfacet
  facet normal 0.3077 -0.228186 -0.923716
    outer loop
      vertex 84.7254 61.0405 0.26883
      vertex 84.5292 61.2016 0.163677
      vertex 84.5843 61.2759 0.163677
    endloop
  endfacet
  facet normal -0.0837589 0.0510436 -0.995178
    outer loop
      vertex 3.88576 103.676 0.00337334
      vertex 3.63767 103.794 0.0303061
      vertex 3.65839 103.828 0.0303061
    endloop
  endfacet
  facet normal -0.412075 -0.373386 -0.83113
    outer loop
      vertex 2.98213 60.7821 0.39836
      vertex 2.71065 60.7419 0.55102
      vertex 2.88726 60.8868 0.39836
    endloop
  endfacet
  facet normal -0.349623 -0.316798 -0.881704
    outer loop
      vertex 2.98213 60.7821 0.39836
      vertex 2.88726 60.8868 0.39836
      vertex 3.15348 60.9535 0.26883
    endloop
  endfacet
  facet normal -0.290257 -0.01423 -0.956843
    outer loop
      vertex 3.32293 61.7333 0.083913
      vertex 3.06125 61.7075 0.163677
      vertex 3.31966 61.8 0.083913
    endloop
  endfacet
  facet normal -0.193203 -0.0286877 -0.980739
    outer loop
      vertex 3.33273 61.6673 0.083913
      vertex 3.32293 61.7333 0.083913
      vertex 3.59113 61.7597 0.0303061
    endloop
  endfacet
  facet normal -0.167571 -0.100367 -0.980738
    outer loop
      vertex 3.43431 61.422 0.083913
      vertex 3.39999 61.4793 0.083913
      vertex 3.65839 61.5717 0.0303061
    endloop
  endfacet
  facet normal -0.249306 -0.149322 -0.956844
    outer loop
      vertex 3.43431 61.422 0.083913
      vertex 3.21568 61.2759 0.163677
      vertex 3.39999 61.4793 0.083913
    endloop
  endfacet
  facet normal -0.248978 0.149911 -0.956837
    outer loop
      vertex 3.39999 103.921 0.083913
      vertex 3.21568 104.124 0.163677
      vertex 3.43431 103.978 0.083913
    endloop
  endfacet
  facet normal -0.233983 0.172367 -0.956839
    outer loop
      vertex 3.43431 103.978 0.083913
      vertex 3.21568 104.124 0.163677
      vertex 3.47409 104.032 0.083913
    endloop
  endfacet
  facet normal -0.281507 0.0713445 -0.956903
    outer loop
      vertex 3.33273 103.733 0.083913
      vertex 3.09733 103.874 0.163677
      vertex 3.34895 103.797 0.083913
    endloop
  endfacet
  facet normal -0.371468 0.0929973 -0.923777
    outer loop
      vertex 3.07483 103.784 0.163677
      vertex 2.82585 103.834 0.26883
      vertex 2.85439 103.948 0.26883
    endloop
  endfacet
  facet normal -0.360488 0.129196 -0.923773
    outer loop
      vertex 3.09733 103.874 0.163677
      vertex 2.85439 103.948 0.26883
      vertex 3.12851 103.961 0.163677
    endloop
  endfacet
  facet normal -0.28757 0.0426998 -0.956807
    outer loop
      vertex 3.32293 103.667 0.083913
      vertex 3.06125 103.692 0.163677
      vertex 3.33273 103.733 0.083913
    endloop
  endfacet
  facet normal -0.183995 0.0656835 -0.98073
    outer loop
      vertex 3.60684 103.719 0.0303061
      vertex 3.34895 103.797 0.083913
      vertex 3.37144 103.86 0.083913
    endloop
  endfacet
  facet normal -0.378947 0.0558381 -0.923732
    outer loop
      vertex 3.06125 103.692 0.163677
      vertex 2.80861 103.717 0.26883
      vertex 2.82585 103.834 0.26883
    endloop
  endfacet
  facet normal -0.466722 0.0687717 -0.881726
    outer loop
      vertex 2.80861 103.717 0.26883
      vertex 2.56744 103.741 0.39836
      vertex 2.82585 103.834 0.26883
    endloop
  endfacet
  facet normal -0.404726 0.242034 -0.881826
    outer loop
      vertex 2.9442 104.164 0.26883
      vertex 2.80311 104.4 0.39836
      vertex 3.0046 104.265 0.26883
    endloop
  endfacet
  facet normal -0.378219 0.281612 -0.881842
    outer loop
      vertex 3.0046 104.265 0.26883
      vertex 2.80311 104.4 0.39836
      vertex 3.07459 104.359 0.26883
    endloop
  endfacet
  facet normal -0.0980135 0.00485167 -0.995173
    outer loop
      vertex 3.86261 103.6 0.00337334
      vertex 3.58915 103.6 0.0303061
      vertex 3.59113 103.64 0.0303061
    endloop
  endfacet
  facet normal -0.15798 0.11499 -0.980724
    outer loop
      vertex 3.65839 103.828 0.0303061
      vertex 3.47409 104.032 0.083913
      vertex 3.68241 103.861 0.0303061
    endloop
  endfacet
  facet normal -0.131612 0.144685 -0.980686
    outer loop
      vertex 3.70949 103.891 0.0303061
      vertex 3.51892 104.081 0.083913
      vertex 3.56839 104.126 0.083913
    endloop
  endfacet
  facet normal -0.131078 0.145011 -0.980709
    outer loop
      vertex 3.70949 103.891 0.0303061
      vertex 3.56839 104.126 0.083913
      vertex 3.73936 103.918 0.0303061
    endloop
  endfacet
  facet normal 0.0700654 0.466102 -0.881952
    outer loop
      vertex 84.0336 104.774 0.26883
      vertex 83.9411 105.033 0.39836
      vertex 84.0808 105.012 0.39836
    endloop
  endfacet
  facet normal 0.0826693 0.549948 -0.831098
    outer loop
      vertex 84.0808 105.012 0.39836
      vertex 83.9411 105.033 0.39836
      vertex 84.1254 105.236 0.55102
    endloop
  endfacet
  facet normal 0.285219 0.255725 -0.923718
    outer loop
      vertex 84.7254 104.359 0.26883
      vertex 84.5292 104.198 0.163677
      vertex 84.6465 104.447 0.26883
    endloop
  endfacet
  facet normal 0.374187 0.412394 -0.830611
    outer loop
      vertex 84.8179 104.618 0.39836
      vertex 84.7132 104.713 0.39836
      vertex 84.8581 104.889 0.55102
    endloop
  endfacet
  facet normal 0.189121 0.524021 -0.830443
    outer loop
      vertex 84.3509 104.93 0.39836
      vertex 84.2179 104.978 0.39836
      vertex 84.2842 105.196 0.55102
    endloop
  endfacet
  facet normal 0.345477 0.463221 -0.816132
    outer loop
      vertex 84.8581 104.889 0.55102
      vertex 84.7267 104.987 0.55102
      vertex 86.0223 106.926 2.2
    endloop
  endfacet
  facet normal 0.29724 0.495449 -0.816198
    outer loop
      vertex 86.0223 106.926 2.2
      vertex 84.5863 105.071 0.55102
      vertex 85.6856 107.128 2.2
    endloop
  endfacet
  facet normal 0.332389 0.445672 -0.8312
    outer loop
      vertex 84.8581 104.889 0.55102
      vertex 84.5997 104.797 0.39836
      vertex 84.7267 104.987 0.55102
    endloop
  endfacet
  facet normal 0.317292 0.349689 -0.8815
    outer loop
      vertex 84.8179 104.618 0.39836
      vertex 84.6465 104.447 0.26883
      vertex 84.7132 104.713 0.39836
    endloop
  endfacet
  facet normal 0.463433 0.345275 -0.816097
    outer loop
      vertex 85.1869 104.527 0.55102
      vertex 85.0893 104.658 0.55102
      vertex 87.1259 105.822 2.2
    endloop
  endfacet
  facet normal 0.445797 0.332178 -0.831217
    outer loop
      vertex 84.9969 104.4 0.39836
      vertex 84.9127 104.513 0.39836
      vertex 85.0893 104.658 0.55102
    endloop
  endfacet
  facet normal 0.378155 0.281775 -0.881817
    outer loop
      vertex 84.9969 104.4 0.39836
      vertex 84.7254 104.359 0.26883
      vertex 84.9127 104.513 0.39836
    endloop
  endfacet
  facet normal 0.307294 0.22881 -0.923697
    outer loop
      vertex 84.5843 104.124 0.163677
      vertex 84.5292 104.198 0.163677
      vertex 84.7254 104.359 0.26883
    endloop
  endfacet
  facet normal 0.23317 0.173617 -0.956812
    outer loop
      vertex 84.5843 104.124 0.163677
      vertex 84.3657 103.978 0.083913
      vertex 84.5292 104.198 0.163677
    endloop
  endfacet
  facet normal 0.404339 0.242603 -0.881847
    outer loop
      vertex 85.0695 104.279 0.39836
      vertex 84.7954 104.265 0.26883
      vertex 84.9969 104.4 0.39836
    endloop
  endfacet
  facet normal 0.378191 0.281632 -0.881848
    outer loop
      vertex 84.7954 104.265 0.26883
      vertex 84.7254 104.359 0.26883
      vertex 84.9969 104.4 0.39836
    endloop
  endfacet
  facet normal 0.550143 0.0815027 -0.831083
    outer loop
      vertex 85.4599 103.763 0.55102
      vertex 85.2118 103.881 0.39836
      vertex 85.4359 103.925 0.55102
    endloop
  endfacet
  facet normal 0.457772 0.114844 -0.881621
    outer loop
      vertex 84.9742 103.834 0.26883
      vertex 84.9456 103.948 0.26883
      vertex 85.1775 104.018 0.39836
    endloop
  endfacet
  facet normal 0.444146 0.159893 -0.881572
    outer loop
      vertex 84.9456 103.948 0.26883
      vertex 84.906 104.058 0.26883
      vertex 85.1775 104.018 0.39836
    endloop
  endfacet
  facet normal 0.503099 0.2374 -0.830983
    outer loop
      vertex 85.1299 104.151 0.39836
      vertex 85.0695 104.279 0.39836
      vertex 85.341 104.238 0.55102
    endloop
  endfacet
  facet normal 0.249042 0.149862 -0.956828
    outer loop
      vertex 84.4 103.921 0.083913
      vertex 84.3657 103.978 0.083913
      vertex 84.5843 104.124 0.163677
    endloop
  endfacet
  facet normal 0.167245 0.100641 -0.980765
    outer loop
      vertex 84.4 103.921 0.083913
      vertex 84.1416 103.828 0.0303061
      vertex 84.3657 103.978 0.083913
    endloop
  endfacet
  facet normal 0.457601 -0.114903 -0.881702
    outer loop
      vertex 85.1775 61.3821 0.39836
      vertex 84.9456 61.4525 0.26883
      vertex 84.9742 61.5664 0.26883
    endloop
  endfacet
  facet normal 0.37151 -0.0932853 -0.92373
    outer loop
      vertex 84.9456 61.4525 0.26883
      vertex 84.7252 61.616 0.163677
      vertex 84.9742 61.5664 0.26883
    endloop
  endfacet
  facet normal 0.444195 -0.158975 -0.881713
    outer loop
      vertex 85.1299 61.2491 0.39836
      vertex 84.906 61.3419 0.26883
      vertex 85.1775 61.3821 0.39836
    endloop
  endfacet
  facet normal 0.523502 -0.187358 -0.83117
    outer loop
      vertex 85.341 61.1617 0.55102
      vertex 85.1299 61.2491 0.39836
      vertex 85.1775 61.3821 0.39836
    endloop
  endfacet
  facet normal -0.195085 -0.00956416 -0.98074
    outer loop
      vertex 3.32293 61.7333 0.083913
      vertex 3.31966 61.8 0.083913
      vertex 3.59113 61.7597 0.0303061
    endloop
  endfacet
  facet normal -0.195088 -0.00958499 -0.980739
    outer loop
      vertex 3.59113 61.7597 0.0303061
      vertex 3.31966 61.8 0.083913
      vertex 3.58915 61.8 0.0303061
    endloop
  endfacet
  facet normal -0.281988 0.0704971 -0.956824
    outer loop
      vertex 3.33273 103.733 0.083913
      vertex 3.07483 103.784 0.163677
      vertex 3.09733 103.874 0.163677
    endloop
  endfacet
  facet normal -0.287537 0.042443 -0.956829
    outer loop
      vertex 3.33273 103.733 0.083913
      vertex 3.06125 103.692 0.163677
      vertex 3.07483 103.784 0.163677
    endloop
  endfacet
  facet normal -0.0951893 0.024017 -0.995169
    outer loop
      vertex 3.86525 103.627 0.00337334
      vertex 3.59705 103.68 0.0303061
      vertex 3.86853 103.64 0.00337334
    endloop
  endfacet
  facet normal -0.189349 0.0479881 -0.980737
    outer loop
      vertex 3.60684 103.719 0.0303061
      vertex 3.33273 103.733 0.083913
      vertex 3.34895 103.797 0.083913
    endloop
  endfacet
  facet normal -0.0792968 0.0577184 -0.995179
    outer loop
      vertex 3.88576 103.676 0.00337334
      vertex 3.65839 103.828 0.0303061
      vertex 3.68241 103.861 0.0303061
    endloop
  endfacet
  facet normal -0.0791656 0.0578629 -0.995181
    outer loop
      vertex 3.88576 103.676 0.00337334
      vertex 3.68241 103.861 0.0303061
      vertex 3.8938 103.687 0.00337334
    endloop
  endfacet
  facet normal -0.0727403 0.0656602 -0.995187
    outer loop
      vertex 3.90285 103.697 0.00337334
      vertex 3.68241 103.861 0.0303061
      vertex 3.70949 103.891 0.0303061
    endloop
  endfacet
  facet normal -0.144963 0.130854 -0.980746
    outer loop
      vertex 3.68241 103.861 0.0303061
      vertex 3.47409 104.032 0.083913
      vertex 3.70949 103.891 0.0303061
    endloop
  endfacet
  facet normal 0.247019 0.52227 -0.81622
    outer loop
      vertex 84.5863 105.071 0.55102
      vertex 84.4383 105.141 0.55102
      vertex 85.3307 107.296 2.2
    endloop
  endfacet
  facet normal 0.237801 0.502778 -0.831062
    outer loop
      vertex 84.5863 105.071 0.55102
      vertex 84.3509 104.93 0.39836
      vertex 84.4383 105.141 0.55102
    endloop
  endfacet
  facet normal 0.255789 0.285303 -0.923674
    outer loop
      vertex 84.6465 104.447 0.26883
      vertex 84.3984 104.329 0.163677
      vertex 84.5595 104.525 0.26883
    endloop
  endfacet
  facet normal 0.228051 0.308076 -0.923624
    outer loop
      vertex 84.3984 104.329 0.163677
      vertex 84.3241 104.384 0.163677
      vertex 84.5595 104.525 0.26883
    endloop
  endfacet
  facet normal 0.287453 0.476857 -0.830649
    outer loop
      vertex 84.5997 104.797 0.39836
      vertex 84.4786 104.87 0.39836
      vertex 84.5863 105.071 0.55102
    endloop
  endfacet
  facet normal 0.243403 0.403782 -0.881882
    outer loop
      vertex 84.5997 104.797 0.39836
      vertex 84.3643 104.656 0.26883
      vertex 84.4786 104.87 0.39836
    endloop
  endfacet
  facet normal 0.44583 0.33216 -0.831207
    outer loop
      vertex 85.1869 104.527 0.55102
      vertex 84.9969 104.4 0.39836
      vertex 85.0893 104.658 0.55102
    endloop
  endfacet
  facet normal 0.476696 0.286018 -0.831237
    outer loop
      vertex 85.0695 104.279 0.39836
      vertex 84.9969 104.4 0.39836
      vertex 85.1869 104.527 0.55102
    endloop
  endfacet
  facet normal 0.550215 0.0817462 -0.831012
    outer loop
      vertex 85.2326 103.741 0.39836
      vertex 85.2118 103.881 0.39836
      vertex 85.4599 103.763 0.55102
    endloop
  endfacet
  facet normal 0.555525 0.0271853 -0.831055
    outer loop
      vertex 85.2395 103.6 0.39836
      vertex 85.2326 103.741 0.39836
      vertex 85.4599 103.763 0.55102
    endloop
  endfacet
  facet normal 0.378916 0.055704 -0.923753
    outer loop
      vertex 84.9914 103.717 0.26883
      vertex 84.7252 103.784 0.163677
      vertex 84.9742 103.834 0.26883
    endloop
  endfacet
  facet normal 0.46702 0.0686559 -0.881577
    outer loop
      vertex 84.9914 103.717 0.26883
      vertex 84.9742 103.834 0.26883
      vertex 85.2118 103.881 0.39836
    endloop
  endfacet
  facet normal 0.346527 0.16411 -0.923573
    outer loop
      vertex 84.906 104.058 0.26883
      vertex 84.6319 104.045 0.163677
      vertex 84.8558 104.164 0.26883
    endloop
  endfacet
  facet normal 0.426002 0.201748 -0.881941
    outer loop
      vertex 84.906 104.058 0.26883
      vertex 84.8558 104.164 0.26883
      vertex 85.0695 104.279 0.39836
    endloop
  endfacet
  facet normal -0.176901 0.0827953 -0.98074
    outer loop
      vertex 3.62043 103.757 0.0303061
      vertex 3.37144 103.86 0.083913
      vertex 3.39999 103.921 0.083913
    endloop
  endfacet
  facet normal -0.177102 0.0825201 -0.980727
    outer loop
      vertex 3.62043 103.757 0.0303061
      vertex 3.39999 103.921 0.083913
      vertex 3.63767 103.794 0.0303061
    endloop
  endfacet
  facet normal -0.0970958 0.0143702 -0.995171
    outer loop
      vertex 3.86525 103.627 0.00337334
      vertex 3.59113 103.64 0.0303061
      vertex 3.59705 103.68 0.0303061
    endloop
  endfacet
  facet normal -0.193173 0.0285897 -0.980748
    outer loop
      vertex 3.59113 103.64 0.0303061
      vertex 3.33273 103.733 0.083913
      vertex 3.59705 103.68 0.0303061
    endloop
  endfacet
  facet normal 0.28543 0.477076 -0.831221
    outer loop
      vertex 84.5997 104.797 0.39836
      vertex 84.5863 105.071 0.55102
      vertex 84.7267 104.987 0.55102
    endloop
  endfacet
  facet normal 0.296667 0.495857 -0.816158
    outer loop
      vertex 84.7267 104.987 0.55102
      vertex 84.5863 105.071 0.55102
      vertex 86.0223 106.926 2.2
    endloop
  endfacet
  facet normal 0.186961 0.52383 -0.831052
    outer loop
      vertex 84.3509 104.93 0.39836
      vertex 84.2842 105.196 0.55102
      vertex 84.4383 105.141 0.55102
    endloop
  endfacet
  facet normal 0.194207 0.544133 -0.816212
    outer loop
      vertex 84.4383 105.141 0.55102
      vertex 84.2842 105.196 0.55102
      vertex 85.3307 107.296 2.2
    endloop
  endfacet
  facet normal 0.280693 0.378535 -0.881999
    outer loop
      vertex 84.5595 104.525 0.26883
      vertex 84.4651 104.595 0.26883
      vertex 84.5997 104.797 0.39836
    endloop
  endfacet
  facet normal 0.228239 0.307797 -0.923671
    outer loop
      vertex 84.5595 104.525 0.26883
      vertex 84.3241 104.384 0.163677
      vertex 84.4651 104.595 0.26883
    endloop
  endfacet
  facet normal 0.412644 0.372559 -0.831219
    outer loop
      vertex 84.9127 104.513 0.39836
      vertex 84.8179 104.618 0.39836
      vertex 85.0893 104.658 0.55102
    endloop
  endfacet
  facet normal 0.284257 0.256243 -0.923871
    outer loop
      vertex 84.5292 104.198 0.163677
      vertex 84.467 104.267 0.163677
      vertex 84.6465 104.447 0.26883
    endloop
  endfacet
  facet normal 0.471319 0.0233645 -0.881653
    outer loop
      vertex 84.9972 103.6 0.26883
      vertex 84.9914 103.717 0.26883
      vertex 85.2395 103.6 0.39836
    endloop
  endfacet
  facet normal 0.382515 0.0189623 -0.923755
    outer loop
      vertex 84.9972 103.6 0.26883
      vertex 84.7387 103.692 0.163677
      vertex 84.9914 103.717 0.26883
    endloop
  endfacet
  facet normal 0.350474 0.316428 -0.881499
    outer loop
      vertex 84.9127 104.513 0.39836
      vertex 84.6465 104.447 0.26883
      vertex 84.8179 104.618 0.39836
    endloop
  endfacet
  facet normal 0.351064 0.314761 -0.881861
    outer loop
      vertex 84.7254 104.359 0.26883
      vertex 84.6465 104.447 0.26883
      vertex 84.9127 104.513 0.39836
    endloop
  endfacet
  facet normal 0.280234 0.378649 -0.882096
    outer loop
      vertex 84.7132 104.713 0.39836
      vertex 84.5595 104.525 0.26883
      vertex 84.5997 104.797 0.39836
    endloop
  endfacet
  facet normal 0.331306 0.447658 -0.830565
    outer loop
      vertex 84.7132 104.713 0.39836
      vertex 84.5997 104.797 0.39836
      vertex 84.8581 104.889 0.55102
    endloop
  endfacet
  facet normal 0 0 1
    outer loop
      vertex 80.2 102.5 3.2
      vertex 82.7 100 3.2
      vertex 82.688 100.245 3.2
    endloop
  endfacet
  facet normal 0 0 1
    outer loop
      vertex 82.7 100 3.2
      vertex 46.9 86.7 3.2
      vertex 82.7 65.4 3.2
    endloop
  endfacet
  facet normal 0 0 1
    outer loop
      vertex 80.2 102.5 3.2
      vertex 82.688 100.245 3.2
      vertex 82.652 100.488 3.2
    endloop
  endfacet
  facet normal -0 0 1
    outer loop
      vertex 46.9 78.7 3.2
      vertex 82.7 65.4 3.2
      vertex 46.9 86.7 3.2
    endloop
  endfacet
  facet normal 0 0 1
    outer loop
      vertex 80.2 102.5 3.2
      vertex 82.652 100.488 3.2
      vertex 82.5924 100.726 3.2
    endloop
  endfacet
  facet normal 0 -0 1
    outer loop
      vertex 80.2 62.9 3.2
      vertex 82.7 65.4 3.2
      vertex 46.9 78.7 3.2
    endloop
  endfacet
  facet normal 0 0 1
    outer loop
      vertex 80.2 102.5 3.2
      vertex 82.5924 100.726 3.2
      vertex 82.5097 100.957 3.2
    endloop
  endfacet
  facet normal 0 0 1
    outer loop
      vertex 82.7 65.4 3.2
      vertex 80.2 62.9 3.2
      vertex 82.688 65.155 3.2
    endloop
  endfacet
  facet normal 0 0 1
    outer loop
      vertex 80.2 102.5 3.2
      vertex 82.5097 100.957 3.2
      vertex 82.4048 101.178 3.2
    endloop
  endfacet
  facet normal 0 0 1
    outer loop
      vertex 82.7 100 3.2
      vertex 80.2 102.5 3.2
      vertex 46.9 86.7 3.2
    endloop
  endfacet
  facet normal 0 0 1
    outer loop
      vertex 80.2 102.5 3.2
      vertex 82.4048 101.178 3.2
      vertex 82.2787 101.389 3.2
    endloop
  endfacet
  facet normal 0 0 1
    outer loop
      vertex 82.688 65.155 3.2
      vertex 80.2 62.9 3.2
      vertex 82.652 64.9123 3.2
    endloop
  endfacet
  facet normal 0 0 1
    outer loop
      vertex 80.2 102.5 3.2
      vertex 82.2787 101.389 3.2
      vertex 82.1325 101.586 3.2
    endloop
  endfacet
  facet normal 0 0 1
    outer loop
      vertex 82.5097 64.4433 3.2
      vertex 80.2 62.9 3.2
      vertex 82.4048 64.2215 3.2
    endloop
  endfacet
  facet normal 0 0 1
    outer loop
      vertex 80.2 102.5 3.2
      vertex 82.1325 101.586 3.2
      vertex 81.9678 101.768 3.2
    endloop
  endfacet
  facet normal 0 0 1
    outer loop
      vertex 82.4048 64.2215 3.2
      vertex 80.2 62.9 3.2
      vertex 82.2787 64.0111 3.2
    endloop
  endfacet
  facet normal 0 0 1
    outer loop
      vertex 80.2 102.5 3.2
      vertex 81.9678 101.768 3.2
      vertex 81.786 101.933 3.2
    endloop
  endfacet
  facet normal 0 0 1
    outer loop
      vertex 82.2787 64.0111 3.2
      vertex 80.2 62.9 3.2
      vertex 82.1325 63.814 3.2
    endloop
  endfacet
  facet normal 0 0 1
    outer loop
      vertex 80.2 102.5 3.2
      vertex 81.786 101.933 3.2
      vertex 81.5889 102.079 3.2
    endloop
  endfacet
  facet normal 0 0 1
    outer loop
      vertex 82.1325 63.814 3.2
      vertex 80.2 62.9 3.2
      vertex 81.9678 63.6322 3.2
    endloop
  endfacet
  facet normal 0 0 1
    outer loop
      vertex 80.2 102.5 3.2
      vertex 81.5889 102.079 3.2
      vertex 81.3785 102.205 3.2
    endloop
  endfacet
  facet normal 0 0 1
    outer loop
      vertex 81.9678 63.6322 3.2
      vertex 80.2 62.9 3.2
      vertex 81.786 63.4675 3.2
    endloop
  endfacet
  facet normal 0 0 1
    outer loop
      vertex 80.2 102.5 3.2
      vertex 81.3785 102.205 3.2
      vertex 81.1567 102.31 3.2
    endloop
  endfacet
  facet normal 0 0 1
    outer loop
      vertex 81.786 63.4675 3.2
      vertex 80.2 62.9 3.2
      vertex 81.5889 63.3213 3.2
    endloop
  endfacet
  facet normal 0 0 1
    outer loop
      vertex 80.2 102.5 3.2
      vertex 81.1567 102.31 3.2
      vertex 80.9257 102.392 3.2
    endloop
  endfacet
  facet normal 0 0 1
    outer loop
      vertex 81.5889 63.3213 3.2
      vertex 80.2 62.9 3.2
      vertex 81.3785 63.1952 3.2
    endloop
  endfacet
  facet normal 0 0 1
    outer loop
      vertex 80.2 102.5 3.2
      vertex 80.9257 102.392 3.2
      vertex 80.6877 102.452 3.2
    endloop
  endfacet
  facet normal 0 0 1
    outer loop
      vertex 81.3785 63.1952 3.2
      vertex 80.2 62.9 3.2
      vertex 81.1567 63.0903 3.2
    endloop
  endfacet
  facet normal 0 0 1
    outer loop
      vertex 80.2 102.5 3.2
      vertex 80.6877 102.452 3.2
      vertex 80.445 102.488 3.2
    endloop
  endfacet
  facet normal 0 0 1
    outer loop
      vertex 81.1567 63.0903 3.2
      vertex 80.2 62.9 3.2
      vertex 80.9257 63.0076 3.2
    endloop
  endfacet
  facet normal 0 0 1
    outer loop
      vertex 80.9257 63.0076 3.2
      vertex 80.2 62.9 3.2
      vertex 80.6877 62.948 3.2
    endloop
  endfacet
  facet normal 0 0 1
    outer loop
      vertex 80.6877 62.948 3.2
      vertex 80.2 62.9 3.2
      vertex 80.445 62.912 3.2
    endloop
  endfacet
  facet normal 0 0 1
    outer loop
      vertex 82.652 64.9123 3.2
      vertex 80.2 62.9 3.2
      vertex 82.5924 64.6743 3.2
    endloop
  endfacet
  facet normal 0 0 1
    outer loop
      vertex 80.2 102.5 3.2
      vertex 46.888 86.945 3.2
      vertex 46.9 86.7 3.2
    endloop
  endfacet
  facet normal 0 0 1
    outer loop
      vertex 80.2 102.5 3.2
      vertex 46.852 87.1877 3.2
      vertex 46.888 86.945 3.2
    endloop
  endfacet
  facet normal 0 0 1
    outer loop
      vertex 80.2 102.5 3.2
      vertex 46.7924 87.4257 3.2
      vertex 46.852 87.1877 3.2
    endloop
  endfacet
  facet normal 0 0 1
    outer loop
      vertex 80.2 102.5 3.2
      vertex 46.7097 87.6567 3.2
      vertex 46.7924 87.4257 3.2
    endloop
  endfacet
  facet normal 0 0 1
    outer loop
      vertex 80.2 102.5 3.2
      vertex 46.6048 87.8785 3.2
      vertex 46.7097 87.6567 3.2
    endloop
  endfacet
  facet normal 0 0 1
    outer loop
      vertex 80.2 102.5 3.2
      vertex 46.4787 88.0889 3.2
      vertex 46.6048 87.8785 3.2
    endloop
  endfacet
  facet normal 0 0 1
    outer loop
      vertex 80.2 102.5 3.2
      vertex 46.3325 88.286 3.2
      vertex 46.4787 88.0889 3.2
    endloop
  endfacet
  facet normal 0 0 1
    outer loop
      vertex 80.2 102.5 3.2
      vertex 46.1678 88.4678 3.2
      vertex 46.3325 88.286 3.2
    endloop
  endfacet
  facet normal 0 0 1
    outer loop
      vertex 80.2 102.5 3.2
      vertex 45.986 88.6325 3.2
      vertex 46.1678 88.4678 3.2
    endloop
  endfacet
  facet normal 0 0 1
    outer loop
      vertex 80.2 102.5 3.2
      vertex 45.7889 88.7787 3.2
      vertex 45.986 88.6325 3.2
    endloop
  endfacet
  facet normal 0 0 1
    outer loop
      vertex 80.2 102.5 3.2
      vertex 45.5785 88.9048 3.2
      vertex 45.7889 88.7787 3.2
    endloop
  endfacet
  facet normal 0 0 1
    outer loop
      vertex 80.2 102.5 3.2
      vertex 45.3567 89.0097 3.2
      vertex 45.5785 88.9048 3.2
    endloop
  endfacet
  facet normal 0 0 1
    outer loop
      vertex 80.2 102.5 3.2
      vertex 45.1257 89.0924 3.2
      vertex 45.3567 89.0097 3.2
    endloop
  endfacet
  facet normal 0 0 1
    outer loop
      vertex 80.2 102.5 3.2
      vertex 44.8877 89.152 3.2
      vertex 45.1257 89.0924 3.2
    endloop
  endfacet
  facet normal 0 0 1
    outer loop
      vertex 80.2 102.5 3.2
      vertex 44.645 89.188 3.2
      vertex 44.8877 89.152 3.2
    endloop
  endfacet
  facet normal 0 0 1
    outer loop
      vertex 80.2 102.5 3.2
      vertex 44.4 89.2 3.2
      vertex 44.645 89.188 3.2
    endloop
  endfacet
  facet normal -0 0 1
    outer loop
      vertex 7.6 102.5 3.2
      vertex 44.4 89.2 3.2
      vertex 80.2 102.5 3.2
    endloop
  endfacet
  facet normal 0 0 1
    outer loop
      vertex 44.4 89.2 3.2
      vertex 7.6 102.5 3.2
      vertex 21.4 89.2 3.2
    endloop
  endfacet
  facet normal 0 0 1
    outer loop
      vertex 21.4 89.2 3.2
      vertex 7.6 102.5 3.2
      vertex 21.155 89.188 3.2
    endloop
  endfacet
  facet normal 0 0 1
    outer loop
      vertex 18.912 86.945 3.2
      vertex 5.1 100 3.2
      vertex 18.9 86.7 3.2
    endloop
  endfacet
  facet normal 0 0 1
    outer loop
      vertex 18.948 87.1877 3.2
      vertex 5.1 100 3.2
      vertex 18.912 86.945 3.2
    endloop
  endfacet
  facet normal 0 0 1
    outer loop
      vertex 19.0076 87.4257 3.2
      vertex 5.1 100 3.2
      vertex 18.948 87.1877 3.2
    endloop
  endfacet
  facet normal 0 0 1
    outer loop
      vertex 19.0903 87.6567 3.2
      vertex 5.1 100 3.2
      vertex 19.0076 87.4257 3.2
    endloop
  endfacet
  facet normal 0 0 1
    outer loop
      vertex 19.1952 87.8785 3.2
      vertex 5.1 100 3.2
      vertex 19.0903 87.6567 3.2
    endloop
  endfacet
  facet normal 0 0 1
    outer loop
      vertex 19.3213 88.0889 3.2
      vertex 5.1 100 3.2
      vertex 19.1952 87.8785 3.2
    endloop
  endfacet
  facet normal 0 0 1
    outer loop
      vertex 19.4675 88.286 3.2
      vertex 5.1 100 3.2
      vertex 19.3213 88.0889 3.2
    endloop
  endfacet
  facet normal 0 0 1
    outer loop
      vertex 19.6322 88.4678 3.2
      vertex 5.1 100 3.2
      vertex 19.4675 88.286 3.2
    endloop
  endfacet
  facet normal -0 0 1
    outer loop
      vertex 5.1 100 3.2
      vertex 19.6322 88.4678 3.2
      vertex 7.6 102.5 3.2
    endloop
  endfacet
  facet normal 0 0 1
    outer loop
      vertex 19.814 88.6325 3.2
      vertex 7.6 102.5 3.2
      vertex 19.6322 88.4678 3.2
    endloop
  endfacet
  facet normal 0 0 1
    outer loop
      vertex 20.0111 88.7787 3.2
      vertex 7.6 102.5 3.2
      vertex 19.814 88.6325 3.2
    endloop
  endfacet
  facet normal 0 0 1
    outer loop
      vertex 20.2215 88.9048 3.2
      vertex 7.6 102.5 3.2
      vertex 20.0111 88.7787 3.2
    endloop
  endfacet
  facet normal 0 0 1
    outer loop
      vertex 20.4433 89.0097 3.2
      vertex 7.6 102.5 3.2
      vertex 20.2215 88.9048 3.2
    endloop
  endfacet
  facet normal 0 0 1
    outer loop
      vertex 20.6743 89.0924 3.2
      vertex 7.6 102.5 3.2
      vertex 20.4433 89.0097 3.2
    endloop
  endfacet
  facet normal 0 0 1
    outer loop
      vertex 20.9123 89.152 3.2
      vertex 7.6 102.5 3.2
      vertex 20.6743 89.0924 3.2
    endloop
  endfacet
  facet normal 0 0 1
    outer loop
      vertex 21.155 89.188 3.2
      vertex 7.6 102.5 3.2
      vertex 20.9123 89.152 3.2
    endloop
  endfacet
  facet normal 0 0 1
    outer loop
      vertex 82.5924 64.6743 3.2
      vertex 80.2 62.9 3.2
      vertex 82.5097 64.4433 3.2
    endloop
  endfacet
  facet normal -0 0 1
    outer loop
      vertex 46.888 78.455 3.2
      vertex 80.2 62.9 3.2
      vertex 46.9 78.7 3.2
    endloop
  endfacet
  facet normal -0 0 1
    outer loop
      vertex 46.852 78.2123 3.2
      vertex 80.2 62.9 3.2
      vertex 46.888 78.455 3.2
    endloop
  endfacet
  facet normal -0 0 1
    outer loop
      vertex 46.7924 77.9743 3.2
      vertex 80.2 62.9 3.2
      vertex 46.852 78.2123 3.2
    endloop
  endfacet
  facet normal -0 0 1
    outer loop
      vertex 46.7097 77.7433 3.2
      vertex 80.2 62.9 3.2
      vertex 46.7924 77.9743 3.2
    endloop
  endfacet
  facet normal -0 0 1
    outer loop
      vertex 46.6048 77.5215 3.2
      vertex 80.2 62.9 3.2
      vertex 46.7097 77.7433 3.2
    endloop
  endfacet
  facet normal -0 0 1
    outer loop
      vertex 46.4787 77.3111 3.2
      vertex 80.2 62.9 3.2
      vertex 46.6048 77.5215 3.2
    endloop
  endfacet
  facet normal -0 0 1
    outer loop
      vertex 46.3325 77.114 3.2
      vertex 80.2 62.9 3.2
      vertex 46.4787 77.3111 3.2
    endloop
  endfacet
  facet normal -0 0 1
    outer loop
      vertex 46.1678 76.9322 3.2
      vertex 80.2 62.9 3.2
      vertex 46.3325 77.114 3.2
    endloop
  endfacet
  facet normal -0 0 1
    outer loop
      vertex 45.986 76.7675 3.2
      vertex 80.2 62.9 3.2
      vertex 46.1678 76.9322 3.2
    endloop
  endfacet
  facet normal -0 0 1
    outer loop
      vertex 45.7889 76.6213 3.2
      vertex 80.2 62.9 3.2
      vertex 45.986 76.7675 3.2
    endloop
  endfacet
  facet normal -0 0 1
    outer loop
      vertex 45.5785 76.4952 3.2
      vertex 80.2 62.9 3.2
      vertex 45.7889 76.6213 3.2
    endloop
  endfacet
  facet normal -0 0 1
    outer loop
      vertex 45.3567 76.3903 3.2
      vertex 80.2 62.9 3.2
      vertex 45.5785 76.4952 3.2
    endloop
  endfacet
  facet normal -0 0 1
    outer loop
      vertex 45.1257 76.3076 3.2
      vertex 80.2 62.9 3.2
      vertex 45.3567 76.3903 3.2
    endloop
  endfacet
  facet normal -0 0 1
    outer loop
      vertex 44.8877 76.248 3.2
      vertex 80.2 62.9 3.2
      vertex 45.1257 76.3076 3.2
    endloop
  endfacet
  facet normal -0 0 1
    outer loop
      vertex 44.645 76.212 3.2
      vertex 80.2 62.9 3.2
      vertex 44.8877 76.248 3.2
    endloop
  endfacet
  facet normal -0 0 1
    outer loop
      vertex 44.4 76.2 3.2
      vertex 80.2 62.9 3.2
      vertex 44.645 76.212 3.2
    endloop
  endfacet
  facet normal 0 0 1
    outer loop
      vertex 7.6 62.9 3.2
      vertex 44.4 76.2 3.2
      vertex 21.4 76.2 3.2
    endloop
  endfacet
  facet normal 0 0 1
    outer loop
      vertex 7.6 62.9 3.2
      vertex 21.4 76.2 3.2
      vertex 21.155 76.212 3.2
    endloop
  endfacet
  facet normal 0 0 1
    outer loop
      vertex 7.6 62.9 3.2
      vertex 21.155 76.212 3.2
      vertex 20.9123 76.248 3.2
    endloop
  endfacet
  facet normal 0 0 1
    outer loop
      vertex 18.9 86.7 3.2
      vertex 5.1 100 3.2
      vertex 18.9 78.7 3.2
    endloop
  endfacet
  facet normal 0 0 1
    outer loop
      vertex 5.1 65.4 3.2
      vertex 18.9 78.7 3.2
      vertex 5.1 100 3.2
    endloop
  endfacet
  facet normal 0 0 1
    outer loop
      vertex 18.9 78.7 3.2
      vertex 5.1 65.4 3.2
      vertex 18.912 78.455 3.2
    endloop
  endfacet
  facet normal 0 0 1
    outer loop
      vertex 18.912 78.455 3.2
      vertex 5.1 65.4 3.2
      vertex 18.948 78.2123 3.2
    endloop
  endfacet
  facet normal 0 0 1
    outer loop
      vertex 44.4 76.2 3.2
      vertex 7.6 62.9 3.2
      vertex 80.2 62.9 3.2
    endloop
  endfacet
  facet normal 0 0 1
    outer loop
      vertex 20.6743 76.3076 3.2
      vertex 7.6 62.9 3.2
      vertex 20.9123 76.248 3.2
    endloop
  endfacet
  facet normal 0 0 1
    outer loop
      vertex 20.4433 76.3903 3.2
      vertex 7.6 62.9 3.2
      vertex 20.6743 76.3076 3.2
    endloop
  endfacet
  facet normal 0 0 1
    outer loop
      vertex 20.2215 76.4952 3.2
      vertex 7.6 62.9 3.2
      vertex 20.4433 76.3903 3.2
    endloop
  endfacet
  facet normal 0 0 1
    outer loop
      vertex 20.0111 76.6213 3.2
      vertex 7.6 62.9 3.2
      vertex 20.2215 76.4952 3.2
    endloop
  endfacet
  facet normal 0 0 1
    outer loop
      vertex 19.814 76.7675 3.2
      vertex 7.6 62.9 3.2
      vertex 20.0111 76.6213 3.2
    endloop
  endfacet
  facet normal 0 0 1
    outer loop
      vertex 19.6322 76.9322 3.2
      vertex 7.6 62.9 3.2
      vertex 19.814 76.7675 3.2
    endloop
  endfacet
  facet normal 0 0 1
    outer loop
      vertex 5.1 65.4 3.2
      vertex 19.6322 76.9322 3.2
      vertex 19.4675 77.114 3.2
    endloop
  endfacet
  facet normal 0 0 1
    outer loop
      vertex 5.1 65.4 3.2
      vertex 19.4675 77.114 3.2
      vertex 19.3213 77.3111 3.2
    endloop
  endfacet
  facet normal 0 0 1
    outer loop
      vertex 5.1 65.4 3.2
      vertex 19.3213 77.3111 3.2
      vertex 19.1952 77.5215 3.2
    endloop
  endfacet
  facet normal 0 0 1
    outer loop
      vertex 5.1 65.4 3.2
      vertex 19.1952 77.5215 3.2
      vertex 19.0903 77.7433 3.2
    endloop
  endfacet
  facet normal 0 0 1
    outer loop
      vertex 18.948 78.2123 3.2
      vertex 5.1 65.4 3.2
      vertex 19.0076 77.9743 3.2
    endloop
  endfacet
  facet normal 0 0 1
    outer loop
      vertex 5.1 100 3.2
      vertex 7.6 102.5 3.2
      vertex 7.35496 102.488 3.2
    endloop
  endfacet
  facet normal 0 0 1
    outer loop
      vertex 19.0076 77.9743 3.2
      vertex 5.1 65.4 3.2
      vertex 19.0903 77.7433 3.2
    endloop
  endfacet
  facet normal 0 0 1
    outer loop
      vertex 5.1 100 3.2
      vertex 7.35496 102.488 3.2
      vertex 7.11227 102.452 3.2
    endloop
  endfacet
  facet normal 0 0 1
    outer loop
      vertex 19.6322 76.9322 3.2
      vertex 5.1 65.4 3.2
      vertex 7.6 62.9 3.2
    endloop
  endfacet
  facet normal 0 0 1
    outer loop
      vertex 5.1 100 3.2
      vertex 7.11227 102.452 3.2
      vertex 6.87429 102.392 3.2
    endloop
  endfacet
  facet normal 0 0 1
    outer loop
      vertex 7.6 62.9 3.2
      vertex 5.1 65.4 3.2
      vertex 7.35496 62.912 3.2
    endloop
  endfacet
  facet normal 0 0 1
    outer loop
      vertex 5.1 100 3.2
      vertex 6.87429 102.392 3.2
      vertex 6.64329 102.31 3.2
    endloop
  endfacet
  facet normal 0 0 1
    outer loop
      vertex 7.35496 62.912 3.2
      vertex 5.1 65.4 3.2
      vertex 7.11227 62.948 3.2
    endloop
  endfacet
  facet normal 0 0 1
    outer loop
      vertex 5.1 100 3.2
      vertex 6.64329 102.31 3.2
      vertex 6.42151 102.205 3.2
    endloop
  endfacet
  facet normal 0 0 1
    outer loop
      vertex 7.11227 62.948 3.2
      vertex 5.1 65.4 3.2
      vertex 6.87429 63.0076 3.2
    endloop
  endfacet
  facet normal 0 0 1
    outer loop
      vertex 5.1 100 3.2
      vertex 6.42151 102.205 3.2
      vertex 6.21107 102.079 3.2
    endloop
  endfacet
  facet normal 0 0 1
    outer loop
      vertex 6.87429 63.0076 3.2
      vertex 5.1 65.4 3.2
      vertex 6.64329 63.0903 3.2
    endloop
  endfacet
  facet normal 0 0 1
    outer loop
      vertex 5.1 100 3.2
      vertex 6.21107 102.079 3.2
      vertex 6.01402 101.933 3.2
    endloop
  endfacet
  facet normal 0 0 1
    outer loop
      vertex 6.64329 63.0903 3.2
      vertex 5.1 65.4 3.2
      vertex 6.42151 63.1952 3.2
    endloop
  endfacet
  facet normal 0 0 1
    outer loop
      vertex 5.1 100 3.2
      vertex 6.01402 101.933 3.2
      vertex 5.83223 101.768 3.2
    endloop
  endfacet
  facet normal 0 0 1
    outer loop
      vertex 6.42151 63.1952 3.2
      vertex 5.1 65.4 3.2
      vertex 6.21107 63.3213 3.2
    endloop
  endfacet
  facet normal 0 0 1
    outer loop
      vertex 5.1 100 3.2
      vertex 5.83223 101.768 3.2
      vertex 5.66747 101.586 3.2
    endloop
  endfacet
  facet normal 0 0 1
    outer loop
      vertex 6.21107 63.3213 3.2
      vertex 5.1 65.4 3.2
      vertex 6.01402 63.4675 3.2
    endloop
  endfacet
  facet normal 0 0 1
    outer loop
      vertex 5.1 100 3.2
      vertex 5.66747 101.586 3.2
      vertex 5.52133 101.389 3.2
    endloop
  endfacet
  facet normal 0 0 1
    outer loop
      vertex 6.01402 63.4675 3.2
      vertex 5.1 65.4 3.2
      vertex 5.83223 63.6322 3.2
    endloop
  endfacet
  facet normal 0 0 1
    outer loop
      vertex 5.1 100 3.2
      vertex 5.52133 101.389 3.2
      vertex 5.3952 101.178 3.2
    endloop
  endfacet
  facet normal 0 0 1
    outer loop
      vertex 5.83223 63.6322 3.2
      vertex 5.1 65.4 3.2
      vertex 5.66747 63.814 3.2
    endloop
  endfacet
  facet normal 0 0 1
    outer loop
      vertex 5.1 100 3.2
      vertex 5.3952 101.178 3.2
      vertex 5.2903 100.957 3.2
    endloop
  endfacet
  facet normal 0 0 1
    outer loop
      vertex 5.66747 63.814 3.2
      vertex 5.1 65.4 3.2
      vertex 5.52133 64.0111 3.2
    endloop
  endfacet
  facet normal 0 0 1
    outer loop
      vertex 5.1 100 3.2
      vertex 5.2903 100.957 3.2
      vertex 5.20765 100.726 3.2
    endloop
  endfacet
  facet normal 0 0 1
    outer loop
      vertex 5.52133 64.0111 3.2
      vertex 5.1 65.4 3.2
      vertex 5.3952 64.2215 3.2
    endloop
  endfacet
  facet normal 0 0 1
    outer loop
      vertex 5.1 100 3.2
      vertex 5.20765 100.726 3.2
      vertex 5.14804 100.488 3.2
    endloop
  endfacet
  facet normal 0 0 1
    outer loop
      vertex 5.3952 64.2215 3.2
      vertex 5.1 65.4 3.2
      vertex 5.2903 64.4433 3.2
    endloop
  endfacet
  facet normal 0 0 1
    outer loop
      vertex 5.1 100 3.2
      vertex 5.14804 100.488 3.2
      vertex 5.11204 100.245 3.2
    endloop
  endfacet
  facet normal 0 0 1
    outer loop
      vertex 5.2903 64.4433 3.2
      vertex 5.1 65.4 3.2
      vertex 5.20765 64.6743 3.2
    endloop
  endfacet
  facet normal 0 0 1
    outer loop
      vertex 5.20765 64.6743 3.2
      vertex 5.1 65.4 3.2
      vertex 5.14804 64.9123 3.2
    endloop
  endfacet
  facet normal 0 0 1
    outer loop
      vertex 5.14804 64.9123 3.2
      vertex 5.1 65.4 3.2
      vertex 5.11204 65.155 3.2
    endloop
  endfacet
  facet normal 0 0 1
    outer loop
      vertex 84.9923 103.126 3.2
      vertex 87.8 103.6 3.2
      vertex 87.7807 103.992 3.2
    endloop
  endfacet
  facet normal 0 0 1
    outer loop
      vertex 87.8 103.6 3.2
      vertex 85.1 102.4 3.2
      vertex 87.8 61.8 3.2
    endloop
  endfacet
  facet normal 0 0 1
    outer loop
      vertex 84.9097 103.357 3.2
      vertex 87.7807 103.992 3.2
      vertex 87.7231 104.38 3.2
    endloop
  endfacet
  facet normal -0 0 1
    outer loop
      vertex 85.1 63 3.2
      vertex 87.8 61.8 3.2
      vertex 85.1 102.4 3.2
    endloop
  endfacet
  facet normal 0 0 1
    outer loop
      vertex 84.8048 103.578 3.2
      vertex 87.7231 104.38 3.2
      vertex 87.6278 104.761 3.2
    endloop
  endfacet
  facet normal -0 0 1
    outer loop
      vertex 85.088 62.755 3.2
      vertex 87.8 61.8 3.2
      vertex 85.1 63 3.2
    endloop
  endfacet
  facet normal 0 0 1
    outer loop
      vertex 84.8048 103.578 3.2
      vertex 87.6278 104.761 3.2
      vertex 87.4955 105.131 3.2
    endloop
  endfacet
  facet normal -0 0 1
    outer loop
      vertex 85.052 62.5123 3.2
      vertex 87.8 61.8 3.2
      vertex 85.088 62.755 3.2
    endloop
  endfacet
  facet normal 0 0 1
    outer loop
      vertex 84.6787 103.789 3.2
      vertex 87.4955 105.131 3.2
      vertex 87.3277 105.486 3.2
    endloop
  endfacet
  facet normal -0 0 1
    outer loop
      vertex 84.9923 62.2743 3.2
      vertex 87.8 61.8 3.2
      vertex 85.052 62.5123 3.2
    endloop
  endfacet
  facet normal 0 0 1
    outer loop
      vertex 84.6787 103.789 3.2
      vertex 87.3277 105.486 3.2
      vertex 87.1259 105.822 3.2
    endloop
  endfacet
  facet normal 0 0 1
    outer loop
      vertex 87.8 61.8 3.2
      vertex 84.9923 62.2743 3.2
      vertex 87.7807 61.4079 3.2
    endloop
  endfacet
  facet normal 0 0 1
    outer loop
      vertex 84.5325 103.986 3.2
      vertex 87.1259 105.822 3.2
      vertex 86.892 106.138 3.2
    endloop
  endfacet
  facet normal -0 0 1
    outer loop
      vertex 84.9097 62.0433 3.2
      vertex 87.7807 61.4079 3.2
      vertex 84.9923 62.2743 3.2
    endloop
  endfacet
  facet normal 0 0 1
    outer loop
      vertex 84.3678 104.168 3.2
      vertex 86.892 106.138 3.2
      vertex 86.6284 106.428 3.2
    endloop
  endfacet
  facet normal 0 0 1
    outer loop
      vertex 87.7807 61.4079 3.2
      vertex 84.9097 62.0433 3.2
      vertex 87.7231 61.0196 3.2
    endloop
  endfacet
  facet normal 0 0 1
    outer loop
      vertex 84.3678 104.168 3.2
      vertex 86.6284 106.428 3.2
      vertex 86.3376 106.692 3.2
    endloop
  endfacet
  facet normal -0 0 1
    outer loop
      vertex 84.8048 61.8215 3.2
      vertex 87.7231 61.0196 3.2
      vertex 84.9097 62.0433 3.2
    endloop
  endfacet
  facet normal 0 0 1
    outer loop
      vertex 84.186 104.333 3.2
      vertex 86.3376 106.692 3.2
      vertex 86.0223 106.926 3.2
    endloop
  endfacet
  facet normal 0 0 1
    outer loop
      vertex 87.7231 61.0196 3.2
      vertex 84.8048 61.8215 3.2
      vertex 87.6278 60.6389 3.2
    endloop
  endfacet
  facet normal 0 0 1
    outer loop
      vertex 84.186 104.333 3.2
      vertex 86.0223 106.926 3.2
      vertex 85.6856 107.128 3.2
    endloop
  endfacet
  facet normal 0 0 1
    outer loop
      vertex 87.6278 60.6389 3.2
      vertex 84.8048 61.8215 3.2
      vertex 87.4955 60.2693 3.2
    endloop
  endfacet
  facet normal 0 0 1
    outer loop
      vertex 83.9889 104.479 3.2
      vertex 85.6856 107.128 3.2
      vertex 85.3307 107.296 3.2
    endloop
  endfacet
  facet normal -0 0 1
    outer loop
      vertex 84.6787 61.6111 3.2
      vertex 87.4955 60.2693 3.2
      vertex 84.8048 61.8215 3.2
    endloop
  endfacet
  facet normal 0 0 1
    outer loop
      vertex 87.4955 60.2693 3.2
      vertex 84.6787 61.6111 3.2
      vertex 87.3277 59.9144 3.2
    endloop
  endfacet
  facet normal 0 0 1
    outer loop
      vertex 87.8 103.6 3.2
      vertex 85.088 102.645 3.2
      vertex 85.1 102.4 3.2
    endloop
  endfacet
  facet normal 0 0 1
    outer loop
      vertex 87.8 103.6 3.2
      vertex 85.052 102.888 3.2
      vertex 85.088 102.645 3.2
    endloop
  endfacet
  facet normal 0 0 1
    outer loop
      vertex 87.8 103.6 3.2
      vertex 84.9923 103.126 3.2
      vertex 85.052 102.888 3.2
    endloop
  endfacet
  facet normal 0 0 1
    outer loop
      vertex 83.7785 104.605 3.2
      vertex 85.3307 107.296 3.2
      vertex 84.9611 107.428 3.2
    endloop
  endfacet
  facet normal 0 0 1
    outer loop
      vertex 87.7807 103.992 3.2
      vertex 84.9097 103.357 3.2
      vertex 84.9923 103.126 3.2
    endloop
  endfacet
  facet normal 0 0 1
    outer loop
      vertex 87.7231 104.38 3.2
      vertex 84.8048 103.578 3.2
      vertex 84.9097 103.357 3.2
    endloop
  endfacet
  facet normal 0 0 1
    outer loop
      vertex 87.4955 105.131 3.2
      vertex 84.6787 103.789 3.2
      vertex 84.8048 103.578 3.2
    endloop
  endfacet
  facet normal 0 0 1
    outer loop
      vertex 83.7785 104.605 3.2
      vertex 84.9611 107.428 3.2
      vertex 84.5804 107.523 3.2
    endloop
  endfacet
  facet normal 0 0 1
    outer loop
      vertex 87.1259 105.822 3.2
      vertex 84.5325 103.986 3.2
      vertex 84.6787 103.789 3.2
    endloop
  endfacet
  facet normal 0 0 1
    outer loop
      vertex 86.892 106.138 3.2
      vertex 84.3678 104.168 3.2
      vertex 84.5325 103.986 3.2
    endloop
  endfacet
  facet normal 0 0 1
    outer loop
      vertex 83.5567 104.71 3.2
      vertex 84.5804 107.523 3.2
      vertex 84.1921 107.581 3.2
    endloop
  endfacet
  facet normal 0 0 1
    outer loop
      vertex 86.3376 106.692 3.2
      vertex 84.186 104.333 3.2
      vertex 84.3678 104.168 3.2
    endloop
  endfacet
  facet normal 0 0 1
    outer loop
      vertex 85.6856 107.128 3.2
      vertex 83.9889 104.479 3.2
      vertex 84.186 104.333 3.2
    endloop
  endfacet
  facet normal 0 0 1
    outer loop
      vertex 83.5567 104.71 3.2
      vertex 84.1921 107.581 3.2
      vertex 83.8 107.6 3.2
    endloop
  endfacet
  facet normal 0 0 1
    outer loop
      vertex 85.3307 107.296 3.2
      vertex 83.7785 104.605 3.2
      vertex 83.9889 104.479 3.2
    endloop
  endfacet
  facet normal 0 0 1
    outer loop
      vertex 84.5804 107.523 3.2
      vertex 83.5567 104.71 3.2
      vertex 83.7785 104.605 3.2
    endloop
  endfacet
  facet normal 0 0 1
    outer loop
      vertex 83.8 107.6 3.2
      vertex 83.3257 104.792 3.2
      vertex 83.5567 104.71 3.2
    endloop
  endfacet
  facet normal 0 0 1
    outer loop
      vertex 83.8 107.6 3.2
      vertex 83.0877 104.852 3.2
      vertex 83.3257 104.792 3.2
    endloop
  endfacet
  facet normal 0 0 1
    outer loop
      vertex 83.8 107.6 3.2
      vertex 82.845 104.888 3.2
      vertex 83.0877 104.852 3.2
    endloop
  endfacet
  facet normal 0 0 1
    outer loop
      vertex 83.8 107.6 3.2
      vertex 82.6 104.9 3.2
      vertex 82.845 104.888 3.2
    endloop
  endfacet
  facet normal 0 0 1
    outer loop
      vertex 83.8 107.6 3.2
      vertex 5.2 104.9 3.2
      vertex 82.6 104.9 3.2
    endloop
  endfacet
  facet normal -0 0 1
    outer loop
      vertex 4 107.6 3.2
      vertex 5.2 104.9 3.2
      vertex 83.8 107.6 3.2
    endloop
  endfacet
  facet normal 0 0 1
    outer loop
      vertex 4 107.6 3.2
      vertex 4.95496 104.888 3.2
      vertex 5.2 104.9 3.2
    endloop
  endfacet
  facet normal 0 0 1
    outer loop
      vertex 4 107.6 3.2
      vertex 4.71227 104.852 3.2
      vertex 4.95496 104.888 3.2
    endloop
  endfacet
  facet normal 0 0 1
    outer loop
      vertex 4 107.6 3.2
      vertex 4.47429 104.792 3.2
      vertex 4.71227 104.852 3.2
    endloop
  endfacet
  facet normal 0 0 1
    outer loop
      vertex 4 107.6 3.2
      vertex 4.24329 104.71 3.2
      vertex 4.47429 104.792 3.2
    endloop
  endfacet
  facet normal -0 0 1
    outer loop
      vertex 3.60793 107.581 3.2
      vertex 4.24329 104.71 3.2
      vertex 4 107.6 3.2
    endloop
  endfacet
  facet normal -0 0 1
    outer loop
      vertex 3.21964 107.523 3.2
      vertex 4.24329 104.71 3.2
      vertex 3.60793 107.581 3.2
    endloop
  endfacet
  facet normal 0 0 1
    outer loop
      vertex 4.24329 104.71 3.2
      vertex 3.21964 107.523 3.2
      vertex 4.02151 104.605 3.2
    endloop
  endfacet
  facet normal -0 0 1
    outer loop
      vertex 2.83886 107.428 3.2
      vertex 4.02151 104.605 3.2
      vertex 3.21964 107.523 3.2
    endloop
  endfacet
  facet normal -0 0 1
    outer loop
      vertex 2.46927 107.296 3.2
      vertex 4.02151 104.605 3.2
      vertex 2.83886 107.428 3.2
    endloop
  endfacet
  facet normal 0 0 1
    outer loop
      vertex 4.02151 104.605 3.2
      vertex 2.46927 107.296 3.2
      vertex 3.81107 104.479 3.2
    endloop
  endfacet
  facet normal -0 0 1
    outer loop
      vertex 2.11441 107.128 3.2
      vertex 3.81107 104.479 3.2
      vertex 2.46927 107.296 3.2
    endloop
  endfacet
  facet normal 0 0 1
    outer loop
      vertex 3.81107 104.479 3.2
      vertex 2.11441 107.128 3.2
      vertex 3.61402 104.333 3.2
    endloop
  endfacet
  facet normal -0 0 1
    outer loop
      vertex 1.77772 106.926 3.2
      vertex 3.61402 104.333 3.2
      vertex 2.11441 107.128 3.2
    endloop
  endfacet
  facet normal -0 0 1
    outer loop
      vertex 1.46243 106.692 3.2
      vertex 3.61402 104.333 3.2
      vertex 1.77772 106.926 3.2
    endloop
  endfacet
  facet normal 0 0 1
    outer loop
      vertex 3.61402 104.333 3.2
      vertex 1.46243 106.692 3.2
      vertex 3.43223 104.168 3.2
    endloop
  endfacet
  facet normal -0 0 1
    outer loop
      vertex 1.17157 106.428 3.2
      vertex 3.43223 104.168 3.2
      vertex 1.46243 106.692 3.2
    endloop
  endfacet
  facet normal -0 0 1
    outer loop
      vertex 0.907958 106.138 3.2
      vertex 3.43223 104.168 3.2
      vertex 1.17157 106.428 3.2
    endloop
  endfacet
  facet normal 0 0 1
    outer loop
      vertex 3.43223 104.168 3.2
      vertex 0.907958 106.138 3.2
      vertex 3.26747 103.986 3.2
    endloop
  endfacet
  facet normal -0 0 1
    outer loop
      vertex 0.674121 105.822 3.2
      vertex 3.26747 103.986 3.2
      vertex 0.907958 106.138 3.2
    endloop
  endfacet
  facet normal -0 0 1
    outer loop
      vertex 0.472315 105.486 3.2
      vertex 3.12133 103.789 3.2
      vertex 0.674121 105.822 3.2
    endloop
  endfacet
  facet normal 0 0 1
    outer loop
      vertex 3.26747 103.986 3.2
      vertex 0.674121 105.822 3.2
      vertex 3.12133 103.789 3.2
    endloop
  endfacet
  facet normal 0 0 1
    outer loop
      vertex 87.3277 59.9144 3.2
      vertex 84.6787 61.6111 3.2
      vertex 87.1259 59.5777 3.2
    endloop
  endfacet
  facet normal -0 0 1
    outer loop
      vertex 84.5325 61.414 3.2
      vertex 87.1259 59.5777 3.2
      vertex 84.6787 61.6111 3.2
    endloop
  endfacet
  facet normal 0 0 1
    outer loop
      vertex 87.1259 59.5777 3.2
      vertex 84.5325 61.414 3.2
      vertex 86.892 59.2624 3.2
    endloop
  endfacet
  facet normal -0 0 1
    outer loop
      vertex 84.3678 61.2322 3.2
      vertex 86.892 59.2624 3.2
      vertex 84.5325 61.414 3.2
    endloop
  endfacet
  facet normal 0 0 1
    outer loop
      vertex 86.892 59.2624 3.2
      vertex 84.3678 61.2322 3.2
      vertex 86.6284 58.9716 3.2
    endloop
  endfacet
  facet normal 0 0 1
    outer loop
      vertex 86.6284 58.9716 3.2
      vertex 84.3678 61.2322 3.2
      vertex 86.3376 58.708 3.2
    endloop
  endfacet
  facet normal -0 0 1
    outer loop
      vertex 84.186 61.0675 3.2
      vertex 86.3376 58.708 3.2
      vertex 84.3678 61.2322 3.2
    endloop
  endfacet
  facet normal 0 0 1
    outer loop
      vertex 86.3376 58.708 3.2
      vertex 84.186 61.0675 3.2
      vertex 86.0223 58.4741 3.2
    endloop
  endfacet
  facet normal 0 0 1
    outer loop
      vertex 86.0223 58.4741 3.2
      vertex 84.186 61.0675 3.2
      vertex 85.6856 58.2723 3.2
    endloop
  endfacet
  facet normal -0 0 1
    outer loop
      vertex 83.9889 60.9213 3.2
      vertex 85.6856 58.2723 3.2
      vertex 84.186 61.0675 3.2
    endloop
  endfacet
  facet normal 0 0 1
    outer loop
      vertex 85.6856 58.2723 3.2
      vertex 83.9889 60.9213 3.2
      vertex 85.3307 58.1045 3.2
    endloop
  endfacet
  facet normal -0 0 1
    outer loop
      vertex 83.7785 60.7952 3.2
      vertex 85.3307 58.1045 3.2
      vertex 83.9889 60.9213 3.2
    endloop
  endfacet
  facet normal 0 0 1
    outer loop
      vertex 85.3307 58.1045 3.2
      vertex 83.7785 60.7952 3.2
      vertex 84.9611 57.9722 3.2
    endloop
  endfacet
  facet normal 0 0 1
    outer loop
      vertex 84.9611 57.9722 3.2
      vertex 83.7785 60.7952 3.2
      vertex 84.5804 57.8769 3.2
    endloop
  endfacet
  facet normal -0 0 1
    outer loop
      vertex 83.5567 60.6903 3.2
      vertex 84.5804 57.8769 3.2
      vertex 83.7785 60.7952 3.2
    endloop
  endfacet
  facet normal 0 0 1
    outer loop
      vertex 84.5804 57.8769 3.2
      vertex 83.5567 60.6903 3.2
      vertex 84.1921 57.8193 3.2
    endloop
  endfacet
  facet normal 0 0 1
    outer loop
      vertex 84.1921 57.8193 3.2
      vertex 83.5567 60.6903 3.2
      vertex 83.8 57.8 3.2
    endloop
  endfacet
  facet normal -0 0 1
    outer loop
      vertex 83.3257 60.6077 3.2
      vertex 83.8 57.8 3.2
      vertex 83.5567 60.6903 3.2
    endloop
  endfacet
  facet normal -0 0 1
    outer loop
      vertex 83.0877 60.548 3.2
      vertex 83.8 57.8 3.2
      vertex 83.3257 60.6077 3.2
    endloop
  endfacet
  facet normal -0 0 1
    outer loop
      vertex 82.845 60.512 3.2
      vertex 83.8 57.8 3.2
      vertex 83.0877 60.548 3.2
    endloop
  endfacet
  facet normal -0 0 1
    outer loop
      vertex 82.6 60.5 3.2
      vertex 83.8 57.8 3.2
      vertex 82.845 60.512 3.2
    endloop
  endfacet
  facet normal -0 0 1
    outer loop
      vertex 5.2 60.5 3.2
      vertex 83.8 57.8 3.2
      vertex 82.6 60.5 3.2
    endloop
  endfacet
  facet normal 0 0 1
    outer loop
      vertex 5.2 60.5 3.2
      vertex 4 57.8 3.2
      vertex 83.8 57.8 3.2
    endloop
  endfacet
  facet normal 0 0 1
    outer loop
      vertex 4.95496 60.512 3.2
      vertex 4 57.8 3.2
      vertex 5.2 60.5 3.2
    endloop
  endfacet
  facet normal 0 0 1
    outer loop
      vertex 4.71227 60.548 3.2
      vertex 4 57.8 3.2
      vertex 4.95496 60.512 3.2
    endloop
  endfacet
  facet normal 0 0 1
    outer loop
      vertex 4.47429 60.6077 3.2
      vertex 4 57.8 3.2
      vertex 4.71227 60.548 3.2
    endloop
  endfacet
  facet normal 0 0 1
    outer loop
      vertex 4.24329 60.6903 3.2
      vertex 4 57.8 3.2
      vertex 4.47429 60.6077 3.2
    endloop
  endfacet
  facet normal 0 0 1
    outer loop
      vertex 3.21964 57.8769 3.2
      vertex 4.24329 60.6903 3.2
      vertex 4.02151 60.7952 3.2
    endloop
  endfacet
  facet normal 0 0 1
    outer loop
      vertex 2.46927 58.1045 3.2
      vertex 4.02151 60.7952 3.2
      vertex 3.81107 60.9213 3.2
    endloop
  endfacet
  facet normal 0 0 1
    outer loop
      vertex 2.11441 58.2723 3.2
      vertex 3.81107 60.9213 3.2
      vertex 3.61402 61.0675 3.2
    endloop
  endfacet
  facet normal 0 0 1
    outer loop
      vertex 4.24329 60.6903 3.2
      vertex 3.60793 57.8193 3.2
      vertex 4 57.8 3.2
    endloop
  endfacet
  facet normal 0 0 1
    outer loop
      vertex 1.46243 58.708 3.2
      vertex 3.61402 61.0675 3.2
      vertex 3.43223 61.2322 3.2
    endloop
  endfacet
  facet normal 0 0 1
    outer loop
      vertex 0.907958 59.2624 3.2
      vertex 3.43223 61.2322 3.2
      vertex 3.26747 61.414 3.2
    endloop
  endfacet
  facet normal 0 0 1
    outer loop
      vertex 4.24329 60.6903 3.2
      vertex 3.21964 57.8769 3.2
      vertex 3.60793 57.8193 3.2
    endloop
  endfacet
  facet normal 0 0 1
    outer loop
      vertex 0.674121 59.5777 3.2
      vertex 3.26747 61.414 3.2
      vertex 3.12133 61.6111 3.2
    endloop
  endfacet
  facet normal 0 0 1
    outer loop
      vertex 0.304482 60.2693 3.2
      vertex 3.12133 61.6111 3.2
      vertex 2.9952 61.8215 3.2
    endloop
  endfacet
  facet normal 0 0 1
    outer loop
      vertex 0.0768585 61.0196 3.2
      vertex 2.9952 61.8215 3.2
      vertex 2.8903 62.0433 3.2
    endloop
  endfacet
  facet normal 0 0 1
    outer loop
      vertex 4.02151 60.7952 3.2
      vertex 2.83886 57.9722 3.2
      vertex 3.21964 57.8769 3.2
    endloop
  endfacet
  facet normal 0 0 1
    outer loop
      vertex 0.0192604 61.4079 3.2
      vertex 2.8903 62.0433 3.2
      vertex 2.80765 62.2743 3.2
    endloop
  endfacet
  facet normal 0 0 1
    outer loop
      vertex 0 61.8 3.2
      vertex 2.80765 62.2743 3.2
      vertex 2.74804 62.5123 3.2
    endloop
  endfacet
  facet normal 0 0 1
    outer loop
      vertex 0 61.8 3.2
      vertex 2.74804 62.5123 3.2
      vertex 2.71204 62.755 3.2
    endloop
  endfacet
  facet normal 0 0 1
    outer loop
      vertex 0 61.8 3.2
      vertex 2.71204 62.755 3.2
      vertex 2.7 63 3.2
    endloop
  endfacet
  facet normal 0 0 1
    outer loop
      vertex 4.02151 60.7952 3.2
      vertex 2.46927 58.1045 3.2
      vertex 2.83886 57.9722 3.2
    endloop
  endfacet
  facet normal 0 0 1
    outer loop
      vertex 2.7 102.4 3.2
      vertex 0 103.6 3.2
      vertex 2.7 63 3.2
    endloop
  endfacet
  facet normal -0 0 1
    outer loop
      vertex 0.304482 105.131 3.2
      vertex 3.12133 103.789 3.2
      vertex 0.472315 105.486 3.2
    endloop
  endfacet
  facet normal 0 0 1
    outer loop
      vertex 0 61.8 3.2
      vertex 2.7 63 3.2
      vertex 0 103.6 3.2
    endloop
  endfacet
  facet normal 0 0 1
    outer loop
      vertex 3.12133 103.789 3.2
      vertex 0.304482 105.131 3.2
      vertex 2.9952 103.578 3.2
    endloop
  endfacet
  facet normal 0 0 1
    outer loop
      vertex 2.80765 62.2743 3.2
      vertex 0 61.8 3.2
      vertex 0.0192604 61.4079 3.2
    endloop
  endfacet
  facet normal -0 0 1
    outer loop
      vertex 0.172238 104.761 3.2
      vertex 2.9952 103.578 3.2
      vertex 0.304482 105.131 3.2
    endloop
  endfacet
  facet normal 0 0 1
    outer loop
      vertex 3.81107 60.9213 3.2
      vertex 2.11441 58.2723 3.2
      vertex 2.46927 58.1045 3.2
    endloop
  endfacet
  facet normal -0 0 1
    outer loop
      vertex 0.0768585 104.38 3.2
      vertex 2.9952 103.578 3.2
      vertex 0.172238 104.761 3.2
    endloop
  endfacet
  facet normal 0 0 1
    outer loop
      vertex 3.61402 61.0675 3.2
      vertex 1.77772 58.4741 3.2
      vertex 2.11441 58.2723 3.2
    endloop
  endfacet
  facet normal 0 0 1
    outer loop
      vertex 2.9952 103.578 3.2
      vertex 0.0768585 104.38 3.2
      vertex 2.8903 103.357 3.2
    endloop
  endfacet
  facet normal 0 0 1
    outer loop
      vertex 3.61402 61.0675 3.2
      vertex 1.46243 58.708 3.2
      vertex 1.77772 58.4741 3.2
    endloop
  endfacet
  facet normal -0 0 1
    outer loop
      vertex 0.0192604 103.992 3.2
      vertex 2.8903 103.357 3.2
      vertex 0.0768585 104.38 3.2
    endloop
  endfacet
  facet normal 0 0 1
    outer loop
      vertex 3.43223 61.2322 3.2
      vertex 1.17157 58.9716 3.2
      vertex 1.46243 58.708 3.2
    endloop
  endfacet
  facet normal 0 0 1
    outer loop
      vertex 2.8903 103.357 3.2
      vertex 0.0192604 103.992 3.2
      vertex 2.80765 103.126 3.2
    endloop
  endfacet
  facet normal 0 0 1
    outer loop
      vertex 3.43223 61.2322 3.2
      vertex 0.907958 59.2624 3.2
      vertex 1.17157 58.9716 3.2
    endloop
  endfacet
  facet normal -0 0 1
    outer loop
      vertex 0 103.6 3.2
      vertex 2.80765 103.126 3.2
      vertex 0.0192604 103.992 3.2
    endloop
  endfacet
  facet normal 0 0 1
    outer loop
      vertex 3.26747 61.414 3.2
      vertex 0.674121 59.5777 3.2
      vertex 0.907958 59.2624 3.2
    endloop
  endfacet
  facet normal 0 0 1
    outer loop
      vertex 2.80765 103.126 3.2
      vertex 0 103.6 3.2
      vertex 2.74804 102.888 3.2
    endloop
  endfacet
  facet normal 0 0 1
    outer loop
      vertex 3.12133 61.6111 3.2
      vertex 0.472315 59.9144 3.2
      vertex 0.674121 59.5777 3.2
    endloop
  endfacet
  facet normal 0 0 1
    outer loop
      vertex 2.74804 102.888 3.2
      vertex 0 103.6 3.2
      vertex 2.71204 102.645 3.2
    endloop
  endfacet
  facet normal 0 0 1
    outer loop
      vertex 3.12133 61.6111 3.2
      vertex 0.304482 60.2693 3.2
      vertex 0.472315 59.9144 3.2
    endloop
  endfacet
  facet normal 0 0 1
    outer loop
      vertex 2.71204 102.645 3.2
      vertex 0 103.6 3.2
      vertex 2.7 102.4 3.2
    endloop
  endfacet
  facet normal 0 0 1
    outer loop
      vertex 2.9952 61.8215 3.2
      vertex 0.172238 60.6389 3.2
      vertex 0.304482 60.2693 3.2
    endloop
  endfacet
  facet normal 0 0 1
    outer loop
      vertex 2.9952 61.8215 3.2
      vertex 0.0768585 61.0196 3.2
      vertex 0.172238 60.6389 3.2
    endloop
  endfacet
  facet normal 0 0 1
    outer loop
      vertex 2.8903 62.0433 3.2
      vertex 0.0192604 61.4079 3.2
      vertex 0.0768585 61.0196 3.2
    endloop
  endfacet
  facet normal -0.146726 0.989177 0
    outer loop
      vertex 44.8877 76.248 0.00337334
      vertex 44.645 76.212 3.2
      vertex 44.8877 76.248 3.2
    endloop
  endfacet
  facet normal -0.146726 0.989177 0
    outer loop
      vertex 44.645 76.212 3.2
      vertex 44.8877 76.248 0.00337334
      vertex 44.645 76.212 0.00337334
    endloop
  endfacet
  facet normal 0 -1 0
    outer loop
      vertex 21.4 89.2 0.00337334
      vertex 44.4 89.2 3.2
      vertex 21.4 89.2 3.2
    endloop
  endfacet
  facet normal 0 -1 -0
    outer loop
      vertex 44.4 89.2 3.2
      vertex 21.4 89.2 0.00337334
      vertex 44.4 89.2 0.00337334
    endloop
  endfacet
  facet normal 1 -0 0
    outer loop
      vertex 18.9 78.7 3.2
      vertex 18.9 86.7 0.00337334
      vertex 18.9 86.7 3.2
    endloop
  endfacet
  facet normal 1 0 0
    outer loop
      vertex 18.9 86.7 0.00337334
      vertex 18.9 78.7 3.2
      vertex 18.9 78.7 0.00337334
    endloop
  endfacet
  facet normal 0.989177 0.146726 0
    outer loop
      vertex 18.948 78.2123 3.2
      vertex 18.912 78.455 0.00337334
      vertex 18.912 78.455 3.2
    endloop
  endfacet
  facet normal 0.989177 0.146726 0
    outer loop
      vertex 18.912 78.455 0.00337334
      vertex 18.948 78.2123 3.2
      vertex 18.948 78.2123 0.00337334
    endloop
  endfacet
  facet normal 0.146726 0.989177 -0
    outer loop
      vertex 21.155 76.212 0.00337334
      vertex 20.9123 76.248 3.2
      vertex 21.155 76.212 3.2
    endloop
  endfacet
  facet normal 0.146726 0.989177 0
    outer loop
      vertex 20.9123 76.248 3.2
      vertex 21.155 76.212 0.00337334
      vertex 20.9123 76.248 0.00337334
    endloop
  endfacet
  facet normal 0.514076 0.857745 -0
    outer loop
      vertex 20.2215 76.4952 0.00337334
      vertex 20.0111 76.6213 3.2
      vertex 20.2215 76.4952 3.2
    endloop
  endfacet
  facet normal 0.514076 0.857745 0
    outer loop
      vertex 20.0111 76.6213 3.2
      vertex 20.2215 76.4952 0.00337334
      vertex 20.0111 76.6213 0.00337334
    endloop
  endfacet
  facet normal -0.998803 -0.0489209 0
    outer loop
      vertex 46.9 86.7 0.00337334
      vertex 46.888 86.945 3.2
      vertex 46.888 86.945 0.00337334
    endloop
  endfacet
  facet normal -0.998803 -0.0489209 0
    outer loop
      vertex 46.888 86.945 3.2
      vertex 46.9 86.7 0.00337334
      vertex 46.9 86.7 3.2
    endloop
  endfacet
  facet normal -0.941483 0.337059 0
    outer loop
      vertex 46.7097 77.7433 0.00337334
      vertex 46.7924 77.9743 3.2
      vertex 46.7924 77.9743 0.00337334
    endloop
  endfacet
  facet normal -0.941483 0.337059 0
    outer loop
      vertex 46.7924 77.9743 3.2
      vertex 46.7097 77.7433 0.00337334
      vertex 46.7097 77.7433 3.2
    endloop
  endfacet
  facet normal -0.903995 0.427543 0
    outer loop
      vertex 46.6048 77.5215 0.00337334
      vertex 46.7097 77.7433 3.2
      vertex 46.7097 77.7433 0.00337334
    endloop
  endfacet
  facet normal -0.903995 0.427543 0
    outer loop
      vertex 46.7097 77.7433 3.2
      vertex 46.6048 77.5215 0.00337334
      vertex 46.6048 77.5215 3.2
    endloop
  endfacet
  facet normal -0.857745 0.514076 0
    outer loop
      vertex 46.4787 77.3111 0.00337334
      vertex 46.6048 77.5215 3.2
      vertex 46.6048 77.5215 0.00337334
    endloop
  endfacet
  facet normal -0.857745 0.514076 0
    outer loop
      vertex 46.6048 77.5215 3.2
      vertex 46.4787 77.3111 0.00337334
      vertex 46.4787 77.3111 3.2
    endloop
  endfacet
  facet normal 0.427543 0.903995 -0
    outer loop
      vertex 20.4433 76.3903 0.00337334
      vertex 20.2215 76.4952 3.2
      vertex 20.4433 76.3903 3.2
    endloop
  endfacet
  facet normal 0.427543 0.903995 0
    outer loop
      vertex 20.2215 76.4952 3.2
      vertex 20.4433 76.3903 0.00337334
      vertex 20.2215 76.4952 0.00337334
    endloop
  endfacet
  facet normal 0.242919 -0.970047 0
    outer loop
      vertex 20.6743 89.0924 0.00337334
      vertex 20.9123 89.152 3.2
      vertex 20.6743 89.0924 3.2
    endloop
  endfacet
  facet normal 0.242919 -0.970047 0
    outer loop
      vertex 20.9123 89.152 3.2
      vertex 20.6743 89.0924 0.00337334
      vertex 20.9123 89.152 0.00337334
    endloop
  endfacet
  facet normal 0 1 -0
    outer loop
      vertex 44.4 76.2 0.00337334
      vertex 21.4 76.2 3.2
      vertex 44.4 76.2 3.2
    endloop
  endfacet
  facet normal 0 1 0
    outer loop
      vertex 21.4 76.2 3.2
      vertex 44.4 76.2 0.00337334
      vertex 21.4 76.2 0.00337334
    endloop
  endfacet
  facet normal 0.595754 -0.803167 0
    outer loop
      vertex 19.814 88.6325 0.00337334
      vertex 20.0111 88.7787 3.2
      vertex 19.814 88.6325 3.2
    endloop
  endfacet
  facet normal 0.595754 -0.803167 0
    outer loop
      vertex 20.0111 88.7787 3.2
      vertex 19.814 88.6325 0.00337334
      vertex 20.0111 88.7787 0.00337334
    endloop
  endfacet
  facet normal 0.941483 0.337059 0
    outer loop
      vertex 19.0903 77.7433 3.2
      vertex 19.0076 77.9743 0.00337334
      vertex 19.0076 77.9743 3.2
    endloop
  endfacet
  facet normal 0.941483 0.337059 0
    outer loop
      vertex 19.0076 77.9743 0.00337334
      vertex 19.0903 77.7433 3.2
      vertex 19.0903 77.7433 0.00337334
    endloop
  endfacet
  facet normal 0.970047 0.242919 0
    outer loop
      vertex 19.0076 77.9743 3.2
      vertex 18.948 78.2123 0.00337334
      vertex 18.948 78.2123 3.2
    endloop
  endfacet
  facet normal 0.970047 0.242919 0
    outer loop
      vertex 18.948 78.2123 0.00337334
      vertex 19.0076 77.9743 3.2
      vertex 19.0076 77.9743 0.00337334
    endloop
  endfacet
  facet normal 0.857745 -0.514076 0
    outer loop
      vertex 19.1952 87.8785 3.2
      vertex 19.3213 88.0889 0.00337334
      vertex 19.3213 88.0889 3.2
    endloop
  endfacet
  facet normal 0.857745 -0.514076 0
    outer loop
      vertex 19.3213 88.0889 0.00337334
      vertex 19.1952 87.8785 3.2
      vertex 19.1952 87.8785 0.00337334
    endloop
  endfacet
  facet normal 0.337059 -0.941483 0
    outer loop
      vertex 20.4433 89.0097 0.00337334
      vertex 20.6743 89.0924 3.2
      vertex 20.4433 89.0097 3.2
    endloop
  endfacet
  facet normal 0.337059 -0.941483 0
    outer loop
      vertex 20.6743 89.0924 3.2
      vertex 20.4433 89.0097 0.00337334
      vertex 20.6743 89.0924 0.00337334
    endloop
  endfacet
  facet normal 0.671394 -0.741101 0
    outer loop
      vertex 19.6322 88.4678 0.00337334
      vertex 19.814 88.6325 3.2
      vertex 19.6322 88.4678 3.2
    endloop
  endfacet
  facet normal 0.671394 -0.741101 0
    outer loop
      vertex 19.814 88.6325 3.2
      vertex 19.6322 88.4678 0.00337334
      vertex 19.814 88.6325 0.00337334
    endloop
  endfacet
  facet normal 0.857745 0.514076 0
    outer loop
      vertex 19.3213 77.3111 3.2
      vertex 19.1952 77.5215 0.00337334
      vertex 19.1952 77.5215 3.2
    endloop
  endfacet
  facet normal 0.857745 0.514076 0
    outer loop
      vertex 19.1952 77.5215 0.00337334
      vertex 19.3213 77.3111 3.2
      vertex 19.3213 77.3111 0.00337334
    endloop
  endfacet
  facet normal -0.0489209 -0.998803 0
    outer loop
      vertex 44.4 89.2 0.00337334
      vertex 44.645 89.188 3.2
      vertex 44.4 89.2 3.2
    endloop
  endfacet
  facet normal -0.0489209 -0.998803 -0
    outer loop
      vertex 44.645 89.188 3.2
      vertex 44.4 89.2 0.00337334
      vertex 44.645 89.188 0.00337334
    endloop
  endfacet
  facet normal 0.998803 0.0489209 0
    outer loop
      vertex 18.912 78.455 3.2
      vertex 18.9 78.7 0.00337334
      vertex 18.9 78.7 3.2
    endloop
  endfacet
  facet normal 0.998803 0.0489209 0
    outer loop
      vertex 18.9 78.7 0.00337334
      vertex 18.912 78.455 3.2
      vertex 18.912 78.455 0.00337334
    endloop
  endfacet
  facet normal 0.427543 -0.903995 0
    outer loop
      vertex 20.2215 88.9048 0.00337334
      vertex 20.4433 89.0097 3.2
      vertex 20.2215 88.9048 3.2
    endloop
  endfacet
  facet normal 0.427543 -0.903995 0
    outer loop
      vertex 20.4433 89.0097 3.2
      vertex 20.2215 88.9048 0.00337334
      vertex 20.4433 89.0097 0.00337334
    endloop
  endfacet
  facet normal -0.595754 0.803167 0
    outer loop
      vertex 45.986 76.7675 0.00337334
      vertex 45.7889 76.6213 3.2
      vertex 45.986 76.7675 3.2
    endloop
  endfacet
  facet normal -0.595754 0.803167 0
    outer loop
      vertex 45.7889 76.6213 3.2
      vertex 45.986 76.7675 0.00337334
      vertex 45.7889 76.6213 0.00337334
    endloop
  endfacet
  facet normal -0.803167 0.595754 0
    outer loop
      vertex 46.3325 77.114 0.00337334
      vertex 46.4787 77.3111 3.2
      vertex 46.4787 77.3111 0.00337334
    endloop
  endfacet
  facet normal -0.803167 0.595754 0
    outer loop
      vertex 46.4787 77.3111 3.2
      vertex 46.3325 77.114 0.00337334
      vertex 46.3325 77.114 3.2
    endloop
  endfacet
  facet normal 0.0489209 0.998803 -0
    outer loop
      vertex 21.4 76.2 0.00337334
      vertex 21.155 76.212 3.2
      vertex 21.4 76.2 3.2
    endloop
  endfacet
  facet normal 0.0489209 0.998803 0
    outer loop
      vertex 21.155 76.212 3.2
      vertex 21.4 76.2 0.00337334
      vertex 21.155 76.212 0.00337334
    endloop
  endfacet
  facet normal 0.803167 0.595754 0
    outer loop
      vertex 19.4675 77.114 3.2
      vertex 19.3213 77.3111 0.00337334
      vertex 19.3213 77.3111 3.2
    endloop
  endfacet
  facet normal 0.803167 0.595754 0
    outer loop
      vertex 19.3213 77.3111 0.00337334
      vertex 19.4675 77.114 3.2
      vertex 19.4675 77.114 0.00337334
    endloop
  endfacet
  facet normal -0.242919 -0.970047 0
    outer loop
      vertex 44.8877 89.152 0.00337334
      vertex 45.1257 89.0924 3.2
      vertex 44.8877 89.152 3.2
    endloop
  endfacet
  facet normal -0.242919 -0.970047 -0
    outer loop
      vertex 45.1257 89.0924 3.2
      vertex 44.8877 89.152 0.00337334
      vertex 45.1257 89.0924 0.00337334
    endloop
  endfacet
  facet normal -0.989177 0.146726 0
    outer loop
      vertex 46.852 78.2123 0.00337334
      vertex 46.888 78.455 3.2
      vertex 46.888 78.455 0.00337334
    endloop
  endfacet
  facet normal -0.989177 0.146726 0
    outer loop
      vertex 46.888 78.455 3.2
      vertex 46.852 78.2123 0.00337334
      vertex 46.852 78.2123 3.2
    endloop
  endfacet
  facet normal 0.337059 0.941483 -0
    outer loop
      vertex 20.6743 76.3076 0.00337334
      vertex 20.4433 76.3903 3.2
      vertex 20.6743 76.3076 3.2
    endloop
  endfacet
  facet normal 0.337059 0.941483 0
    outer loop
      vertex 20.4433 76.3903 3.2
      vertex 20.6743 76.3076 0.00337334
      vertex 20.4433 76.3903 0.00337334
    endloop
  endfacet
  facet normal -0.741101 -0.671394 0
    outer loop
      vertex 46.3325 88.286 0.00337334
      vertex 46.1678 88.4678 3.2
      vertex 46.1678 88.4678 0.00337334
    endloop
  endfacet
  facet normal -0.741101 -0.671394 0
    outer loop
      vertex 46.1678 88.4678 3.2
      vertex 46.3325 88.286 0.00337334
      vertex 46.3325 88.286 3.2
    endloop
  endfacet
  facet normal 0.903995 0.427543 0
    outer loop
      vertex 19.1952 77.5215 3.2
      vertex 19.0903 77.7433 0.00337334
      vertex 19.0903 77.7433 3.2
    endloop
  endfacet
  facet normal 0.903995 0.427543 0
    outer loop
      vertex 19.0903 77.7433 0.00337334
      vertex 19.1952 77.5215 3.2
      vertex 19.1952 77.5215 0.00337334
    endloop
  endfacet
  facet normal -0.427543 0.903995 0
    outer loop
      vertex 45.5785 76.4952 0.00337334
      vertex 45.3567 76.3903 3.2
      vertex 45.5785 76.4952 3.2
    endloop
  endfacet
  facet normal -0.427543 0.903995 0
    outer loop
      vertex 45.3567 76.3903 3.2
      vertex 45.5785 76.4952 0.00337334
      vertex 45.3567 76.3903 0.00337334
    endloop
  endfacet
  facet normal -0.337059 -0.941483 0
    outer loop
      vertex 45.1257 89.0924 0.00337334
      vertex 45.3567 89.0097 3.2
      vertex 45.1257 89.0924 3.2
    endloop
  endfacet
  facet normal -0.337059 -0.941483 -0
    outer loop
      vertex 45.3567 89.0097 3.2
      vertex 45.1257 89.0924 0.00337334
      vertex 45.3567 89.0097 0.00337334
    endloop
  endfacet
  facet normal -0.514076 -0.857745 0
    outer loop
      vertex 45.5785 88.9048 0.00337334
      vertex 45.7889 88.7787 3.2
      vertex 45.5785 88.9048 3.2
    endloop
  endfacet
  facet normal -0.514076 -0.857745 -0
    outer loop
      vertex 45.7889 88.7787 3.2
      vertex 45.5785 88.9048 0.00337334
      vertex 45.7889 88.7787 0.00337334
    endloop
  endfacet
  facet normal -0.671394 -0.741101 0
    outer loop
      vertex 45.986 88.6325 0.00337334
      vertex 46.1678 88.4678 3.2
      vertex 45.986 88.6325 3.2
    endloop
  endfacet
  facet normal -0.671394 -0.741101 -0
    outer loop
      vertex 46.1678 88.4678 3.2
      vertex 45.986 88.6325 0.00337334
      vertex 46.1678 88.4678 0.00337334
    endloop
  endfacet
  facet normal -0.514076 0.857745 0
    outer loop
      vertex 45.7889 76.6213 0.00337334
      vertex 45.5785 76.4952 3.2
      vertex 45.7889 76.6213 3.2
    endloop
  endfacet
  facet normal -0.514076 0.857745 0
    outer loop
      vertex 45.5785 76.4952 3.2
      vertex 45.7889 76.6213 0.00337334
      vertex 45.5785 76.4952 0.00337334
    endloop
  endfacet
  facet normal 0.998803 -0.0489209 0
    outer loop
      vertex 18.9 86.7 3.2
      vertex 18.912 86.945 0.00337334
      vertex 18.912 86.945 3.2
    endloop
  endfacet
  facet normal 0.998803 -0.0489209 0
    outer loop
      vertex 18.912 86.945 0.00337334
      vertex 18.9 86.7 3.2
      vertex 18.9 86.7 0.00337334
    endloop
  endfacet
  facet normal 0.242919 0.970047 -0
    outer loop
      vertex 20.9123 76.248 0.00337334
      vertex 20.6743 76.3076 3.2
      vertex 20.9123 76.248 3.2
    endloop
  endfacet
  facet normal 0.242919 0.970047 0
    outer loop
      vertex 20.6743 76.3076 3.2
      vertex 20.9123 76.248 0.00337334
      vertex 20.6743 76.3076 0.00337334
    endloop
  endfacet
  facet normal -0.0489209 0.998803 0
    outer loop
      vertex 44.645 76.212 0.00337334
      vertex 44.4 76.2 3.2
      vertex 44.645 76.212 3.2
    endloop
  endfacet
  facet normal -0.0489209 0.998803 0
    outer loop
      vertex 44.4 76.2 3.2
      vertex 44.645 76.212 0.00337334
      vertex 44.4 76.2 0.00337334
    endloop
  endfacet
  facet normal 0.671394 0.741101 -0
    outer loop
      vertex 19.814 76.7675 0.00337334
      vertex 19.6322 76.9322 3.2
      vertex 19.814 76.7675 3.2
    endloop
  endfacet
  facet normal 0.671394 0.741101 0
    outer loop
      vertex 19.6322 76.9322 3.2
      vertex 19.814 76.7675 0.00337334
      vertex 19.6322 76.9322 0.00337334
    endloop
  endfacet
  facet normal 0.595754 0.803167 -0
    outer loop
      vertex 20.0111 76.6213 0.00337334
      vertex 19.814 76.7675 3.2
      vertex 20.0111 76.6213 3.2
    endloop
  endfacet
  facet normal 0.595754 0.803167 0
    outer loop
      vertex 19.814 76.7675 3.2
      vertex 20.0111 76.6213 0.00337334
      vertex 19.814 76.7675 0.00337334
    endloop
  endfacet
  facet normal -0.146726 -0.989177 0
    outer loop
      vertex 44.645 89.188 0.00337334
      vertex 44.8877 89.152 3.2
      vertex 44.645 89.188 3.2
    endloop
  endfacet
  facet normal -0.146726 -0.989177 -0
    outer loop
      vertex 44.8877 89.152 3.2
      vertex 44.645 89.188 0.00337334
      vertex 44.8877 89.152 0.00337334
    endloop
  endfacet
  facet normal -0.741101 0.671394 0
    outer loop
      vertex 46.1678 76.9322 0.00337334
      vertex 46.3325 77.114 3.2
      vertex 46.3325 77.114 0.00337334
    endloop
  endfacet
  facet normal -0.741101 0.671394 0
    outer loop
      vertex 46.3325 77.114 3.2
      vertex 46.1678 76.9322 0.00337334
      vertex 46.1678 76.9322 3.2
    endloop
  endfacet
  facet normal 0.989177 -0.146726 0
    outer loop
      vertex 18.912 86.945 3.2
      vertex 18.948 87.1877 0.00337334
      vertex 18.948 87.1877 3.2
    endloop
  endfacet
  facet normal 0.989177 -0.146726 0
    outer loop
      vertex 18.948 87.1877 0.00337334
      vertex 18.912 86.945 3.2
      vertex 18.912 86.945 0.00337334
    endloop
  endfacet
  facet normal -0.941483 -0.337059 0
    outer loop
      vertex 46.7924 87.4257 0.00337334
      vertex 46.7097 87.6567 3.2
      vertex 46.7097 87.6567 0.00337334
    endloop
  endfacet
  facet normal -0.941483 -0.337059 0
    outer loop
      vertex 46.7097 87.6567 3.2
      vertex 46.7924 87.4257 0.00337334
      vertex 46.7924 87.4257 3.2
    endloop
  endfacet
  facet normal -0.803167 -0.595754 0
    outer loop
      vertex 46.4787 88.0889 0.00337334
      vertex 46.3325 88.286 3.2
      vertex 46.3325 88.286 0.00337334
    endloop
  endfacet
  facet normal -0.803167 -0.595754 0
    outer loop
      vertex 46.3325 88.286 3.2
      vertex 46.4787 88.0889 0.00337334
      vertex 46.4787 88.0889 3.2
    endloop
  endfacet
  facet normal 0.741101 0.671394 0
    outer loop
      vertex 19.6322 76.9322 3.2
      vertex 19.4675 77.114 0.00337334
      vertex 19.4675 77.114 3.2
    endloop
  endfacet
  facet normal 0.741101 0.671394 0
    outer loop
      vertex 19.4675 77.114 0.00337334
      vertex 19.6322 76.9322 3.2
      vertex 19.6322 76.9322 0.00337334
    endloop
  endfacet
  facet normal -0.242919 0.970047 0
    outer loop
      vertex 45.1257 76.3076 0.00337334
      vertex 44.8877 76.248 3.2
      vertex 45.1257 76.3076 3.2
    endloop
  endfacet
  facet normal -0.242919 0.970047 0
    outer loop
      vertex 44.8877 76.248 3.2
      vertex 45.1257 76.3076 0.00337334
      vertex 44.8877 76.248 0.00337334
    endloop
  endfacet
  facet normal -1 0 0
    outer loop
      vertex 46.9 78.7 0.00337334
      vertex 46.9 86.7 3.2
      vertex 46.9 86.7 0.00337334
    endloop
  endfacet
  facet normal -1 -0 0
    outer loop
      vertex 46.9 86.7 3.2
      vertex 46.9 78.7 0.00337334
      vertex 46.9 78.7 3.2
    endloop
  endfacet
  facet normal -0.998803 0.0489209 0
    outer loop
      vertex 46.888 78.455 0.00337334
      vertex 46.9 78.7 3.2
      vertex 46.9 78.7 0.00337334
    endloop
  endfacet
  facet normal -0.998803 0.0489209 0
    outer loop
      vertex 46.9 78.7 3.2
      vertex 46.888 78.455 0.00337334
      vertex 46.888 78.455 3.2
    endloop
  endfacet
  facet normal 0.970047 -0.242919 0
    outer loop
      vertex 18.948 87.1877 3.2
      vertex 19.0076 87.4257 0.00337334
      vertex 19.0076 87.4257 3.2
    endloop
  endfacet
  facet normal 0.970047 -0.242919 0
    outer loop
      vertex 19.0076 87.4257 0.00337334
      vertex 18.948 87.1877 3.2
      vertex 18.948 87.1877 0.00337334
    endloop
  endfacet
  facet normal 0.803167 -0.595754 0
    outer loop
      vertex 19.3213 88.0889 3.2
      vertex 19.4675 88.286 0.00337334
      vertex 19.4675 88.286 3.2
    endloop
  endfacet
  facet normal 0.803167 -0.595754 0
    outer loop
      vertex 19.4675 88.286 0.00337334
      vertex 19.3213 88.0889 3.2
      vertex 19.3213 88.0889 0.00337334
    endloop
  endfacet
  facet normal -0.337059 0.941483 0
    outer loop
      vertex 45.3567 76.3903 0.00337334
      vertex 45.1257 76.3076 3.2
      vertex 45.3567 76.3903 3.2
    endloop
  endfacet
  facet normal -0.337059 0.941483 0
    outer loop
      vertex 45.1257 76.3076 3.2
      vertex 45.3567 76.3903 0.00337334
      vertex 45.1257 76.3076 0.00337334
    endloop
  endfacet
  facet normal 0.741101 -0.671394 0
    outer loop
      vertex 19.4675 88.286 3.2
      vertex 19.6322 88.4678 0.00337334
      vertex 19.6322 88.4678 3.2
    endloop
  endfacet
  facet normal 0.741101 -0.671394 0
    outer loop
      vertex 19.6322 88.4678 0.00337334
      vertex 19.4675 88.286 3.2
      vertex 19.4675 88.286 0.00337334
    endloop
  endfacet
  facet normal 0.0489209 -0.998803 0
    outer loop
      vertex 21.155 89.188 0.00337334
      vertex 21.4 89.2 3.2
      vertex 21.155 89.188 3.2
    endloop
  endfacet
  facet normal 0.0489209 -0.998803 0
    outer loop
      vertex 21.4 89.2 3.2
      vertex 21.155 89.188 0.00337334
      vertex 21.4 89.2 0.00337334
    endloop
  endfacet
  facet normal -0.671394 0.741101 0
    outer loop
      vertex 46.1678 76.9322 0.00337334
      vertex 45.986 76.7675 3.2
      vertex 46.1678 76.9322 3.2
    endloop
  endfacet
  facet normal -0.671394 0.741101 0
    outer loop
      vertex 45.986 76.7675 3.2
      vertex 46.1678 76.9322 0.00337334
      vertex 45.986 76.7675 0.00337334
    endloop
  endfacet
  facet normal -0.903995 -0.427543 0
    outer loop
      vertex 46.7097 87.6567 0.00337334
      vertex 46.6048 87.8785 3.2
      vertex 46.6048 87.8785 0.00337334
    endloop
  endfacet
  facet normal -0.903995 -0.427543 0
    outer loop
      vertex 46.6048 87.8785 3.2
      vertex 46.7097 87.6567 0.00337334
      vertex 46.7097 87.6567 3.2
    endloop
  endfacet
  facet normal 0.514076 -0.857745 0
    outer loop
      vertex 20.0111 88.7787 0.00337334
      vertex 20.2215 88.9048 3.2
      vertex 20.0111 88.7787 3.2
    endloop
  endfacet
  facet normal 0.514076 -0.857745 0
    outer loop
      vertex 20.2215 88.9048 3.2
      vertex 20.0111 88.7787 0.00337334
      vertex 20.2215 88.9048 0.00337334
    endloop
  endfacet
  facet normal 0.146726 -0.989177 0
    outer loop
      vertex 20.9123 89.152 0.00337334
      vertex 21.155 89.188 3.2
      vertex 20.9123 89.152 3.2
    endloop
  endfacet
  facet normal 0.146726 -0.989177 0
    outer loop
      vertex 21.155 89.188 3.2
      vertex 20.9123 89.152 0.00337334
      vertex 21.155 89.188 0.00337334
    endloop
  endfacet
  facet normal -0.970047 0.242919 0
    outer loop
      vertex 46.7924 77.9743 0.00337334
      vertex 46.852 78.2123 3.2
      vertex 46.852 78.2123 0.00337334
    endloop
  endfacet
  facet normal -0.970047 0.242919 0
    outer loop
      vertex 46.852 78.2123 3.2
      vertex 46.7924 77.9743 0.00337334
      vertex 46.7924 77.9743 3.2
    endloop
  endfacet
  facet normal 0.903995 -0.427543 0
    outer loop
      vertex 19.0903 87.6567 3.2
      vertex 19.1952 87.8785 0.00337334
      vertex 19.1952 87.8785 3.2
    endloop
  endfacet
  facet normal 0.903995 -0.427543 0
    outer loop
      vertex 19.1952 87.8785 0.00337334
      vertex 19.0903 87.6567 3.2
      vertex 19.0903 87.6567 0.00337334
    endloop
  endfacet
  facet normal 0.941483 -0.337059 0
    outer loop
      vertex 19.0076 87.4257 3.2
      vertex 19.0903 87.6567 0.00337334
      vertex 19.0903 87.6567 3.2
    endloop
  endfacet
  facet normal 0.941483 -0.337059 0
    outer loop
      vertex 19.0903 87.6567 0.00337334
      vertex 19.0076 87.4257 3.2
      vertex 19.0076 87.4257 0.00337334
    endloop
  endfacet
  facet normal -0.989177 -0.146726 0
    outer loop
      vertex 46.888 86.945 0.00337334
      vertex 46.852 87.1877 3.2
      vertex 46.852 87.1877 0.00337334
    endloop
  endfacet
  facet normal -0.989177 -0.146726 0
    outer loop
      vertex 46.852 87.1877 3.2
      vertex 46.888 86.945 0.00337334
      vertex 46.888 86.945 3.2
    endloop
  endfacet
  facet normal -0.970047 -0.242919 0
    outer loop
      vertex 46.852 87.1877 0.00337334
      vertex 46.7924 87.4257 3.2
      vertex 46.7924 87.4257 0.00337334
    endloop
  endfacet
  facet normal -0.970047 -0.242919 0
    outer loop
      vertex 46.7924 87.4257 3.2
      vertex 46.852 87.1877 0.00337334
      vertex 46.852 87.1877 3.2
    endloop
  endfacet
  facet normal -0.427543 -0.903995 0
    outer loop
      vertex 45.3567 89.0097 0.00337334
      vertex 45.5785 88.9048 3.2
      vertex 45.3567 89.0097 3.2
    endloop
  endfacet
  facet normal -0.427543 -0.903995 -0
    outer loop
      vertex 45.5785 88.9048 3.2
      vertex 45.3567 89.0097 0.00337334
      vertex 45.5785 88.9048 0.00337334
    endloop
  endfacet
  facet normal -0.595754 -0.803167 0
    outer loop
      vertex 45.7889 88.7787 0.00337334
      vertex 45.986 88.6325 3.2
      vertex 45.7889 88.7787 3.2
    endloop
  endfacet
  facet normal -0.595754 -0.803167 -0
    outer loop
      vertex 45.986 88.6325 3.2
      vertex 45.7889 88.7787 0.00337334
      vertex 45.986 88.6325 0.00337334
    endloop
  endfacet
  facet normal -0.857745 -0.514076 0
    outer loop
      vertex 46.6048 87.8785 0.00337334
      vertex 46.4787 88.0889 3.2
      vertex 46.4787 88.0889 0.00337334
    endloop
  endfacet
  facet normal -0.857745 -0.514076 0
    outer loop
      vertex 46.4787 88.0889 3.2
      vertex 46.6048 87.8785 0.00337334
      vertex 46.6048 87.8785 3.2
    endloop
  endfacet
  facet normal -0.903396 0.428807 0
    outer loop
      vertex 2.8903 103.357 3.2
      vertex 2.9952 103.578 7.2
      vertex 2.9952 103.578 3.2
    endloop
  endfacet
  facet normal -0.903396 0.428807 0
    outer loop
      vertex 2.9952 103.578 7.2
      vertex 2.8903 103.357 3.2
      vertex 2.8903 103.357 7.2
    endloop
  endfacet
  facet normal 0.741468 0.670988 0
    outer loop
      vertex 84.5325 103.986 7.2
      vertex 84.3678 104.168 3.2
      vertex 84.3678 104.168 7.2
    endloop
  endfacet
  facet normal 0.741468 0.670988 0
    outer loop
      vertex 84.3678 104.168 3.2
      vertex 84.5325 103.986 7.2
      vertex 84.5325 103.986 3.2
    endloop
  endfacet
  facet normal -0.513704 0.857967 0
    outer loop
      vertex 4.02151 104.605 3.2
      vertex 3.81107 104.479 7.2
      vertex 4.02151 104.605 7.2
    endloop
  endfacet
  facet normal -0.513704 0.857967 0
    outer loop
      vertex 3.81107 104.479 7.2
      vertex 4.02151 104.605 3.2
      vertex 3.81107 104.479 3.2
    endloop
  endfacet
  facet normal 0.941613 0.336698 0
    outer loop
      vertex 84.9923 103.126 7.2
      vertex 84.9097 103.357 3.2
      vertex 84.9097 103.357 7.2
    endloop
  endfacet
  facet normal 0.941613 0.336698 0
    outer loop
      vertex 84.9097 103.357 3.2
      vertex 84.9923 103.126 7.2
      vertex 84.9923 103.126 3.2
    endloop
  endfacet
  facet normal 0.998803 -0.0489209 0
    outer loop
      vertex 85.088 62.755 7.2
      vertex 85.1 63 3.2
      vertex 85.1 63 7.2
    endloop
  endfacet
  facet normal 0.998803 -0.0489209 0
    outer loop
      vertex 85.1 63 3.2
      vertex 85.088 62.755 7.2
      vertex 85.088 62.755 3.2
    endloop
  endfacet
  facet normal -0.595325 0.803485 0
    outer loop
      vertex 3.81107 104.479 3.2
      vertex 3.61402 104.333 7.2
      vertex 3.81107 104.479 7.2
    endloop
  endfacet
  facet normal -0.595325 0.803485 0
    outer loop
      vertex 3.61402 104.333 7.2
      vertex 3.81107 104.479 3.2
      vertex 3.61402 104.333 3.2
    endloop
  endfacet
  facet normal -0.903995 -0.427543 0
    outer loop
      vertex 2.9952 61.8215 3.2
      vertex 2.8903 62.0433 7.2
      vertex 2.8903 62.0433 3.2
    endloop
  endfacet
  facet normal -0.903995 -0.427543 0
    outer loop
      vertex 2.8903 62.0433 7.2
      vertex 2.9952 61.8215 3.2
      vertex 2.9952 61.8215 7.2
    endloop
  endfacet
  facet normal 1 -0 0
    outer loop
      vertex 85.1 63 7.2
      vertex 85.1 102.4 3.2
      vertex 85.1 102.4 7.2
    endloop
  endfacet
  facet normal 1 0 0
    outer loop
      vertex 85.1 102.4 3.2
      vertex 85.1 63 7.2
      vertex 85.1 63 3.2
    endloop
  endfacet
  facet normal -0.858335 0.513089 0
    outer loop
      vertex 2.9952 103.578 3.2
      vertex 3.12133 103.789 7.2
      vertex 3.12133 103.789 3.2
    endloop
  endfacet
  facet normal -0.858335 0.513089 0
    outer loop
      vertex 3.12133 103.789 7.2
      vertex 2.9952 103.578 3.2
      vertex 2.9952 103.578 7.2
    endloop
  endfacet
  facet normal 0.858389 0.512999 0
    outer loop
      vertex 84.8048 103.578 7.2
      vertex 84.6787 103.789 3.2
      vertex 84.6787 103.789 7.2
    endloop
  endfacet
  facet normal 0.858389 0.512999 0
    outer loop
      vertex 84.6787 103.789 3.2
      vertex 84.8048 103.578 7.2
      vertex 84.8048 103.578 3.2
    endloop
  endfacet
  facet normal 0.0489209 -0.998803 0
    outer loop
      vertex 82.6 60.5 3.2
      vertex 82.845 60.512 7.2
      vertex 82.6 60.5 7.2
    endloop
  endfacet
  facet normal 0.0489209 -0.998803 0
    outer loop
      vertex 82.845 60.512 7.2
      vertex 82.6 60.5 3.2
      vertex 82.845 60.512 3.2
    endloop
  endfacet
  facet normal -0.427908 0.903822 0
    outer loop
      vertex 4.24329 104.71 3.2
      vertex 4.02151 104.605 7.2
      vertex 4.24329 104.71 7.2
    endloop
  endfacet
  facet normal -0.427908 0.903822 0
    outer loop
      vertex 4.02151 104.605 7.2
      vertex 4.24329 104.71 3.2
      vertex 4.02151 104.605 3.2
    endloop
  endfacet
  facet normal 0.146726 -0.989177 0
    outer loop
      vertex 82.845 60.512 3.2
      vertex 83.0877 60.548 7.2
      vertex 82.845 60.512 7.2
    endloop
  endfacet
  facet normal 0.146726 -0.989177 0
    outer loop
      vertex 83.0877 60.548 7.2
      vertex 82.845 60.512 3.2
      vertex 83.0877 60.548 3.2
    endloop
  endfacet
  facet normal -0.243322 -0.969946 0
    outer loop
      vertex 4.47429 60.6077 3.2
      vertex 4.71227 60.548 7.2
      vertex 4.47429 60.6077 7.2
    endloop
  endfacet
  facet normal -0.243322 -0.969946 -0
    outer loop
      vertex 4.71227 60.548 7.2
      vertex 4.47429 60.6077 3.2
      vertex 4.71227 60.548 3.2
    endloop
  endfacet
  facet normal 0 -1 0
    outer loop
      vertex 5.2 60.5 3.2
      vertex 82.6 60.5 7.2
      vertex 5.2 60.5 7.2
    endloop
  endfacet
  facet normal 0 -1 -0
    outer loop
      vertex 82.6 60.5 7.2
      vertex 5.2 60.5 3.2
      vertex 82.6 60.5 3.2
    endloop
  endfacet
  facet normal -0.244472 0.969656 0
    outer loop
      vertex 4.71227 104.852 3.2
      vertex 4.47429 104.792 7.2
      vertex 4.71227 104.852 7.2
    endloop
  endfacet
  facet normal -0.244472 0.969656 0
    outer loop
      vertex 4.47429 104.792 7.2
      vertex 4.71227 104.852 3.2
      vertex 4.47429 104.792 3.2
    endloop
  endfacet
  facet normal -1 0 0
    outer loop
      vertex 2.7 63 3.2
      vertex 2.7 102.4 7.2
      vertex 2.7 102.4 3.2
    endloop
  endfacet
  facet normal -1 -0 0
    outer loop
      vertex 2.7 102.4 7.2
      vertex 2.7 63 3.2
      vertex 2.7 63 7.2
    endloop
  endfacet
  facet normal 0.903995 -0.427543 0
    outer loop
      vertex 84.8048 61.8215 7.2
      vertex 84.9097 62.0433 3.2
      vertex 84.9097 62.0433 7.2
    endloop
  endfacet
  facet normal 0.903995 -0.427543 0
    outer loop
      vertex 84.9097 62.0433 3.2
      vertex 84.8048 61.8215 7.2
      vertex 84.8048 61.8215 3.2
    endloop
  endfacet
  facet normal 0.514076 -0.857745 0
    outer loop
      vertex 83.7785 60.7952 3.2
      vertex 83.9889 60.9213 7.2
      vertex 83.7785 60.7952 7.2
    endloop
  endfacet
  facet normal 0.514076 -0.857745 0
    outer loop
      vertex 83.9889 60.9213 7.2
      vertex 83.7785 60.7952 3.2
      vertex 83.9889 60.9213 3.2
    endloop
  endfacet
  facet normal -0.514004 -0.857788 0
    outer loop
      vertex 3.81107 60.9213 3.2
      vertex 4.02151 60.7952 7.2
      vertex 3.81107 60.9213 7.2
    endloop
  endfacet
  facet normal -0.514004 -0.857788 -0
    outer loop
      vertex 4.02151 60.7952 7.2
      vertex 3.81107 60.9213 3.2
      vertex 4.02151 60.7952 3.2
    endloop
  endfacet
  facet normal 0.903396 0.428807 0
    outer loop
      vertex 84.9097 103.357 7.2
      vertex 84.8048 103.578 3.2
      vertex 84.8048 103.578 7.2
    endloop
  endfacet
  facet normal 0.903396 0.428807 0
    outer loop
      vertex 84.8048 103.578 3.2
      vertex 84.9097 103.357 7.2
      vertex 84.9097 103.357 3.2
    endloop
  endfacet
  facet normal -0.998795 0.0490836 0
    outer loop
      vertex 2.7 102.4 3.2
      vertex 2.71204 102.645 7.2
      vertex 2.71204 102.645 3.2
    endloop
  endfacet
  facet normal -0.998795 0.0490836 0
    outer loop
      vertex 2.71204 102.645 7.2
      vertex 2.7 102.4 3.2
      vertex 2.7 102.4 7.2
    endloop
  endfacet
  facet normal 0.336698 -0.941613 0
    outer loop
      vertex 83.3257 60.6077 3.2
      vertex 83.5567 60.6903 7.2
      vertex 83.3257 60.6077 7.2
    endloop
  endfacet
  facet normal 0.336698 -0.941613 0
    outer loop
      vertex 83.5567 60.6903 7.2
      vertex 83.3257 60.6077 3.2
      vertex 83.5567 60.6903 3.2
    endloop
  endfacet
  facet normal -0.741347 0.671122 0
    outer loop
      vertex 3.26747 103.986 3.2
      vertex 3.43223 104.168 7.2
      vertex 3.43223 104.168 3.2
    endloop
  endfacet
  facet normal -0.741347 0.671122 0
    outer loop
      vertex 3.43223 104.168 7.2
      vertex 3.26747 103.986 3.2
      vertex 3.26747 103.986 7.2
    endloop
  endfacet
  facet normal 0.96995 0.243303 0
    outer loop
      vertex 85.052 102.888 7.2
      vertex 84.9923 103.126 3.2
      vertex 84.9923 103.126 7.2
    endloop
  endfacet
  facet normal 0.96995 0.243303 0
    outer loop
      vertex 84.9923 103.126 3.2
      vertex 85.052 102.888 7.2
      vertex 85.052 102.888 3.2
    endloop
  endfacet
  facet normal 0.427543 -0.903995 0
    outer loop
      vertex 83.5567 60.6903 3.2
      vertex 83.7785 60.7952 7.2
      vertex 83.5567 60.6903 7.2
    endloop
  endfacet
  facet normal 0.427543 -0.903995 0
    outer loop
      vertex 83.7785 60.7952 7.2
      vertex 83.5567 60.6903 3.2
      vertex 83.7785 60.7952 3.2
    endloop
  endfacet
  facet normal -0.427575 -0.90398 0
    outer loop
      vertex 4.02151 60.7952 3.2
      vertex 4.24329 60.6903 7.2
      vertex 4.02151 60.7952 7.2
    endloop
  endfacet
  facet normal -0.427575 -0.90398 -0
    outer loop
      vertex 4.24329 60.6903 7.2
      vertex 4.02151 60.7952 3.2
      vertex 4.24329 60.6903 3.2
    endloop
  endfacet
  facet normal -0.048913 0.998803 0
    outer loop
      vertex 5.2 104.9 3.2
      vertex 4.95496 104.888 7.2
      vertex 5.2 104.9 7.2
    endloop
  endfacet
  facet normal -0.048913 0.998803 0
    outer loop
      vertex 4.95496 104.888 7.2
      vertex 5.2 104.9 3.2
      vertex 4.95496 104.888 3.2
    endloop
  endfacet
  facet normal -0.803284 -0.595596 0
    outer loop
      vertex 3.26747 61.414 3.2
      vertex 3.12133 61.6111 7.2
      vertex 3.12133 61.6111 3.2
    endloop
  endfacet
  facet normal -0.803284 -0.595596 0
    outer loop
      vertex 3.12133 61.6111 7.2
      vertex 3.26747 61.414 3.2
      vertex 3.26747 61.414 7.2
    endloop
  endfacet
  facet normal 0.941613 -0.336698 0
    outer loop
      vertex 84.9097 62.0433 7.2
      vertex 84.9923 62.2743 3.2
      vertex 84.9923 62.2743 7.2
    endloop
  endfacet
  facet normal 0.941613 -0.336698 0
    outer loop
      vertex 84.9923 62.2743 3.2
      vertex 84.9097 62.0433 7.2
      vertex 84.9097 62.0433 3.2
    endloop
  endfacet
  facet normal 0.671394 -0.741101 0
    outer loop
      vertex 84.186 61.0675 3.2
      vertex 84.3678 61.2322 7.2
      vertex 84.186 61.0675 7.2
    endloop
  endfacet
  facet normal 0.671394 -0.741101 0
    outer loop
      vertex 84.3678 61.2322 7.2
      vertex 84.186 61.0675 3.2
      vertex 84.3678 61.2322 3.2
    endloop
  endfacet
  facet normal -0.989203 0.146549 0
    outer loop
      vertex 2.71204 102.645 3.2
      vertex 2.74804 102.888 7.2
      vertex 2.74804 102.888 3.2
    endloop
  endfacet
  facet normal -0.989203 0.146549 0
    outer loop
      vertex 2.74804 102.888 7.2
      vertex 2.71204 102.645 3.2
      vertex 2.71204 102.645 7.2
    endloop
  endfacet
  facet normal -0.740979 -0.671528 0
    outer loop
      vertex 3.43223 61.2322 3.2
      vertex 3.26747 61.414 7.2
      vertex 3.26747 61.414 3.2
    endloop
  endfacet
  facet normal -0.740979 -0.671528 0
    outer loop
      vertex 3.26747 61.414 7.2
      vertex 3.43223 61.2322 3.2
      vertex 3.43223 61.2322 7.2
    endloop
  endfacet
  facet normal 0.741101 -0.671394 0
    outer loop
      vertex 84.3678 61.2322 7.2
      vertex 84.5325 61.414 3.2
      vertex 84.5325 61.414 7.2
    endloop
  endfacet
  facet normal 0.741101 -0.671394 0
    outer loop
      vertex 84.5325 61.414 3.2
      vertex 84.3678 61.2322 7.2
      vertex 84.3678 61.2322 3.2
    endloop
  endfacet
  facet normal 0.427876 0.903837 -0
    outer loop
      vertex 83.7785 104.605 3.2
      vertex 83.5567 104.71 7.2
      vertex 83.7785 104.605 7.2
    endloop
  endfacet
  facet normal 0.427876 0.903837 0
    outer loop
      vertex 83.5567 104.71 7.2
      vertex 83.7785 104.605 3.2
      vertex 83.5567 104.71 3.2
    endloop
  endfacet
  facet normal 0.243303 -0.96995 0
    outer loop
      vertex 83.0877 60.548 3.2
      vertex 83.3257 60.6077 7.2
      vertex 83.0877 60.548 7.2
    endloop
  endfacet
  facet normal 0.243303 -0.96995 0
    outer loop
      vertex 83.3257 60.6077 7.2
      vertex 83.0877 60.548 3.2
      vertex 83.3257 60.6077 3.2
    endloop
  endfacet
  facet normal -0.998795 -0.0490836 0
    outer loop
      vertex 2.71204 62.755 3.2
      vertex 2.7 63 7.2
      vertex 2.7 63 3.2
    endloop
  endfacet
  facet normal -0.998795 -0.0490836 0
    outer loop
      vertex 2.7 63 7.2
      vertex 2.71204 62.755 3.2
      vertex 2.71204 62.755 7.2
    endloop
  endfacet
  facet normal 0.857745 -0.514076 0
    outer loop
      vertex 84.6787 61.6111 7.2
      vertex 84.8048 61.8215 3.2
      vertex 84.8048 61.8215 7.2
    endloop
  endfacet
  facet normal 0.857745 -0.514076 0
    outer loop
      vertex 84.8048 61.8215 3.2
      vertex 84.6787 61.6111 7.2
      vertex 84.6787 61.6111 3.2
    endloop
  endfacet
  facet normal 0.803023 0.595949 0
    outer loop
      vertex 84.6787 103.789 7.2
      vertex 84.5325 103.986 3.2
      vertex 84.5325 103.986 7.2
    endloop
  endfacet
  facet normal 0.803023 0.595949 0
    outer loop
      vertex 84.5325 103.986 3.2
      vertex 84.6787 103.789 7.2
      vertex 84.6787 103.789 3.2
    endloop
  endfacet
  facet normal 0.96995 -0.243303 0
    outer loop
      vertex 84.9923 62.2743 7.2
      vertex 85.052 62.5123 3.2
      vertex 85.052 62.5123 7.2
    endloop
  endfacet
  facet normal 0.96995 -0.243303 0
    outer loop
      vertex 85.052 62.5123 3.2
      vertex 84.9923 62.2743 7.2
      vertex 84.9923 62.2743 3.2
    endloop
  endfacet
  facet normal 0.0489209 0.998803 -0
    outer loop
      vertex 82.845 104.888 3.2
      vertex 82.6 104.9 7.2
      vertex 82.845 104.888 7.2
    endloop
  endfacet
  facet normal 0.0489209 0.998803 0
    outer loop
      vertex 82.6 104.9 7.2
      vertex 82.845 104.888 3.2
      vertex 82.6 104.9 3.2
    endloop
  endfacet
  facet normal 0.595754 -0.803167 0
    outer loop
      vertex 83.9889 60.9213 3.2
      vertex 84.186 61.0675 7.2
      vertex 83.9889 60.9213 7.2
    endloop
  endfacet
  facet normal 0.595754 -0.803167 0
    outer loop
      vertex 84.186 61.0675 7.2
      vertex 83.9889 60.9213 3.2
      vertex 84.186 61.0675 3.2
    endloop
  endfacet
  facet normal -0.80314 0.595791 0
    outer loop
      vertex 3.12133 103.789 3.2
      vertex 3.26747 103.986 7.2
      vertex 3.26747 103.986 3.2
    endloop
  endfacet
  facet normal -0.80314 0.595791 0
    outer loop
      vertex 3.26747 103.986 7.2
      vertex 3.12133 103.789 3.2
      vertex 3.12133 103.789 7.2
    endloop
  endfacet
  facet normal 0 1 -0
    outer loop
      vertex 82.6 104.9 3.2
      vertex 5.2 104.9 7.2
      vertex 82.6 104.9 7.2
    endloop
  endfacet
  facet normal 0 1 0
    outer loop
      vertex 5.2 104.9 7.2
      vertex 82.6 104.9 3.2
      vertex 5.2 104.9 3.2
    endloop
  endfacet
  facet normal -0.857691 -0.514166 0
    outer loop
      vertex 3.12133 61.6111 3.2
      vertex 2.9952 61.8215 7.2
      vertex 2.9952 61.8215 3.2
    endloop
  endfacet
  facet normal -0.857691 -0.514166 0
    outer loop
      vertex 2.9952 61.8215 7.2
      vertex 3.12133 61.6111 3.2
      vertex 3.12133 61.6111 7.2
    endloop
  endfacet
  facet normal 0.803167 -0.595754 0
    outer loop
      vertex 84.5325 61.414 7.2
      vertex 84.6787 61.6111 3.2
      vertex 84.6787 61.6111 7.2
    endloop
  endfacet
  facet normal 0.803167 -0.595754 0
    outer loop
      vertex 84.6787 61.6111 3.2
      vertex 84.5325 61.414 7.2
      vertex 84.5325 61.414 3.2
    endloop
  endfacet
  facet normal 0.595228 0.803557 -0
    outer loop
      vertex 84.186 104.333 3.2
      vertex 83.9889 104.479 7.2
      vertex 84.186 104.333 7.2
    endloop
  endfacet
  facet normal 0.595228 0.803557 0
    outer loop
      vertex 83.9889 104.479 7.2
      vertex 84.186 104.333 3.2
      vertex 83.9889 104.479 3.2
    endloop
  endfacet
  facet normal -0.989177 -0.146726 0
    outer loop
      vertex 2.74804 62.5123 3.2
      vertex 2.71204 62.755 7.2
      vertex 2.71204 62.755 3.2
    endloop
  endfacet
  facet normal -0.989177 -0.146726 0
    outer loop
      vertex 2.71204 62.755 7.2
      vertex 2.74804 62.5123 3.2
      vertex 2.74804 62.5123 7.2
    endloop
  endfacet
  facet normal -0.671414 -0.741083 0
    outer loop
      vertex 3.43223 61.2322 3.2
      vertex 3.61402 61.0675 7.2
      vertex 3.43223 61.2322 7.2
    endloop
  endfacet
  facet normal -0.671414 -0.741083 -0
    outer loop
      vertex 3.61402 61.0675 7.2
      vertex 3.43223 61.2322 3.2
      vertex 3.61402 61.0675 3.2
    endloop
  endfacet
  facet normal -0.336698 -0.941613 0
    outer loop
      vertex 4.24329 60.6903 3.2
      vertex 4.47429 60.6077 7.2
      vertex 4.24329 60.6903 7.2
    endloop
  endfacet
  facet normal -0.336698 -0.941613 -0
    outer loop
      vertex 4.47429 60.6077 7.2
      vertex 4.24329 60.6903 3.2
      vertex 4.47429 60.6077 3.2
    endloop
  endfacet
  facet normal 0.146726 0.989177 -0
    outer loop
      vertex 83.0877 104.852 3.2
      vertex 82.845 104.888 7.2
      vertex 83.0877 104.852 7.2
    endloop
  endfacet
  facet normal 0.146726 0.989177 0
    outer loop
      vertex 82.845 104.888 7.2
      vertex 83.0877 104.852 3.2
      vertex 82.845 104.888 3.2
    endloop
  endfacet
  facet normal -0.970037 -0.242958 0
    outer loop
      vertex 2.80765 62.2743 3.2
      vertex 2.74804 62.5123 7.2
      vertex 2.74804 62.5123 3.2
    endloop
  endfacet
  facet normal -0.970037 -0.242958 0
    outer loop
      vertex 2.74804 62.5123 7.2
      vertex 2.80765 62.2743 3.2
      vertex 2.80765 62.2743 7.2
    endloop
  endfacet
  facet normal -0.970037 0.242958 0
    outer loop
      vertex 2.74804 102.888 3.2
      vertex 2.80765 103.126 7.2
      vertex 2.80765 103.126 3.2
    endloop
  endfacet
  facet normal -0.970037 0.242958 0
    outer loop
      vertex 2.80765 103.126 7.2
      vertex 2.74804 102.888 3.2
      vertex 2.74804 102.888 7.2
    endloop
  endfacet
  facet normal -0.672085 0.740474 0
    outer loop
      vertex 3.61402 104.333 3.2
      vertex 3.43223 104.168 7.2
      vertex 3.61402 104.333 7.2
    endloop
  endfacet
  facet normal -0.672085 0.740474 0
    outer loop
      vertex 3.43223 104.168 7.2
      vertex 3.61402 104.333 3.2
      vertex 3.43223 104.168 3.2
    endloop
  endfacet
  facet normal 0.989203 0.146549 0
    outer loop
      vertex 85.088 102.645 7.2
      vertex 85.052 102.888 3.2
      vertex 85.052 102.888 7.2
    endloop
  endfacet
  facet normal 0.989203 0.146549 0
    outer loop
      vertex 85.052 102.888 3.2
      vertex 85.088 102.645 7.2
      vertex 85.088 102.645 3.2
    endloop
  endfacet
  facet normal -0.146732 -0.989176 0
    outer loop
      vertex 4.71227 60.548 3.2
      vertex 4.95496 60.512 7.2
      vertex 4.71227 60.548 7.2
    endloop
  endfacet
  facet normal -0.146732 -0.989176 -0
    outer loop
      vertex 4.95496 60.512 7.2
      vertex 4.71227 60.548 3.2
      vertex 4.95496 60.512 3.2
    endloop
  endfacet
  facet normal 0.334527 0.942386 -0
    outer loop
      vertex 83.5567 104.71 3.2
      vertex 83.3257 104.792 7.2
      vertex 83.5567 104.71 7.2
    endloop
  endfacet
  facet normal 0.334527 0.942386 0
    outer loop
      vertex 83.3257 104.792 7.2
      vertex 83.5567 104.71 3.2
      vertex 83.3257 104.792 3.2
    endloop
  endfacet
  facet normal 0.513776 0.857924 -0
    outer loop
      vertex 83.9889 104.479 3.2
      vertex 83.7785 104.605 7.2
      vertex 83.9889 104.479 7.2
    endloop
  endfacet
  facet normal 0.513776 0.857924 0
    outer loop
      vertex 83.7785 104.605 7.2
      vertex 83.9889 104.479 3.2
      vertex 83.7785 104.605 3.2
    endloop
  endfacet
  facet normal -0.941548 0.336879 0
    outer loop
      vertex 2.80765 103.126 3.2
      vertex 2.8903 103.357 7.2
      vertex 2.8903 103.357 3.2
    endloop
  endfacet
  facet normal -0.941548 0.336879 0
    outer loop
      vertex 2.8903 103.357 7.2
      vertex 2.80765 103.126 3.2
      vertex 2.80765 103.126 7.2
    endloop
  endfacet
  facet normal 0.998803 0.0489209 0
    outer loop
      vertex 85.1 102.4 7.2
      vertex 85.088 102.645 3.2
      vertex 85.088 102.645 7.2
    endloop
  endfacet
  facet normal 0.998803 0.0489209 0
    outer loop
      vertex 85.088 102.645 3.2
      vertex 85.1 102.4 7.2
      vertex 85.1 102.4 3.2
    endloop
  endfacet
  facet normal 0.244452 0.969661 -0
    outer loop
      vertex 83.3257 104.792 3.2
      vertex 83.0877 104.852 7.2
      vertex 83.3257 104.792 7.2
    endloop
  endfacet
  facet normal 0.244452 0.969661 0
    outer loop
      vertex 83.0877 104.852 7.2
      vertex 83.3257 104.792 3.2
      vertex 83.0877 104.852 3.2
    endloop
  endfacet
  facet normal -0.048913 -0.998803 0
    outer loop
      vertex 4.95496 60.512 3.2
      vertex 5.2 60.5 7.2
      vertex 4.95496 60.512 7.2
    endloop
  endfacet
  facet normal -0.048913 -0.998803 -0
    outer loop
      vertex 5.2 60.5 7.2
      vertex 4.95496 60.512 3.2
      vertex 5.2 60.5 3.2
    endloop
  endfacet
  facet normal -0.595851 -0.803095 0
    outer loop
      vertex 3.61402 61.0675 3.2
      vertex 3.81107 60.9213 7.2
      vertex 3.61402 61.0675 7.2
    endloop
  endfacet
  facet normal -0.595851 -0.803095 -0
    outer loop
      vertex 3.81107 60.9213 7.2
      vertex 3.61402 61.0675 3.2
      vertex 3.81107 60.9213 3.2
    endloop
  endfacet
  facet normal -0.334527 0.942386 0
    outer loop
      vertex 4.47429 104.792 3.2
      vertex 4.24329 104.71 7.2
      vertex 4.47429 104.792 7.2
    endloop
  endfacet
  facet normal -0.334527 0.942386 0
    outer loop
      vertex 4.24329 104.71 7.2
      vertex 4.47429 104.792 3.2
      vertex 4.24329 104.71 3.2
    endloop
  endfacet
  facet normal -0.941548 -0.336879 0
    outer loop
      vertex 2.8903 62.0433 3.2
      vertex 2.80765 62.2743 7.2
      vertex 2.80765 62.2743 3.2
    endloop
  endfacet
  facet normal -0.941548 -0.336879 0
    outer loop
      vertex 2.80765 62.2743 7.2
      vertex 2.8903 62.0433 3.2
      vertex 2.8903 62.0433 7.2
    endloop
  endfacet
  facet normal -0.146732 0.989176 0
    outer loop
      vertex 4.95496 104.888 3.2
      vertex 4.71227 104.852 7.2
      vertex 4.95496 104.888 7.2
    endloop
  endfacet
  facet normal -0.146732 0.989176 0
    outer loop
      vertex 4.71227 104.852 7.2
      vertex 4.95496 104.888 3.2
      vertex 4.71227 104.852 3.2
    endloop
  endfacet
  facet normal 0.672064 0.740493 -0
    outer loop
      vertex 84.3678 104.168 3.2
      vertex 84.186 104.333 7.2
      vertex 84.3678 104.168 7.2
    endloop
  endfacet
  facet normal 0.672064 0.740493 0
    outer loop
      vertex 84.186 104.333 7.2
      vertex 84.3678 104.168 3.2
      vertex 84.186 104.333 3.2
    endloop
  endfacet
  facet normal 0 0 1
    outer loop
      vertex 82.2787 101.389 7.2
      vertex 85.1 102.4 7.2
      vertex 85.088 102.645 7.2
    endloop
  endfacet
  facet normal 0 0 1
    outer loop
      vertex 85.1 102.4 7.2
      vertex 82.7 100 7.2
      vertex 85.1 63 7.2
    endloop
  endfacet
  facet normal 0 0 1
    outer loop
      vertex 82.1325 101.586 7.2
      vertex 85.088 102.645 7.2
      vertex 85.052 102.888 7.2
    endloop
  endfacet
  facet normal -0 0 1
    outer loop
      vertex 82.7 65.4 7.2
      vertex 85.1 63 7.2
      vertex 82.7 100 7.2
    endloop
  endfacet
  facet normal 0 0 1
    outer loop
      vertex 82.1325 101.586 7.2
      vertex 85.052 102.888 7.2
      vertex 84.9923 103.126 7.2
    endloop
  endfacet
  facet normal -0 0 1
    outer loop
      vertex 82.688 65.155 7.2
      vertex 85.1 63 7.2
      vertex 82.7 65.4 7.2
    endloop
  endfacet
  facet normal 0 0 1
    outer loop
      vertex 82.1325 101.586 7.2
      vertex 84.9923 103.126 7.2
      vertex 84.9097 103.357 7.2
    endloop
  endfacet
  facet normal -0 0 1
    outer loop
      vertex 82.652 64.9123 7.2
      vertex 85.1 63 7.2
      vertex 82.688 65.155 7.2
    endloop
  endfacet
  facet normal 0 0 1
    outer loop
      vertex 82.1325 101.586 7.2
      vertex 84.9097 103.357 7.2
      vertex 84.8048 103.578 7.2
    endloop
  endfacet
  facet normal -0 0 1
    outer loop
      vertex 82.5924 64.6743 7.2
      vertex 85.1 63 7.2
      vertex 82.652 64.9123 7.2
    endloop
  endfacet
  facet normal 0 0 1
    outer loop
      vertex 82.1325 101.586 7.2
      vertex 84.8048 103.578 7.2
      vertex 84.6787 103.789 7.2
    endloop
  endfacet
  facet normal -0 0 1
    outer loop
      vertex 82.5097 64.4433 7.2
      vertex 85.1 63 7.2
      vertex 82.5924 64.6743 7.2
    endloop
  endfacet
  facet normal 0 0 1
    outer loop
      vertex 81.9678 101.768 7.2
      vertex 84.6787 103.789 7.2
      vertex 84.5325 103.986 7.2
    endloop
  endfacet
  facet normal -0 0 1
    outer loop
      vertex 82.4048 64.2215 7.2
      vertex 85.1 63 7.2
      vertex 82.5097 64.4433 7.2
    endloop
  endfacet
  facet normal 0 0 1
    outer loop
      vertex 81.9678 101.768 7.2
      vertex 84.5325 103.986 7.2
      vertex 84.3678 104.168 7.2
    endloop
  endfacet
  facet normal -0 0 1
    outer loop
      vertex 82.2787 64.0111 7.2
      vertex 85.1 63 7.2
      vertex 82.4048 64.2215 7.2
    endloop
  endfacet
  facet normal 0 0 1
    outer loop
      vertex 81.9678 101.768 7.2
      vertex 84.3678 104.168 7.2
      vertex 84.186 104.333 7.2
    endloop
  endfacet
  facet normal 0 0 1
    outer loop
      vertex 85.1 63 7.2
      vertex 82.2787 64.0111 7.2
      vertex 85.088 62.755 7.2
    endloop
  endfacet
  facet normal 0 0 1
    outer loop
      vertex 81.9678 101.768 7.2
      vertex 84.186 104.333 7.2
      vertex 83.9889 104.479 7.2
    endloop
  endfacet
  facet normal -0 0 1
    outer loop
      vertex 82.1325 63.814 7.2
      vertex 85.088 62.755 7.2
      vertex 82.2787 64.0111 7.2
    endloop
  endfacet
  facet normal 0 0 1
    outer loop
      vertex 81.9678 101.768 7.2
      vertex 83.9889 104.479 7.2
      vertex 83.7785 104.605 7.2
    endloop
  endfacet
  facet normal 0 0 1
    outer loop
      vertex 85.088 62.755 7.2
      vertex 82.1325 63.814 7.2
      vertex 85.052 62.5123 7.2
    endloop
  endfacet
  facet normal 0 0 1
    outer loop
      vertex 81.786 101.933 7.2
      vertex 83.7785 104.605 7.2
      vertex 83.5567 104.71 7.2
    endloop
  endfacet
  facet normal 0 0 1
    outer loop
      vertex 85.052 62.5123 7.2
      vertex 82.1325 63.814 7.2
      vertex 84.9923 62.2743 7.2
    endloop
  endfacet
  facet normal 0 0 1
    outer loop
      vertex 81.786 101.933 7.2
      vertex 83.5567 104.71 7.2
      vertex 83.3257 104.792 7.2
    endloop
  endfacet
  facet normal 0 0 1
    outer loop
      vertex 84.9923 62.2743 7.2
      vertex 82.1325 63.814 7.2
      vertex 84.9097 62.0433 7.2
    endloop
  endfacet
  facet normal 0 0 1
    outer loop
      vertex 81.786 101.933 7.2
      vertex 83.3257 104.792 7.2
      vertex 83.0877 104.852 7.2
    endloop
  endfacet
  facet normal 0 0 1
    outer loop
      vertex 84.9097 62.0433 7.2
      vertex 82.1325 63.814 7.2
      vertex 84.8048 61.8215 7.2
    endloop
  endfacet
  facet normal 0 0 1
    outer loop
      vertex 81.786 101.933 7.2
      vertex 83.0877 104.852 7.2
      vertex 82.845 104.888 7.2
    endloop
  endfacet
  facet normal 0 0 1
    outer loop
      vertex 84.8048 61.8215 7.2
      vertex 82.1325 63.814 7.2
      vertex 84.6787 61.6111 7.2
    endloop
  endfacet
  facet normal -0 0 1
    outer loop
      vertex 81.9678 63.6322 7.2
      vertex 84.6787 61.6111 7.2
      vertex 82.1325 63.814 7.2
    endloop
  endfacet
  facet normal 0 0 1
    outer loop
      vertex 85.1 102.4 7.2
      vertex 82.688 100.245 7.2
      vertex 82.7 100 7.2
    endloop
  endfacet
  facet normal 0 0 1
    outer loop
      vertex 85.1 102.4 7.2
      vertex 82.652 100.488 7.2
      vertex 82.688 100.245 7.2
    endloop
  endfacet
  facet normal 0 0 1
    outer loop
      vertex 81.786 101.933 7.2
      vertex 82.845 104.888 7.2
      vertex 82.6 104.9 7.2
    endloop
  endfacet
  facet normal 0 0 1
    outer loop
      vertex 85.1 102.4 7.2
      vertex 82.5924 100.726 7.2
      vertex 82.652 100.488 7.2
    endloop
  endfacet
  facet normal 0 0 1
    outer loop
      vertex 85.1 102.4 7.2
      vertex 82.5097 100.957 7.2
      vertex 82.5924 100.726 7.2
    endloop
  endfacet
  facet normal 0 0 1
    outer loop
      vertex 85.1 102.4 7.2
      vertex 82.4048 101.178 7.2
      vertex 82.5097 100.957 7.2
    endloop
  endfacet
  facet normal 0 0 1
    outer loop
      vertex 85.1 102.4 7.2
      vertex 82.2787 101.389 7.2
      vertex 82.4048 101.178 7.2
    endloop
  endfacet
  facet normal 0 0 1
    outer loop
      vertex 85.088 102.645 7.2
      vertex 82.1325 101.586 7.2
      vertex 82.2787 101.389 7.2
    endloop
  endfacet
  facet normal 0 0 1
    outer loop
      vertex 84.6787 103.789 7.2
      vertex 81.9678 101.768 7.2
      vertex 82.1325 101.586 7.2
    endloop
  endfacet
  facet normal 0 0 1
    outer loop
      vertex 83.7785 104.605 7.2
      vertex 81.786 101.933 7.2
      vertex 81.9678 101.768 7.2
    endloop
  endfacet
  facet normal 0 0 1
    outer loop
      vertex 82.6 104.9 7.2
      vertex 81.5889 102.079 7.2
      vertex 81.786 101.933 7.2
    endloop
  endfacet
  facet normal 0 0 1
    outer loop
      vertex 82.6 104.9 7.2
      vertex 81.3785 102.205 7.2
      vertex 81.5889 102.079 7.2
    endloop
  endfacet
  facet normal 0 0 1
    outer loop
      vertex 82.6 104.9 7.2
      vertex 81.1567 102.31 7.2
      vertex 81.3785 102.205 7.2
    endloop
  endfacet
  facet normal 0 0 1
    outer loop
      vertex 82.6 104.9 7.2
      vertex 80.9257 102.392 7.2
      vertex 81.1567 102.31 7.2
    endloop
  endfacet
  facet normal 0 0 1
    outer loop
      vertex 82.6 104.9 7.2
      vertex 80.6877 102.452 7.2
      vertex 80.9257 102.392 7.2
    endloop
  endfacet
  facet normal 0 0 1
    outer loop
      vertex 82.6 104.9 7.2
      vertex 80.445 102.488 7.2
      vertex 80.6877 102.452 7.2
    endloop
  endfacet
  facet normal 0 0 1
    outer loop
      vertex 82.6 104.9 7.2
      vertex 80.2 102.5 7.2
      vertex 80.445 102.488 7.2
    endloop
  endfacet
  facet normal 0 0 1
    outer loop
      vertex 82.6 104.9 7.2
      vertex 7.6 102.5 7.2
      vertex 80.2 102.5 7.2
    endloop
  endfacet
  facet normal -0 0 1
    outer loop
      vertex 5.2 104.9 7.2
      vertex 7.6 102.5 7.2
      vertex 82.6 104.9 7.2
    endloop
  endfacet
  facet normal 0 0 1
    outer loop
      vertex 5.2 104.9 7.2
      vertex 7.35496 102.488 7.2
      vertex 7.6 102.5 7.2
    endloop
  endfacet
  facet normal 0 0 1
    outer loop
      vertex 5.2 104.9 7.2
      vertex 7.11227 102.452 7.2
      vertex 7.35496 102.488 7.2
    endloop
  endfacet
  facet normal 0 0 1
    outer loop
      vertex 5.2 104.9 7.2
      vertex 6.87429 102.392 7.2
      vertex 7.11227 102.452 7.2
    endloop
  endfacet
  facet normal 0 0 1
    outer loop
      vertex 5.2 104.9 7.2
      vertex 6.64329 102.31 7.2
      vertex 6.87429 102.392 7.2
    endloop
  endfacet
  facet normal 0 0 1
    outer loop
      vertex 5.2 104.9 7.2
      vertex 6.42151 102.205 7.2
      vertex 6.64329 102.31 7.2
    endloop
  endfacet
  facet normal 0 0 1
    outer loop
      vertex 5.2 104.9 7.2
      vertex 6.21107 102.079 7.2
      vertex 6.42151 102.205 7.2
    endloop
  endfacet
  facet normal 0 0 1
    outer loop
      vertex 5.2 104.9 7.2
      vertex 6.01402 101.933 7.2
      vertex 6.21107 102.079 7.2
    endloop
  endfacet
  facet normal -0 0 1
    outer loop
      vertex 4.95496 104.888 7.2
      vertex 6.01402 101.933 7.2
      vertex 5.2 104.9 7.2
    endloop
  endfacet
  facet normal -0 0 1
    outer loop
      vertex 4.71227 104.852 7.2
      vertex 6.01402 101.933 7.2
      vertex 4.95496 104.888 7.2
    endloop
  endfacet
  facet normal -0 0 1
    outer loop
      vertex 4.47429 104.792 7.2
      vertex 6.01402 101.933 7.2
      vertex 4.71227 104.852 7.2
    endloop
  endfacet
  facet normal -0 0 1
    outer loop
      vertex 4.24329 104.71 7.2
      vertex 6.01402 101.933 7.2
      vertex 4.47429 104.792 7.2
    endloop
  endfacet
  facet normal -0 0 1
    outer loop
      vertex 4.02151 104.605 7.2
      vertex 6.01402 101.933 7.2
      vertex 4.24329 104.71 7.2
    endloop
  endfacet
  facet normal 0 0 1
    outer loop
      vertex 6.01402 101.933 7.2
      vertex 4.02151 104.605 7.2
      vertex 5.83223 101.768 7.2
    endloop
  endfacet
  facet normal -0 0 1
    outer loop
      vertex 3.81107 104.479 7.2
      vertex 5.83223 101.768 7.2
      vertex 4.02151 104.605 7.2
    endloop
  endfacet
  facet normal -0 0 1
    outer loop
      vertex 3.61402 104.333 7.2
      vertex 5.83223 101.768 7.2
      vertex 3.81107 104.479 7.2
    endloop
  endfacet
  facet normal -0 0 1
    outer loop
      vertex 3.43223 104.168 7.2
      vertex 5.83223 101.768 7.2
      vertex 3.61402 104.333 7.2
    endloop
  endfacet
  facet normal -0 0 1
    outer loop
      vertex 3.12133 103.789 7.2
      vertex 5.83223 101.768 7.2
      vertex 3.26747 103.986 7.2
    endloop
  endfacet
  facet normal -0 0 1
    outer loop
      vertex 3.26747 103.986 7.2
      vertex 5.83223 101.768 7.2
      vertex 3.43223 104.168 7.2
    endloop
  endfacet
  facet normal 0 0 1
    outer loop
      vertex 84.6787 61.6111 7.2
      vertex 81.9678 63.6322 7.2
      vertex 84.5325 61.414 7.2
    endloop
  endfacet
  facet normal 0 0 1
    outer loop
      vertex 84.5325 61.414 7.2
      vertex 81.9678 63.6322 7.2
      vertex 84.3678 61.2322 7.2
    endloop
  endfacet
  facet normal 0 0 1
    outer loop
      vertex 84.3678 61.2322 7.2
      vertex 81.9678 63.6322 7.2
      vertex 84.186 61.0675 7.2
    endloop
  endfacet
  facet normal 0 0 1
    outer loop
      vertex 84.186 61.0675 7.2
      vertex 81.9678 63.6322 7.2
      vertex 83.9889 60.9213 7.2
    endloop
  endfacet
  facet normal 0 0 1
    outer loop
      vertex 83.9889 60.9213 7.2
      vertex 81.9678 63.6322 7.2
      vertex 83.7785 60.7952 7.2
    endloop
  endfacet
  facet normal -0 0 1
    outer loop
      vertex 81.786 63.4675 7.2
      vertex 83.7785 60.7952 7.2
      vertex 81.9678 63.6322 7.2
    endloop
  endfacet
  facet normal 0 0 1
    outer loop
      vertex 83.7785 60.7952 7.2
      vertex 81.786 63.4675 7.2
      vertex 83.5567 60.6903 7.2
    endloop
  endfacet
  facet normal 0 0 1
    outer loop
      vertex 83.5567 60.6903 7.2
      vertex 81.786 63.4675 7.2
      vertex 83.3257 60.6077 7.2
    endloop
  endfacet
  facet normal 0 0 1
    outer loop
      vertex 83.3257 60.6077 7.2
      vertex 81.786 63.4675 7.2
      vertex 83.0877 60.548 7.2
    endloop
  endfacet
  facet normal 0 0 1
    outer loop
      vertex 83.0877 60.548 7.2
      vertex 81.786 63.4675 7.2
      vertex 82.845 60.512 7.2
    endloop
  endfacet
  facet normal 0 0 1
    outer loop
      vertex 82.845 60.512 7.2
      vertex 81.786 63.4675 7.2
      vertex 82.6 60.5 7.2
    endloop
  endfacet
  facet normal -0 0 1
    outer loop
      vertex 81.5889 63.3213 7.2
      vertex 82.6 60.5 7.2
      vertex 81.786 63.4675 7.2
    endloop
  endfacet
  facet normal -0 0 1
    outer loop
      vertex 81.3785 63.1952 7.2
      vertex 82.6 60.5 7.2
      vertex 81.5889 63.3213 7.2
    endloop
  endfacet
  facet normal -0 0 1
    outer loop
      vertex 81.1567 63.0903 7.2
      vertex 82.6 60.5 7.2
      vertex 81.3785 63.1952 7.2
    endloop
  endfacet
  facet normal -0 0 1
    outer loop
      vertex 80.9257 63.0076 7.2
      vertex 82.6 60.5 7.2
      vertex 81.1567 63.0903 7.2
    endloop
  endfacet
  facet normal -0 0 1
    outer loop
      vertex 80.6877 62.948 7.2
      vertex 82.6 60.5 7.2
      vertex 80.9257 63.0076 7.2
    endloop
  endfacet
  facet normal -0 0 1
    outer loop
      vertex 80.445 62.912 7.2
      vertex 82.6 60.5 7.2
      vertex 80.6877 62.948 7.2
    endloop
  endfacet
  facet normal -0 0 1
    outer loop
      vertex 80.2 62.9 7.2
      vertex 82.6 60.5 7.2
      vertex 80.445 62.912 7.2
    endloop
  endfacet
  facet normal -0 0 1
    outer loop
      vertex 7.6 62.9 7.2
      vertex 82.6 60.5 7.2
      vertex 80.2 62.9 7.2
    endloop
  endfacet
  facet normal 0 0 1
    outer loop
      vertex 7.6 62.9 7.2
      vertex 5.2 60.5 7.2
      vertex 82.6 60.5 7.2
    endloop
  endfacet
  facet normal 0 0 1
    outer loop
      vertex 7.35496 62.912 7.2
      vertex 5.2 60.5 7.2
      vertex 7.6 62.9 7.2
    endloop
  endfacet
  facet normal 0 0 1
    outer loop
      vertex 7.11227 62.948 7.2
      vertex 5.2 60.5 7.2
      vertex 7.35496 62.912 7.2
    endloop
  endfacet
  facet normal 0 0 1
    outer loop
      vertex 6.87429 63.0076 7.2
      vertex 5.2 60.5 7.2
      vertex 7.11227 62.948 7.2
    endloop
  endfacet
  facet normal 0 0 1
    outer loop
      vertex 6.64329 63.0903 7.2
      vertex 5.2 60.5 7.2
      vertex 6.87429 63.0076 7.2
    endloop
  endfacet
  facet normal 0 0 1
    outer loop
      vertex 6.42151 63.1952 7.2
      vertex 5.2 60.5 7.2
      vertex 6.64329 63.0903 7.2
    endloop
  endfacet
  facet normal 0 0 1
    outer loop
      vertex 6.21107 63.3213 7.2
      vertex 5.2 60.5 7.2
      vertex 6.42151 63.1952 7.2
    endloop
  endfacet
  facet normal 0 0 1
    outer loop
      vertex 6.01402 63.4675 7.2
      vertex 5.2 60.5 7.2
      vertex 6.21107 63.3213 7.2
    endloop
  endfacet
  facet normal 0 0 1
    outer loop
      vertex 4.02151 60.7952 7.2
      vertex 6.01402 63.4675 7.2
      vertex 5.83223 63.6322 7.2
    endloop
  endfacet
  facet normal 0 0 1
    outer loop
      vertex 3.12133 61.6111 7.2
      vertex 5.83223 63.6322 7.2
      vertex 5.66747 63.814 7.2
    endloop
  endfacet
  facet normal 0 0 1
    outer loop
      vertex 2.71204 62.755 7.2
      vertex 5.66747 63.814 7.2
      vertex 5.52133 64.0111 7.2
    endloop
  endfacet
  facet normal 0 0 1
    outer loop
      vertex 2.7 63 7.2
      vertex 5.52133 64.0111 7.2
      vertex 5.3952 64.2215 7.2
    endloop
  endfacet
  facet normal 0 0 1
    outer loop
      vertex 2.7 63 7.2
      vertex 5.3952 64.2215 7.2
      vertex 5.2903 64.4433 7.2
    endloop
  endfacet
  facet normal 0 0 1
    outer loop
      vertex 2.7 63 7.2
      vertex 5.2903 64.4433 7.2
      vertex 5.20765 64.6743 7.2
    endloop
  endfacet
  facet normal 0 0 1
    outer loop
      vertex 2.7 63 7.2
      vertex 5.20765 64.6743 7.2
      vertex 5.14804 64.9123 7.2
    endloop
  endfacet
  facet normal 0 0 1
    outer loop
      vertex 2.7 63 7.2
      vertex 5.14804 64.9123 7.2
      vertex 5.11204 65.155 7.2
    endloop
  endfacet
  facet normal 0 0 1
    outer loop
      vertex 2.7 63 7.2
      vertex 5.11204 65.155 7.2
      vertex 5.1 65.4 7.2
    endloop
  endfacet
  facet normal 0 0 1
    outer loop
      vertex 6.01402 63.4675 7.2
      vertex 4.95496 60.512 7.2
      vertex 5.2 60.5 7.2
    endloop
  endfacet
  facet normal 0 0 1
    outer loop
      vertex 5.1 100 7.2
      vertex 2.7 102.4 7.2
      vertex 5.1 65.4 7.2
    endloop
  endfacet
  facet normal 0 0 1
    outer loop
      vertex 5.83223 101.768 7.2
      vertex 3.12133 103.789 7.2
      vertex 5.66747 101.586 7.2
    endloop
  endfacet
  facet normal 0 0 1
    outer loop
      vertex 2.7 63 7.2
      vertex 5.1 65.4 7.2
      vertex 2.7 102.4 7.2
    endloop
  endfacet
  facet normal -0 0 1
    outer loop
      vertex 2.9952 103.578 7.2
      vertex 5.66747 101.586 7.2
      vertex 3.12133 103.789 7.2
    endloop
  endfacet
  facet normal 0 0 1
    outer loop
      vertex 5.52133 64.0111 7.2
      vertex 2.7 63 7.2
      vertex 2.71204 62.755 7.2
    endloop
  endfacet
  facet normal -0 0 1
    outer loop
      vertex 2.8903 103.357 7.2
      vertex 5.66747 101.586 7.2
      vertex 2.9952 103.578 7.2
    endloop
  endfacet
  facet normal 0 0 1
    outer loop
      vertex 6.01402 63.4675 7.2
      vertex 4.71227 60.548 7.2
      vertex 4.95496 60.512 7.2
    endloop
  endfacet
  facet normal -0 0 1
    outer loop
      vertex 2.80765 103.126 7.2
      vertex 5.66747 101.586 7.2
      vertex 2.8903 103.357 7.2
    endloop
  endfacet
  facet normal 0 0 1
    outer loop
      vertex 6.01402 63.4675 7.2
      vertex 4.47429 60.6077 7.2
      vertex 4.71227 60.548 7.2
    endloop
  endfacet
  facet normal -0 0 1
    outer loop
      vertex 2.74804 102.888 7.2
      vertex 5.66747 101.586 7.2
      vertex 2.80765 103.126 7.2
    endloop
  endfacet
  facet normal 0 0 1
    outer loop
      vertex 6.01402 63.4675 7.2
      vertex 4.24329 60.6903 7.2
      vertex 4.47429 60.6077 7.2
    endloop
  endfacet
  facet normal -0 0 1
    outer loop
      vertex 2.71204 102.645 7.2
      vertex 5.66747 101.586 7.2
      vertex 2.74804 102.888 7.2
    endloop
  endfacet
  facet normal 0 0 1
    outer loop
      vertex 6.01402 63.4675 7.2
      vertex 4.02151 60.7952 7.2
      vertex 4.24329 60.6903 7.2
    endloop
  endfacet
  facet normal 0 0 1
    outer loop
      vertex 5.66747 101.586 7.2
      vertex 2.71204 102.645 7.2
      vertex 5.52133 101.389 7.2
    endloop
  endfacet
  facet normal 0 0 1
    outer loop
      vertex 5.83223 63.6322 7.2
      vertex 3.81107 60.9213 7.2
      vertex 4.02151 60.7952 7.2
    endloop
  endfacet
  facet normal -0 0 1
    outer loop
      vertex 2.7 102.4 7.2
      vertex 5.52133 101.389 7.2
      vertex 2.71204 102.645 7.2
    endloop
  endfacet
  facet normal 0 0 1
    outer loop
      vertex 5.83223 63.6322 7.2
      vertex 3.61402 61.0675 7.2
      vertex 3.81107 60.9213 7.2
    endloop
  endfacet
  facet normal 0 0 1
    outer loop
      vertex 5.11204 100.245 7.2
      vertex 2.7 102.4 7.2
      vertex 5.1 100 7.2
    endloop
  endfacet
  facet normal 0 0 1
    outer loop
      vertex 5.83223 63.6322 7.2
      vertex 3.43223 61.2322 7.2
      vertex 3.61402 61.0675 7.2
    endloop
  endfacet
  facet normal 0 0 1
    outer loop
      vertex 5.52133 101.389 7.2
      vertex 2.7 102.4 7.2
      vertex 5.3952 101.178 7.2
    endloop
  endfacet
  facet normal 0 0 1
    outer loop
      vertex 5.83223 63.6322 7.2
      vertex 3.26747 61.414 7.2
      vertex 3.43223 61.2322 7.2
    endloop
  endfacet
  facet normal 0 0 1
    outer loop
      vertex 5.3952 101.178 7.2
      vertex 2.7 102.4 7.2
      vertex 5.2903 100.957 7.2
    endloop
  endfacet
  facet normal 0 0 1
    outer loop
      vertex 5.83223 63.6322 7.2
      vertex 3.12133 61.6111 7.2
      vertex 3.26747 61.414 7.2
    endloop
  endfacet
  facet normal 0 0 1
    outer loop
      vertex 5.2903 100.957 7.2
      vertex 2.7 102.4 7.2
      vertex 5.20765 100.726 7.2
    endloop
  endfacet
  facet normal 0 0 1
    outer loop
      vertex 5.66747 63.814 7.2
      vertex 2.9952 61.8215 7.2
      vertex 3.12133 61.6111 7.2
    endloop
  endfacet
  facet normal 0 0 1
    outer loop
      vertex 5.20765 100.726 7.2
      vertex 2.7 102.4 7.2
      vertex 5.14804 100.488 7.2
    endloop
  endfacet
  facet normal 0 0 1
    outer loop
      vertex 5.66747 63.814 7.2
      vertex 2.8903 62.0433 7.2
      vertex 2.9952 61.8215 7.2
    endloop
  endfacet
  facet normal 0 0 1
    outer loop
      vertex 5.14804 100.488 7.2
      vertex 2.7 102.4 7.2
      vertex 5.11204 100.245 7.2
    endloop
  endfacet
  facet normal 0 0 1
    outer loop
      vertex 5.66747 63.814 7.2
      vertex 2.80765 62.2743 7.2
      vertex 2.8903 62.0433 7.2
    endloop
  endfacet
  facet normal 0 0 1
    outer loop
      vertex 5.66747 63.814 7.2
      vertex 2.74804 62.5123 7.2
      vertex 2.80765 62.2743 7.2
    endloop
  endfacet
  facet normal 0 0 1
    outer loop
      vertex 5.66747 63.814 7.2
      vertex 2.71204 62.755 7.2
      vertex 2.74804 62.5123 7.2
    endloop
  endfacet
  facet normal 0.989177 -0.146726 0
    outer loop
      vertex 85.052 62.5123 7.2
      vertex 85.088 62.755 3.2
      vertex 85.088 62.755 7.2
    endloop
  endfacet
  facet normal 0.989177 -0.146726 0
    outer loop
      vertex 85.088 62.755 3.2
      vertex 85.052 62.5123 7.2
      vertex 85.052 62.5123 3.2
    endloop
  endfacet
  facet normal 0.334527 -0.942386 0
    outer loop
      vertex 6.64329 102.31 3.2
      vertex 6.87429 102.392 7.2
      vertex 6.64329 102.31 7.2
    endloop
  endfacet
  facet normal 0.334527 -0.942386 0
    outer loop
      vertex 6.87429 102.392 7.2
      vertex 6.64329 102.31 3.2
      vertex 6.87429 102.392 3.2
    endloop
  endfacet
  facet normal 0.595851 0.803095 -0
    outer loop
      vertex 6.21107 63.3213 3.2
      vertex 6.01402 63.4675 7.2
      vertex 6.21107 63.3213 7.2
    endloop
  endfacet
  facet normal 0.595851 0.803095 0
    outer loop
      vertex 6.01402 63.4675 7.2
      vertex 6.21107 63.3213 3.2
      vertex 6.01402 63.4675 3.2
    endloop
  endfacet
  facet normal -0.427876 -0.903837 0
    outer loop
      vertex 81.1567 102.31 3.2
      vertex 81.3785 102.205 7.2
      vertex 81.1567 102.31 7.2
    endloop
  endfacet
  facet normal -0.427876 -0.903837 -0
    outer loop
      vertex 81.3785 102.205 7.2
      vertex 81.1567 102.31 3.2
      vertex 81.3785 102.205 3.2
    endloop
  endfacet
  facet normal -0.0489209 -0.998803 0
    outer loop
      vertex 80.2 102.5 3.2
      vertex 80.445 102.488 7.2
      vertex 80.2 102.5 7.2
    endloop
  endfacet
  facet normal -0.0489209 -0.998803 -0
    outer loop
      vertex 80.445 102.488 7.2
      vertex 80.2 102.5 3.2
      vertex 80.445 102.488 3.2
    endloop
  endfacet
  facet normal -0.146726 0.989177 0
    outer loop
      vertex 80.6877 62.948 3.2
      vertex 80.445 62.912 7.2
      vertex 80.6877 62.948 7.2
    endloop
  endfacet
  facet normal -0.146726 0.989177 0
    outer loop
      vertex 80.445 62.912 7.2
      vertex 80.6877 62.948 3.2
      vertex 80.445 62.912 3.2
    endloop
  endfacet
  facet normal -0.803167 0.595754 0
    outer loop
      vertex 82.1325 63.814 3.2
      vertex 82.2787 64.0111 7.2
      vertex 82.2787 64.0111 3.2
    endloop
  endfacet
  facet normal -0.803167 0.595754 0
    outer loop
      vertex 82.2787 64.0111 7.2
      vertex 82.1325 63.814 3.2
      vertex 82.1325 63.814 7.2
    endloop
  endfacet
  facet normal 1 -0 0
    outer loop
      vertex 5.1 65.4 7.2
      vertex 5.1 100 3.2
      vertex 5.1 100 7.2
    endloop
  endfacet
  facet normal 1 0 0
    outer loop
      vertex 5.1 100 3.2
      vertex 5.1 65.4 7.2
      vertex 5.1 65.4 3.2
    endloop
  endfacet
  facet normal -0.244452 -0.969661 0
    outer loop
      vertex 80.6877 102.452 3.2
      vertex 80.9257 102.392 7.2
      vertex 80.6877 102.452 7.2
    endloop
  endfacet
  facet normal -0.244452 -0.969661 -0
    outer loop
      vertex 80.9257 102.392 7.2
      vertex 80.6877 102.452 3.2
      vertex 80.9257 102.392 3.2
    endloop
  endfacet
  facet normal 0.741347 -0.671122 0
    outer loop
      vertex 5.66747 101.586 7.2
      vertex 5.83223 101.768 3.2
      vertex 5.83223 101.768 7.2
    endloop
  endfacet
  facet normal 0.741347 -0.671122 0
    outer loop
      vertex 5.83223 101.768 3.2
      vertex 5.66747 101.586 7.2
      vertex 5.66747 101.586 3.2
    endloop
  endfacet
  facet normal 0 -1 0
    outer loop
      vertex 7.6 102.5 3.2
      vertex 80.2 102.5 7.2
      vertex 7.6 102.5 7.2
    endloop
  endfacet
  facet normal 0 -1 -0
    outer loop
      vertex 80.2 102.5 7.2
      vertex 7.6 102.5 3.2
      vertex 80.2 102.5 3.2
    endloop
  endfacet
  facet normal 0 1 -0
    outer loop
      vertex 80.2 62.9 3.2
      vertex 7.6 62.9 7.2
      vertex 80.2 62.9 7.2
    endloop
  endfacet
  facet normal 0 1 0
    outer loop
      vertex 7.6 62.9 7.2
      vertex 80.2 62.9 3.2
      vertex 7.6 62.9 3.2
    endloop
  endfacet
  facet normal 0.941548 0.336879 0
    outer loop
      vertex 5.2903 64.4433 7.2
      vertex 5.20765 64.6743 3.2
      vertex 5.20765 64.6743 7.2
    endloop
  endfacet
  facet normal 0.941548 0.336879 0
    outer loop
      vertex 5.20765 64.6743 3.2
      vertex 5.2903 64.4433 7.2
      vertex 5.2903 64.4433 3.2
    endloop
  endfacet
  facet normal 0.672085 -0.740474 0
    outer loop
      vertex 5.83223 101.768 3.2
      vertex 6.01402 101.933 7.2
      vertex 5.83223 101.768 7.2
    endloop
  endfacet
  facet normal 0.672085 -0.740474 0
    outer loop
      vertex 6.01402 101.933 7.2
      vertex 5.83223 101.768 3.2
      vertex 6.01402 101.933 3.2
    endloop
  endfacet
  facet normal 0.595325 -0.803485 0
    outer loop
      vertex 6.01402 101.933 3.2
      vertex 6.21107 102.079 7.2
      vertex 6.01402 101.933 7.2
    endloop
  endfacet
  facet normal 0.595325 -0.803485 0
    outer loop
      vertex 6.21107 102.079 7.2
      vertex 6.01402 101.933 3.2
      vertex 6.21107 102.079 3.2
    endloop
  endfacet
  facet normal 0.048913 -0.998803 0
    outer loop
      vertex 7.35496 102.488 3.2
      vertex 7.6 102.5 7.2
      vertex 7.35496 102.488 7.2
    endloop
  endfacet
  facet normal 0.048913 -0.998803 0
    outer loop
      vertex 7.6 102.5 7.2
      vertex 7.35496 102.488 3.2
      vertex 7.6 102.5 3.2
    endloop
  endfacet
  facet normal 0.427908 -0.903822 0
    outer loop
      vertex 6.42151 102.205 3.2
      vertex 6.64329 102.31 7.2
      vertex 6.42151 102.205 7.2
    endloop
  endfacet
  facet normal 0.427908 -0.903822 0
    outer loop
      vertex 6.64329 102.31 7.2
      vertex 6.42151 102.205 3.2
      vertex 6.64329 102.31 3.2
    endloop
  endfacet
  facet normal -0.146726 -0.989177 0
    outer loop
      vertex 80.445 102.488 3.2
      vertex 80.6877 102.452 7.2
      vertex 80.445 102.488 7.2
    endloop
  endfacet
  facet normal -0.146726 -0.989177 -0
    outer loop
      vertex 80.6877 102.452 7.2
      vertex 80.445 102.488 3.2
      vertex 80.6877 102.452 3.2
    endloop
  endfacet
  facet normal 0.427575 0.90398 -0
    outer loop
      vertex 6.64329 63.0903 3.2
      vertex 6.42151 63.1952 7.2
      vertex 6.64329 63.0903 7.2
    endloop
  endfacet
  facet normal 0.427575 0.90398 0
    outer loop
      vertex 6.42151 63.1952 7.2
      vertex 6.64329 63.0903 3.2
      vertex 6.42151 63.1952 3.2
    endloop
  endfacet
  facet normal 0.244472 -0.969656 0
    outer loop
      vertex 6.87429 102.392 3.2
      vertex 7.11227 102.452 7.2
      vertex 6.87429 102.392 7.2
    endloop
  endfacet
  facet normal 0.244472 -0.969656 0
    outer loop
      vertex 7.11227 102.452 7.2
      vertex 6.87429 102.392 3.2
      vertex 7.11227 102.452 3.2
    endloop
  endfacet
  facet normal -0.595228 -0.803557 0
    outer loop
      vertex 81.5889 102.079 3.2
      vertex 81.786 101.933 7.2
      vertex 81.5889 102.079 7.2
    endloop
  endfacet
  facet normal -0.595228 -0.803557 -0
    outer loop
      vertex 81.786 101.933 7.2
      vertex 81.5889 102.079 3.2
      vertex 81.786 101.933 3.2
    endloop
  endfacet
  facet normal -0.741468 -0.670988 0
    outer loop
      vertex 82.1325 101.586 3.2
      vertex 81.9678 101.768 7.2
      vertex 81.9678 101.768 3.2
    endloop
  endfacet
  facet normal -0.741468 -0.670988 0
    outer loop
      vertex 81.9678 101.768 7.2
      vertex 82.1325 101.586 3.2
      vertex 82.1325 101.586 7.2
    endloop
  endfacet
  facet normal -0.513776 -0.857924 0
    outer loop
      vertex 81.3785 102.205 3.2
      vertex 81.5889 102.079 7.2
      vertex 81.3785 102.205 7.2
    endloop
  endfacet
  facet normal -0.513776 -0.857924 -0
    outer loop
      vertex 81.5889 102.079 7.2
      vertex 81.3785 102.205 3.2
      vertex 81.5889 102.079 3.2
    endloop
  endfacet
  facet normal 0.048913 0.998803 -0
    outer loop
      vertex 7.6 62.9 3.2
      vertex 7.35496 62.912 7.2
      vertex 7.6 62.9 7.2
    endloop
  endfacet
  facet normal 0.048913 0.998803 0
    outer loop
      vertex 7.35496 62.912 7.2
      vertex 7.6 62.9 3.2
      vertex 7.35496 62.912 3.2
    endloop
  endfacet
  facet normal 0.998795 -0.0490836 0
    outer loop
      vertex 5.1 100 7.2
      vertex 5.11204 100.245 3.2
      vertex 5.11204 100.245 7.2
    endloop
  endfacet
  facet normal 0.998795 -0.0490836 0
    outer loop
      vertex 5.11204 100.245 3.2
      vertex 5.1 100 7.2
      vertex 5.1 100 3.2
    endloop
  endfacet
  facet normal 0.740979 0.671528 0
    outer loop
      vertex 5.83223 63.6322 7.2
      vertex 5.66747 63.814 3.2
      vertex 5.66747 63.814 7.2
    endloop
  endfacet
  facet normal 0.740979 0.671528 0
    outer loop
      vertex 5.66747 63.814 3.2
      vertex 5.83223 63.6322 7.2
      vertex 5.83223 63.6322 3.2
    endloop
  endfacet
  facet normal -0.0489209 0.998803 0
    outer loop
      vertex 80.445 62.912 3.2
      vertex 80.2 62.9 7.2
      vertex 80.445 62.912 7.2
    endloop
  endfacet
  facet normal -0.0489209 0.998803 0
    outer loop
      vertex 80.2 62.9 7.2
      vertex 80.445 62.912 3.2
      vertex 80.2 62.9 3.2
    endloop
  endfacet
  facet normal -1 0 0
    outer loop
      vertex 82.7 65.4 3.2
      vertex 82.7 100 7.2
      vertex 82.7 100 3.2
    endloop
  endfacet
  facet normal -1 -0 0
    outer loop
      vertex 82.7 100 7.2
      vertex 82.7 65.4 3.2
      vertex 82.7 65.4 7.2
    endloop
  endfacet
  facet normal -0.941483 0.337059 0
    outer loop
      vertex 82.5097 64.4433 3.2
      vertex 82.5924 64.6743 7.2
      vertex 82.5924 64.6743 3.2
    endloop
  endfacet
  facet normal -0.941483 0.337059 0
    outer loop
      vertex 82.5924 64.6743 7.2
      vertex 82.5097 64.4433 3.2
      vertex 82.5097 64.4433 7.2
    endloop
  endfacet
  facet normal -0.427543 0.903995 0
    outer loop
      vertex 81.3785 63.1952 3.2
      vertex 81.1567 63.0903 7.2
      vertex 81.3785 63.1952 7.2
    endloop
  endfacet
  facet normal -0.427543 0.903995 0
    outer loop
      vertex 81.1567 63.0903 7.2
      vertex 81.3785 63.1952 3.2
      vertex 81.1567 63.0903 3.2
    endloop
  endfacet
  facet normal 0.146732 -0.989176 0
    outer loop
      vertex 7.11227 102.452 3.2
      vertex 7.35496 102.488 7.2
      vertex 7.11227 102.452 7.2
    endloop
  endfacet
  facet normal 0.146732 -0.989176 0
    outer loop
      vertex 7.35496 102.488 7.2
      vertex 7.11227 102.452 3.2
      vertex 7.35496 102.488 3.2
    endloop
  endfacet
  facet normal 0.513704 -0.857967 0
    outer loop
      vertex 6.21107 102.079 3.2
      vertex 6.42151 102.205 7.2
      vertex 6.21107 102.079 7.2
    endloop
  endfacet
  facet normal 0.513704 -0.857967 0
    outer loop
      vertex 6.42151 102.205 7.2
      vertex 6.21107 102.079 3.2
      vertex 6.42151 102.205 3.2
    endloop
  endfacet
  facet normal -0.242919 0.970047 0
    outer loop
      vertex 80.9257 63.0076 3.2
      vertex 80.6877 62.948 7.2
      vertex 80.9257 63.0076 7.2
    endloop
  endfacet
  facet normal -0.242919 0.970047 0
    outer loop
      vertex 80.6877 62.948 7.2
      vertex 80.9257 63.0076 3.2
      vertex 80.6877 62.948 3.2
    endloop
  endfacet
  facet normal 0.337059 0.941483 -0
    outer loop
      vertex 6.87429 63.0076 3.2
      vertex 6.64329 63.0903 7.2
      vertex 6.87429 63.0076 7.2
    endloop
  endfacet
  facet normal 0.337059 0.941483 0
    outer loop
      vertex 6.64329 63.0903 7.2
      vertex 6.87429 63.0076 3.2
      vertex 6.64329 63.0903 3.2
    endloop
  endfacet
  facet normal -0.334527 -0.942386 0
    outer loop
      vertex 80.9257 102.392 3.2
      vertex 81.1567 102.31 7.2
      vertex 80.9257 102.392 7.2
    endloop
  endfacet
  facet normal -0.334527 -0.942386 -0
    outer loop
      vertex 81.1567 102.31 7.2
      vertex 80.9257 102.392 3.2
      vertex 81.1567 102.31 3.2
    endloop
  endfacet
  facet normal -0.858389 -0.512999 0
    outer loop
      vertex 82.4048 101.178 3.2
      vertex 82.2787 101.389 7.2
      vertex 82.2787 101.389 3.2
    endloop
  endfacet
  facet normal -0.858389 -0.512999 0
    outer loop
      vertex 82.2787 101.389 7.2
      vertex 82.4048 101.178 3.2
      vertex 82.4048 101.178 7.2
    endloop
  endfacet
  facet normal 0.970037 -0.242958 0
    outer loop
      vertex 5.14804 100.488 7.2
      vertex 5.20765 100.726 3.2
      vertex 5.20765 100.726 7.2
    endloop
  endfacet
  facet normal 0.970037 -0.242958 0
    outer loop
      vertex 5.20765 100.726 3.2
      vertex 5.14804 100.488 7.2
      vertex 5.14804 100.488 3.2
    endloop
  endfacet
  facet normal 0.803284 0.595596 0
    outer loop
      vertex 5.66747 63.814 7.2
      vertex 5.52133 64.0111 3.2
      vertex 5.52133 64.0111 7.2
    endloop
  endfacet
  facet normal 0.803284 0.595596 0
    outer loop
      vertex 5.52133 64.0111 3.2
      vertex 5.66747 63.814 7.2
      vertex 5.66747 63.814 3.2
    endloop
  endfacet
  facet normal 0.903995 0.427543 0
    outer loop
      vertex 5.3952 64.2215 7.2
      vertex 5.2903 64.4433 3.2
      vertex 5.2903 64.4433 7.2
    endloop
  endfacet
  facet normal 0.903995 0.427543 0
    outer loop
      vertex 5.2903 64.4433 3.2
      vertex 5.3952 64.2215 7.2
      vertex 5.3952 64.2215 3.2
    endloop
  endfacet
  facet normal 0.80314 -0.595791 0
    outer loop
      vertex 5.52133 101.389 7.2
      vertex 5.66747 101.586 3.2
      vertex 5.66747 101.586 7.2
    endloop
  endfacet
  facet normal 0.80314 -0.595791 0
    outer loop
      vertex 5.66747 101.586 3.2
      vertex 5.52133 101.389 7.2
      vertex 5.52133 101.389 3.2
    endloop
  endfacet
  facet normal 0.970037 0.242958 0
    outer loop
      vertex 5.20765 64.6743 7.2
      vertex 5.14804 64.9123 3.2
      vertex 5.14804 64.9123 7.2
    endloop
  endfacet
  facet normal 0.970037 0.242958 0
    outer loop
      vertex 5.14804 64.9123 3.2
      vertex 5.20765 64.6743 7.2
      vertex 5.20765 64.6743 3.2
    endloop
  endfacet
  facet normal 0.858335 -0.513089 0
    outer loop
      vertex 5.3952 101.178 7.2
      vertex 5.52133 101.389 3.2
      vertex 5.52133 101.389 7.2
    endloop
  endfacet
  facet normal 0.858335 -0.513089 0
    outer loop
      vertex 5.52133 101.389 3.2
      vertex 5.3952 101.178 7.2
      vertex 5.3952 101.178 3.2
    endloop
  endfacet
  facet normal 0.857691 0.514166 0
    outer loop
      vertex 5.52133 64.0111 7.2
      vertex 5.3952 64.2215 3.2
      vertex 5.3952 64.2215 7.2
    endloop
  endfacet
  facet normal 0.857691 0.514166 0
    outer loop
      vertex 5.3952 64.2215 3.2
      vertex 5.52133 64.0111 7.2
      vertex 5.52133 64.0111 3.2
    endloop
  endfacet
  facet normal -0.672064 -0.740493 0
    outer loop
      vertex 81.786 101.933 3.2
      vertex 81.9678 101.768 7.2
      vertex 81.786 101.933 7.2
    endloop
  endfacet
  facet normal -0.672064 -0.740493 -0
    outer loop
      vertex 81.9678 101.768 7.2
      vertex 81.786 101.933 3.2
      vertex 81.9678 101.768 3.2
    endloop
  endfacet
  facet normal -0.903396 -0.428807 0
    outer loop
      vertex 82.5097 100.957 3.2
      vertex 82.4048 101.178 7.2
      vertex 82.4048 101.178 3.2
    endloop
  endfacet
  facet normal -0.903396 -0.428807 0
    outer loop
      vertex 82.4048 101.178 7.2
      vertex 82.5097 100.957 3.2
      vertex 82.5097 100.957 7.2
    endloop
  endfacet
  facet normal -0.671394 0.741101 0
    outer loop
      vertex 81.9678 63.6322 3.2
      vertex 81.786 63.4675 7.2
      vertex 81.9678 63.6322 7.2
    endloop
  endfacet
  facet normal -0.671394 0.741101 0
    outer loop
      vertex 81.786 63.4675 7.2
      vertex 81.9678 63.6322 3.2
      vertex 81.786 63.4675 3.2
    endloop
  endfacet
  facet normal 0.242938 0.970042 -0
    outer loop
      vertex 7.11227 62.948 3.2
      vertex 6.87429 63.0076 7.2
      vertex 7.11227 62.948 7.2
    endloop
  endfacet
  facet normal 0.242938 0.970042 0
    outer loop
      vertex 6.87429 63.0076 7.2
      vertex 7.11227 62.948 3.2
      vertex 6.87429 63.0076 3.2
    endloop
  endfacet
  facet normal 0.514004 0.857788 -0
    outer loop
      vertex 6.42151 63.1952 3.2
      vertex 6.21107 63.3213 7.2
      vertex 6.42151 63.1952 7.2
    endloop
  endfacet
  facet normal 0.514004 0.857788 0
    outer loop
      vertex 6.21107 63.3213 7.2
      vertex 6.42151 63.1952 3.2
      vertex 6.21107 63.3213 3.2
    endloop
  endfacet
  facet normal 0.146732 0.989176 -0
    outer loop
      vertex 7.35496 62.912 3.2
      vertex 7.11227 62.948 7.2
      vertex 7.35496 62.912 7.2
    endloop
  endfacet
  facet normal 0.146732 0.989176 0
    outer loop
      vertex 7.11227 62.948 7.2
      vertex 7.35496 62.912 3.2
      vertex 7.11227 62.948 3.2
    endloop
  endfacet
  facet normal -0.337059 0.941483 0
    outer loop
      vertex 81.1567 63.0903 3.2
      vertex 80.9257 63.0076 7.2
      vertex 81.1567 63.0903 7.2
    endloop
  endfacet
  facet normal -0.337059 0.941483 0
    outer loop
      vertex 80.9257 63.0076 7.2
      vertex 81.1567 63.0903 3.2
      vertex 80.9257 63.0076 3.2
    endloop
  endfacet
  facet normal -0.941483 -0.337059 0
    outer loop
      vertex 82.5924 100.726 3.2
      vertex 82.5097 100.957 7.2
      vertex 82.5097 100.957 3.2
    endloop
  endfacet
  facet normal -0.941483 -0.337059 0
    outer loop
      vertex 82.5097 100.957 7.2
      vertex 82.5924 100.726 3.2
      vertex 82.5924 100.726 7.2
    endloop
  endfacet
  facet normal -0.989177 0.146726 0
    outer loop
      vertex 82.652 64.9123 3.2
      vertex 82.688 65.155 7.2
      vertex 82.688 65.155 3.2
    endloop
  endfacet
  facet normal -0.989177 0.146726 0
    outer loop
      vertex 82.688 65.155 7.2
      vertex 82.652 64.9123 3.2
      vertex 82.652 64.9123 7.2
    endloop
  endfacet
  facet normal -0.903995 0.427543 0
    outer loop
      vertex 82.4048 64.2215 3.2
      vertex 82.5097 64.4433 7.2
      vertex 82.5097 64.4433 3.2
    endloop
  endfacet
  facet normal -0.903995 0.427543 0
    outer loop
      vertex 82.5097 64.4433 7.2
      vertex 82.4048 64.2215 3.2
      vertex 82.4048 64.2215 7.2
    endloop
  endfacet
  facet normal 0.989203 -0.146549 0
    outer loop
      vertex 5.11204 100.245 7.2
      vertex 5.14804 100.488 3.2
      vertex 5.14804 100.488 7.2
    endloop
  endfacet
  facet normal 0.989203 -0.146549 0
    outer loop
      vertex 5.14804 100.488 3.2
      vertex 5.11204 100.245 7.2
      vertex 5.11204 100.245 3.2
    endloop
  endfacet
  facet normal -0.803023 -0.595949 0
    outer loop
      vertex 82.2787 101.389 3.2
      vertex 82.1325 101.586 7.2
      vertex 82.1325 101.586 3.2
    endloop
  endfacet
  facet normal -0.803023 -0.595949 0
    outer loop
      vertex 82.1325 101.586 7.2
      vertex 82.2787 101.389 3.2
      vertex 82.2787 101.389 7.2
    endloop
  endfacet
  facet normal 0.941548 -0.336879 0
    outer loop
      vertex 5.20765 100.726 7.2
      vertex 5.2903 100.957 3.2
      vertex 5.2903 100.957 7.2
    endloop
  endfacet
  facet normal 0.941548 -0.336879 0
    outer loop
      vertex 5.2903 100.957 3.2
      vertex 5.20765 100.726 7.2
      vertex 5.20765 100.726 3.2
    endloop
  endfacet
  facet normal 0.903396 -0.428807 0
    outer loop
      vertex 5.2903 100.957 7.2
      vertex 5.3952 101.178 3.2
      vertex 5.3952 101.178 7.2
    endloop
  endfacet
  facet normal 0.903396 -0.428807 0
    outer loop
      vertex 5.3952 101.178 3.2
      vertex 5.2903 100.957 7.2
      vertex 5.2903 100.957 3.2
    endloop
  endfacet
  facet normal 0.671414 0.741083 -0
    outer loop
      vertex 6.01402 63.4675 3.2
      vertex 5.83223 63.6322 7.2
      vertex 6.01402 63.4675 7.2
    endloop
  endfacet
  facet normal 0.671414 0.741083 0
    outer loop
      vertex 5.83223 63.6322 7.2
      vertex 6.01402 63.4675 3.2
      vertex 5.83223 63.6322 3.2
    endloop
  endfacet
  facet normal 0.989177 0.146726 0
    outer loop
      vertex 5.14804 64.9123 7.2
      vertex 5.11204 65.155 3.2
      vertex 5.11204 65.155 7.2
    endloop
  endfacet
  facet normal 0.989177 0.146726 0
    outer loop
      vertex 5.11204 65.155 3.2
      vertex 5.14804 64.9123 7.2
      vertex 5.14804 64.9123 3.2
    endloop
  endfacet
  facet normal 0.998795 0.0490836 0
    outer loop
      vertex 5.11204 65.155 7.2
      vertex 5.1 65.4 3.2
      vertex 5.1 65.4 7.2
    endloop
  endfacet
  facet normal 0.998795 0.0490836 0
    outer loop
      vertex 5.1 65.4 3.2
      vertex 5.11204 65.155 7.2
      vertex 5.11204 65.155 3.2
    endloop
  endfacet
  facet normal -0.970047 -0.242919 0
    outer loop
      vertex 82.652 100.488 3.2
      vertex 82.5924 100.726 7.2
      vertex 82.5924 100.726 3.2
    endloop
  endfacet
  facet normal -0.970047 -0.242919 0
    outer loop
      vertex 82.5924 100.726 7.2
      vertex 82.652 100.488 3.2
      vertex 82.652 100.488 7.2
    endloop
  endfacet
  facet normal -0.741101 0.671394 0
    outer loop
      vertex 81.9678 63.6322 3.2
      vertex 82.1325 63.814 7.2
      vertex 82.1325 63.814 3.2
    endloop
  endfacet
  facet normal -0.741101 0.671394 0
    outer loop
      vertex 82.1325 63.814 7.2
      vertex 81.9678 63.6322 3.2
      vertex 81.9678 63.6322 7.2
    endloop
  endfacet
  facet normal -0.514076 0.857745 0
    outer loop
      vertex 81.5889 63.3213 3.2
      vertex 81.3785 63.1952 7.2
      vertex 81.5889 63.3213 7.2
    endloop
  endfacet
  facet normal -0.514076 0.857745 0
    outer loop
      vertex 81.3785 63.1952 7.2
      vertex 81.5889 63.3213 3.2
      vertex 81.3785 63.1952 3.2
    endloop
  endfacet
  facet normal -0.857745 0.514076 0
    outer loop
      vertex 82.2787 64.0111 3.2
      vertex 82.4048 64.2215 7.2
      vertex 82.4048 64.2215 3.2
    endloop
  endfacet
  facet normal -0.857745 0.514076 0
    outer loop
      vertex 82.4048 64.2215 7.2
      vertex 82.2787 64.0111 3.2
      vertex 82.2787 64.0111 7.2
    endloop
  endfacet
  facet normal -0.595754 0.803167 0
    outer loop
      vertex 81.786 63.4675 3.2
      vertex 81.5889 63.3213 7.2
      vertex 81.786 63.4675 7.2
    endloop
  endfacet
  facet normal -0.595754 0.803167 0
    outer loop
      vertex 81.5889 63.3213 7.2
      vertex 81.786 63.4675 3.2
      vertex 81.5889 63.3213 3.2
    endloop
  endfacet
  facet normal -0.989203 -0.146549 0
    outer loop
      vertex 82.688 100.245 3.2
      vertex 82.652 100.488 7.2
      vertex 82.652 100.488 3.2
    endloop
  endfacet
  facet normal -0.989203 -0.146549 0
    outer loop
      vertex 82.652 100.488 7.2
      vertex 82.688 100.245 3.2
      vertex 82.688 100.245 7.2
    endloop
  endfacet
  facet normal -0.998803 -0.0489209 0
    outer loop
      vertex 82.7 100 3.2
      vertex 82.688 100.245 7.2
      vertex 82.688 100.245 3.2
    endloop
  endfacet
  facet normal -0.998803 -0.0489209 0
    outer loop
      vertex 82.688 100.245 7.2
      vertex 82.7 100 3.2
      vertex 82.7 100 7.2
    endloop
  endfacet
  facet normal -0.998803 0.0489209 0
    outer loop
      vertex 82.688 65.155 3.2
      vertex 82.7 65.4 7.2
      vertex 82.7 65.4 3.2
    endloop
  endfacet
  facet normal -0.998803 0.0489209 0
    outer loop
      vertex 82.7 65.4 7.2
      vertex 82.688 65.155 3.2
      vertex 82.688 65.155 7.2
    endloop
  endfacet
  facet normal -0.970047 0.242919 0
    outer loop
      vertex 82.5924 64.6743 3.2
      vertex 82.652 64.9123 7.2
      vertex 82.652 64.9123 3.2
    endloop
  endfacet
  facet normal -0.970047 0.242919 0
    outer loop
      vertex 82.652 64.9123 7.2
      vertex 82.5924 64.6743 3.2
      vertex 82.5924 64.6743 7.2
    endloop
  endfacet
endsolid OpenSCAD_Model
