solid OpenSCAD_Model
  facet normal 0 0 -1
    outer loop
      vertex 0 43.85 25
      vertex 2.2 55.6041 25
      vertex 2.2 43.85 25
    endloop
  endfacet
  facet normal -0 0 -1
    outer loop
      vertex 2.2 55.6041 25
      vertex 0 43.85 25
      vertex 1.96891 55.95 25
    endloop
  endfacet
  facet normal -0 0 -1
    outer loop
      vertex 1.96891 55.95 25
      vertex 0 43.85 25
      vertex 1.76642 56.3606 25
    endloop
  endfacet
  facet normal -0 0 -1
    outer loop
      vertex 1.76642 56.3606 25
      vertex 0 43.85 25
      vertex 1.61926 56.7941 25
    endloop
  endfacet
  facet normal 0 0 -1
    outer loop
      vertex 0 60.2 25
      vertex 1.61926 56.7941 25
      vertex 0 43.85 25
    endloop
  endfacet
  facet normal 0 0 -1
    outer loop
      vertex 1.61926 56.7941 25
      vertex 0 60.2 25
      vertex 1.52994 57.2432 25
    endloop
  endfacet
  facet normal 0 0 -1
    outer loop
      vertex 1.5 57.7 25
      vertex 0 60.2 25
      vertex 1.25 62.3651 25
    endloop
  endfacet
  facet normal 0 0 -1
    outer loop
      vertex 1.25 62.3651 25
      vertex 0 60.2 25
      vertex 0.978096 62.1834 25
    endloop
  endfacet
  facet normal 0 0 -1
    outer loop
      vertex 0.978096 62.1834 25
      vertex 0 60.2 25
      vertex 0.732232 61.9678 25
    endloop
  endfacet
  facet normal 0 0 -1
    outer loop
      vertex 0.732232 61.9678 25
      vertex 0 60.2 25
      vertex 0.516616 61.7219 25
    endloop
  endfacet
  facet normal 0 0 -1
    outer loop
      vertex 0.516616 61.7219 25
      vertex 0 60.2 25
      vertex 0.334936 61.45 25
    endloop
  endfacet
  facet normal 0 0 -1
    outer loop
      vertex 0.334936 61.45 25
      vertex 0 60.2 25
      vertex 0.190301 61.1567 25
    endloop
  endfacet
  facet normal 0 0 -1
    outer loop
      vertex 0.190301 61.1567 25
      vertex 0 60.2 25
      vertex 0.0851851 60.847 25
    endloop
  endfacet
  facet normal 0 0 -1
    outer loop
      vertex 1.52994 57.2432 25
      vertex 0 60.2 25
      vertex 1.5 57.7 25
    endloop
  endfacet
  facet normal 0 0 -1
    outer loop
      vertex 0.0851851 60.847 25
      vertex 0 60.2 25
      vertex 0.0213871 60.5263 25
    endloop
  endfacet
  facet normal 0 0 -1
    outer loop
      vertex 1.96891 59.45 25
      vertex 2.2 60.5 25
      vertex 2.2 59.7958 25
    endloop
  endfacet
  facet normal -0 0 -1
    outer loop
      vertex 2.2 60.5 25
      vertex 1.96891 59.45 25
      vertex 1.25 62.3651 25
    endloop
  endfacet
  facet normal 0 0 -1
    outer loop
      vertex 2.2 60.5 25
      vertex 1.85295 62.6148 25
      vertex 2.17368 62.6786 25
    endloop
  endfacet
  facet normal 0 0 -1
    outer loop
      vertex 1.25 62.3651 25
      vertex 1.96891 59.45 25
      vertex 1.76642 59.0394 25
    endloop
  endfacet
  facet normal 0 0 -1
    outer loop
      vertex 1.25 62.3651 25
      vertex 1.76642 59.0394 25
      vertex 1.61926 58.6059 25
    endloop
  endfacet
  facet normal 0 0 -1
    outer loop
      vertex 2.2 60.5 25
      vertex 1.54329 62.5097 25
      vertex 1.85295 62.6148 25
    endloop
  endfacet
  facet normal 0 0 -1
    outer loop
      vertex 1.25 62.3651 25
      vertex 1.61926 58.6059 25
      vertex 1.52994 58.1568 25
    endloop
  endfacet
  facet normal 0 0 -1
    outer loop
      vertex 1.25 62.3651 25
      vertex 1.52994 58.1568 25
      vertex 1.5 57.7 25
    endloop
  endfacet
  facet normal 0 0 -1
    outer loop
      vertex 2.2 60.5 25
      vertex 1.25 62.3651 25
      vertex 1.54329 62.5097 25
    endloop
  endfacet
  facet normal 0 0 -1
    outer loop
      vertex 73.8336 56.3606 25
      vertex 75.6 60.2 25
      vertex 75.6 20.5 25
    endloop
  endfacet
  facet normal 0 -0 -1
    outer loop
      vertex 73.9807 56.7941 25
      vertex 75.6 60.2 25
      vertex 73.8336 56.3606 25
    endloop
  endfacet
  facet normal 0 -0 -1
    outer loop
      vertex 74.1 57.7 25
      vertex 75.6 60.2 25
      vertex 74.0701 57.2432 25
    endloop
  endfacet
  facet normal 0 0 -1
    outer loop
      vertex 74.0701 58.1568 25
      vertex 75.6 60.2 25
      vertex 74.1 57.7 25
    endloop
  endfacet
  facet normal 0 0 -1
    outer loop
      vertex 73.9807 58.6059 25
      vertex 75.6 60.2 25
      vertex 74.0701 58.1568 25
    endloop
  endfacet
  facet normal 0 0 -1
    outer loop
      vertex 73.6311 59.45 25
      vertex 75.6 60.2 25
      vertex 73.8336 59.0394 25
    endloop
  endfacet
  facet normal 0 0 -1
    outer loop
      vertex 73.4 60.5 25
      vertex 75.6 60.2 25
      vertex 73.6311 59.45 25
    endloop
  endfacet
  facet normal 0 0 -1
    outer loop
      vertex 75.6 60.2 25
      vertex 73.4 60.5 25
      vertex 75.5786 60.5263 25
    endloop
  endfacet
  facet normal -0 0 -1
    outer loop
      vertex 75.5148 60.847 25
      vertex 73.4 60.5 25
      vertex 75.4097 61.1567 25
    endloop
  endfacet
  facet normal -0 0 -1
    outer loop
      vertex 75.5786 60.5263 25
      vertex 73.4 60.5 25
      vertex 75.5148 60.847 25
    endloop
  endfacet
  facet normal 0 0 -1
    outer loop
      vertex 73.8336 59.0394 25
      vertex 75.6 60.2 25
      vertex 73.9807 58.6059 25
    endloop
  endfacet
  facet normal 0 -0 -1
    outer loop
      vertex 74.0701 57.2432 25
      vertex 75.6 60.2 25
      vertex 73.9807 56.7941 25
    endloop
  endfacet
  facet normal 0 0 -1
    outer loop
      vertex 75.6 20.5 25
      vertex 73.6311 55.95 25
      vertex 73.8336 56.3606 25
    endloop
  endfacet
  facet normal 0 0 -1
    outer loop
      vertex 73.4 55.6041 25
      vertex 75.6 20.5 25
      vertex 73.4 20.5 25
    endloop
  endfacet
  facet normal 0 0 -1
    outer loop
      vertex 75.6 20.5 25
      vertex 73.4 55.6041 25
      vertex 73.6311 55.95 25
    endloop
  endfacet
  facet normal -0 0 -1
    outer loop
      vertex 75.4097 61.1567 25
      vertex 73.4 60.5 25
      vertex 75.2651 61.45 25
    endloop
  endfacet
  facet normal -0 0 -1
    outer loop
      vertex 75.2651 61.45 25
      vertex 73.4 60.5 25
      vertex 75.0834 61.7219 25
    endloop
  endfacet
  facet normal -0 0 -1
    outer loop
      vertex 75.0834 61.7219 25
      vertex 73.4 60.5 25
      vertex 74.8678 61.9678 25
    endloop
  endfacet
  facet normal -0 0 -1
    outer loop
      vertex 74.8678 61.9678 25
      vertex 73.4 60.5 25
      vertex 74.6219 62.1834 25
    endloop
  endfacet
  facet normal -0 0 -1
    outer loop
      vertex 74.6219 62.1834 25
      vertex 73.4 60.5 25
      vertex 74.35 62.3651 25
    endloop
  endfacet
  facet normal -0 0 -1
    outer loop
      vertex 74.35 62.3651 25
      vertex 73.4 60.5 25
      vertex 74.0567 62.5097 25
    endloop
  endfacet
  facet normal -0 0 -1
    outer loop
      vertex 74.0567 62.5097 25
      vertex 73.4 60.5 25
      vertex 73.747 62.6148 25
    endloop
  endfacet
  facet normal 0 0 -1
    outer loop
      vertex 73.4 60.5 25
      vertex 73.6311 59.45 25
      vertex 73.4 59.7958 25
    endloop
  endfacet
  facet normal -0 0 -1
    outer loop
      vertex 73.747 62.6148 25
      vertex 73.4 60.5 25
      vertex 73.4263 62.6786 25
    endloop
  endfacet
  facet normal 0 0 -1
    outer loop
      vertex 73.4 60.5 25
      vertex 73.1 62.7 25
      vertex 73.4263 62.6786 25
    endloop
  endfacet
  facet normal 0 0 -1
    outer loop
      vertex 72.35 60.7311 25
      vertex 73.4 60.5 25
      vertex 72.6958 60.5 25
    endloop
  endfacet
  facet normal 0 0 -1
    outer loop
      vertex 73.4 60.5 25
      vertex 72.35 60.7311 25
      vertex 73.1 62.7 25
    endloop
  endfacet
  facet normal 0 0 -1
    outer loop
      vertex 71.9394 60.9336 25
      vertex 73.1 62.7 25
      vertex 72.35 60.7311 25
    endloop
  endfacet
  facet normal 0 0 -1
    outer loop
      vertex 71.5059 61.0807 25
      vertex 73.1 62.7 25
      vertex 71.9394 60.9336 25
    endloop
  endfacet
  facet normal 0 0 -1
    outer loop
      vertex 71.0568 61.1701 25
      vertex 73.1 62.7 25
      vertex 71.5059 61.0807 25
    endloop
  endfacet
  facet normal 0 0 -1
    outer loop
      vertex 70.6 61.2 25
      vertex 73.1 62.7 25
      vertex 71.0568 61.1701 25
    endloop
  endfacet
  facet normal 0 0 -1
    outer loop
      vertex 70.1432 61.1701 25
      vertex 73.1 62.7 25
      vertex 70.6 61.2 25
    endloop
  endfacet
  facet normal 0 0 -1
    outer loop
      vertex 69.6941 61.0807 25
      vertex 73.1 62.7 25
      vertex 70.1432 61.1701 25
    endloop
  endfacet
  facet normal 0 0 -1
    outer loop
      vertex 69.2606 60.9336 25
      vertex 73.1 62.7 25
      vertex 69.6941 61.0807 25
    endloop
  endfacet
  facet normal 0 0 -1
    outer loop
      vertex 7.09585 60.5 25
      vertex 68.85 60.7311 25
      vertex 68.5042 60.5 25
    endloop
  endfacet
  facet normal 0 0 -1
    outer loop
      vertex 6.75 60.7311 25
      vertex 68.85 60.7311 25
      vertex 7.09585 60.5 25
    endloop
  endfacet
  facet normal 0 0 -1
    outer loop
      vertex 68.85 60.7311 25
      vertex 6.75 60.7311 25
      vertex 69.2606 60.9336 25
    endloop
  endfacet
  facet normal 0 0 -1
    outer loop
      vertex 6.33939 60.9336 25
      vertex 69.2606 60.9336 25
      vertex 6.75 60.7311 25
    endloop
  endfacet
  facet normal 0 0 -1
    outer loop
      vertex 69.2606 60.9336 25
      vertex 6.33939 60.9336 25
      vertex 73.1 62.7 25
    endloop
  endfacet
  facet normal 0 0 -1
    outer loop
      vertex 2.5 62.7 25
      vertex 6.33939 60.9336 25
      vertex 5.90587 61.0807 25
    endloop
  endfacet
  facet normal 0 0 -1
    outer loop
      vertex 2.5 62.7 25
      vertex 5.90587 61.0807 25
      vertex 5.45684 61.1701 25
    endloop
  endfacet
  facet normal 0 0 -1
    outer loop
      vertex 2.5 62.7 25
      vertex 5.45684 61.1701 25
      vertex 5 61.2 25
    endloop
  endfacet
  facet normal 0 0 -1
    outer loop
      vertex 6.33939 60.9336 25
      vertex 2.5 62.7 25
      vertex 73.1 62.7 25
    endloop
  endfacet
  facet normal 0 0 -1
    outer loop
      vertex 4.54316 61.1701 25
      vertex 2.5 62.7 25
      vertex 5 61.2 25
    endloop
  endfacet
  facet normal 0 0 -1
    outer loop
      vertex 4.09413 61.0807 25
      vertex 2.5 62.7 25
      vertex 4.54316 61.1701 25
    endloop
  endfacet
  facet normal 0 0 -1
    outer loop
      vertex 3.66061 60.9336 25
      vertex 2.5 62.7 25
      vertex 4.09413 61.0807 25
    endloop
  endfacet
  facet normal 0 0 -1
    outer loop
      vertex 3.25 60.7311 25
      vertex 2.5 62.7 25
      vertex 3.66061 60.9336 25
    endloop
  endfacet
  facet normal 0 0 -1
    outer loop
      vertex 2.2 60.5 25
      vertex 3.25 60.7311 25
      vertex 2.90415 60.5 25
    endloop
  endfacet
  facet normal -0 0 -1
    outer loop
      vertex 3.25 60.7311 25
      vertex 2.2 60.5 25
      vertex 2.5 62.7 25
    endloop
  endfacet
  facet normal 0 0 -1
    outer loop
      vertex 2.5 62.7 25
      vertex 2.2 60.5 25
      vertex 2.17368 62.6786 25
    endloop
  endfacet
  facet normal 0 0 -1
    outer loop
      vertex 73.1 0 25
      vertex 73.4 2.2 25
      vertex 73.4263 0.0213871 25
    endloop
  endfacet
  facet normal 0 0 -1
    outer loop
      vertex 72.35 1.96891 25
      vertex 73.4 2.2 25
      vertex 73.1 0 25
    endloop
  endfacet
  facet normal -0 0 -1
    outer loop
      vertex 73.4 2.2 25
      vertex 72.35 1.96891 25
      vertex 72.6958 2.2 25
    endloop
  endfacet
  facet normal 0 0 -1
    outer loop
      vertex 73.1 0 25
      vertex 71.9394 1.76642 25
      vertex 72.35 1.96891 25
    endloop
  endfacet
  facet normal 0 0 -1
    outer loop
      vertex 73.1 0 25
      vertex 71.5059 1.61926 25
      vertex 71.9394 1.76642 25
    endloop
  endfacet
  facet normal 0 0 -1
    outer loop
      vertex 73.1 0 25
      vertex 71.0568 1.52994 25
      vertex 71.5059 1.61926 25
    endloop
  endfacet
  facet normal 0 0 -1
    outer loop
      vertex 73.1 0 25
      vertex 70.6 1.5 25
      vertex 71.0568 1.52994 25
    endloop
  endfacet
  facet normal 0 0 -1
    outer loop
      vertex 73.1 0 25
      vertex 70.1432 1.52994 25
      vertex 70.6 1.5 25
    endloop
  endfacet
  facet normal 0 0 -1
    outer loop
      vertex 73.1 0 25
      vertex 69.6941 1.61926 25
      vertex 70.1432 1.52994 25
    endloop
  endfacet
  facet normal 0 0 -1
    outer loop
      vertex 73.1 0 25
      vertex 69.2606 1.76642 25
      vertex 69.6941 1.61926 25
    endloop
  endfacet
  facet normal 0 0 -1
    outer loop
      vertex 68.85 1.96891 25
      vertex 7.09585 2.2 25
      vertex 68.5042 2.2 25
    endloop
  endfacet
  facet normal 0 0 -1
    outer loop
      vertex 6.75 1.96891 25
      vertex 68.85 1.96891 25
      vertex 69.2606 1.76642 25
    endloop
  endfacet
  facet normal 0 0 -1
    outer loop
      vertex 6.33939 1.76642 25
      vertex 69.2606 1.76642 25
      vertex 73.1 0 25
    endloop
  endfacet
  facet normal 0 0 -1
    outer loop
      vertex 68.85 1.96891 25
      vertex 6.75 1.96891 25
      vertex 7.09585 2.2 25
    endloop
  endfacet
  facet normal 0 0 -1
    outer loop
      vertex 69.2606 1.76642 25
      vertex 6.33939 1.76642 25
      vertex 6.75 1.96891 25
    endloop
  endfacet
  facet normal 0 0 -1
    outer loop
      vertex 2.5 0 25
      vertex 6.33939 1.76642 25
      vertex 73.1 0 25
    endloop
  endfacet
  facet normal 0 0 -1
    outer loop
      vertex 6.33939 1.76642 25
      vertex 2.5 0 25
      vertex 5.90587 1.61926 25
    endloop
  endfacet
  facet normal 0 0 -1
    outer loop
      vertex 5.90587 1.61926 25
      vertex 2.5 0 25
      vertex 5.45684 1.52994 25
    endloop
  endfacet
  facet normal 0 0 -1
    outer loop
      vertex 5.45684 1.52994 25
      vertex 2.5 0 25
      vertex 5 1.5 25
    endloop
  endfacet
  facet normal 0 0 -1
    outer loop
      vertex 2.5 0 25
      vertex 4.54316 1.52994 25
      vertex 5 1.5 25
    endloop
  endfacet
  facet normal 0 0 -1
    outer loop
      vertex 2.5 0 25
      vertex 4.09413 1.61926 25
      vertex 4.54316 1.52994 25
    endloop
  endfacet
  facet normal 0 0 -1
    outer loop
      vertex 2.5 0 25
      vertex 3.66061 1.76642 25
      vertex 4.09413 1.61926 25
    endloop
  endfacet
  facet normal 0 0 -1
    outer loop
      vertex 2.5 0 25
      vertex 3.25 1.96891 25
      vertex 3.66061 1.76642 25
    endloop
  endfacet
  facet normal 0 0 -1
    outer loop
      vertex 2.2 2.2 25
      vertex 3.25 1.96891 25
      vertex 2.5 0 25
    endloop
  endfacet
  facet normal 0 0 -1
    outer loop
      vertex 3.25 1.96891 25
      vertex 2.2 2.2 25
      vertex 2.90415 2.2 25
    endloop
  endfacet
  facet normal 0 0 -1
    outer loop
      vertex 2.17368 0.0213871 25
      vertex 2.2 2.2 25
      vertex 2.5 0 25
    endloop
  endfacet
  facet normal 0 0 -1
    outer loop
      vertex 1.85295 0.0851851 25
      vertex 2.2 2.2 25
      vertex 2.17368 0.0213871 25
    endloop
  endfacet
  facet normal 0 0 -1
    outer loop
      vertex 1.54329 0.190301 25
      vertex 2.2 2.2 25
      vertex 1.85295 0.0851851 25
    endloop
  endfacet
  facet normal 0 0 -1
    outer loop
      vertex 1.25 0.334936 25
      vertex 2.2 2.2 25
      vertex 1.54329 0.190301 25
    endloop
  endfacet
  facet normal 0 0 -1
    outer loop
      vertex 0.978096 0.516616 25
      vertex 2.2 2.2 25
      vertex 1.25 0.334936 25
    endloop
  endfacet
  facet normal 0 0 -1
    outer loop
      vertex 0.732232 0.732232 25
      vertex 2.2 2.2 25
      vertex 0.978096 0.516616 25
    endloop
  endfacet
  facet normal 0 0 -1
    outer loop
      vertex 0.516616 0.978096 25
      vertex 2.2 2.2 25
      vertex 0.732232 0.732232 25
    endloop
  endfacet
  facet normal 0 0 -1
    outer loop
      vertex 0.334936 1.25 25
      vertex 2.2 2.2 25
      vertex 0.516616 0.978096 25
    endloop
  endfacet
  facet normal 0 0 -1
    outer loop
      vertex 0.190301 1.54329 25
      vertex 2.2 2.2 25
      vertex 0.334936 1.25 25
    endloop
  endfacet
  facet normal 0 0 -1
    outer loop
      vertex 0.0851851 1.85295 25
      vertex 2.2 2.2 25
      vertex 0.190301 1.54329 25
    endloop
  endfacet
  facet normal 0 0 -1
    outer loop
      vertex 75.6 2.5 25
      vertex 74.0701 4.54316 25
      vertex 74.1 5 25
    endloop
  endfacet
  facet normal 0 0 -1
    outer loop
      vertex 73.4 2.2 25
      vertex 74.35 0.334936 25
      vertex 74.0567 0.190301 25
    endloop
  endfacet
  facet normal 0 0 -1
    outer loop
      vertex 74.6219 0.516616 25
      vertex 73.9807 4.09413 25
      vertex 74.0701 4.54316 25
    endloop
  endfacet
  facet normal 0 0 -1
    outer loop
      vertex 74.6219 0.516616 25
      vertex 73.8336 3.66061 25
      vertex 73.9807 4.09413 25
    endloop
  endfacet
  facet normal 0 0 -1
    outer loop
      vertex 73.4 2.2 25
      vertex 74.0567 0.190301 25
      vertex 73.747 0.0851851 25
    endloop
  endfacet
  facet normal 0 0 -1
    outer loop
      vertex 74.6219 0.516616 25
      vertex 73.4 2.2 25
      vertex 73.6311 3.25 25
    endloop
  endfacet
  facet normal 0 0 -1
    outer loop
      vertex 73.4 2.2 25
      vertex 73.747 0.0851851 25
      vertex 73.4263 0.0213871 25
    endloop
  endfacet
  facet normal 0 0 -1
    outer loop
      vertex 74.6219 0.516616 25
      vertex 73.6311 3.25 25
      vertex 73.8336 3.66061 25
    endloop
  endfacet
  facet normal 0 0 -1
    outer loop
      vertex 73.6311 3.25 25
      vertex 73.4 2.2 25
      vertex 73.4 2.90415 25
    endloop
  endfacet
  facet normal 0 0 -1
    outer loop
      vertex 75.5148 1.85295 25
      vertex 74.0701 4.54316 25
      vertex 75.5786 2.17368 25
    endloop
  endfacet
  facet normal 0 0 -1
    outer loop
      vertex 74.0701 4.54316 25
      vertex 75.5148 1.85295 25
      vertex 75.4097 1.54329 25
    endloop
  endfacet
  facet normal 0 0 -1
    outer loop
      vertex 74.0701 4.54316 25
      vertex 75.4097 1.54329 25
      vertex 75.2651 1.25 25
    endloop
  endfacet
  facet normal 0 0 -1
    outer loop
      vertex 74.0701 4.54316 25
      vertex 75.2651 1.25 25
      vertex 75.0834 0.978096 25
    endloop
  endfacet
  facet normal 0 0 -1
    outer loop
      vertex 74.0701 4.54316 25
      vertex 75.0834 0.978096 25
      vertex 74.8678 0.732232 25
    endloop
  endfacet
  facet normal 0 0 -1
    outer loop
      vertex 74.0701 4.54316 25
      vertex 74.8678 0.732232 25
      vertex 74.6219 0.516616 25
    endloop
  endfacet
  facet normal 0 0 -1
    outer loop
      vertex 73.4 2.2 25
      vertex 74.6219 0.516616 25
      vertex 74.35 0.334936 25
    endloop
  endfacet
  facet normal 0 0 -1
    outer loop
      vertex 75.5786 2.17368 25
      vertex 74.0701 4.54316 25
      vertex 75.6 2.5 25
    endloop
  endfacet
  facet normal 0 0 -1
    outer loop
      vertex 75.6 2.5 25
      vertex 74.1 5 25
      vertex 75.6 7.5 25
    endloop
  endfacet
  facet normal 0 0 -1
    outer loop
      vertex 74.0701 5.45684 25
      vertex 75.6 7.5 25
      vertex 74.1 5 25
    endloop
  endfacet
  facet normal 0 0 -1
    outer loop
      vertex 73.9807 5.90587 25
      vertex 75.6 7.5 25
      vertex 74.0701 5.45684 25
    endloop
  endfacet
  facet normal 0 0 -1
    outer loop
      vertex 73.8336 6.33939 25
      vertex 75.6 7.5 25
      vertex 73.9807 5.90587 25
    endloop
  endfacet
  facet normal 0 0 -1
    outer loop
      vertex 73.6311 6.75 25
      vertex 75.6 7.5 25
      vertex 73.8336 6.33939 25
    endloop
  endfacet
  facet normal 0 0 -1
    outer loop
      vertex 73.4 7.5 25
      vertex 73.6311 6.75 25
      vertex 73.4 7.09585 25
    endloop
  endfacet
  facet normal 0 0 -1
    outer loop
      vertex 73.6311 6.75 25
      vertex 73.4 7.5 25
      vertex 75.6 7.5 25
    endloop
  endfacet
  facet normal 0 0 -1
    outer loop
      vertex 0 31.85 25
      vertex 2.2 7.09585 25
      vertex 1.96891 6.75 25
    endloop
  endfacet
  facet normal 0 0 -1
    outer loop
      vertex 0 31.85 25
      vertex 1.96891 6.75 25
      vertex 1.76642 6.33939 25
    endloop
  endfacet
  facet normal 0 0 -1
    outer loop
      vertex 0 2.5 25
      vertex 1.76642 6.33939 25
      vertex 1.61926 5.90587 25
    endloop
  endfacet
  facet normal 0 0 -1
    outer loop
      vertex 0 2.5 25
      vertex 1.61926 5.90587 25
      vertex 1.52994 5.45684 25
    endloop
  endfacet
  facet normal 0 0 -1
    outer loop
      vertex 0 2.5 25
      vertex 1.52994 5.45684 25
      vertex 1.5 5 25
    endloop
  endfacet
  facet normal -0 0 -1
    outer loop
      vertex 1.52994 4.54316 25
      vertex 0 2.5 25
      vertex 1.5 5 25
    endloop
  endfacet
  facet normal 0 0 -1
    outer loop
      vertex 0.0213871 2.17368 25
      vertex 2.2 2.2 25
      vertex 0.0851851 1.85295 25
    endloop
  endfacet
  facet normal 0 0 -1
    outer loop
      vertex 0 2.5 25
      vertex 2.2 2.2 25
      vertex 0.0213871 2.17368 25
    endloop
  endfacet
  facet normal 0 -0 -1
    outer loop
      vertex 1.96891 3.25 25
      vertex 2.2 2.2 25
      vertex 0 2.5 25
    endloop
  endfacet
  facet normal 0 0 -1
    outer loop
      vertex 2.2 2.2 25
      vertex 1.96891 3.25 25
      vertex 2.2 2.90415 25
    endloop
  endfacet
  facet normal -0 0 -1
    outer loop
      vertex 1.96891 3.25 25
      vertex 0 2.5 25
      vertex 1.76642 3.66061 25
    endloop
  endfacet
  facet normal -0 0 -1
    outer loop
      vertex 1.76642 3.66061 25
      vertex 0 2.5 25
      vertex 1.61926 4.09413 25
    endloop
  endfacet
  facet normal -0 0 -1
    outer loop
      vertex 1.61926 4.09413 25
      vertex 0 2.5 25
      vertex 1.52994 4.54316 25
    endloop
  endfacet
  facet normal -0 0 -1
    outer loop
      vertex 1.76642 6.33939 25
      vertex 0 2.5 25
      vertex 0 31.85 25
    endloop
  endfacet
  facet normal 0 0 -1
    outer loop
      vertex 2.2 7.09585 25
      vertex 0 31.85 25
      vertex 2.2 31.85 25
    endloop
  endfacet
  facet normal 0 0 -1
    outer loop
      vertex 71.6 8.34879 25
      vertex 71.5059 8.38074 25
      vertex 71.6 20.5 25
    endloop
  endfacet
  facet normal 0 0 -1
    outer loop
      vertex 70.6 54.2 25
      vertex 71.8 20.5 25
      vertex 71.6 20.5 25
    endloop
  endfacet
  facet normal 0 0 -1
    outer loop
      vertex 71.0568 8.47006 25
      vertex 71.6 20.5 25
      vertex 71.5059 8.38074 25
    endloop
  endfacet
  facet normal 0 0 -1
    outer loop
      vertex 71.8 20.5 25
      vertex 71.5059 54.3193 25
      vertex 71.8 54.4191 25
    endloop
  endfacet
  facet normal 0 0 -1
    outer loop
      vertex 70.6 8.5 25
      vertex 71.6 20.5 25
      vertex 71.0568 8.47006 25
    endloop
  endfacet
  facet normal 0 0 -1
    outer loop
      vertex 71.8 20.5 25
      vertex 71.0568 54.2299 25
      vertex 71.5059 54.3193 25
    endloop
  endfacet
  facet normal 0 0 -1
    outer loop
      vertex 70.1432 8.47006 25
      vertex 71.6 20.5 25
      vertex 70.6 8.5 25
    endloop
  endfacet
  facet normal 0 0 -1
    outer loop
      vertex 71.8 20.5 25
      vertex 70.6 54.2 25
      vertex 71.0568 54.2299 25
    endloop
  endfacet
  facet normal 0 0 -1
    outer loop
      vertex 69.6941 8.38074 25
      vertex 71.6 20.5 25
      vertex 70.1432 8.47006 25
    endloop
  endfacet
  facet normal 0 -0 -1
    outer loop
      vertex 69.6941 54.3193 25
      vertex 71.6 20.5 25
      vertex 48.2 33.35 25
    endloop
  endfacet
  facet normal 0 0 -1
    outer loop
      vertex 69.2606 8.23358 25
      vertex 71.6 20.5 25
      vertex 69.6941 8.38074 25
    endloop
  endfacet
  facet normal 0 0 -1
    outer loop
      vertex 71.6 20.5 25
      vertex 70.1432 54.2299 25
      vertex 70.6 54.2 25
    endloop
  endfacet
  facet normal 0 0 -1
    outer loop
      vertex 68.85 8.03109 25
      vertex 71.6 20.5 25
      vertex 69.2606 8.23358 25
    endloop
  endfacet
  facet normal 0 0 -1
    outer loop
      vertex 71.6 20.5 25
      vertex 69.6941 54.3193 25
      vertex 70.1432 54.2299 25
    endloop
  endfacet
  facet normal 0 0 -1
    outer loop
      vertex 68.4693 7.77674 25
      vertex 71.6 20.5 25
      vertex 68.85 8.03109 25
    endloop
  endfacet
  facet normal -0 0 -1
    outer loop
      vertex 69.6941 54.3193 25
      vertex 48.2 33.35 25
      vertex 69.2606 54.4664 25
    endloop
  endfacet
  facet normal 0 0 -1
    outer loop
      vertex 68.1251 7.47487 25
      vertex 71.6 20.5 25
      vertex 68.4693 7.77674 25
    endloop
  endfacet
  facet normal 0 0 -1
    outer loop
      vertex 48.2 46.35 25
      vertex 69.2606 54.4664 25
      vertex 48.2 33.35 25
    endloop
  endfacet
  facet normal 0 0 -1
    outer loop
      vertex 67.8233 7.13066 25
      vertex 71.6 20.5 25
      vertex 68.1251 7.47487 25
    endloop
  endfacet
  facet normal -0 0 -1
    outer loop
      vertex 69.2606 54.4664 25
      vertex 48.2 46.35 25
      vertex 68.85 54.6689 25
    endloop
  endfacet
  facet normal -0 0 -1
    outer loop
      vertex 71.6 20.5 25
      vertex 67.8233 7.13066 25
      vertex 48.2 33.35 25
    endloop
  endfacet
  facet normal -0 0 -1
    outer loop
      vertex 68.85 54.6689 25
      vertex 48.2 46.35 25
      vertex 68.4693 54.9233 25
    endloop
  endfacet
  facet normal 0 0 -1
    outer loop
      vertex 48.2 33.35 25
      vertex 67.8233 7.13066 25
      vertex 67.5689 6.75 25
    endloop
  endfacet
  facet normal -0 0 -1
    outer loop
      vertex 68.4693 54.9233 25
      vertex 48.2 46.35 25
      vertex 68.1251 55.2251 25
    endloop
  endfacet
  facet normal 0 0 -1
    outer loop
      vertex 48.2 33.35 25
      vertex 67.5689 6.75 25
      vertex 67.3664 6.33939 25
    endloop
  endfacet
  facet normal -0 0 -1
    outer loop
      vertex 68.1251 55.2251 25
      vertex 48.2 46.35 25
      vertex 67.8233 55.5693 25
    endloop
  endfacet
  facet normal 0 0 -1
    outer loop
      vertex 48.2 33.35 25
      vertex 67.3664 6.33939 25
      vertex 67.2193 5.90587 25
    endloop
  endfacet
  facet normal -0 0 -1
    outer loop
      vertex 67.8233 55.5693 25
      vertex 48.2 46.35 25
      vertex 67.5689 55.95 25
    endloop
  endfacet
  facet normal 0 0 -1
    outer loop
      vertex 48.2 33.35 25
      vertex 67.2193 5.90587 25
      vertex 67.1299 5.45684 25
    endloop
  endfacet
  facet normal -0 0 -1
    outer loop
      vertex 67.5689 55.95 25
      vertex 48.2 46.35 25
      vertex 67.3664 56.3606 25
    endloop
  endfacet
  facet normal 0 0 -1
    outer loop
      vertex 48.2 33.35 25
      vertex 67.1299 5.45684 25
      vertex 67.1 5 25
    endloop
  endfacet
  facet normal -0 0 -1
    outer loop
      vertex 67.3664 56.3606 25
      vertex 48.2 46.35 25
      vertex 67.2193 56.7941 25
    endloop
  endfacet
  facet normal 0 0 -1
    outer loop
      vertex 5.90904 47.4282 25
      vertex 4.54316 54.2299 25
      vertex 5 54.2 25
    endloop
  endfacet
  facet normal 0 0 -1
    outer loop
      vertex 3.8 54.4191 25
      vertex 5.90904 47.4282 25
      vertex 3.8 43.85 25
    endloop
  endfacet
  facet normal 0 0 -1
    outer loop
      vertex 5.90904 47.4282 25
      vertex 4.09413 54.3193 25
      vertex 4.54316 54.2299 25
    endloop
  endfacet
  facet normal 0 0 -1
    outer loop
      vertex 5.90904 47.4282 25
      vertex 3.8 54.4191 25
      vertex 4.09413 54.3193 25
    endloop
  endfacet
  facet normal 0 0 -1
    outer loop
      vertex 24.5 46.35 25
      vertex 8.47006 57.2432 25
      vertex 8.5 57.7 25
    endloop
  endfacet
  facet normal 0 0 -1
    outer loop
      vertex 9 49.8 25
      vertex 8.38074 56.7941 25
      vertex 8.47006 57.2432 25
    endloop
  endfacet
  facet normal 0 0 -1
    outer loop
      vertex 9 49.8 25
      vertex 8.23358 56.3606 25
      vertex 8.38074 56.7941 25
    endloop
  endfacet
  facet normal 0 0 -1
    outer loop
      vertex 6.75 54.6689 25
      vertex 8.58232 49.7726 25
      vertex 8.17178 49.691 25
    endloop
  endfacet
  facet normal 0 0 -1
    outer loop
      vertex 9 49.8 25
      vertex 8.03109 55.95 25
      vertex 8.23358 56.3606 25
    endloop
  endfacet
  facet normal 0 0 -1
    outer loop
      vertex 9 49.8 25
      vertex 7.77674 55.5693 25
      vertex 8.03109 55.95 25
    endloop
  endfacet
  facet normal 0 0 -1
    outer loop
      vertex 6.33939 54.4664 25
      vertex 8.17178 49.691 25
      vertex 7.77541 49.5564 25
    endloop
  endfacet
  facet normal 0 0 -1
    outer loop
      vertex 9 49.8 25
      vertex 7.47487 55.2251 25
      vertex 7.77674 55.5693 25
    endloop
  endfacet
  facet normal 0 0 -1
    outer loop
      vertex 5.90587 54.3193 25
      vertex 7.77541 49.5564 25
      vertex 7.4 49.3713 25
    endloop
  endfacet
  facet normal 0 0 -1
    outer loop
      vertex 9 49.8 25
      vertex 7.13066 54.9233 25
      vertex 7.47487 55.2251 25
    endloop
  endfacet
  facet normal 0 0 -1
    outer loop
      vertex 5.45684 54.2299 25
      vertex 7.4 49.3713 25
      vertex 7.05196 49.1387 25
    endloop
  endfacet
  facet normal 0 0 -1
    outer loop
      vertex 8.58232 49.7726 25
      vertex 6.75 54.6689 25
      vertex 7.13066 54.9233 25
    endloop
  endfacet
  facet normal 0 0 -1
    outer loop
      vertex 5.45684 54.2299 25
      vertex 7.05196 49.1387 25
      vertex 6.73726 48.8627 25
    endloop
  endfacet
  facet normal 0 0 -1
    outer loop
      vertex 5.45684 54.2299 25
      vertex 6.73726 48.8627 25
      vertex 6.46127 48.548 25
    endloop
  endfacet
  facet normal 0 0 -1
    outer loop
      vertex 8.17178 49.691 25
      vertex 6.33939 54.4664 25
      vertex 6.75 54.6689 25
    endloop
  endfacet
  facet normal 0 0 -1
    outer loop
      vertex 5.45684 54.2299 25
      vertex 6.46127 48.548 25
      vertex 6.22872 48.2 25
    endloop
  endfacet
  facet normal 0 0 -1
    outer loop
      vertex 5.45684 54.2299 25
      vertex 6.22872 48.2 25
      vertex 6.04358 47.8246 25
    endloop
  endfacet
  facet normal 0 0 -1
    outer loop
      vertex 5.45684 54.2299 25
      vertex 6.04358 47.8246 25
      vertex 5.90904 47.4282 25
    endloop
  endfacet
  facet normal 0 0 -1
    outer loop
      vertex 7.77541 49.5564 25
      vertex 5.90587 54.3193 25
      vertex 6.33939 54.4664 25
    endloop
  endfacet
  facet normal -0 0 -1
    outer loop
      vertex 5.8 46.6 25
      vertex 3.8 43.85 25
      vertex 5.82738 47.0177 25
    endloop
  endfacet
  facet normal -0 0 -1
    outer loop
      vertex 5.82738 46.1823 25
      vertex 3.8 43.85 25
      vertex 5.8 46.6 25
    endloop
  endfacet
  facet normal 0 0 -1
    outer loop
      vertex 7.4 49.3713 25
      vertex 5.45684 54.2299 25
      vertex 5.90587 54.3193 25
    endloop
  endfacet
  facet normal 0 0 -1
    outer loop
      vertex 3.8 43.85 25
      vertex 5.82738 46.1823 25
      vertex 4.1 43.85 25
    endloop
  endfacet
  facet normal 0 0 -1
    outer loop
      vertex 6.22872 29.5 25
      vertex 3.8 31.85 25
      vertex 6.04358 29.8754 25
    endloop
  endfacet
  facet normal 0 0 -1
    outer loop
      vertex 4.1 43.85 25
      vertex 5.8 31.1 25
      vertex 4.1 31.85 25
    endloop
  endfacet
  facet normal 0 0 -1
    outer loop
      vertex 6.04358 29.8754 25
      vertex 3.8 31.85 25
      vertex 5.90904 30.2718 25
    endloop
  endfacet
  facet normal -0 0 -1
    outer loop
      vertex 5.82738 47.0177 25
      vertex 3.8 43.85 25
      vertex 5.90904 47.4282 25
    endloop
  endfacet
  facet normal 0 0 -1
    outer loop
      vertex 5.90904 47.4282 25
      vertex 5 54.2 25
      vertex 5.45684 54.2299 25
    endloop
  endfacet
  facet normal 0 0 -1
    outer loop
      vertex 5.90904 30.2718 25
      vertex 4.1 31.85 25
      vertex 5.82738 30.6823 25
    endloop
  endfacet
  facet normal -0 -0 -1
    outer loop
      vertex 4.1 31.85 25
      vertex 5.90904 30.2718 25
      vertex 3.8 31.85 25
    endloop
  endfacet
  facet normal 0 0 -1
    outer loop
      vertex 5.82738 30.6823 25
      vertex 4.1 31.85 25
      vertex 5.8 31.1 25
    endloop
  endfacet
  facet normal 0 0 -1
    outer loop
      vertex 12.091 31.9282 25
      vertex 24.5 33.35 25
      vertex 12.1726 31.5177 25
    endloop
  endfacet
  facet normal 0 0 -1
    outer loop
      vertex 24.5 33.35 25
      vertex 12.1726 46.1823 25
      vertex 12.2 46.6 25
    endloop
  endfacet
  facet normal 0 0 -1
    outer loop
      vertex 11.9564 32.3246 25
      vertex 24.5 33.35 25
      vertex 12.091 31.9282 25
    endloop
  endfacet
  facet normal 0 0 -1
    outer loop
      vertex 24.5 33.35 25
      vertex 12.091 45.7718 25
      vertex 12.1726 46.1823 25
    endloop
  endfacet
  facet normal 0 0 -1
    outer loop
      vertex 11.7713 32.7 25
      vertex 24.5 33.35 25
      vertex 11.9564 32.3246 25
    endloop
  endfacet
  facet normal 0 0 -1
    outer loop
      vertex 24.5 33.35 25
      vertex 11.9564 45.3754 25
      vertex 12.091 45.7718 25
    endloop
  endfacet
  facet normal 0 0 -1
    outer loop
      vertex 11.5387 33.048 25
      vertex 24.5 33.35 25
      vertex 11.7713 32.7 25
    endloop
  endfacet
  facet normal 0 0 -1
    outer loop
      vertex 24.5 33.35 25
      vertex 11.7713 45 25
      vertex 11.9564 45.3754 25
    endloop
  endfacet
  facet normal 0 0 -1
    outer loop
      vertex 11.5387 44.652 25
      vertex 24.5 33.35 25
      vertex 11.5387 33.048 25
    endloop
  endfacet
  facet normal 0 0 -1
    outer loop
      vertex 24.5 33.35 25
      vertex 11.5387 44.652 25
      vertex 11.7713 45 25
    endloop
  endfacet
  facet normal 0 0 -1
    outer loop
      vertex 11.2627 33.3627 25
      vertex 11.5387 44.652 25
      vertex 11.5387 33.048 25
    endloop
  endfacet
  facet normal 0 0 -1
    outer loop
      vertex 11.2627 33.3627 25
      vertex 11.2627 44.3373 25
      vertex 11.5387 44.652 25
    endloop
  endfacet
  facet normal 0 0 -1
    outer loop
      vertex 10.948 33.6387 25
      vertex 11.2627 44.3373 25
      vertex 11.2627 33.3627 25
    endloop
  endfacet
  facet normal 0 0 -1
    outer loop
      vertex 10.948 33.6387 25
      vertex 10.948 44.0613 25
      vertex 11.2627 44.3373 25
    endloop
  endfacet
  facet normal 0 0 -1
    outer loop
      vertex 10.6 33.8713 25
      vertex 10.948 44.0613 25
      vertex 10.948 33.6387 25
    endloop
  endfacet
  facet normal 0 0 -1
    outer loop
      vertex 10.6 33.8713 25
      vertex 10.6 43.8287 25
      vertex 10.948 44.0613 25
    endloop
  endfacet
  facet normal 0 0 -1
    outer loop
      vertex 10.2246 34.0564 25
      vertex 10.6 43.8287 25
      vertex 10.6 33.8713 25
    endloop
  endfacet
  facet normal 0 0 -1
    outer loop
      vertex 10.2246 34.0564 25
      vertex 10.2246 43.6436 25
      vertex 10.6 43.8287 25
    endloop
  endfacet
  facet normal 0 0 -1
    outer loop
      vertex 9.82822 34.191 25
      vertex 10.2246 43.6436 25
      vertex 10.2246 34.0564 25
    endloop
  endfacet
  facet normal 0 0 -1
    outer loop
      vertex 9.82822 34.191 25
      vertex 9.82822 43.509 25
      vertex 10.2246 43.6436 25
    endloop
  endfacet
  facet normal 0 0 -1
    outer loop
      vertex 9.41768 34.2726 25
      vertex 9.82822 43.509 25
      vertex 9.82822 34.191 25
    endloop
  endfacet
  facet normal 0 0 -1
    outer loop
      vertex 9.41768 34.2726 25
      vertex 9.41768 43.4274 25
      vertex 9.82822 43.509 25
    endloop
  endfacet
  facet normal 0 0 -1
    outer loop
      vertex 9 34.3 25
      vertex 9.41768 43.4274 25
      vertex 9.41768 34.2726 25
    endloop
  endfacet
  facet normal 0 0 -1
    outer loop
      vertex 9 34.3 25
      vertex 9 43.4 25
      vertex 9.41768 43.4274 25
    endloop
  endfacet
  facet normal 0 0 -1
    outer loop
      vertex 8.58232 34.2726 25
      vertex 9 43.4 25
      vertex 9 34.3 25
    endloop
  endfacet
  facet normal 0 0 -1
    outer loop
      vertex 8.58232 34.2726 25
      vertex 8.58232 43.4274 25
      vertex 9 43.4 25
    endloop
  endfacet
  facet normal 0 0 -1
    outer loop
      vertex 8.17178 34.191 25
      vertex 8.58232 43.4274 25
      vertex 8.58232 34.2726 25
    endloop
  endfacet
  facet normal 0 0 -1
    outer loop
      vertex 8.17178 34.191 25
      vertex 8.17178 43.509 25
      vertex 8.58232 43.4274 25
    endloop
  endfacet
  facet normal 0 0 -1
    outer loop
      vertex 7.77541 34.0564 25
      vertex 8.17178 43.509 25
      vertex 8.17178 34.191 25
    endloop
  endfacet
  facet normal 0 0 -1
    outer loop
      vertex 7.77541 34.0564 25
      vertex 7.77541 43.6436 25
      vertex 8.17178 43.509 25
    endloop
  endfacet
  facet normal 0 0 -1
    outer loop
      vertex 4.1 43.85 25
      vertex 7.77541 34.0564 25
      vertex 7.4 33.8713 25
    endloop
  endfacet
  facet normal 0 0 -1
    outer loop
      vertex 7.77541 34.0564 25
      vertex 4.1 43.85 25
      vertex 7.77541 43.6436 25
    endloop
  endfacet
  facet normal 0 0 -1
    outer loop
      vertex 4.1 43.85 25
      vertex 7.4 33.8713 25
      vertex 7.05196 33.6387 25
    endloop
  endfacet
  facet normal 0 0 -1
    outer loop
      vertex 7.77541 43.6436 25
      vertex 4.1 43.85 25
      vertex 7.4 43.8287 25
    endloop
  endfacet
  facet normal 0 0 -1
    outer loop
      vertex 4.1 43.85 25
      vertex 7.05196 33.6387 25
      vertex 6.73726 33.3627 25
    endloop
  endfacet
  facet normal 0 0 -1
    outer loop
      vertex 7.4 43.8287 25
      vertex 4.1 43.85 25
      vertex 7.05196 44.0613 25
    endloop
  endfacet
  facet normal 0 0 -1
    outer loop
      vertex 4.1 43.85 25
      vertex 6.73726 33.3627 25
      vertex 6.46127 33.048 25
    endloop
  endfacet
  facet normal -0 0 -1
    outer loop
      vertex 7.05196 44.0613 25
      vertex 4.1 43.85 25
      vertex 6.73726 44.3373 25
    endloop
  endfacet
  facet normal 0 0 -1
    outer loop
      vertex 4.1 43.85 25
      vertex 6.46127 33.048 25
      vertex 6.22872 32.7 25
    endloop
  endfacet
  facet normal -0 0 -1
    outer loop
      vertex 6.73726 44.3373 25
      vertex 4.1 43.85 25
      vertex 6.46127 44.652 25
    endloop
  endfacet
  facet normal 0 0 -1
    outer loop
      vertex 4.1 43.85 25
      vertex 6.22872 32.7 25
      vertex 6.04358 32.3246 25
    endloop
  endfacet
  facet normal -0 0 -1
    outer loop
      vertex 6.46127 44.652 25
      vertex 4.1 43.85 25
      vertex 6.22872 45 25
    endloop
  endfacet
  facet normal 0 0 -1
    outer loop
      vertex 4.1 43.85 25
      vertex 6.04358 32.3246 25
      vertex 5.90904 31.9282 25
    endloop
  endfacet
  facet normal -0 0 -1
    outer loop
      vertex 6.22872 45 25
      vertex 4.1 43.85 25
      vertex 6.04358 45.3754 25
    endloop
  endfacet
  facet normal 0 0 -1
    outer loop
      vertex 4.1 43.85 25
      vertex 5.90904 31.9282 25
      vertex 5.82738 31.5177 25
    endloop
  endfacet
  facet normal -0 0 -1
    outer loop
      vertex 6.04358 45.3754 25
      vertex 4.1 43.85 25
      vertex 5.90904 45.7718 25
    endloop
  endfacet
  facet normal 0 0 -1
    outer loop
      vertex 4.1 43.85 25
      vertex 5.82738 31.5177 25
      vertex 5.8 31.1 25
    endloop
  endfacet
  facet normal -0 0 -1
    outer loop
      vertex 5.90904 45.7718 25
      vertex 4.1 43.85 25
      vertex 5.82738 46.1823 25
    endloop
  endfacet
  facet normal -0 0 -1
    outer loop
      vertex 67.2193 56.7941 25
      vertex 48.2 46.35 25
      vertex 67.1299 57.2432 25
    endloop
  endfacet
  facet normal 0 0 -1
    outer loop
      vertex 8.5 5 25
      vertex 67.1 5 25
      vertex 67.1299 4.54316 25
    endloop
  endfacet
  facet normal 0 0 -1
    outer loop
      vertex 8.47006 4.54316 25
      vertex 67.1299 4.54316 25
      vertex 67.2193 4.09413 25
    endloop
  endfacet
  facet normal 0 0 -1
    outer loop
      vertex 8.38074 4.09413 25
      vertex 67.2193 4.09413 25
      vertex 67.3191 3.8 25
    endloop
  endfacet
  facet normal 0 0 -1
    outer loop
      vertex 67.1 5 25
      vertex 8.5 5 25
      vertex 48.2 33.35 25
    endloop
  endfacet
  facet normal 0 0 -1
    outer loop
      vertex 12.1726 31.5177 25
      vertex 24.5 33.35 25
      vertex 12.2 31.1 25
    endloop
  endfacet
  facet normal -0 0 -1
    outer loop
      vertex 48.2 33.35 25
      vertex 8.47006 5.45684 25
      vertex 24.5 33.35 25
    endloop
  endfacet
  facet normal 0 0 -1
    outer loop
      vertex 24.5 33.35 25
      vertex 12.1726 30.6823 25
      vertex 12.2 31.1 25
    endloop
  endfacet
  facet normal 0 0 -1
    outer loop
      vertex 24.5 33.35 25
      vertex 12.091 30.2718 25
      vertex 12.1726 30.6823 25
    endloop
  endfacet
  facet normal 0 0 -1
    outer loop
      vertex 24.5 33.35 25
      vertex 11.9564 29.8754 25
      vertex 12.091 30.2718 25
    endloop
  endfacet
  facet normal 0 0 -1
    outer loop
      vertex 24.5 33.35 25
      vertex 11.7713 29.5 25
      vertex 11.9564 29.8754 25
    endloop
  endfacet
  facet normal 0 0 -1
    outer loop
      vertex 8.23358 6.33939 25
      vertex 24.5 33.35 25
      vertex 8.38074 5.90587 25
    endloop
  endfacet
  facet normal 0 0 -1
    outer loop
      vertex 24.5 33.35 25
      vertex 11.5387 29.152 25
      vertex 11.7713 29.5 25
    endloop
  endfacet
  facet normal 0 0 -1
    outer loop
      vertex 8.03109 6.75 25
      vertex 24.5 33.35 25
      vertex 8.23358 6.33939 25
    endloop
  endfacet
  facet normal 0 0 -1
    outer loop
      vertex 24.5 33.35 25
      vertex 11.2627 28.8373 25
      vertex 11.5387 29.152 25
    endloop
  endfacet
  facet normal 0 0 -1
    outer loop
      vertex 24.5 33.35 25
      vertex 8.03109 6.75 25
      vertex 11.2627 28.8373 25
    endloop
  endfacet
  facet normal 0 0 -1
    outer loop
      vertex 11.2627 28.8373 25
      vertex 8.03109 6.75 25
      vertex 10.948 28.5613 25
    endloop
  endfacet
  facet normal 0 0 -1
    outer loop
      vertex 7.77674 7.13066 25
      vertex 10.948 28.5613 25
      vertex 8.03109 6.75 25
    endloop
  endfacet
  facet normal 0 0 -1
    outer loop
      vertex 10.948 28.5613 25
      vertex 7.77674 7.13066 25
      vertex 10.6 28.3287 25
    endloop
  endfacet
  facet normal 0 0 -1
    outer loop
      vertex 10.6 28.3287 25
      vertex 7.47487 7.47487 25
      vertex 10.2246 28.1436 25
    endloop
  endfacet
  facet normal 0 0 -1
    outer loop
      vertex 48.2 33.35 25
      vertex 8.5 5 25
      vertex 8.47006 5.45684 25
    endloop
  endfacet
  facet normal 0 0 -1
    outer loop
      vertex 67.1299 4.54316 25
      vertex 8.47006 4.54316 25
      vertex 8.5 5 25
    endloop
  endfacet
  facet normal 0 0 -1
    outer loop
      vertex 67.2193 4.09413 25
      vertex 8.38074 4.09413 25
      vertex 8.47006 4.54316 25
    endloop
  endfacet
  facet normal 0 -0 -1
    outer loop
      vertex 8.38074 4.09413 25
      vertex 67.3191 3.8 25
      vertex 8.2809 3.8 25
    endloop
  endfacet
  facet normal -0 0 -1
    outer loop
      vertex 67.1299 57.2432 25
      vertex 48.2 46.35 25
      vertex 67.1 57.7 25
    endloop
  endfacet
  facet normal -0 0 -1
    outer loop
      vertex 67.1 57.7 25
      vertex 48.2 46.35 25
      vertex 67.1299 58.1568 25
    endloop
  endfacet
  facet normal -0 0 -1
    outer loop
      vertex 67.1299 58.1568 25
      vertex 48.2 46.35 25
      vertex 67.2193 58.6059 25
    endloop
  endfacet
  facet normal -0 0 -1
    outer loop
      vertex 67.2193 58.6059 25
      vertex 48.2 46.35 25
      vertex 67.3191 58.9 25
    endloop
  endfacet
  facet normal 0 0 -1
    outer loop
      vertex 8.2809 58.9 25
      vertex 48.2 46.35 25
      vertex 24.5 46.35 25
    endloop
  endfacet
  facet normal 0 0 -1
    outer loop
      vertex 24.5 33.35 25
      vertex 12.2 46.6 25
      vertex 24.5 46.35 25
    endloop
  endfacet
  facet normal 0 0 -1
    outer loop
      vertex 12.1726 47.0177 25
      vertex 24.5 46.35 25
      vertex 12.2 46.6 25
    endloop
  endfacet
  facet normal 0 0 -1
    outer loop
      vertex 12.091 47.4282 25
      vertex 24.5 46.35 25
      vertex 12.1726 47.0177 25
    endloop
  endfacet
  facet normal 0 0 -1
    outer loop
      vertex 11.9564 47.8246 25
      vertex 24.5 46.35 25
      vertex 12.091 47.4282 25
    endloop
  endfacet
  facet normal 0 0 -1
    outer loop
      vertex 11.7713 48.2 25
      vertex 24.5 46.35 25
      vertex 11.9564 47.8246 25
    endloop
  endfacet
  facet normal 0 0 -1
    outer loop
      vertex 11.5387 48.548 25
      vertex 24.5 46.35 25
      vertex 11.7713 48.2 25
    endloop
  endfacet
  facet normal 0 0 -1
    outer loop
      vertex 11.2627 48.8627 25
      vertex 24.5 46.35 25
      vertex 11.5387 48.548 25
    endloop
  endfacet
  facet normal 0 0 -1
    outer loop
      vertex 8.47006 57.2432 25
      vertex 24.5 46.35 25
      vertex 11.2627 48.8627 25
    endloop
  endfacet
  facet normal 0 0 -1
    outer loop
      vertex 8.47006 57.2432 25
      vertex 11.2627 48.8627 25
      vertex 10.948 49.1387 25
    endloop
  endfacet
  facet normal 0 0 -1
    outer loop
      vertex 8.47006 57.2432 25
      vertex 10.948 49.1387 25
      vertex 10.6 49.3713 25
    endloop
  endfacet
  facet normal 0 0 -1
    outer loop
      vertex 8.47006 57.2432 25
      vertex 10.6 49.3713 25
      vertex 10.2246 49.5564 25
    endloop
  endfacet
  facet normal 0 0 -1
    outer loop
      vertex 8.47006 57.2432 25
      vertex 10.2246 49.5564 25
      vertex 9.82822 49.691 25
    endloop
  endfacet
  facet normal 0 0 -1
    outer loop
      vertex 8.47006 57.2432 25
      vertex 9.82822 49.691 25
      vertex 9.41768 49.7726 25
    endloop
  endfacet
  facet normal 0 0 -1
    outer loop
      vertex 8.47006 57.2432 25
      vertex 9.41768 49.7726 25
      vertex 9 49.8 25
    endloop
  endfacet
  facet normal 0 0 -1
    outer loop
      vertex 7.13066 54.9233 25
      vertex 9 49.8 25
      vertex 8.58232 49.7726 25
    endloop
  endfacet
  facet normal 0 0 -1
    outer loop
      vertex 24.5 46.35 25
      vertex 8.5 57.7 25
      vertex 8.47006 58.1568 25
    endloop
  endfacet
  facet normal 0 0 -1
    outer loop
      vertex 8.38074 58.6059 25
      vertex 24.5 46.35 25
      vertex 8.47006 58.1568 25
    endloop
  endfacet
  facet normal 0 0 -1
    outer loop
      vertex 8.2809 58.9 25
      vertex 24.5 46.35 25
      vertex 8.38074 58.6059 25
    endloop
  endfacet
  facet normal 0 0 -1
    outer loop
      vertex 48.2 46.35 25
      vertex 8.2809 58.9 25
      vertex 67.3191 58.9 25
    endloop
  endfacet
  facet normal 0 0 -1
    outer loop
      vertex 24.5 33.35 25
      vertex 8.47006 5.45684 25
      vertex 8.38074 5.90587 25
    endloop
  endfacet
  facet normal 0 0 -1
    outer loop
      vertex 7.47487 7.47487 25
      vertex 10.6 28.3287 25
      vertex 7.77674 7.13066 25
    endloop
  endfacet
  facet normal 0 0 -1
    outer loop
      vertex 7.13066 7.77674 25
      vertex 10.2246 28.1436 25
      vertex 7.47487 7.47487 25
    endloop
  endfacet
  facet normal 0 0 -1
    outer loop
      vertex 10.2246 28.1436 25
      vertex 7.13066 7.77674 25
      vertex 9.82822 28.009 25
    endloop
  endfacet
  facet normal 0 0 -1
    outer loop
      vertex 6.75 8.03109 25
      vertex 9.82822 28.009 25
      vertex 7.13066 7.77674 25
    endloop
  endfacet
  facet normal 0 0 -1
    outer loop
      vertex 9.82822 28.009 25
      vertex 6.75 8.03109 25
      vertex 9.41768 27.9274 25
    endloop
  endfacet
  facet normal 0 0 -1
    outer loop
      vertex 6.33939 8.23358 25
      vertex 9.41768 27.9274 25
      vertex 6.75 8.03109 25
    endloop
  endfacet
  facet normal 0 0 -1
    outer loop
      vertex 9.41768 27.9274 25
      vertex 6.33939 8.23358 25
      vertex 9 27.9 25
    endloop
  endfacet
  facet normal 0 0 -1
    outer loop
      vertex 5.90587 8.38074 25
      vertex 9 27.9 25
      vertex 6.33939 8.23358 25
    endloop
  endfacet
  facet normal -0 0 -1
    outer loop
      vertex 9 27.9 25
      vertex 5.90587 8.38074 25
      vertex 8.58232 27.9274 25
    endloop
  endfacet
  facet normal 0 0 -1
    outer loop
      vertex 5.45684 8.47006 25
      vertex 8.58232 27.9274 25
      vertex 5.90587 8.38074 25
    endloop
  endfacet
  facet normal -0 0 -1
    outer loop
      vertex 8.58232 27.9274 25
      vertex 5.45684 8.47006 25
      vertex 8.17178 28.009 25
    endloop
  endfacet
  facet normal 0 0 -1
    outer loop
      vertex 5 8.5 25
      vertex 8.17178 28.009 25
      vertex 5.45684 8.47006 25
    endloop
  endfacet
  facet normal -0 0 -1
    outer loop
      vertex 8.17178 28.009 25
      vertex 5 8.5 25
      vertex 7.77541 28.1436 25
    endloop
  endfacet
  facet normal 0 0 -1
    outer loop
      vertex 4.54316 8.47006 25
      vertex 7.77541 28.1436 25
      vertex 5 8.5 25
    endloop
  endfacet
  facet normal -0 0 -1
    outer loop
      vertex 7.77541 28.1436 25
      vertex 4.54316 8.47006 25
      vertex 7.4 28.3287 25
    endloop
  endfacet
  facet normal 0 0 -1
    outer loop
      vertex 4.09413 8.38074 25
      vertex 7.4 28.3287 25
      vertex 4.54316 8.47006 25
    endloop
  endfacet
  facet normal -0 0 -1
    outer loop
      vertex 7.4 28.3287 25
      vertex 4.09413 8.38074 25
      vertex 7.05196 28.5613 25
    endloop
  endfacet
  facet normal 0 0 -1
    outer loop
      vertex 3.8 8.2809 25
      vertex 7.05196 28.5613 25
      vertex 4.09413 8.38074 25
    endloop
  endfacet
  facet normal -0 0 -1
    outer loop
      vertex 7.05196 28.5613 25
      vertex 3.8 8.2809 25
      vertex 6.73726 28.8373 25
    endloop
  endfacet
  facet normal -0 0 -1
    outer loop
      vertex 6.73726 28.8373 25
      vertex 3.8 8.2809 25
      vertex 6.46127 29.152 25
    endloop
  endfacet
  facet normal 0 0 -1
    outer loop
      vertex 6.46127 29.152 25
      vertex 3.8 31.85 25
      vertex 6.22872 29.5 25
    endloop
  endfacet
  facet normal 0 0 -1
    outer loop
      vertex 3.8 31.85 25
      vertex 6.46127 29.152 25
      vertex 3.8 8.2809 25
    endloop
  endfacet
  facet normal 1 -0 0
    outer loop
      vertex 73.4 59.7958 25
      vertex 73.4 60.5 22
      vertex 73.4 60.5 25
    endloop
  endfacet
  facet normal 1 0 0
    outer loop
      vertex 73.4 60.5 22
      vertex 73.4 59.7958 25
      vertex 73.4 59.7958 22
    endloop
  endfacet
  facet normal 1 -0 0
    outer loop
      vertex 73.4 2.2 25
      vertex 73.4 2.90415 22
      vertex 73.4 2.90415 25
    endloop
  endfacet
  facet normal 1 0 0
    outer loop
      vertex 73.4 2.90415 22
      vertex 73.4 2.2 25
      vertex 73.4 2.2 22
    endloop
  endfacet
  facet normal 1 -0 0
    outer loop
      vertex 73.4 20.5 25
      vertex 73.4 55.6041 22
      vertex 73.4 55.6041 25
    endloop
  endfacet
  facet normal 1 0 0
    outer loop
      vertex 73.4 55.6041 22
      vertex 73.4 20.5 25
      vertex 73.4 20.5 22
    endloop
  endfacet
  facet normal 1 -0 0
    outer loop
      vertex 73.4 7.09585 25
      vertex 73.4 7.5 22
      vertex 73.4 7.5 25
    endloop
  endfacet
  facet normal 1 0 0
    outer loop
      vertex 73.4 7.5 22
      vertex 73.4 7.09585 25
      vertex 73.4 7.09585 22
    endloop
  endfacet
  facet normal 0 0 -1
    outer loop
      vertex 73.3767 59.8307 22
      vertex 73.4 60.5 22
      vertex 73.4 59.7958 22
    endloop
  endfacet
  facet normal 0 0 -1
    outer loop
      vertex 73.0749 60.1749 22
      vertex 73.4 60.5 22
      vertex 73.3767 59.8307 22
    endloop
  endfacet
  facet normal 0 0 -1
    outer loop
      vertex 72.7307 60.4767 22
      vertex 73.4 60.5 22
      vertex 73.0749 60.1749 22
    endloop
  endfacet
  facet normal -0 0 -1
    outer loop
      vertex 73.4 60.5 22
      vertex 72.7307 60.4767 22
      vertex 72.6958 60.5 22
    endloop
  endfacet
  facet normal 0 0 -1
    outer loop
      vertex 73.4 2.2 22
      vertex 73.3767 2.86933 22
      vertex 73.4 2.90415 22
    endloop
  endfacet
  facet normal 0 0 -1
    outer loop
      vertex 73.4 2.2 22
      vertex 73.0749 2.52513 22
      vertex 73.3767 2.86933 22
    endloop
  endfacet
  facet normal 0 0 -1
    outer loop
      vertex 73.4 2.2 22
      vertex 72.7307 2.22326 22
      vertex 73.0749 2.52513 22
    endloop
  endfacet
  facet normal 0 -0 -1
    outer loop
      vertex 72.7307 2.22326 22
      vertex 73.4 2.2 22
      vertex 72.6958 2.2 22
    endloop
  endfacet
  facet normal 0 0 -1
    outer loop
      vertex 2.2 2.2 22
      vertex 2.86933 2.22326 22
      vertex 2.90415 2.2 22
    endloop
  endfacet
  facet normal 0 0 -1
    outer loop
      vertex 2.2 2.2 22
      vertex 2.52513 2.52513 22
      vertex 2.86933 2.22326 22
    endloop
  endfacet
  facet normal 0 0 -1
    outer loop
      vertex 2.2 2.2 22
      vertex 2.22326 2.86933 22
      vertex 2.52513 2.52513 22
    endloop
  endfacet
  facet normal -0 0 -1
    outer loop
      vertex 2.22326 2.86933 22
      vertex 2.2 2.2 22
      vertex 2.2 2.90415 22
    endloop
  endfacet
  facet normal 0 0 -1
    outer loop
      vertex 2.86933 60.4767 22
      vertex 2.2 60.5 22
      vertex 2.90415 60.5 22
    endloop
  endfacet
  facet normal 0 0 -1
    outer loop
      vertex 2.52513 60.1749 22
      vertex 2.2 60.5 22
      vertex 2.86933 60.4767 22
    endloop
  endfacet
  facet normal 0 0 -1
    outer loop
      vertex 2.22326 59.8307 22
      vertex 2.2 60.5 22
      vertex 2.52513 60.1749 22
    endloop
  endfacet
  facet normal 0 0 -1
    outer loop
      vertex 2.2 60.5 22
      vertex 2.22326 59.8307 22
      vertex 2.2 59.7958 22
    endloop
  endfacet
  facet normal 0 0 -1
    outer loop
      vertex 2.2 43.85 22
      vertex 3.8 54.4191 22
      vertex 3.8 43.85 22
    endloop
  endfacet
  facet normal -0 0 -1
    outer loop
      vertex 3.8 54.4191 22
      vertex 2.2 43.85 22
      vertex 3.66061 54.4664 22
    endloop
  endfacet
  facet normal -0 0 -1
    outer loop
      vertex 3.66061 54.4664 22
      vertex 2.2 43.85 22
      vertex 3.25 54.6689 22
    endloop
  endfacet
  facet normal -0 0 -1
    outer loop
      vertex 3.25 54.6689 22
      vertex 2.2 43.85 22
      vertex 2.86933 54.9233 22
    endloop
  endfacet
  facet normal -0 0 -1
    outer loop
      vertex 2.86933 54.9233 22
      vertex 2.2 43.85 22
      vertex 2.52513 55.2251 22
    endloop
  endfacet
  facet normal -0 0 -1
    outer loop
      vertex 2.52513 55.2251 22
      vertex 2.2 43.85 22
      vertex 2.22326 55.5693 22
    endloop
  endfacet
  facet normal -0 0 -1
    outer loop
      vertex 2.22326 55.5693 22
      vertex 2.2 43.85 22
      vertex 2.2 55.6041 22
    endloop
  endfacet
  facet normal 0 0 -1
    outer loop
      vertex 2.2 31.85 22
      vertex 3.8 8.2809 22
      vertex 3.66061 8.23358 22
    endloop
  endfacet
  facet normal 0 0 -1
    outer loop
      vertex 2.2 31.85 22
      vertex 3.66061 8.23358 22
      vertex 3.25 8.03109 22
    endloop
  endfacet
  facet normal 0 0 -1
    outer loop
      vertex 2.2 31.85 22
      vertex 3.25 8.03109 22
      vertex 2.86933 7.77674 22
    endloop
  endfacet
  facet normal 0 0 -1
    outer loop
      vertex 2.2 31.85 22
      vertex 2.86933 7.77674 22
      vertex 2.52513 7.47487 22
    endloop
  endfacet
  facet normal 0 0 -1
    outer loop
      vertex 2.2 31.85 22
      vertex 2.52513 7.47487 22
      vertex 2.22326 7.13066 22
    endloop
  endfacet
  facet normal 0 0 -1
    outer loop
      vertex 2.2 31.85 22
      vertex 2.22326 7.13066 22
      vertex 2.2 7.09585 22
    endloop
  endfacet
  facet normal 0 0 -1
    outer loop
      vertex 3.8 8.2809 22
      vertex 2.2 31.85 22
      vertex 3.8 31.85 22
    endloop
  endfacet
  facet normal 0 0 -1
    outer loop
      vertex 73.4 20.5 22
      vertex 73.3767 55.5693 22
      vertex 73.4 55.6041 22
    endloop
  endfacet
  facet normal 0 0 -1
    outer loop
      vertex 73.4 20.5 22
      vertex 73.0749 55.2251 22
      vertex 73.3767 55.5693 22
    endloop
  endfacet
  facet normal 0 0 -1
    outer loop
      vertex 73.4 20.5 22
      vertex 72.7307 54.9233 22
      vertex 73.0749 55.2251 22
    endloop
  endfacet
  facet normal 0 0 -1
    outer loop
      vertex 73.4 20.5 22
      vertex 72.35 54.6689 22
      vertex 72.7307 54.9233 22
    endloop
  endfacet
  facet normal 0 0 -1
    outer loop
      vertex 73.4 20.5 22
      vertex 71.9394 54.4664 22
      vertex 72.35 54.6689 22
    endloop
  endfacet
  facet normal 0 0 -1
    outer loop
      vertex 71.8 54.4191 22
      vertex 73.4 20.5 22
      vertex 71.8 20.5 22
    endloop
  endfacet
  facet normal 0 0 -1
    outer loop
      vertex 73.4 20.5 22
      vertex 71.8 54.4191 22
      vertex 71.9394 54.4664 22
    endloop
  endfacet
  facet normal 0 0 -1
    outer loop
      vertex 73.3767 7.13066 22
      vertex 73.4 7.5 22
      vertex 73.4 7.09585 22
    endloop
  endfacet
  facet normal 0 0 -1
    outer loop
      vertex 73.0749 7.47487 22
      vertex 73.4 7.5 22
      vertex 73.3767 7.13066 22
    endloop
  endfacet
  facet normal -0 0 -1
    outer loop
      vertex 73.4 7.5 22
      vertex 73.0749 7.47487 22
      vertex 73.0462 7.5 22
    endloop
  endfacet
  facet normal 0 0 -1
    outer loop
      vertex 67.3664 3.66061 22
      vertex 8.2809 3.8 22
      vertex 67.3191 3.8 22
    endloop
  endfacet
  facet normal 0 0 -1
    outer loop
      vertex 8.23358 3.66061 22
      vertex 67.3664 3.66061 22
      vertex 67.5689 3.25 22
    endloop
  endfacet
  facet normal 0 0 -1
    outer loop
      vertex 8.03109 3.25 22
      vertex 67.5689 3.25 22
      vertex 67.8233 2.86933 22
    endloop
  endfacet
  facet normal 0 0 -1
    outer loop
      vertex 7.77674 2.86933 22
      vertex 67.8233 2.86933 22
      vertex 68.1251 2.52513 22
    endloop
  endfacet
  facet normal 0 0 -1
    outer loop
      vertex 7.47487 2.52513 22
      vertex 68.1251 2.52513 22
      vertex 68.4693 2.22326 22
    endloop
  endfacet
  facet normal 0 0 -1
    outer loop
      vertex 7.13066 2.22326 22
      vertex 68.4693 2.22326 22
      vertex 68.5042 2.2 22
    endloop
  endfacet
  facet normal 0 0 -1
    outer loop
      vertex 67.3664 3.66061 22
      vertex 8.23358 3.66061 22
      vertex 8.2809 3.8 22
    endloop
  endfacet
  facet normal 0 0 -1
    outer loop
      vertex 67.5689 3.25 22
      vertex 8.03109 3.25 22
      vertex 8.23358 3.66061 22
    endloop
  endfacet
  facet normal 0 0 -1
    outer loop
      vertex 67.8233 2.86933 22
      vertex 7.77674 2.86933 22
      vertex 8.03109 3.25 22
    endloop
  endfacet
  facet normal 0 0 -1
    outer loop
      vertex 68.1251 2.52513 22
      vertex 7.47487 2.52513 22
      vertex 7.77674 2.86933 22
    endloop
  endfacet
  facet normal 0 0 -1
    outer loop
      vertex 68.4693 2.22326 22
      vertex 7.13066 2.22326 22
      vertex 7.47487 2.52513 22
    endloop
  endfacet
  facet normal 0 -0 -1
    outer loop
      vertex 7.13066 2.22326 22
      vertex 68.5042 2.2 22
      vertex 7.09585 2.2 22
    endloop
  endfacet
  facet normal 0 0 -1
    outer loop
      vertex 8.2809 58.9 22
      vertex 67.3664 59.0394 22
      vertex 67.3191 58.9 22
    endloop
  endfacet
  facet normal 0 0 -1
    outer loop
      vertex 8.23358 59.0394 22
      vertex 67.3664 59.0394 22
      vertex 8.2809 58.9 22
    endloop
  endfacet
  facet normal 0 0 -1
    outer loop
      vertex 67.3664 59.0394 22
      vertex 8.23358 59.0394 22
      vertex 67.5689 59.45 22
    endloop
  endfacet
  facet normal 0 0 -1
    outer loop
      vertex 8.03109 59.45 22
      vertex 67.5689 59.45 22
      vertex 8.23358 59.0394 22
    endloop
  endfacet
  facet normal 0 0 -1
    outer loop
      vertex 67.5689 59.45 22
      vertex 8.03109 59.45 22
      vertex 67.8233 59.8307 22
    endloop
  endfacet
  facet normal 0 0 -1
    outer loop
      vertex 7.77674 59.8307 22
      vertex 67.8233 59.8307 22
      vertex 8.03109 59.45 22
    endloop
  endfacet
  facet normal 0 0 -1
    outer loop
      vertex 67.8233 59.8307 22
      vertex 7.77674 59.8307 22
      vertex 68.1251 60.1749 22
    endloop
  endfacet
  facet normal 0 0 -1
    outer loop
      vertex 7.47487 60.1749 22
      vertex 68.1251 60.1749 22
      vertex 7.77674 59.8307 22
    endloop
  endfacet
  facet normal 0 0 -1
    outer loop
      vertex 68.1251 60.1749 22
      vertex 7.47487 60.1749 22
      vertex 68.4693 60.4767 22
    endloop
  endfacet
  facet normal 0 0 -1
    outer loop
      vertex 7.13066 60.4767 22
      vertex 68.4693 60.4767 22
      vertex 7.47487 60.1749 22
    endloop
  endfacet
  facet normal 0 0 -1
    outer loop
      vertex 68.4693 60.4767 22
      vertex 7.13066 60.4767 22
      vertex 68.5042 60.5 22
    endloop
  endfacet
  facet normal -0 0 -1
    outer loop
      vertex 68.5042 60.5 22
      vertex 7.13066 60.4767 22
      vertex 7.09585 60.5 22
    endloop
  endfacet
  facet normal -1 0 0
    outer loop
      vertex 2.2 59.7958 22
      vertex 2.2 60.5 25
      vertex 2.2 60.5 22
    endloop
  endfacet
  facet normal -1 -0 0
    outer loop
      vertex 2.2 60.5 25
      vertex 2.2 59.7958 22
      vertex 2.2 59.7958 25
    endloop
  endfacet
  facet normal -1 0 0
    outer loop
      vertex 2.2 2.2 22
      vertex 2.2 2.90415 25
      vertex 2.2 2.90415 22
    endloop
  endfacet
  facet normal -1 -0 0
    outer loop
      vertex 2.2 2.90415 25
      vertex 2.2 2.2 22
      vertex 2.2 2.2 25
    endloop
  endfacet
  facet normal -1 0 0
    outer loop
      vertex 2.2 43.85 22
      vertex 2.2 55.6041 25
      vertex 2.2 55.6041 22
    endloop
  endfacet
  facet normal -1 -0 0
    outer loop
      vertex 2.2 55.6041 25
      vertex 2.2 43.85 22
      vertex 2.2 43.85 25
    endloop
  endfacet
  facet normal -1 0 0
    outer loop
      vertex 2.2 7.09585 22
      vertex 2.2 31.85 25
      vertex 2.2 31.85 22
    endloop
  endfacet
  facet normal -1 -0 0
    outer loop
      vertex 2.2 31.85 25
      vertex 2.2 7.09585 22
      vertex 2.2 7.09585 25
    endloop
  endfacet
  facet normal 0 1 -0
    outer loop
      vertex 2.90415 60.5 22
      vertex 2.2 60.5 25
      vertex 2.90415 60.5 25
    endloop
  endfacet
  facet normal 0 1 0
    outer loop
      vertex 2.2 60.5 25
      vertex 2.90415 60.5 22
      vertex 2.2 60.5 22
    endloop
  endfacet
  facet normal 0 1 -0
    outer loop
      vertex 73.4 60.5 22
      vertex 72.6958 60.5 25
      vertex 73.4 60.5 25
    endloop
  endfacet
  facet normal 0 1 0
    outer loop
      vertex 72.6958 60.5 25
      vertex 73.4 60.5 22
      vertex 72.6958 60.5 22
    endloop
  endfacet
  facet normal 0 1 -0
    outer loop
      vertex 68.5042 60.5 22
      vertex 7.09585 60.5 25
      vertex 68.5042 60.5 25
    endloop
  endfacet
  facet normal 0 1 0
    outer loop
      vertex 7.09585 60.5 25
      vertex 68.5042 60.5 22
      vertex 7.09585 60.5 22
    endloop
  endfacet
  facet normal 0 -1 0
    outer loop
      vertex 2.2 2.2 22
      vertex 2.90415 2.2 25
      vertex 2.2 2.2 25
    endloop
  endfacet
  facet normal 0 -1 -0
    outer loop
      vertex 2.90415 2.2 25
      vertex 2.2 2.2 22
      vertex 2.90415 2.2 22
    endloop
  endfacet
  facet normal 0 -1 0
    outer loop
      vertex 72.6958 2.2 22
      vertex 73.4 2.2 25
      vertex 72.6958 2.2 25
    endloop
  endfacet
  facet normal 0 -1 -0
    outer loop
      vertex 73.4 2.2 25
      vertex 72.6958 2.2 22
      vertex 73.4 2.2 22
    endloop
  endfacet
  facet normal 0 -1 0
    outer loop
      vertex 7.09585 2.2 22
      vertex 68.5042 2.2 25
      vertex 7.09585 2.2 25
    endloop
  endfacet
  facet normal 0 -1 -0
    outer loop
      vertex 68.5042 2.2 25
      vertex 7.09585 2.2 22
      vertex 68.5042 2.2 22
    endloop
  endfacet
  facet normal -1 0 0
    outer loop
      vertex 71.8 20.5 22
      vertex 71.8 54.4191 25
      vertex 71.8 54.4191 22
    endloop
  endfacet
  facet normal -1 -0 0
    outer loop
      vertex 71.8 54.4191 25
      vertex 71.8 20.5 22
      vertex 71.8 20.5 25
    endloop
  endfacet
  facet normal 1 -0 0
    outer loop
      vertex 3.8 43.85 25
      vertex 3.8 54.4191 22
      vertex 3.8 54.4191 25
    endloop
  endfacet
  facet normal 1 0 0
    outer loop
      vertex 3.8 54.4191 22
      vertex 3.8 43.85 25
      vertex 3.8 43.85 22
    endloop
  endfacet
  facet normal 1 -0 0
    outer loop
      vertex 3.8 8.2809 25
      vertex 3.8 31.85 22
      vertex 3.8 31.85 25
    endloop
  endfacet
  facet normal 1 0 0
    outer loop
      vertex 3.8 31.85 22
      vertex 3.8 8.2809 25
      vertex 3.8 8.2809 22
    endloop
  endfacet
  facet normal 0 -1 0
    outer loop
      vertex 8.2809 58.9 22
      vertex 67.3191 58.9 25
      vertex 8.2809 58.9 25
    endloop
  endfacet
  facet normal 0 -1 -0
    outer loop
      vertex 67.3191 58.9 25
      vertex 8.2809 58.9 22
      vertex 67.3191 58.9 22
    endloop
  endfacet
  facet normal 0 1 -0
    outer loop
      vertex 67.3191 3.8 22
      vertex 8.2809 3.8 25
      vertex 67.3191 3.8 25
    endloop
  endfacet
  facet normal 0 1 0
    outer loop
      vertex 8.2809 3.8 25
      vertex 67.3191 3.8 22
      vertex 8.2809 3.8 22
    endloop
  endfacet
  facet normal -0.321397 0.946944 0
    outer loop
      vertex 1.85295 62.6148 25
      vertex 1.54329 62.5097 27.4
      vertex 1.85295 62.6148 27.4
    endloop
  endfacet
  facet normal -0.321397 0.946944 0
    outer loop
      vertex 1.54329 62.5097 27.4
      vertex 1.85295 62.6148 25
      vertex 1.54329 62.5097 25
    endloop
  endfacet
  facet normal 0 1 -0
    outer loop
      vertex 73.1 62.7 25
      vertex 2.5 62.7 27.4
      vertex 73.1 62.7 27.4
    endloop
  endfacet
  facet normal 0 1 0
    outer loop
      vertex 2.5 62.7 27.4
      vertex 73.1 62.7 25
      vertex 2.5 62.7 25
    endloop
  endfacet
  facet normal -0.946942 0.321404 0
    outer loop
      vertex 0.0851851 60.847 25
      vertex 0.190301 61.1567 27.4
      vertex 0.190301 61.1567 25
    endloop
  endfacet
  facet normal -0.946942 0.321404 0
    outer loop
      vertex 0.190301 61.1567 27.4
      vertex 0.0851851 60.847 25
      vertex 0.0851851 60.847 27.4
    endloop
  endfacet
  facet normal 0.195116 0.98078 -0
    outer loop
      vertex 73.747 62.6148 25
      vertex 73.4263 62.6786 27.4
      vertex 73.747 62.6148 27.4
    endloop
  endfacet
  facet normal 0.195116 0.98078 0
    outer loop
      vertex 73.4263 62.6786 27.4
      vertex 73.747 62.6148 25
      vertex 73.4263 62.6786 25
    endloop
  endfacet
  facet normal -0.896872 -0.44229 0
    outer loop
      vertex 0.334936 1.25 25
      vertex 0.190301 1.54329 27.4
      vertex 0.190301 1.54329 25
    endloop
  endfacet
  facet normal -0.896872 -0.44229 0
    outer loop
      vertex 0.190301 1.54329 27.4
      vertex 0.334936 1.25 25
      vertex 0.334936 1.25 27.4
    endloop
  endfacet
  facet normal 0.831442 -0.555612 0
    outer loop
      vertex 75.0834 0.978096 27.4
      vertex 75.2651 1.25 25
      vertex 75.2651 1.25 27.4
    endloop
  endfacet
  facet normal 0.831442 -0.555612 0
    outer loop
      vertex 75.2651 1.25 25
      vertex 75.0834 0.978096 27.4
      vertex 75.0834 0.978096 25
    endloop
  endfacet
  facet normal 0.659262 0.751913 -0
    outer loop
      vertex 74.8678 61.9678 25
      vertex 74.6219 62.1834 27.4
      vertex 74.8678 61.9678 27.4
    endloop
  endfacet
  facet normal 0.659262 0.751913 0
    outer loop
      vertex 74.6219 62.1834 27.4
      vertex 74.8678 61.9678 25
      vertex 74.6219 62.1834 25
    endloop
  endfacet
  facet normal -0.980781 0.19511 0
    outer loop
      vertex 0.0213871 60.5263 25
      vertex 0.0851851 60.847 27.4
      vertex 0.0851851 60.847 25
    endloop
  endfacet
  facet normal -0.980781 0.19511 0
    outer loop
      vertex 0.0851851 60.847 27.4
      vertex 0.0213871 60.5263 25
      vertex 0.0213871 60.5263 27.4
    endloop
  endfacet
  facet normal 0.32136 0.946957 -0
    outer loop
      vertex 74.0567 62.5097 25
      vertex 73.747 62.6148 27.4
      vertex 74.0567 62.5097 27.4
    endloop
  endfacet
  facet normal 0.32136 0.946957 0
    outer loop
      vertex 73.747 62.6148 27.4
      vertex 74.0567 62.5097 25
      vertex 73.747 62.6148 25
    endloop
  endfacet
  facet normal 0.555617 0.831438 -0
    outer loop
      vertex 74.6219 62.1834 25
      vertex 74.35 62.3651 27.4
      vertex 74.6219 62.1834 27.4
    endloop
  endfacet
  facet normal 0.555617 0.831438 0
    outer loop
      vertex 74.35 62.3651 27.4
      vertex 74.6219 62.1834 25
      vertex 74.35 62.3651 25
    endloop
  endfacet
  facet normal 0.0654039 -0.997859 0
    outer loop
      vertex 73.1 0 25
      vertex 73.4263 0.0213871 27.4
      vertex 73.1 0 27.4
    endloop
  endfacet
  facet normal 0.0654039 -0.997859 0
    outer loop
      vertex 73.4263 0.0213871 27.4
      vertex 73.1 0 25
      vertex 73.4263 0.0213871 25
    endloop
  endfacet
  facet normal -0.0654 -0.997859 0
    outer loop
      vertex 2.17368 0.0213871 25
      vertex 2.5 0 27.4
      vertex 2.17368 0.0213871 27.4
    endloop
  endfacet
  facet normal -0.0654 -0.997859 -0
    outer loop
      vertex 2.5 0 27.4
      vertex 2.17368 0.0213871 25
      vertex 2.5 0 25
    endloop
  endfacet
  facet normal 0.321404 -0.946942 0
    outer loop
      vertex 73.747 0.0851851 25
      vertex 74.0567 0.190301 27.4
      vertex 73.747 0.0851851 27.4
    endloop
  endfacet
  facet normal 0.321404 -0.946942 0
    outer loop
      vertex 74.0567 0.190301 27.4
      vertex 73.747 0.0851851 25
      vertex 74.0567 0.190301 25
    endloop
  endfacet
  facet normal -0.555612 0.831442 0
    outer loop
      vertex 1.25 62.3651 25
      vertex 0.978096 62.1834 27.4
      vertex 1.25 62.3651 27.4
    endloop
  endfacet
  facet normal -0.555612 0.831442 0
    outer loop
      vertex 0.978096 62.1834 27.4
      vertex 1.25 62.3651 25
      vertex 0.978096 62.1834 25
    endloop
  endfacet
  facet normal -1 0 0
    outer loop
      vertex 0 31.85 25
      vertex 0 2.5 25
      vertex 0 31.85 25.1
    endloop
  endfacet
  facet normal -1 0 0
    outer loop
      vertex 0 43.85 25.1
      vertex 0 60.2 25
      vertex 0 43.85 25
    endloop
  endfacet
  facet normal -1 0 0
    outer loop
      vertex 0 60.2 25
      vertex 0 43.85 25.1
      vertex 0 60.2 27.4
    endloop
  endfacet
  facet normal -1 0 0
    outer loop
      vertex 0 31.85 25.1
      vertex 0 60.2 27.4
      vertex 0 43.85 25.1
    endloop
  endfacet
  facet normal -1 0 0
    outer loop
      vertex 0 2.5 27.4
      vertex 0 31.85 25.1
      vertex 0 2.5 25
    endloop
  endfacet
  facet normal -1 0 0
    outer loop
      vertex 0 31.85 25.1
      vertex 0 2.5 27.4
      vertex 0 60.2 27.4
    endloop
  endfacet
  facet normal 1 0 0
    outer loop
      vertex 75.6 60.2 27.4
      vertex 75.6 20.5 25.1
      vertex 75.6 60.2 25
    endloop
  endfacet
  facet normal 1 -0 0
    outer loop
      vertex 75.6 2.5 27.4
      vertex 75.6 20.5 25.1
      vertex 75.6 60.2 27.4
    endloop
  endfacet
  facet normal 1 0 0
    outer loop
      vertex 75.6 20.5 25.1
      vertex 75.6 2.5 27.4
      vertex 75.6 7.5 25.1
    endloop
  endfacet
  facet normal 1 0 0
    outer loop
      vertex 75.6 2.5 25
      vertex 75.6 7.5 25.1
      vertex 75.6 2.5 27.4
    endloop
  endfacet
  facet normal 1 0 0
    outer loop
      vertex 75.6 7.5 25.1
      vertex 75.6 2.5 25
      vertex 75.6 7.5 25
    endloop
  endfacet
  facet normal 1 0 0
    outer loop
      vertex 75.6 60.2 25
      vertex 75.6 20.5 25.1
      vertex 75.6 20.5 25
    endloop
  endfacet
  facet normal 0.65929 -0.751889 0
    outer loop
      vertex 74.6219 0.516616 25
      vertex 74.8678 0.732232 27.4
      vertex 74.6219 0.516616 27.4
    endloop
  endfacet
  facet normal 0.65929 -0.751889 0
    outer loop
      vertex 74.8678 0.732232 27.4
      vertex 74.6219 0.516616 25
      vertex 74.8678 0.732232 25
    endloop
  endfacet
  facet normal 0.946957 0.32136 0
    outer loop
      vertex 75.5148 60.847 27.4
      vertex 75.4097 61.1567 25
      vertex 75.4097 61.1567 27.4
    endloop
  endfacet
  facet normal 0.946957 0.32136 0
    outer loop
      vertex 75.4097 61.1567 25
      vertex 75.5148 60.847 27.4
      vertex 75.5148 60.847 25
    endloop
  endfacet
  facet normal -0.83147 -0.555569 0
    outer loop
      vertex 0.516616 0.978096 25
      vertex 0.334936 1.25 27.4
      vertex 0.334936 1.25 25
    endloop
  endfacet
  facet normal -0.83147 -0.555569 0
    outer loop
      vertex 0.334936 1.25 27.4
      vertex 0.516616 0.978096 25
      vertex 0.516616 0.978096 27.4
    endloop
  endfacet
  facet normal -0.442204 0.896915 0
    outer loop
      vertex 1.54329 62.5097 25
      vertex 1.25 62.3651 27.4
      vertex 1.54329 62.5097 27.4
    endloop
  endfacet
  facet normal -0.442204 0.896915 0
    outer loop
      vertex 1.25 62.3651 27.4
      vertex 1.54329 62.5097 25
      vertex 1.25 62.3651 25
    endloop
  endfacet
  facet normal 0 -1 0
    outer loop
      vertex 2.5 0 25
      vertex 73.1 0 27.4
      vertex 2.5 0 27.4
    endloop
  endfacet
  facet normal 0 -1 -0
    outer loop
      vertex 73.1 0 27.4
      vertex 2.5 0 25
      vertex 73.1 0 25
    endloop
  endfacet
  facet normal 0 0 1
    outer loop
      vertex 24.5 33.35 27.4
      vertex 7.28032 5.30021 27.4
      vertex 7.3 5 27.4
    endloop
  endfacet
  facet normal 0 0 1
    outer loop
      vertex 7.77541 28.1436 27.4
      vertex 7.22163 5.59528 27.4
      vertex 7.28032 5.30021 27.4
    endloop
  endfacet
  facet normal 0 0 1
    outer loop
      vertex 7.77541 28.1436 27.4
      vertex 7.12492 5.88017 27.4
      vertex 7.22163 5.59528 27.4
    endloop
  endfacet
  facet normal 0 0 1
    outer loop
      vertex 4.40472 7.22163 27.4
      vertex 7.4 28.3287 27.4
      vertex 7.05196 28.5613 27.4
    endloop
  endfacet
  facet normal 0 0 1
    outer loop
      vertex 7.77541 28.1436 27.4
      vertex 6.99186 6.15 27.4
      vertex 7.12492 5.88017 27.4
    endloop
  endfacet
  facet normal 0 0 1
    outer loop
      vertex 7.77541 28.1436 27.4
      vertex 6.82471 6.40015 27.4
      vertex 6.99186 6.15 27.4
    endloop
  endfacet
  facet normal 0 0 1
    outer loop
      vertex 4.11983 7.12492 27.4
      vertex 7.05196 28.5613 27.4
      vertex 6.73726 28.8373 27.4
    endloop
  endfacet
  facet normal 0 0 1
    outer loop
      vertex 7.77541 28.1436 27.4
      vertex 6.62634 6.62634 27.4
      vertex 6.82471 6.40015 27.4
    endloop
  endfacet
  facet normal 0 0 1
    outer loop
      vertex 3.85 6.99186 27.4
      vertex 6.73726 28.8373 27.4
      vertex 6.46127 29.152 27.4
    endloop
  endfacet
  facet normal 0 0 1
    outer loop
      vertex 7.77541 28.1436 27.4
      vertex 6.40015 6.82471 27.4
      vertex 6.62634 6.62634 27.4
    endloop
  endfacet
  facet normal 0 0 1
    outer loop
      vertex 3.37365 6.62634 27.4
      vertex 6.46127 29.152 27.4
      vertex 6.22872 29.5 27.4
    endloop
  endfacet
  facet normal 0 0 1
    outer loop
      vertex 7.77541 28.1436 27.4
      vertex 6.15 6.99186 27.4
      vertex 6.40015 6.82471 27.4
    endloop
  endfacet
  facet normal 0 0 1
    outer loop
      vertex 3.17529 6.40015 27.4
      vertex 6.22872 29.5 27.4
      vertex 6.04358 29.8754 27.4
    endloop
  endfacet
  facet normal 0 0 1
    outer loop
      vertex 0 2.5 27.4
      vertex 6.04358 29.8754 27.4
      vertex 5.90904 30.2718 27.4
    endloop
  endfacet
  facet normal 0 0 1
    outer loop
      vertex 7.77541 28.1436 27.4
      vertex 5.88017 7.12492 27.4
      vertex 6.15 6.99186 27.4
    endloop
  endfacet
  facet normal 0 0 1
    outer loop
      vertex 0 2.5 27.4
      vertex 5.90904 30.2718 27.4
      vertex 5.82738 30.6823 27.4
    endloop
  endfacet
  facet normal 0 0 1
    outer loop
      vertex 0 2.5 27.4
      vertex 5.82738 30.6823 27.4
      vertex 5.8 31.1 27.4
    endloop
  endfacet
  facet normal 0 0 1
    outer loop
      vertex 3.85 55.7081 27.4
      vertex 6.22872 48.2 27.4
      vertex 4.11983 55.5751 27.4
    endloop
  endfacet
  facet normal 0 0 1
    outer loop
      vertex 7.77541 28.1436 27.4
      vertex 5.59528 7.22163 27.4
      vertex 5.88017 7.12492 27.4
    endloop
  endfacet
  facet normal 0 0 1
    outer loop
      vertex 6.22872 48.2 27.4
      vertex 3.85 55.7081 27.4
      vertex 6.04358 47.8246 27.4
    endloop
  endfacet
  facet normal 0 0 1
    outer loop
      vertex 7.77541 28.1436 27.4
      vertex 5.30021 7.28032 27.4
      vertex 5.59528 7.22163 27.4
    endloop
  endfacet
  facet normal 0 0 1
    outer loop
      vertex 3.59985 55.8753 27.4
      vertex 6.04358 47.8246 27.4
      vertex 3.85 55.7081 27.4
    endloop
  endfacet
  facet normal 0 0 1
    outer loop
      vertex 7.77541 28.1436 27.4
      vertex 5 7.3 27.4
      vertex 5.30021 7.28032 27.4
    endloop
  endfacet
  facet normal 0 0 1
    outer loop
      vertex 6.04358 47.8246 27.4
      vertex 3.59985 55.8753 27.4
      vertex 5.90904 47.4282 27.4
    endloop
  endfacet
  facet normal 0 0 1
    outer loop
      vertex 7.77541 28.1436 27.4
      vertex 4.69979 7.28032 27.4
      vertex 5 7.3 27.4
    endloop
  endfacet
  facet normal 0 0 1
    outer loop
      vertex 3.37365 56.0737 27.4
      vertex 5.90904 47.4282 27.4
      vertex 3.59985 55.8753 27.4
    endloop
  endfacet
  facet normal 0 0 1
    outer loop
      vertex 7.4 28.3287 27.4
      vertex 4.40472 7.22163 27.4
      vertex 4.69979 7.28032 27.4
    endloop
  endfacet
  facet normal 0 0 1
    outer loop
      vertex 5.90904 47.4282 27.4
      vertex 3.37365 56.0737 27.4
      vertex 5.82738 47.0177 27.4
    endloop
  endfacet
  facet normal 0 0 1
    outer loop
      vertex 7.05196 28.5613 27.4
      vertex 4.11983 7.12492 27.4
      vertex 4.40472 7.22163 27.4
    endloop
  endfacet
  facet normal 0 0 1
    outer loop
      vertex 3.17529 56.2999 27.4
      vertex 5.82738 47.0177 27.4
      vertex 3.37365 56.0737 27.4
    endloop
  endfacet
  facet normal 0 0 1
    outer loop
      vertex 6.73726 28.8373 27.4
      vertex 3.85 6.99186 27.4
      vertex 4.11983 7.12492 27.4
    endloop
  endfacet
  facet normal 0 0 1
    outer loop
      vertex 5.82738 47.0177 27.4
      vertex 3.17529 56.2999 27.4
      vertex 5.8 46.6 27.4
    endloop
  endfacet
  facet normal 0 0 1
    outer loop
      vertex 6.46127 29.152 27.4
      vertex 3.59985 6.82471 27.4
      vertex 3.85 6.99186 27.4
    endloop
  endfacet
  facet normal 0 0 1
    outer loop
      vertex 3.00814 56.55 27.4
      vertex 5.8 46.6 27.4
      vertex 3.17529 56.2999 27.4
    endloop
  endfacet
  facet normal 0 0 1
    outer loop
      vertex 6.46127 29.152 27.4
      vertex 3.37365 6.62634 27.4
      vertex 3.59985 6.82471 27.4
    endloop
  endfacet
  facet normal 0 0 1
    outer loop
      vertex 5.8 46.6 27.4
      vertex 0 60.2 27.4
      vertex 5.8 31.1 27.4
    endloop
  endfacet
  facet normal 0 0 1
    outer loop
      vertex 6.22872 29.5 27.4
      vertex 3.17529 6.40015 27.4
      vertex 3.37365 6.62634 27.4
    endloop
  endfacet
  facet normal 0 0 1
    outer loop
      vertex 5.8 46.6 27.4
      vertex 3.00814 56.55 27.4
      vertex 0 60.2 27.4
    endloop
  endfacet
  facet normal 0 0 1
    outer loop
      vertex 0 2.5 27.4
      vertex 5.8 31.1 27.4
      vertex 0 60.2 27.4
    endloop
  endfacet
  facet normal 0 0 1
    outer loop
      vertex 0 60.2 27.4
      vertex 3.00814 56.55 27.4
      vertex 2.87508 56.8198 27.4
    endloop
  endfacet
  facet normal 0 0 1
    outer loop
      vertex 6.04358 29.8754 27.4
      vertex 0 2.5 27.4
      vertex 3.17529 6.40015 27.4
    endloop
  endfacet
  facet normal 0 0 1
    outer loop
      vertex 0 60.2 27.4
      vertex 2.87508 56.8198 27.4
      vertex 2.77837 57.1047 27.4
    endloop
  endfacet
  facet normal 0 0 1
    outer loop
      vertex 3.17529 6.40015 27.4
      vertex 0 2.5 27.4
      vertex 3.00814 6.15 27.4
    endloop
  endfacet
  facet normal 0 0 1
    outer loop
      vertex 0 60.2 27.4
      vertex 2.77837 57.1047 27.4
      vertex 2.71968 57.3998 27.4
    endloop
  endfacet
  facet normal 0 0 1
    outer loop
      vertex 3.00814 6.15 27.4
      vertex 0 2.5 27.4
      vertex 2.87508 5.88017 27.4
    endloop
  endfacet
  facet normal 0 0 1
    outer loop
      vertex 0 60.2 27.4
      vertex 2.71968 57.3998 27.4
      vertex 2.7 57.7 27.4
    endloop
  endfacet
  facet normal 0 0 1
    outer loop
      vertex 2.87508 5.88017 27.4
      vertex 0 2.5 27.4
      vertex 2.77837 5.59528 27.4
    endloop
  endfacet
  facet normal 0 0 1
    outer loop
      vertex 11.9564 45.3754 27.4
      vertex 24.5 46.35 27.4
      vertex 12.091 45.7718 27.4
    endloop
  endfacet
  facet normal 0 0 1
    outer loop
      vertex 24.5 33.35 27.4
      vertex 12.1726 31.5177 27.4
      vertex 12.2 31.1 27.4
    endloop
  endfacet
  facet normal 0 0 1
    outer loop
      vertex 11.7713 45 27.4
      vertex 24.5 46.35 27.4
      vertex 11.9564 45.3754 27.4
    endloop
  endfacet
  facet normal 0 0 1
    outer loop
      vertex 24.5 33.35 27.4
      vertex 12.091 31.9282 27.4
      vertex 12.1726 31.5177 27.4
    endloop
  endfacet
  facet normal 0 0 1
    outer loop
      vertex 11.5387 44.652 27.4
      vertex 24.5 46.35 27.4
      vertex 11.7713 45 27.4
    endloop
  endfacet
  facet normal 0 0 1
    outer loop
      vertex 24.5 33.35 27.4
      vertex 11.9564 32.3246 27.4
      vertex 12.091 31.9282 27.4
    endloop
  endfacet
  facet normal 0 0 1
    outer loop
      vertex 24.5 46.35 27.4
      vertex 11.5387 44.652 27.4
      vertex 24.5 33.35 27.4
    endloop
  endfacet
  facet normal 0 0 1
    outer loop
      vertex 24.5 33.35 27.4
      vertex 11.7713 32.7 27.4
      vertex 11.9564 32.3246 27.4
    endloop
  endfacet
  facet normal 0 0 1
    outer loop
      vertex 11.5387 33.048 27.4
      vertex 24.5 33.35 27.4
      vertex 11.5387 44.652 27.4
    endloop
  endfacet
  facet normal 0 0 1
    outer loop
      vertex 24.5 33.35 27.4
      vertex 11.5387 33.048 27.4
      vertex 11.7713 32.7 27.4
    endloop
  endfacet
  facet normal -0 0 1
    outer loop
      vertex 11.2627 44.3373 27.4
      vertex 11.5387 33.048 27.4
      vertex 11.5387 44.652 27.4
    endloop
  endfacet
  facet normal 0 0 1
    outer loop
      vertex 11.2627 44.3373 27.4
      vertex 11.2627 33.3627 27.4
      vertex 11.5387 33.048 27.4
    endloop
  endfacet
  facet normal -0 0 1
    outer loop
      vertex 10.948 44.0613 27.4
      vertex 11.2627 33.3627 27.4
      vertex 11.2627 44.3373 27.4
    endloop
  endfacet
  facet normal 0 0 1
    outer loop
      vertex 10.948 44.0613 27.4
      vertex 10.948 33.6387 27.4
      vertex 11.2627 33.3627 27.4
    endloop
  endfacet
  facet normal -0 0 1
    outer loop
      vertex 10.6 43.8287 27.4
      vertex 10.948 33.6387 27.4
      vertex 10.948 44.0613 27.4
    endloop
  endfacet
  facet normal 0 0 1
    outer loop
      vertex 10.6 43.8287 27.4
      vertex 10.6 33.8713 27.4
      vertex 10.948 33.6387 27.4
    endloop
  endfacet
  facet normal -0 0 1
    outer loop
      vertex 10.2246 43.6436 27.4
      vertex 10.6 33.8713 27.4
      vertex 10.6 43.8287 27.4
    endloop
  endfacet
  facet normal 0 0 1
    outer loop
      vertex 10.2246 43.6436 27.4
      vertex 10.2246 34.0564 27.4
      vertex 10.6 33.8713 27.4
    endloop
  endfacet
  facet normal -0 0 1
    outer loop
      vertex 9.82822 43.509 27.4
      vertex 10.2246 34.0564 27.4
      vertex 10.2246 43.6436 27.4
    endloop
  endfacet
  facet normal 0 0 1
    outer loop
      vertex 9.82822 43.509 27.4
      vertex 9.82822 34.191 27.4
      vertex 10.2246 34.0564 27.4
    endloop
  endfacet
  facet normal -0 0 1
    outer loop
      vertex 9.41768 43.4274 27.4
      vertex 9.82822 34.191 27.4
      vertex 9.82822 43.509 27.4
    endloop
  endfacet
  facet normal 0 0 1
    outer loop
      vertex 9.41768 43.4274 27.4
      vertex 9.41768 34.2726 27.4
      vertex 9.82822 34.191 27.4
    endloop
  endfacet
  facet normal -0 0 1
    outer loop
      vertex 9 43.4 27.4
      vertex 9.41768 34.2726 27.4
      vertex 9.41768 43.4274 27.4
    endloop
  endfacet
  facet normal 0 0 1
    outer loop
      vertex 9 43.4 27.4
      vertex 9 34.3 27.4
      vertex 9.41768 34.2726 27.4
    endloop
  endfacet
  facet normal 0 0 1
    outer loop
      vertex 8.58232 43.4274 27.4
      vertex 9 34.3 27.4
      vertex 9 43.4 27.4
    endloop
  endfacet
  facet normal 0 0 1
    outer loop
      vertex 8.58232 43.4274 27.4
      vertex 8.58232 34.2726 27.4
      vertex 9 34.3 27.4
    endloop
  endfacet
  facet normal 0 0 1
    outer loop
      vertex 8.17178 43.509 27.4
      vertex 8.58232 34.2726 27.4
      vertex 8.58232 43.4274 27.4
    endloop
  endfacet
  facet normal 0 0 1
    outer loop
      vertex 8.17178 43.509 27.4
      vertex 8.17178 34.191 27.4
      vertex 8.58232 34.2726 27.4
    endloop
  endfacet
  facet normal 0 0 1
    outer loop
      vertex 7.77541 43.6436 27.4
      vertex 8.17178 34.191 27.4
      vertex 8.17178 43.509 27.4
    endloop
  endfacet
  facet normal 0 0 1
    outer loop
      vertex 7.77541 43.6436 27.4
      vertex 7.77541 34.0564 27.4
      vertex 8.17178 34.191 27.4
    endloop
  endfacet
  facet normal 0 0 1
    outer loop
      vertex 7.4 43.8287 27.4
      vertex 7.77541 34.0564 27.4
      vertex 7.77541 43.6436 27.4
    endloop
  endfacet
  facet normal 0 0 1
    outer loop
      vertex 7.4 43.8287 27.4
      vertex 7.4 33.8713 27.4
      vertex 7.77541 34.0564 27.4
    endloop
  endfacet
  facet normal 0 0 1
    outer loop
      vertex 7.05196 44.0613 27.4
      vertex 7.4 33.8713 27.4
      vertex 7.4 43.8287 27.4
    endloop
  endfacet
  facet normal 0 0 1
    outer loop
      vertex 7.05196 44.0613 27.4
      vertex 7.05196 33.6387 27.4
      vertex 7.4 33.8713 27.4
    endloop
  endfacet
  facet normal 0 0 1
    outer loop
      vertex 6.73726 44.3373 27.4
      vertex 7.05196 33.6387 27.4
      vertex 7.05196 44.0613 27.4
    endloop
  endfacet
  facet normal 0 0 1
    outer loop
      vertex 6.73726 44.3373 27.4
      vertex 6.73726 33.3627 27.4
      vertex 7.05196 33.6387 27.4
    endloop
  endfacet
  facet normal 0 0 1
    outer loop
      vertex 6.46127 44.652 27.4
      vertex 6.73726 33.3627 27.4
      vertex 6.73726 44.3373 27.4
    endloop
  endfacet
  facet normal 0 0 1
    outer loop
      vertex 6.46127 44.652 27.4
      vertex 6.46127 33.048 27.4
      vertex 6.73726 33.3627 27.4
    endloop
  endfacet
  facet normal 0 0 1
    outer loop
      vertex 6.22872 45 27.4
      vertex 6.46127 33.048 27.4
      vertex 6.46127 44.652 27.4
    endloop
  endfacet
  facet normal 0 0 1
    outer loop
      vertex 6.22872 45 27.4
      vertex 6.22872 32.7 27.4
      vertex 6.46127 33.048 27.4
    endloop
  endfacet
  facet normal 0 0 1
    outer loop
      vertex 6.04358 45.3754 27.4
      vertex 6.22872 32.7 27.4
      vertex 6.22872 45 27.4
    endloop
  endfacet
  facet normal 0 0 1
    outer loop
      vertex 6.04358 45.3754 27.4
      vertex 6.04358 32.3246 27.4
      vertex 6.22872 32.7 27.4
    endloop
  endfacet
  facet normal 0 0 1
    outer loop
      vertex 5.90904 45.7718 27.4
      vertex 6.04358 32.3246 27.4
      vertex 6.04358 45.3754 27.4
    endloop
  endfacet
  facet normal 0 0 1
    outer loop
      vertex 5.90904 45.7718 27.4
      vertex 5.90904 31.9282 27.4
      vertex 6.04358 32.3246 27.4
    endloop
  endfacet
  facet normal 0 0 1
    outer loop
      vertex 5.82738 46.1823 27.4
      vertex 5.90904 31.9282 27.4
      vertex 5.90904 45.7718 27.4
    endloop
  endfacet
  facet normal 0 0 1
    outer loop
      vertex 5.82738 46.1823 27.4
      vertex 5.82738 31.5177 27.4
      vertex 5.90904 31.9282 27.4
    endloop
  endfacet
  facet normal 0 0 1
    outer loop
      vertex 5.8 46.6 27.4
      vertex 5.82738 31.5177 27.4
      vertex 5.82738 46.1823 27.4
    endloop
  endfacet
  facet normal 0 0 1
    outer loop
      vertex 5.82738 31.5177 27.4
      vertex 5.8 46.6 27.4
      vertex 5.8 31.1 27.4
    endloop
  endfacet
  facet normal 0 0 1
    outer loop
      vertex 72.7249 56.8198 27.4
      vertex 75.6 60.2 27.4
      vertex 72.8216 57.1047 27.4
    endloop
  endfacet
  facet normal 0 0 1
    outer loop
      vertex 75.6 2.5 27.4
      vertex 72.8803 5.30021 27.4
      vertex 72.9 5 27.4
    endloop
  endfacet
  facet normal 0 0 1
    outer loop
      vertex 72.5919 56.55 27.4
      vertex 75.6 60.2 27.4
      vertex 72.7249 56.8198 27.4
    endloop
  endfacet
  facet normal 0 0 1
    outer loop
      vertex 75.6 2.5 27.4
      vertex 72.8216 5.59528 27.4
      vertex 72.8803 5.30021 27.4
    endloop
  endfacet
  facet normal 0 0 1
    outer loop
      vertex 72.4247 56.2999 27.4
      vertex 75.6 60.2 27.4
      vertex 72.5919 56.55 27.4
    endloop
  endfacet
  facet normal 0 0 1
    outer loop
      vertex 75.6 2.5 27.4
      vertex 72.7249 5.88017 27.4
      vertex 72.8216 5.59528 27.4
    endloop
  endfacet
  facet normal 0 0 1
    outer loop
      vertex 75.6 60.2 27.4
      vertex 72.4247 56.2999 27.4
      vertex 75.6 2.5 27.4
    endloop
  endfacet
  facet normal 0 0 1
    outer loop
      vertex 75.6 2.5 27.4
      vertex 72.5919 6.15 27.4
      vertex 72.7249 5.88017 27.4
    endloop
  endfacet
  facet normal -0 0 1
    outer loop
      vertex 72.4247 6.40015 27.4
      vertex 75.6 2.5 27.4
      vertex 72.4247 56.2999 27.4
    endloop
  endfacet
  facet normal 0 0 1
    outer loop
      vertex 75.6 2.5 27.4
      vertex 72.4247 6.40015 27.4
      vertex 72.5919 6.15 27.4
    endloop
  endfacet
  facet normal -0 0 1
    outer loop
      vertex 72.2263 56.0737 27.4
      vertex 72.4247 6.40015 27.4
      vertex 72.4247 56.2999 27.4
    endloop
  endfacet
  facet normal 0 0 1
    outer loop
      vertex 72.2263 56.0737 27.4
      vertex 72.2263 6.62634 27.4
      vertex 72.4247 6.40015 27.4
    endloop
  endfacet
  facet normal -0 0 1
    outer loop
      vertex 72.0002 55.8753 27.4
      vertex 72.2263 6.62634 27.4
      vertex 72.2263 56.0737 27.4
    endloop
  endfacet
  facet normal 0 0 1
    outer loop
      vertex 72.0002 55.8753 27.4
      vertex 72.0002 6.82471 27.4
      vertex 72.2263 6.62634 27.4
    endloop
  endfacet
  facet normal -0 0 1
    outer loop
      vertex 71.75 55.7081 27.4
      vertex 72.0002 6.82471 27.4
      vertex 72.0002 55.8753 27.4
    endloop
  endfacet
  facet normal 0 0 1
    outer loop
      vertex 71.75 55.7081 27.4
      vertex 71.75 6.99186 27.4
      vertex 72.0002 6.82471 27.4
    endloop
  endfacet
  facet normal -0 0 1
    outer loop
      vertex 71.4802 55.5751 27.4
      vertex 71.75 6.99186 27.4
      vertex 71.75 55.7081 27.4
    endloop
  endfacet
  facet normal 0 0 1
    outer loop
      vertex 71.4802 55.5751 27.4
      vertex 71.4802 7.12492 27.4
      vertex 71.75 6.99186 27.4
    endloop
  endfacet
  facet normal -0 0 1
    outer loop
      vertex 71.1953 55.4784 27.4
      vertex 71.4802 7.12492 27.4
      vertex 71.4802 55.5751 27.4
    endloop
  endfacet
  facet normal 0 0 1
    outer loop
      vertex 71.1953 55.4784 27.4
      vertex 71.1953 7.22163 27.4
      vertex 71.4802 7.12492 27.4
    endloop
  endfacet
  facet normal -0 0 1
    outer loop
      vertex 70.9002 55.4197 27.4
      vertex 71.1953 7.22163 27.4
      vertex 71.1953 55.4784 27.4
    endloop
  endfacet
  facet normal 0 0 1
    outer loop
      vertex 70.9002 55.4197 27.4
      vertex 70.9002 7.28032 27.4
      vertex 71.1953 7.22163 27.4
    endloop
  endfacet
  facet normal -0 0 1
    outer loop
      vertex 70.6 55.4 27.4
      vertex 70.9002 7.28032 27.4
      vertex 70.9002 55.4197 27.4
    endloop
  endfacet
  facet normal 0 0 1
    outer loop
      vertex 70.6 55.4 27.4
      vertex 70.6 7.3 27.4
      vertex 70.9002 7.28032 27.4
    endloop
  endfacet
  facet normal 0 0 1
    outer loop
      vertex 48.2 33.35 27.4
      vertex 70.6 55.4 27.4
      vertex 70.2998 55.4197 27.4
    endloop
  endfacet
  facet normal 0 0 1
    outer loop
      vertex 70.6 55.4 27.4
      vertex 48.2 33.35 27.4
      vertex 70.6 7.3 27.4
    endloop
  endfacet
  facet normal 0 0 1
    outer loop
      vertex 48.2 33.35 27.4
      vertex 70.2998 55.4197 27.4
      vertex 70.0047 55.4784 27.4
    endloop
  endfacet
  facet normal 0 0 1
    outer loop
      vertex 70.6 7.3 27.4
      vertex 48.2 33.35 27.4
      vertex 70.2998 7.28032 27.4
    endloop
  endfacet
  facet normal 0 0 1
    outer loop
      vertex 48.2 33.35 27.4
      vertex 70.0047 55.4784 27.4
      vertex 69.7198 55.5751 27.4
    endloop
  endfacet
  facet normal 0 0 1
    outer loop
      vertex 70.2998 7.28032 27.4
      vertex 48.2 33.35 27.4
      vertex 70.0047 7.22163 27.4
    endloop
  endfacet
  facet normal 0 0 1
    outer loop
      vertex 48.2 46.35 27.4
      vertex 69.7198 55.5751 27.4
      vertex 69.45 55.7081 27.4
    endloop
  endfacet
  facet normal 0 0 1
    outer loop
      vertex 70.0047 7.22163 27.4
      vertex 48.2 33.35 27.4
      vertex 69.7198 7.12492 27.4
    endloop
  endfacet
  facet normal 0 0 1
    outer loop
      vertex 48.2 46.35 27.4
      vertex 69.45 55.7081 27.4
      vertex 69.1998 55.8753 27.4
    endloop
  endfacet
  facet normal 0 0 1
    outer loop
      vertex 69.7198 7.12492 27.4
      vertex 48.2 33.35 27.4
      vertex 69.45 6.99186 27.4
    endloop
  endfacet
  facet normal 0 0 1
    outer loop
      vertex 48.2 46.35 27.4
      vertex 69.1998 55.8753 27.4
      vertex 68.9737 56.0737 27.4
    endloop
  endfacet
  facet normal 0 0 1
    outer loop
      vertex 69.45 6.99186 27.4
      vertex 48.2 33.35 27.4
      vertex 69.1998 6.82471 27.4
    endloop
  endfacet
  facet normal 0 0 1
    outer loop
      vertex 48.2 46.35 27.4
      vertex 68.9737 56.0737 27.4
      vertex 68.7753 56.2999 27.4
    endloop
  endfacet
  facet normal 0 0 1
    outer loop
      vertex 69.1998 6.82471 27.4
      vertex 48.2 33.35 27.4
      vertex 68.9737 6.62634 27.4
    endloop
  endfacet
  facet normal 0 0 1
    outer loop
      vertex 48.2 46.35 27.4
      vertex 68.7753 56.2999 27.4
      vertex 68.6081 56.55 27.4
    endloop
  endfacet
  facet normal 0 0 1
    outer loop
      vertex 68.9737 6.62634 27.4
      vertex 48.2 33.35 27.4
      vertex 68.7753 6.40015 27.4
    endloop
  endfacet
  facet normal 0 0 1
    outer loop
      vertex 48.2 46.35 27.4
      vertex 68.6081 56.55 27.4
      vertex 68.4751 56.8198 27.4
    endloop
  endfacet
  facet normal 0 0 1
    outer loop
      vertex 68.7753 6.40015 27.4
      vertex 48.2 33.35 27.4
      vertex 68.6081 6.15 27.4
    endloop
  endfacet
  facet normal 0 0 1
    outer loop
      vertex 48.2 46.35 27.4
      vertex 68.4751 56.8198 27.4
      vertex 68.3784 57.1047 27.4
    endloop
  endfacet
  facet normal 0 0 1
    outer loop
      vertex 68.6081 6.15 27.4
      vertex 48.2 33.35 27.4
      vertex 68.4751 5.88017 27.4
    endloop
  endfacet
  facet normal 0 0 1
    outer loop
      vertex 48.2 46.35 27.4
      vertex 68.3784 57.1047 27.4
      vertex 68.3197 57.3998 27.4
    endloop
  endfacet
  facet normal 0 0 1
    outer loop
      vertex 68.4751 5.88017 27.4
      vertex 48.2 33.35 27.4
      vertex 68.3784 5.59528 27.4
    endloop
  endfacet
  facet normal 0 0 1
    outer loop
      vertex 48.2 46.35 27.4
      vertex 68.3197 57.3998 27.4
      vertex 68.3 57.7 27.4
    endloop
  endfacet
  facet normal 0 0 1
    outer loop
      vertex 68.3784 5.59528 27.4
      vertex 48.2 33.35 27.4
      vertex 68.3197 5.30021 27.4
    endloop
  endfacet
  facet normal 0 0 1
    outer loop
      vertex 72.4247 59.1002 27.4
      vertex 75.6 60.2 27.4
      vertex 75.5786 60.5263 27.4
    endloop
  endfacet
  facet normal 0 0 1
    outer loop
      vertex 72.8803 57.3998 27.4
      vertex 75.6 60.2 27.4
      vertex 72.9 57.7 27.4
    endloop
  endfacet
  facet normal 0 0 1
    outer loop
      vertex 72.4247 59.1002 27.4
      vertex 75.5786 60.5263 27.4
      vertex 75.5148 60.847 27.4
    endloop
  endfacet
  facet normal 0 0 1
    outer loop
      vertex 72.8216 57.1047 27.4
      vertex 75.6 60.2 27.4
      vertex 72.8803 57.3998 27.4
    endloop
  endfacet
  facet normal 0 0 1
    outer loop
      vertex 72.4247 59.1002 27.4
      vertex 75.5148 60.847 27.4
      vertex 75.4097 61.1567 27.4
    endloop
  endfacet
  facet normal -0 0 1
    outer loop
      vertex 72.8803 4.69979 27.4
      vertex 75.6 2.5 27.4
      vertex 72.9 5 27.4
    endloop
  endfacet
  facet normal 0 0 1
    outer loop
      vertex 72.2263 59.3263 27.4
      vertex 75.4097 61.1567 27.4
      vertex 75.2651 61.45 27.4
    endloop
  endfacet
  facet normal -0 0 1
    outer loop
      vertex 72.8216 4.40472 27.4
      vertex 75.6 2.5 27.4
      vertex 72.8803 4.69979 27.4
    endloop
  endfacet
  facet normal 0 0 1
    outer loop
      vertex 72.2263 59.3263 27.4
      vertex 75.2651 61.45 27.4
      vertex 75.0834 61.7219 27.4
    endloop
  endfacet
  facet normal -0 0 1
    outer loop
      vertex 72.7249 4.11983 27.4
      vertex 75.6 2.5 27.4
      vertex 72.8216 4.40472 27.4
    endloop
  endfacet
  facet normal 0 0 1
    outer loop
      vertex 72.2263 59.3263 27.4
      vertex 75.0834 61.7219 27.4
      vertex 74.8678 61.9678 27.4
    endloop
  endfacet
  facet normal -0 0 1
    outer loop
      vertex 72.5919 3.85 27.4
      vertex 75.6 2.5 27.4
      vertex 72.7249 4.11983 27.4
    endloop
  endfacet
  facet normal 0 0 1
    outer loop
      vertex 72.2263 59.3263 27.4
      vertex 74.8678 61.9678 27.4
      vertex 74.6219 62.1834 27.4
    endloop
  endfacet
  facet normal -0 0 1
    outer loop
      vertex 72.4247 3.59985 27.4
      vertex 75.6 2.5 27.4
      vertex 72.5919 3.85 27.4
    endloop
  endfacet
  facet normal 0 0 1
    outer loop
      vertex 72.2263 59.3263 27.4
      vertex 74.6219 62.1834 27.4
      vertex 74.35 62.3651 27.4
    endloop
  endfacet
  facet normal 0 0 1
    outer loop
      vertex 75.6 2.5 27.4
      vertex 72.4247 3.59985 27.4
      vertex 75.5786 2.17368 27.4
    endloop
  endfacet
  facet normal 0 0 1
    outer loop
      vertex 72.2263 59.3263 27.4
      vertex 74.35 62.3651 27.4
      vertex 74.0567 62.5097 27.4
    endloop
  endfacet
  facet normal 0 0 1
    outer loop
      vertex 75.5786 2.17368 27.4
      vertex 72.4247 3.59985 27.4
      vertex 75.5148 1.85295 27.4
    endloop
  endfacet
  facet normal 0 0 1
    outer loop
      vertex 72.0002 59.5247 27.4
      vertex 74.0567 62.5097 27.4
      vertex 73.747 62.6148 27.4
    endloop
  endfacet
  facet normal 0 0 1
    outer loop
      vertex 75.5148 1.85295 27.4
      vertex 72.4247 3.59985 27.4
      vertex 75.4097 1.54329 27.4
    endloop
  endfacet
  facet normal 0 0 1
    outer loop
      vertex 72.0002 59.5247 27.4
      vertex 73.747 62.6148 27.4
      vertex 73.4263 62.6786 27.4
    endloop
  endfacet
  facet normal -0 0 1
    outer loop
      vertex 72.2263 3.37365 27.4
      vertex 75.4097 1.54329 27.4
      vertex 72.4247 3.59985 27.4
    endloop
  endfacet
  facet normal 0 0 1
    outer loop
      vertex 72.0002 59.5247 27.4
      vertex 73.4263 62.6786 27.4
      vertex 73.1 62.7 27.4
    endloop
  endfacet
  facet normal 0 0 1
    outer loop
      vertex 75.4097 1.54329 27.4
      vertex 72.2263 3.37365 27.4
      vertex 75.2651 1.25 27.4
    endloop
  endfacet
  facet normal 0 0 1
    outer loop
      vertex 75.2651 1.25 27.4
      vertex 72.2263 3.37365 27.4
      vertex 75.0834 0.978096 27.4
    endloop
  endfacet
  facet normal 0 0 1
    outer loop
      vertex 75.6 60.2 27.4
      vertex 72.8803 58.0002 27.4
      vertex 72.9 57.7 27.4
    endloop
  endfacet
  facet normal 0 0 1
    outer loop
      vertex 75.6 60.2 27.4
      vertex 72.8216 58.2953 27.4
      vertex 72.8803 58.0002 27.4
    endloop
  endfacet
  facet normal 0 0 1
    outer loop
      vertex 75.6 60.2 27.4
      vertex 72.7249 58.5802 27.4
      vertex 72.8216 58.2953 27.4
    endloop
  endfacet
  facet normal 0 0 1
    outer loop
      vertex 75.6 60.2 27.4
      vertex 72.5919 58.85 27.4
      vertex 72.7249 58.5802 27.4
    endloop
  endfacet
  facet normal 0 0 1
    outer loop
      vertex 75.6 60.2 27.4
      vertex 72.4247 59.1002 27.4
      vertex 72.5919 58.85 27.4
    endloop
  endfacet
  facet normal 0 0 1
    outer loop
      vertex 75.4097 61.1567 27.4
      vertex 72.2263 59.3263 27.4
      vertex 72.4247 59.1002 27.4
    endloop
  endfacet
  facet normal 0 0 1
    outer loop
      vertex 74.0567 62.5097 27.4
      vertex 72.0002 59.5247 27.4
      vertex 72.2263 59.3263 27.4
    endloop
  endfacet
  facet normal 0 0 1
    outer loop
      vertex 73.1 62.7 27.4
      vertex 71.75 59.6919 27.4
      vertex 72.0002 59.5247 27.4
    endloop
  endfacet
  facet normal 0 0 1
    outer loop
      vertex 73.1 62.7 27.4
      vertex 71.4802 59.8249 27.4
      vertex 71.75 59.6919 27.4
    endloop
  endfacet
  facet normal 0 0 1
    outer loop
      vertex 73.1 62.7 27.4
      vertex 71.1953 59.9216 27.4
      vertex 71.4802 59.8249 27.4
    endloop
  endfacet
  facet normal 0 0 1
    outer loop
      vertex 73.1 62.7 27.4
      vertex 70.9002 59.9803 27.4
      vertex 71.1953 59.9216 27.4
    endloop
  endfacet
  facet normal 0 0 1
    outer loop
      vertex 73.1 62.7 27.4
      vertex 70.6 60 27.4
      vertex 70.9002 59.9803 27.4
    endloop
  endfacet
  facet normal 0 0 1
    outer loop
      vertex 73.1 62.7 27.4
      vertex 70.2998 59.9803 27.4
      vertex 70.6 60 27.4
    endloop
  endfacet
  facet normal 0 0 1
    outer loop
      vertex 73.1 62.7 27.4
      vertex 70.0047 59.9216 27.4
      vertex 70.2998 59.9803 27.4
    endloop
  endfacet
  facet normal 0 0 1
    outer loop
      vertex 73.1 62.7 27.4
      vertex 69.7198 59.8249 27.4
      vertex 70.0047 59.9216 27.4
    endloop
  endfacet
  facet normal 0 0 1
    outer loop
      vertex 73.1 62.7 27.4
      vertex 69.45 59.6919 27.4
      vertex 69.7198 59.8249 27.4
    endloop
  endfacet
  facet normal 0 0 1
    outer loop
      vertex 73.1 62.7 27.4
      vertex 69.1998 59.5247 27.4
      vertex 69.45 59.6919 27.4
    endloop
  endfacet
  facet normal 0 0 1
    outer loop
      vertex 69.7198 55.5751 27.4
      vertex 48.2 46.35 27.4
      vertex 48.2 33.35 27.4
    endloop
  endfacet
  facet normal 0 0 1
    outer loop
      vertex 68.3197 58.0002 27.4
      vertex 48.2 46.35 27.4
      vertex 68.3 57.7 27.4
    endloop
  endfacet
  facet normal 0 0 1
    outer loop
      vertex 68.3784 58.2953 27.4
      vertex 48.2 46.35 27.4
      vertex 68.3197 58.0002 27.4
    endloop
  endfacet
  facet normal 0 0 1
    outer loop
      vertex 68.4751 58.5802 27.4
      vertex 48.2 46.35 27.4
      vertex 68.3784 58.2953 27.4
    endloop
  endfacet
  facet normal 0 0 1
    outer loop
      vertex 68.6081 58.85 27.4
      vertex 48.2 46.35 27.4
      vertex 68.4751 58.5802 27.4
    endloop
  endfacet
  facet normal 0 0 1
    outer loop
      vertex 68.7753 59.1002 27.4
      vertex 48.2 46.35 27.4
      vertex 68.6081 58.85 27.4
    endloop
  endfacet
  facet normal 0 0 1
    outer loop
      vertex 68.9737 59.3263 27.4
      vertex 48.2 46.35 27.4
      vertex 68.7753 59.1002 27.4
    endloop
  endfacet
  facet normal 0 0 1
    outer loop
      vertex 6.62634 59.3263 27.4
      vertex 68.9737 59.3263 27.4
      vertex 69.1998 59.5247 27.4
    endloop
  endfacet
  facet normal 0 0 1
    outer loop
      vertex 6.40015 59.5247 27.4
      vertex 69.1998 59.5247 27.4
      vertex 73.1 62.7 27.4
    endloop
  endfacet
  facet normal 0 0 1
    outer loop
      vertex 68.9737 59.3263 27.4
      vertex 6.62634 59.3263 27.4
      vertex 48.2 46.35 27.4
    endloop
  endfacet
  facet normal 0 0 1
    outer loop
      vertex 12.1726 46.1823 27.4
      vertex 24.5 46.35 27.4
      vertex 12.2 46.6 27.4
    endloop
  endfacet
  facet normal 0 0 1
    outer loop
      vertex 48.2 46.35 27.4
      vertex 6.82471 59.1002 27.4
      vertex 24.5 46.35 27.4
    endloop
  endfacet
  facet normal 0 0 1
    outer loop
      vertex 24.5 46.35 27.4
      vertex 12.1726 47.0177 27.4
      vertex 12.2 46.6 27.4
    endloop
  endfacet
  facet normal 0 0 1
    outer loop
      vertex 24.5 46.35 27.4
      vertex 12.091 47.4282 27.4
      vertex 12.1726 47.0177 27.4
    endloop
  endfacet
  facet normal 0 0 1
    outer loop
      vertex 24.5 46.35 27.4
      vertex 11.9564 47.8246 27.4
      vertex 12.091 47.4282 27.4
    endloop
  endfacet
  facet normal 0 0 1
    outer loop
      vertex 24.5 46.35 27.4
      vertex 11.7713 48.2 27.4
      vertex 11.9564 47.8246 27.4
    endloop
  endfacet
  facet normal 0 0 1
    outer loop
      vertex 24.5 46.35 27.4
      vertex 11.5387 48.548 27.4
      vertex 11.7713 48.2 27.4
    endloop
  endfacet
  facet normal -0 -0 1
    outer loop
      vertex 7.28032 58.0002 27.4
      vertex 24.5 46.35 27.4
      vertex 7.22163 58.2953 27.4
    endloop
  endfacet
  facet normal -0 -0 1
    outer loop
      vertex 7.3 57.7 27.4
      vertex 24.5 46.35 27.4
      vertex 7.28032 58.0002 27.4
    endloop
  endfacet
  facet normal 0 0 1
    outer loop
      vertex 24.5 46.35 27.4
      vertex 11.2627 48.8627 27.4
      vertex 11.5387 48.548 27.4
    endloop
  endfacet
  facet normal 0 0 1
    outer loop
      vertex 24.5 46.35 27.4
      vertex 7.3 57.7 27.4
      vertex 11.2627 48.8627 27.4
    endloop
  endfacet
  facet normal -0 0 1
    outer loop
      vertex 7.28032 57.3998 27.4
      vertex 10.948 49.1387 27.4
      vertex 7.3 57.7 27.4
    endloop
  endfacet
  facet normal 0 0 1
    outer loop
      vertex 10.948 49.1387 27.4
      vertex 7.28032 57.3998 27.4
      vertex 10.6 49.3713 27.4
    endloop
  endfacet
  facet normal -0 0 1
    outer loop
      vertex 7.22163 57.1047 27.4
      vertex 10.6 49.3713 27.4
      vertex 7.28032 57.3998 27.4
    endloop
  endfacet
  facet normal 0 0 1
    outer loop
      vertex 10.6 49.3713 27.4
      vertex 7.22163 57.1047 27.4
      vertex 10.2246 49.5564 27.4
    endloop
  endfacet
  facet normal 0 0 1
    outer loop
      vertex 10.2246 49.5564 27.4
      vertex 7.12492 56.8198 27.4
      vertex 9.82822 49.691 27.4
    endloop
  endfacet
  facet normal 0 0 1
    outer loop
      vertex 9.82822 49.691 27.4
      vertex 6.82471 56.2999 27.4
      vertex 9.41768 49.7726 27.4
    endloop
  endfacet
  facet normal -0 0 1
    outer loop
      vertex 6.82471 56.2999 27.4
      vertex 9.82822 49.691 27.4
      vertex 6.99186 56.55 27.4
    endloop
  endfacet
  facet normal -0 0 1
    outer loop
      vertex 6.99186 56.55 27.4
      vertex 9.82822 49.691 27.4
      vertex 7.12492 56.8198 27.4
    endloop
  endfacet
  facet normal -0 0 1
    outer loop
      vertex 7.12492 56.8198 27.4
      vertex 10.2246 49.5564 27.4
      vertex 7.22163 57.1047 27.4
    endloop
  endfacet
  facet normal 0 0 1
    outer loop
      vertex 11.2627 48.8627 27.4
      vertex 7.3 57.7 27.4
      vertex 10.948 49.1387 27.4
    endloop
  endfacet
  facet normal 0 0 1
    outer loop
      vertex 24.5 46.35 27.4
      vertex 7.12492 58.5802 27.4
      vertex 7.22163 58.2953 27.4
    endloop
  endfacet
  facet normal 0 0 1
    outer loop
      vertex 24.5 46.35 27.4
      vertex 6.99186 58.85 27.4
      vertex 7.12492 58.5802 27.4
    endloop
  endfacet
  facet normal 0 0 1
    outer loop
      vertex 24.5 46.35 27.4
      vertex 6.82471 59.1002 27.4
      vertex 6.99186 58.85 27.4
    endloop
  endfacet
  facet normal 0 0 1
    outer loop
      vertex 48.2 46.35 27.4
      vertex 6.62634 59.3263 27.4
      vertex 6.82471 59.1002 27.4
    endloop
  endfacet
  facet normal 0 0 1
    outer loop
      vertex 69.1998 59.5247 27.4
      vertex 6.40015 59.5247 27.4
      vertex 6.62634 59.3263 27.4
    endloop
  endfacet
  facet normal -0 0 1
    outer loop
      vertex 2.5 62.7 27.4
      vertex 6.40015 59.5247 27.4
      vertex 73.1 62.7 27.4
    endloop
  endfacet
  facet normal 0 0 1
    outer loop
      vertex 6.40015 59.5247 27.4
      vertex 2.5 62.7 27.4
      vertex 6.15 59.6919 27.4
    endloop
  endfacet
  facet normal 0 0 1
    outer loop
      vertex 6.15 59.6919 27.4
      vertex 2.5 62.7 27.4
      vertex 5.88017 59.8249 27.4
    endloop
  endfacet
  facet normal 0 0 1
    outer loop
      vertex 5.88017 59.8249 27.4
      vertex 2.5 62.7 27.4
      vertex 5.59528 59.9216 27.4
    endloop
  endfacet
  facet normal 0 0 1
    outer loop
      vertex 5.59528 59.9216 27.4
      vertex 2.5 62.7 27.4
      vertex 5.30021 59.9803 27.4
    endloop
  endfacet
  facet normal 0 0 1
    outer loop
      vertex 2.71968 58.0002 27.4
      vertex 0 60.2 27.4
      vertex 2.7 57.7 27.4
    endloop
  endfacet
  facet normal 0 0 1
    outer loop
      vertex 2.77837 58.2953 27.4
      vertex 0 60.2 27.4
      vertex 2.71968 58.0002 27.4
    endloop
  endfacet
  facet normal 0 0 1
    outer loop
      vertex 2.87508 58.5802 27.4
      vertex 0 60.2 27.4
      vertex 2.77837 58.2953 27.4
    endloop
  endfacet
  facet normal 0 0 1
    outer loop
      vertex 3.00814 58.85 27.4
      vertex 0 60.2 27.4
      vertex 2.87508 58.5802 27.4
    endloop
  endfacet
  facet normal 0 0 1
    outer loop
      vertex 3.17529 59.1002 27.4
      vertex 0 60.2 27.4
      vertex 3.00814 58.85 27.4
    endloop
  endfacet
  facet normal 0 0 1
    outer loop
      vertex 3.37365 59.3263 27.4
      vertex 0 60.2 27.4
      vertex 3.17529 59.1002 27.4
    endloop
  endfacet
  facet normal -0 0 1
    outer loop
      vertex 0 60.2 27.4
      vertex 3.37365 59.3263 27.4
      vertex 2.5 62.7 27.4
    endloop
  endfacet
  facet normal 0 0 1
    outer loop
      vertex 3.59985 59.5247 27.4
      vertex 2.5 62.7 27.4
      vertex 3.37365 59.3263 27.4
    endloop
  endfacet
  facet normal 0 0 1
    outer loop
      vertex 3.85 59.6919 27.4
      vertex 2.5 62.7 27.4
      vertex 3.59985 59.5247 27.4
    endloop
  endfacet
  facet normal 0 0 1
    outer loop
      vertex 4.11983 59.8249 27.4
      vertex 2.5 62.7 27.4
      vertex 3.85 59.6919 27.4
    endloop
  endfacet
  facet normal 0 0 1
    outer loop
      vertex 4.40472 59.9216 27.4
      vertex 2.5 62.7 27.4
      vertex 4.11983 59.8249 27.4
    endloop
  endfacet
  facet normal 0 0 1
    outer loop
      vertex 4.69979 59.9803 27.4
      vertex 2.5 62.7 27.4
      vertex 4.40472 59.9216 27.4
    endloop
  endfacet
  facet normal 0 0 1
    outer loop
      vertex 5 60 27.4
      vertex 2.5 62.7 27.4
      vertex 4.69979 59.9803 27.4
    endloop
  endfacet
  facet normal 0 0 1
    outer loop
      vertex 5.30021 59.9803 27.4
      vertex 2.5 62.7 27.4
      vertex 5 60 27.4
    endloop
  endfacet
  facet normal 0 0 1
    outer loop
      vertex 75.0834 0.978096 27.4
      vertex 72.2263 3.37365 27.4
      vertex 74.8678 0.732232 27.4
    endloop
  endfacet
  facet normal 0 0 1
    outer loop
      vertex 74.8678 0.732232 27.4
      vertex 72.2263 3.37365 27.4
      vertex 74.6219 0.516616 27.4
    endloop
  endfacet
  facet normal 0 0 1
    outer loop
      vertex 74.6219 0.516616 27.4
      vertex 72.2263 3.37365 27.4
      vertex 74.35 0.334936 27.4
    endloop
  endfacet
  facet normal 0 0 1
    outer loop
      vertex 74.35 0.334936 27.4
      vertex 72.2263 3.37365 27.4
      vertex 74.0567 0.190301 27.4
    endloop
  endfacet
  facet normal -0 0 1
    outer loop
      vertex 72.0002 3.17529 27.4
      vertex 74.0567 0.190301 27.4
      vertex 72.2263 3.37365 27.4
    endloop
  endfacet
  facet normal 0 0 1
    outer loop
      vertex 74.0567 0.190301 27.4
      vertex 72.0002 3.17529 27.4
      vertex 73.747 0.0851851 27.4
    endloop
  endfacet
  facet normal 0 0 1
    outer loop
      vertex 73.747 0.0851851 27.4
      vertex 72.0002 3.17529 27.4
      vertex 73.4263 0.0213871 27.4
    endloop
  endfacet
  facet normal 0 0 1
    outer loop
      vertex 73.4263 0.0213871 27.4
      vertex 72.0002 3.17529 27.4
      vertex 73.1 0 27.4
    endloop
  endfacet
  facet normal -0 0 1
    outer loop
      vertex 71.75 3.00814 27.4
      vertex 73.1 0 27.4
      vertex 72.0002 3.17529 27.4
    endloop
  endfacet
  facet normal -0 0 1
    outer loop
      vertex 71.4802 2.87508 27.4
      vertex 73.1 0 27.4
      vertex 71.75 3.00814 27.4
    endloop
  endfacet
  facet normal -0 0 1
    outer loop
      vertex 71.1953 2.77837 27.4
      vertex 73.1 0 27.4
      vertex 71.4802 2.87508 27.4
    endloop
  endfacet
  facet normal -0 0 1
    outer loop
      vertex 70.9002 2.71968 27.4
      vertex 73.1 0 27.4
      vertex 71.1953 2.77837 27.4
    endloop
  endfacet
  facet normal -0 0 1
    outer loop
      vertex 70.6 2.7 27.4
      vertex 73.1 0 27.4
      vertex 70.9002 2.71968 27.4
    endloop
  endfacet
  facet normal 0 0 1
    outer loop
      vertex 70.2998 2.71968 27.4
      vertex 73.1 0 27.4
      vertex 70.6 2.7 27.4
    endloop
  endfacet
  facet normal 0 0 1
    outer loop
      vertex 70.0047 2.77837 27.4
      vertex 73.1 0 27.4
      vertex 70.2998 2.71968 27.4
    endloop
  endfacet
  facet normal 0 0 1
    outer loop
      vertex 69.7198 2.87508 27.4
      vertex 73.1 0 27.4
      vertex 70.0047 2.77837 27.4
    endloop
  endfacet
  facet normal 0 0 1
    outer loop
      vertex 69.45 3.00814 27.4
      vertex 73.1 0 27.4
      vertex 69.7198 2.87508 27.4
    endloop
  endfacet
  facet normal 0 0 1
    outer loop
      vertex 69.1998 3.17529 27.4
      vertex 73.1 0 27.4
      vertex 69.45 3.00814 27.4
    endloop
  endfacet
  facet normal 0 0 1
    outer loop
      vertex 68.3197 5.30021 27.4
      vertex 48.2 33.35 27.4
      vertex 68.3 5 27.4
    endloop
  endfacet
  facet normal 0 0 1
    outer loop
      vertex 7.3 5 27.4
      vertex 68.3 5 27.4
      vertex 48.2 33.35 27.4
    endloop
  endfacet
  facet normal 0 0 1
    outer loop
      vertex 68.3 5 27.4
      vertex 7.3 5 27.4
      vertex 68.3197 4.69979 27.4
    endloop
  endfacet
  facet normal 0 0 1
    outer loop
      vertex 7.28032 4.69979 27.4
      vertex 68.3197 4.69979 27.4
      vertex 7.3 5 27.4
    endloop
  endfacet
  facet normal 0 0 1
    outer loop
      vertex 68.3197 4.69979 27.4
      vertex 7.28032 4.69979 27.4
      vertex 68.3784 4.40472 27.4
    endloop
  endfacet
  facet normal 0 0 1
    outer loop
      vertex 7.22163 4.40472 27.4
      vertex 68.3784 4.40472 27.4
      vertex 7.28032 4.69979 27.4
    endloop
  endfacet
  facet normal 0 0 1
    outer loop
      vertex 7.3 5 27.4
      vertex 48.2 33.35 27.4
      vertex 24.5 33.35 27.4
    endloop
  endfacet
  facet normal 0 0 1
    outer loop
      vertex 68.3784 4.40472 27.4
      vertex 7.22163 4.40472 27.4
      vertex 68.4751 4.11983 27.4
    endloop
  endfacet
  facet normal 0 0 1
    outer loop
      vertex 7.12492 4.11983 27.4
      vertex 68.4751 4.11983 27.4
      vertex 7.22163 4.40472 27.4
    endloop
  endfacet
  facet normal 0 0 1
    outer loop
      vertex 68.4751 4.11983 27.4
      vertex 7.12492 4.11983 27.4
      vertex 68.6081 3.85 27.4
    endloop
  endfacet
  facet normal 0 0 1
    outer loop
      vertex 12.091 45.7718 27.4
      vertex 24.5 46.35 27.4
      vertex 12.1726 46.1823 27.4
    endloop
  endfacet
  facet normal 0 0 1
    outer loop
      vertex 12.1726 30.6823 27.4
      vertex 24.5 33.35 27.4
      vertex 12.2 31.1 27.4
    endloop
  endfacet
  facet normal 0 0 1
    outer loop
      vertex 12.091 30.2718 27.4
      vertex 24.5 33.35 27.4
      vertex 12.1726 30.6823 27.4
    endloop
  endfacet
  facet normal 0 0 1
    outer loop
      vertex 11.9564 29.8754 27.4
      vertex 24.5 33.35 27.4
      vertex 12.091 30.2718 27.4
    endloop
  endfacet
  facet normal 0 0 1
    outer loop
      vertex 11.7713 29.5 27.4
      vertex 24.5 33.35 27.4
      vertex 11.9564 29.8754 27.4
    endloop
  endfacet
  facet normal 0 0 1
    outer loop
      vertex 11.5387 29.152 27.4
      vertex 24.5 33.35 27.4
      vertex 11.7713 29.5 27.4
    endloop
  endfacet
  facet normal 0 0 1
    outer loop
      vertex 11.2627 28.8373 27.4
      vertex 24.5 33.35 27.4
      vertex 11.5387 29.152 27.4
    endloop
  endfacet
  facet normal 0 0 1
    outer loop
      vertex 7.28032 5.30021 27.4
      vertex 24.5 33.35 27.4
      vertex 11.2627 28.8373 27.4
    endloop
  endfacet
  facet normal 0 0 1
    outer loop
      vertex 7.28032 5.30021 27.4
      vertex 11.2627 28.8373 27.4
      vertex 10.948 28.5613 27.4
    endloop
  endfacet
  facet normal 0 0 1
    outer loop
      vertex 7.28032 5.30021 27.4
      vertex 10.948 28.5613 27.4
      vertex 10.6 28.3287 27.4
    endloop
  endfacet
  facet normal 0 0 1
    outer loop
      vertex 7.28032 5.30021 27.4
      vertex 10.6 28.3287 27.4
      vertex 10.2246 28.1436 27.4
    endloop
  endfacet
  facet normal 0 0 1
    outer loop
      vertex 7.28032 5.30021 27.4
      vertex 10.2246 28.1436 27.4
      vertex 9.82822 28.009 27.4
    endloop
  endfacet
  facet normal 0 0 1
    outer loop
      vertex 7.28032 5.30021 27.4
      vertex 9.82822 28.009 27.4
      vertex 9.41768 27.9274 27.4
    endloop
  endfacet
  facet normal 0 0 1
    outer loop
      vertex 7.28032 5.30021 27.4
      vertex 9.41768 27.9274 27.4
      vertex 9 27.9 27.4
    endloop
  endfacet
  facet normal 0 0 1
    outer loop
      vertex 7.28032 5.30021 27.4
      vertex 9 27.9 27.4
      vertex 8.58232 27.9274 27.4
    endloop
  endfacet
  facet normal 0 0 1
    outer loop
      vertex 7.28032 5.30021 27.4
      vertex 8.58232 27.9274 27.4
      vertex 8.17178 28.009 27.4
    endloop
  endfacet
  facet normal 0 0 1
    outer loop
      vertex 7.28032 5.30021 27.4
      vertex 8.17178 28.009 27.4
      vertex 7.77541 28.1436 27.4
    endloop
  endfacet
  facet normal 0 0 1
    outer loop
      vertex 4.69979 7.28032 27.4
      vertex 7.77541 28.1436 27.4
      vertex 7.4 28.3287 27.4
    endloop
  endfacet
  facet normal 0 0 1
    outer loop
      vertex 6.99186 3.85 27.4
      vertex 68.6081 3.85 27.4
      vertex 7.12492 4.11983 27.4
    endloop
  endfacet
  facet normal 0 0 1
    outer loop
      vertex 68.6081 3.85 27.4
      vertex 6.99186 3.85 27.4
      vertex 68.7753 3.59985 27.4
    endloop
  endfacet
  facet normal 0 0 1
    outer loop
      vertex 6.82471 3.59985 27.4
      vertex 68.7753 3.59985 27.4
      vertex 6.99186 3.85 27.4
    endloop
  endfacet
  facet normal 0 0 1
    outer loop
      vertex 68.7753 3.59985 27.4
      vertex 6.82471 3.59985 27.4
      vertex 68.9737 3.37365 27.4
    endloop
  endfacet
  facet normal 0 0 1
    outer loop
      vertex 6.62634 3.37365 27.4
      vertex 68.9737 3.37365 27.4
      vertex 6.82471 3.59985 27.4
    endloop
  endfacet
  facet normal 0 0 1
    outer loop
      vertex 68.9737 3.37365 27.4
      vertex 6.62634 3.37365 27.4
      vertex 69.1998 3.17529 27.4
    endloop
  endfacet
  facet normal 0 0 1
    outer loop
      vertex 6.40015 3.17529 27.4
      vertex 69.1998 3.17529 27.4
      vertex 6.62634 3.37365 27.4
    endloop
  endfacet
  facet normal 0 0 1
    outer loop
      vertex 69.1998 3.17529 27.4
      vertex 6.40015 3.17529 27.4
      vertex 73.1 0 27.4
    endloop
  endfacet
  facet normal 0 0 1
    outer loop
      vertex 2.5 0 27.4
      vertex 6.40015 3.17529 27.4
      vertex 6.15 3.00814 27.4
    endloop
  endfacet
  facet normal 0 0 1
    outer loop
      vertex 2.5 0 27.4
      vertex 6.15 3.00814 27.4
      vertex 5.88017 2.87508 27.4
    endloop
  endfacet
  facet normal 0 0 1
    outer loop
      vertex 2.5 0 27.4
      vertex 5.88017 2.87508 27.4
      vertex 5.59528 2.77837 27.4
    endloop
  endfacet
  facet normal 0 0 1
    outer loop
      vertex 2.5 0 27.4
      vertex 5.59528 2.77837 27.4
      vertex 5.30021 2.71968 27.4
    endloop
  endfacet
  facet normal 0 0 1
    outer loop
      vertex 2.5 0 27.4
      vertex 5.30021 2.71968 27.4
      vertex 5 2.7 27.4
    endloop
  endfacet
  facet normal 0 0 1
    outer loop
      vertex 6.40015 3.17529 27.4
      vertex 2.5 0 27.4
      vertex 73.1 0 27.4
    endloop
  endfacet
  facet normal 0 0 1
    outer loop
      vertex 4.69979 2.71968 27.4
      vertex 2.5 0 27.4
      vertex 5 2.7 27.4
    endloop
  endfacet
  facet normal 0 0 1
    outer loop
      vertex 4.40472 2.77837 27.4
      vertex 2.5 0 27.4
      vertex 4.69979 2.71968 27.4
    endloop
  endfacet
  facet normal 0 0 1
    outer loop
      vertex 4.11983 2.87508 27.4
      vertex 2.5 0 27.4
      vertex 4.40472 2.77837 27.4
    endloop
  endfacet
  facet normal 0 0 1
    outer loop
      vertex 3.85 3.00814 27.4
      vertex 2.5 0 27.4
      vertex 4.11983 2.87508 27.4
    endloop
  endfacet
  facet normal 0 0 1
    outer loop
      vertex 3.59985 3.17529 27.4
      vertex 2.5 0 27.4
      vertex 3.85 3.00814 27.4
    endloop
  endfacet
  facet normal 0 0 1
    outer loop
      vertex 1.54329 0.190301 27.4
      vertex 3.59985 3.17529 27.4
      vertex 3.37365 3.37365 27.4
    endloop
  endfacet
  facet normal 0 0 1
    outer loop
      vertex 0.190301 1.54329 27.4
      vertex 3.37365 3.37365 27.4
      vertex 3.17529 3.59985 27.4
    endloop
  endfacet
  facet normal 0 0 1
    outer loop
      vertex 0 2.5 27.4
      vertex 3.17529 3.59985 27.4
      vertex 3.00814 3.85 27.4
    endloop
  endfacet
  facet normal 0 0 1
    outer loop
      vertex 0 2.5 27.4
      vertex 3.00814 3.85 27.4
      vertex 2.87508 4.11983 27.4
    endloop
  endfacet
  facet normal 0 0 1
    outer loop
      vertex 0 2.5 27.4
      vertex 2.87508 4.11983 27.4
      vertex 2.77837 4.40472 27.4
    endloop
  endfacet
  facet normal 0 0 1
    outer loop
      vertex 0 2.5 27.4
      vertex 2.77837 4.40472 27.4
      vertex 2.71968 4.69979 27.4
    endloop
  endfacet
  facet normal 0 0 1
    outer loop
      vertex 0 2.5 27.4
      vertex 2.71968 4.69979 27.4
      vertex 2.7 5 27.4
    endloop
  endfacet
  facet normal 0 0 1
    outer loop
      vertex 2.77837 5.59528 27.4
      vertex 0 2.5 27.4
      vertex 2.71968 5.30021 27.4
    endloop
  endfacet
  facet normal 0 0 1
    outer loop
      vertex 0 60.2 27.4
      vertex 2.5 62.7 27.4
      vertex 2.17368 62.6786 27.4
    endloop
  endfacet
  facet normal 0 0 1
    outer loop
      vertex 2.71968 5.30021 27.4
      vertex 0 2.5 27.4
      vertex 2.7 5 27.4
    endloop
  endfacet
  facet normal 0 0 1
    outer loop
      vertex 0 60.2 27.4
      vertex 2.17368 62.6786 27.4
      vertex 1.85295 62.6148 27.4
    endloop
  endfacet
  facet normal 0 0 1
    outer loop
      vertex 3.17529 3.59985 27.4
      vertex 0 2.5 27.4
      vertex 0.0213871 2.17368 27.4
    endloop
  endfacet
  facet normal 0 0 1
    outer loop
      vertex 0 60.2 27.4
      vertex 1.85295 62.6148 27.4
      vertex 1.54329 62.5097 27.4
    endloop
  endfacet
  facet normal 0 0 1
    outer loop
      vertex 3.59985 3.17529 27.4
      vertex 2.17368 0.0213871 27.4
      vertex 2.5 0 27.4
    endloop
  endfacet
  facet normal 0 0 1
    outer loop
      vertex 0 60.2 27.4
      vertex 1.54329 62.5097 27.4
      vertex 1.25 62.3651 27.4
    endloop
  endfacet
  facet normal 0 0 1
    outer loop
      vertex 3.59985 3.17529 27.4
      vertex 1.85295 0.0851851 27.4
      vertex 2.17368 0.0213871 27.4
    endloop
  endfacet
  facet normal 0 0 1
    outer loop
      vertex 0 60.2 27.4
      vertex 1.25 62.3651 27.4
      vertex 0.978096 62.1834 27.4
    endloop
  endfacet
  facet normal 0 0 1
    outer loop
      vertex 3.59985 3.17529 27.4
      vertex 1.54329 0.190301 27.4
      vertex 1.85295 0.0851851 27.4
    endloop
  endfacet
  facet normal 0 0 1
    outer loop
      vertex 0 60.2 27.4
      vertex 0.978096 62.1834 27.4
      vertex 0.732232 61.9678 27.4
    endloop
  endfacet
  facet normal 0 0 1
    outer loop
      vertex 3.37365 3.37365 27.4
      vertex 1.25 0.334936 27.4
      vertex 1.54329 0.190301 27.4
    endloop
  endfacet
  facet normal 0 0 1
    outer loop
      vertex 0 60.2 27.4
      vertex 0.732232 61.9678 27.4
      vertex 0.516616 61.7219 27.4
    endloop
  endfacet
  facet normal 0 0 1
    outer loop
      vertex 3.37365 3.37365 27.4
      vertex 0.978096 0.516616 27.4
      vertex 1.25 0.334936 27.4
    endloop
  endfacet
  facet normal 0 0 1
    outer loop
      vertex 0 60.2 27.4
      vertex 0.516616 61.7219 27.4
      vertex 0.334936 61.45 27.4
    endloop
  endfacet
  facet normal 0 0 1
    outer loop
      vertex 3.37365 3.37365 27.4
      vertex 0.732232 0.732232 27.4
      vertex 0.978096 0.516616 27.4
    endloop
  endfacet
  facet normal 0 0 1
    outer loop
      vertex 0 60.2 27.4
      vertex 0.334936 61.45 27.4
      vertex 0.190301 61.1567 27.4
    endloop
  endfacet
  facet normal 0 0 1
    outer loop
      vertex 3.37365 3.37365 27.4
      vertex 0.516616 0.978096 27.4
      vertex 0.732232 0.732232 27.4
    endloop
  endfacet
  facet normal 0 0 1
    outer loop
      vertex 0 60.2 27.4
      vertex 0.190301 61.1567 27.4
      vertex 0.0851851 60.847 27.4
    endloop
  endfacet
  facet normal 0 0 1
    outer loop
      vertex 3.37365 3.37365 27.4
      vertex 0.334936 1.25 27.4
      vertex 0.516616 0.978096 27.4
    endloop
  endfacet
  facet normal 0 0 1
    outer loop
      vertex 0 60.2 27.4
      vertex 0.0851851 60.847 27.4
      vertex 0.0213871 60.5263 27.4
    endloop
  endfacet
  facet normal 0 0 1
    outer loop
      vertex 3.37365 3.37365 27.4
      vertex 0.190301 1.54329 27.4
      vertex 0.334936 1.25 27.4
    endloop
  endfacet
  facet normal 0 0 1
    outer loop
      vertex 3.17529 3.59985 27.4
      vertex 0.0851851 1.85295 27.4
      vertex 0.190301 1.54329 27.4
    endloop
  endfacet
  facet normal 0 0 1
    outer loop
      vertex 3.17529 3.59985 27.4
      vertex 0.0213871 2.17368 27.4
      vertex 0.0851851 1.85295 27.4
    endloop
  endfacet
  facet normal -0 0 1
    outer loop
      vertex 6.62634 56.0737 27.4
      vertex 9.41768 49.7726 27.4
      vertex 6.82471 56.2999 27.4
    endloop
  endfacet
  facet normal 0 0 1
    outer loop
      vertex 9.41768 49.7726 27.4
      vertex 6.62634 56.0737 27.4
      vertex 9 49.8 27.4
    endloop
  endfacet
  facet normal -0 0 1
    outer loop
      vertex 6.40015 55.8753 27.4
      vertex 9 49.8 27.4
      vertex 6.62634 56.0737 27.4
    endloop
  endfacet
  facet normal 0 0 1
    outer loop
      vertex 9 49.8 27.4
      vertex 6.40015 55.8753 27.4
      vertex 8.58232 49.7726 27.4
    endloop
  endfacet
  facet normal -0 0 1
    outer loop
      vertex 6.15 55.7081 27.4
      vertex 8.58232 49.7726 27.4
      vertex 6.40015 55.8753 27.4
    endloop
  endfacet
  facet normal 0 0 1
    outer loop
      vertex 8.58232 49.7726 27.4
      vertex 6.15 55.7081 27.4
      vertex 8.17178 49.691 27.4
    endloop
  endfacet
  facet normal -0 0 1
    outer loop
      vertex 5.88017 55.5751 27.4
      vertex 8.17178 49.691 27.4
      vertex 6.15 55.7081 27.4
    endloop
  endfacet
  facet normal 0 0 1
    outer loop
      vertex 8.17178 49.691 27.4
      vertex 5.88017 55.5751 27.4
      vertex 7.77541 49.5564 27.4
    endloop
  endfacet
  facet normal -0 0 1
    outer loop
      vertex 5.59528 55.4784 27.4
      vertex 7.77541 49.5564 27.4
      vertex 5.88017 55.5751 27.4
    endloop
  endfacet
  facet normal 0 0 1
    outer loop
      vertex 7.77541 49.5564 27.4
      vertex 5.59528 55.4784 27.4
      vertex 7.4 49.3713 27.4
    endloop
  endfacet
  facet normal -0 0 1
    outer loop
      vertex 5.30021 55.4197 27.4
      vertex 7.4 49.3713 27.4
      vertex 5.59528 55.4784 27.4
    endloop
  endfacet
  facet normal 0 0 1
    outer loop
      vertex 7.4 49.3713 27.4
      vertex 5.30021 55.4197 27.4
      vertex 7.05196 49.1387 27.4
    endloop
  endfacet
  facet normal -0 0 1
    outer loop
      vertex 5 55.4 27.4
      vertex 7.05196 49.1387 27.4
      vertex 5.30021 55.4197 27.4
    endloop
  endfacet
  facet normal 0 0 1
    outer loop
      vertex 4.69979 55.4197 27.4
      vertex 7.05196 49.1387 27.4
      vertex 5 55.4 27.4
    endloop
  endfacet
  facet normal 0 0 1
    outer loop
      vertex 7.05196 49.1387 27.4
      vertex 4.69979 55.4197 27.4
      vertex 6.73726 48.8627 27.4
    endloop
  endfacet
  facet normal 0 0 1
    outer loop
      vertex 4.40472 55.4784 27.4
      vertex 6.73726 48.8627 27.4
      vertex 4.69979 55.4197 27.4
    endloop
  endfacet
  facet normal 0 0 1
    outer loop
      vertex 6.73726 48.8627 27.4
      vertex 4.40472 55.4784 27.4
      vertex 6.46127 48.548 27.4
    endloop
  endfacet
  facet normal 0 0 1
    outer loop
      vertex 6.46127 48.548 27.4
      vertex 4.11983 55.5751 27.4
      vertex 6.22872 48.2 27.4
    endloop
  endfacet
  facet normal 0 0 1
    outer loop
      vertex 4.11983 55.5751 27.4
      vertex 6.46127 48.548 27.4
      vertex 4.40472 55.4784 27.4
    endloop
  endfacet
  facet normal -0.321441 -0.94693 0
    outer loop
      vertex 1.54329 0.190301 25
      vertex 1.85295 0.0851851 27.4
      vertex 1.54329 0.190301 27.4
    endloop
  endfacet
  facet normal -0.321441 -0.94693 -0
    outer loop
      vertex 1.85295 0.0851851 27.4
      vertex 1.54329 0.190301 25
      vertex 1.85295 0.0851851 25
    endloop
  endfacet
  facet normal 0.555575 -0.831466 0
    outer loop
      vertex 74.35 0.334936 25
      vertex 74.6219 0.516616 27.4
      vertex 74.35 0.334936 27.4
    endloop
  endfacet
  facet normal 0.555575 -0.831466 0
    outer loop
      vertex 74.6219 0.516616 27.4
      vertex 74.35 0.334936 25
      vertex 74.6219 0.516616 25
    endloop
  endfacet
  facet normal 0.19511 -0.980781 0
    outer loop
      vertex 73.4263 0.0213871 25
      vertex 73.747 0.0851851 27.4
      vertex 73.4263 0.0213871 27.4
    endloop
  endfacet
  facet normal 0.19511 -0.980781 0
    outer loop
      vertex 73.747 0.0851851 27.4
      vertex 73.4263 0.0213871 25
      vertex 73.747 0.0851851 25
    endloop
  endfacet
  facet normal 0.0654432 0.997856 -0
    outer loop
      vertex 73.4263 62.6786 25
      vertex 73.1 62.7 27.4
      vertex 73.4263 62.6786 27.4
    endloop
  endfacet
  facet normal 0.0654432 0.997856 0
    outer loop
      vertex 73.1 62.7 27.4
      vertex 73.4263 62.6786 25
      vertex 73.1 62.7 25
    endloop
  endfacet
  facet normal -0.980785 -0.195093 0
    outer loop
      vertex 0.0851851 1.85295 25
      vertex 0.0213871 2.17368 27.4
      vertex 0.0213871 2.17368 25
    endloop
  endfacet
  facet normal -0.980785 -0.195093 0
    outer loop
      vertex 0.0213871 2.17368 27.4
      vertex 0.0851851 1.85295 25
      vertex 0.0851851 1.85295 27.4
    endloop
  endfacet
  facet normal -0.831466 0.555575 0
    outer loop
      vertex 0.334936 61.45 25
      vertex 0.516616 61.7219 27.4
      vertex 0.516616 61.7219 25
    endloop
  endfacet
  facet normal -0.831466 0.555575 0
    outer loop
      vertex 0.516616 61.7219 27.4
      vertex 0.334936 61.45 25
      vertex 0.334936 61.45 27.4
    endloop
  endfacet
  facet normal -0.659344 -0.751841 0
    outer loop
      vertex 0.732232 0.732232 25
      vertex 0.978096 0.516616 27.4
      vertex 0.732232 0.732232 27.4
    endloop
  endfacet
  facet normal -0.659344 -0.751841 -0
    outer loop
      vertex 0.978096 0.516616 27.4
      vertex 0.732232 0.732232 25
      vertex 0.978096 0.516616 25
    endloop
  endfacet
  facet normal 0.946944 -0.321397 0
    outer loop
      vertex 75.4097 1.54329 27.4
      vertex 75.5148 1.85295 25
      vertex 75.5148 1.85295 27.4
    endloop
  endfacet
  facet normal 0.946944 -0.321397 0
    outer loop
      vertex 75.5148 1.85295 25
      vertex 75.4097 1.54329 27.4
      vertex 75.4097 1.54329 25
    endloop
  endfacet
  facet normal -0.751889 0.65929 0
    outer loop
      vertex 0.516616 61.7219 25
      vertex 0.732232 61.9678 27.4
      vertex 0.732232 61.9678 25
    endloop
  endfacet
  facet normal -0.751889 0.65929 0
    outer loop
      vertex 0.732232 61.9678 27.4
      vertex 0.516616 61.7219 25
      vertex 0.516616 61.7219 27.4
    endloop
  endfacet
  facet normal 0.831438 0.555617 0
    outer loop
      vertex 75.2651 61.45 27.4
      vertex 75.0834 61.7219 25
      vertex 75.0834 61.7219 27.4
    endloop
  endfacet
  facet normal 0.831438 0.555617 0
    outer loop
      vertex 75.0834 61.7219 25
      vertex 75.2651 61.45 27.4
      vertex 75.2651 61.45 25
    endloop
  endfacet
  facet normal -0.751841 -0.659344 0
    outer loop
      vertex 0.732232 0.732232 25
      vertex 0.516616 0.978096 27.4
      vertex 0.516616 0.978096 25
    endloop
  endfacet
  facet normal -0.751841 -0.659344 0
    outer loop
      vertex 0.516616 0.978096 27.4
      vertex 0.732232 0.732232 25
      vertex 0.732232 0.732232 27.4
    endloop
  endfacet
  facet normal -0.659317 0.751865 0
    outer loop
      vertex 0.978096 62.1834 25
      vertex 0.732232 61.9678 27.4
      vertex 0.978096 62.1834 27.4
    endloop
  endfacet
  facet normal -0.659317 0.751865 0
    outer loop
      vertex 0.732232 61.9678 27.4
      vertex 0.978096 62.1834 25
      vertex 0.732232 61.9678 25
    endloop
  endfacet
  facet normal 0.896915 -0.442204 0
    outer loop
      vertex 75.2651 1.25 27.4
      vertex 75.4097 1.54329 25
      vertex 75.4097 1.54329 27.4
    endloop
  endfacet
  facet normal 0.896915 -0.442204 0
    outer loop
      vertex 75.4097 1.54329 25
      vertex 75.2651 1.25 27.4
      vertex 75.2651 1.25 25
    endloop
  endfacet
  facet normal -0.997859 0.0654039 0
    outer loop
      vertex 0 60.2 25
      vertex 0.0213871 60.5263 27.4
      vertex 0.0213871 60.5263 25
    endloop
  endfacet
  facet normal -0.997859 0.0654039 0
    outer loop
      vertex 0.0213871 60.5263 27.4
      vertex 0 60.2 25
      vertex 0 60.2 27.4
    endloop
  endfacet
  facet normal 0.997856 0.0654432 0
    outer loop
      vertex 75.6 60.2 27.4
      vertex 75.5786 60.5263 25
      vertex 75.5786 60.5263 27.4
    endloop
  endfacet
  facet normal 0.997856 0.0654432 0
    outer loop
      vertex 75.5786 60.5263 25
      vertex 75.6 60.2 27.4
      vertex 75.6 60.2 25
    endloop
  endfacet
  facet normal -0.94693 -0.321441 0
    outer loop
      vertex 0.190301 1.54329 25
      vertex 0.0851851 1.85295 27.4
      vertex 0.0851851 1.85295 25
    endloop
  endfacet
  facet normal -0.94693 -0.321441 0
    outer loop
      vertex 0.0851851 1.85295 27.4
      vertex 0.190301 1.54329 25
      vertex 0.190301 1.54329 27.4
    endloop
  endfacet
  facet normal 0.751913 0.659262 0
    outer loop
      vertex 75.0834 61.7219 27.4
      vertex 74.8678 61.9678 25
      vertex 74.8678 61.9678 27.4
    endloop
  endfacet
  facet normal 0.751913 0.659262 0
    outer loop
      vertex 74.8678 61.9678 25
      vertex 75.0834 61.7219 27.4
      vertex 75.0834 61.7219 25
    endloop
  endfacet
  facet normal 0.442277 -0.896878 0
    outer loop
      vertex 74.0567 0.190301 25
      vertex 74.35 0.334936 27.4
      vertex 74.0567 0.190301 27.4
    endloop
  endfacet
  facet normal 0.442277 -0.896878 0
    outer loop
      vertex 74.35 0.334936 27.4
      vertex 74.0567 0.190301 25
      vertex 74.35 0.334936 25
    endloop
  endfacet
  facet normal 0.751865 -0.659317 0
    outer loop
      vertex 74.8678 0.732232 27.4
      vertex 75.0834 0.978096 25
      vertex 75.0834 0.978096 27.4
    endloop
  endfacet
  facet normal 0.751865 -0.659317 0
    outer loop
      vertex 75.0834 0.978096 25
      vertex 74.8678 0.732232 27.4
      vertex 74.8678 0.732232 25
    endloop
  endfacet
  facet normal -0.195093 -0.980785 0
    outer loop
      vertex 1.85295 0.0851851 25
      vertex 2.17368 0.0213871 27.4
      vertex 1.85295 0.0851851 27.4
    endloop
  endfacet
  facet normal -0.195093 -0.980785 -0
    outer loop
      vertex 2.17368 0.0213871 27.4
      vertex 1.85295 0.0851851 25
      vertex 2.17368 0.0213871 25
    endloop
  endfacet
  facet normal -0.997859 -0.0654 0
    outer loop
      vertex 0.0213871 2.17368 25
      vertex 0 2.5 27.4
      vertex 0 2.5 25
    endloop
  endfacet
  facet normal -0.997859 -0.0654 0
    outer loop
      vertex 0 2.5 27.4
      vertex 0.0213871 2.17368 25
      vertex 0.0213871 2.17368 27.4
    endloop
  endfacet
  facet normal 0.442191 0.896921 -0
    outer loop
      vertex 74.35 62.3651 25
      vertex 74.0567 62.5097 27.4
      vertex 74.35 62.3651 27.4
    endloop
  endfacet
  facet normal 0.442191 0.896921 0
    outer loop
      vertex 74.0567 62.5097 27.4
      vertex 74.35 62.3651 25
      vertex 74.0567 62.5097 25
    endloop
  endfacet
  facet normal 0.997857 -0.0654392 0
    outer loop
      vertex 75.5786 2.17368 27.4
      vertex 75.6 2.5 25
      vertex 75.6 2.5 27.4
    endloop
  endfacet
  facet normal 0.997857 -0.0654392 0
    outer loop
      vertex 75.6 2.5 25
      vertex 75.5786 2.17368 27.4
      vertex 75.5786 2.17368 25
    endloop
  endfacet
  facet normal 0.980784 -0.195099 0
    outer loop
      vertex 75.5148 1.85295 27.4
      vertex 75.5786 2.17368 25
      vertex 75.5786 2.17368 27.4
    endloop
  endfacet
  facet normal 0.980784 -0.195099 0
    outer loop
      vertex 75.5786 2.17368 25
      vertex 75.5148 1.85295 27.4
      vertex 75.5148 1.85295 25
    endloop
  endfacet
  facet normal 0.896921 0.442191 0
    outer loop
      vertex 75.4097 61.1567 27.4
      vertex 75.2651 61.45 25
      vertex 75.2651 61.45 27.4
    endloop
  endfacet
  facet normal 0.896921 0.442191 0
    outer loop
      vertex 75.2651 61.45 25
      vertex 75.4097 61.1567 27.4
      vertex 75.4097 61.1567 25
    endloop
  endfacet
  facet normal -0.896878 0.442277 0
    outer loop
      vertex 0.190301 61.1567 25
      vertex 0.334936 61.45 27.4
      vertex 0.334936 61.45 25
    endloop
  endfacet
  facet normal -0.896878 0.442277 0
    outer loop
      vertex 0.334936 61.45 27.4
      vertex 0.190301 61.1567 25
      vertex 0.190301 61.1567 27.4
    endloop
  endfacet
  facet normal 0.98078 0.195116 0
    outer loop
      vertex 75.5786 60.5263 27.4
      vertex 75.5148 60.847 25
      vertex 75.5148 60.847 27.4
    endloop
  endfacet
  facet normal 0.98078 0.195116 0
    outer loop
      vertex 75.5148 60.847 25
      vertex 75.5786 60.5263 27.4
      vertex 75.5786 60.5263 25
    endloop
  endfacet
  facet normal -0.555569 -0.83147 0
    outer loop
      vertex 0.978096 0.516616 25
      vertex 1.25 0.334936 27.4
      vertex 0.978096 0.516616 27.4
    endloop
  endfacet
  facet normal -0.555569 -0.83147 -0
    outer loop
      vertex 1.25 0.334936 27.4
      vertex 0.978096 0.516616 25
      vertex 1.25 0.334936 25
    endloop
  endfacet
  facet normal -0.195099 0.980784 0
    outer loop
      vertex 2.17368 62.6786 25
      vertex 1.85295 62.6148 27.4
      vertex 2.17368 62.6786 27.4
    endloop
  endfacet
  facet normal -0.195099 0.980784 0
    outer loop
      vertex 1.85295 62.6148 27.4
      vertex 2.17368 62.6786 25
      vertex 1.85295 62.6148 25
    endloop
  endfacet
  facet normal -0.0654392 0.997857 0
    outer loop
      vertex 2.5 62.7 25
      vertex 2.17368 62.6786 27.4
      vertex 2.5 62.7 27.4
    endloop
  endfacet
  facet normal -0.0654392 0.997857 0
    outer loop
      vertex 2.17368 62.6786 27.4
      vertex 2.5 62.7 25
      vertex 2.17368 62.6786 25
    endloop
  endfacet
  facet normal -0.44229 -0.896872 0
    outer loop
      vertex 1.25 0.334936 25
      vertex 1.54329 0.190301 27.4
      vertex 1.25 0.334936 27.4
    endloop
  endfacet
  facet normal -0.44229 -0.896872 -0
    outer loop
      vertex 1.54329 0.190301 27.4
      vertex 1.25 0.334936 25
      vertex 1.54329 0.190301 25
    endloop
  endfacet
  facet normal 0.94693 0.321439 0
    outer loop
      vertex 1.76642 3.66061 25.1
      vertex 1.61926 4.09413 25
      vertex 1.61926 4.09413 25.1
    endloop
  endfacet
  facet normal 0.94693 0.321439 0
    outer loop
      vertex 1.61926 4.09413 25
      vertex 1.76642 3.66061 25.1
      vertex 1.76642 3.66061 25
    endloop
  endfacet
  facet normal -0.195095 0.980784 0
    outer loop
      vertex 5.90587 1.61926 25
      vertex 5.45684 1.52994 25.1
      vertex 5.90587 1.61926 25.1
    endloop
  endfacet
  facet normal -0.195095 0.980784 0
    outer loop
      vertex 5.45684 1.52994 25.1
      vertex 5.90587 1.61926 25
      vertex 5.45684 1.52994 25
    endloop
  endfacet
  facet normal -0.980784 -0.195095 0
    outer loop
      vertex 8.47006 5.45684 25
      vertex 8.38074 5.90587 25.1
      vertex 8.38074 5.90587 25
    endloop
  endfacet
  facet normal -0.980784 -0.195095 0
    outer loop
      vertex 8.38074 5.90587 25.1
      vertex 8.47006 5.45684 25
      vertex 8.47006 5.45684 25.1
    endloop
  endfacet
  facet normal -0.997859 -0.0653969 0
    outer loop
      vertex 8.5 5 25
      vertex 8.47006 5.45684 25.1
      vertex 8.47006 5.45684 25
    endloop
  endfacet
  facet normal -0.997859 -0.0653969 0
    outer loop
      vertex 8.47006 5.45684 25.1
      vertex 8.5 5 25
      vertex 8.5 5 25.1
    endloop
  endfacet
  facet normal 0.442288 -0.896873 0
    outer loop
      vertex 3.25 8.03109 22
      vertex 3.66061 8.23358 25.1
      vertex 3.25 8.03109 25.1
    endloop
  endfacet
  facet normal 0.442288 -0.896873 0
    outer loop
      vertex 3.66061 8.23358 25.1
      vertex 3.25 8.03109 22
      vertex 3.66061 8.23358 22
    endloop
  endfacet
  facet normal -0.94693 -0.321439 0
    outer loop
      vertex 8.38074 5.90587 25
      vertex 8.23358 6.33939 25.1
      vertex 8.23358 6.33939 25
    endloop
  endfacet
  facet normal -0.94693 -0.321439 0
    outer loop
      vertex 8.23358 6.33939 25.1
      vertex 8.38074 5.90587 25
      vertex 8.38074 5.90587 25.1
    endloop
  endfacet
  facet normal -0.896873 0.442288 0
    outer loop
      vertex 8.03109 3.25 22
      vertex 8.23358 3.66061 25.1
      vertex 8.23358 3.66061 22
    endloop
  endfacet
  facet normal -0.896873 0.442288 0
    outer loop
      vertex 8.23358 3.66061 25.1
      vertex 8.03109 3.25 22
      vertex 8.03109 3.25 25.1
    endloop
  endfacet
  facet normal -0.997859 0.0653969 0
    outer loop
      vertex 8.47006 4.54316 25
      vertex 8.5 5 25.1
      vertex 8.5 5 25
    endloop
  endfacet
  facet normal -0.997859 0.0653969 0
    outer loop
      vertex 8.5 5 25.1
      vertex 8.47006 4.54316 25
      vertex 8.47006 4.54316 25.1
    endloop
  endfacet
  facet normal -0.659353 -0.751833 0
    outer loop
      vertex 7.13066 7.77674 25
      vertex 7.47487 7.47487 25.1
      vertex 7.13066 7.77674 25.1
    endloop
  endfacet
  facet normal -0.659353 -0.751833 -0
    outer loop
      vertex 7.47487 7.47487 25.1
      vertex 7.13066 7.77674 25
      vertex 7.47487 7.47487 25
    endloop
  endfacet
  facet normal 0.659364 -0.751824 0
    outer loop
      vertex 2.52513 7.47487 22
      vertex 2.86933 7.77674 25.1
      vertex 2.52513 7.47487 25.1
    endloop
  endfacet
  facet normal 0.659364 -0.751824 0
    outer loop
      vertex 2.86933 7.77674 25.1
      vertex 2.52513 7.47487 22
      vertex 2.86933 7.77674 22
    endloop
  endfacet
  facet normal -0.0653969 -0.997859 0
    outer loop
      vertex 5 8.5 25
      vertex 5.45684 8.47006 25.1
      vertex 5 8.5 25.1
    endloop
  endfacet
  facet normal -0.0653969 -0.997859 -0
    outer loop
      vertex 5.45684 8.47006 25.1
      vertex 5 8.5 25
      vertex 5.45684 8.47006 25
    endloop
  endfacet
  facet normal 0.195095 0.980784 -0
    outer loop
      vertex 4.54316 1.52994 25
      vertex 4.09413 1.61926 25.1
      vertex 4.54316 1.52994 25.1
    endloop
  endfacet
  facet normal 0.195095 0.980784 0
    outer loop
      vertex 4.09413 1.61926 25.1
      vertex 4.54316 1.52994 25
      vertex 4.09413 1.61926 25
    endloop
  endfacet
  facet normal 0.997859 -0.0653969 0
    outer loop
      vertex 1.5 5 25.1
      vertex 1.52994 5.45684 25
      vertex 1.52994 5.45684 25.1
    endloop
  endfacet
  facet normal 0.997859 -0.0653969 0
    outer loop
      vertex 1.52994 5.45684 25
      vertex 1.5 5 25.1
      vertex 1.5 5 25
    endloop
  endfacet
  facet normal 0.751824 0.659364 0
    outer loop
      vertex 2.52513 2.52513 25.1
      vertex 2.22326 2.86933 22
      vertex 2.22326 2.86933 25.1
    endloop
  endfacet
  facet normal 0.751824 0.659364 0
    outer loop
      vertex 2.22326 2.86933 22
      vertex 2.52513 2.52513 25.1
      vertex 2.52513 2.52513 22
    endloop
  endfacet
  facet normal 0.980784 0.195095 0
    outer loop
      vertex 1.61926 4.09413 25.1
      vertex 1.52994 4.54316 25
      vertex 1.52994 4.54316 25.1
    endloop
  endfacet
  facet normal 0.980784 0.195095 0
    outer loop
      vertex 1.52994 4.54316 25
      vertex 1.61926 4.09413 25.1
      vertex 1.61926 4.09413 25
    endloop
  endfacet
  facet normal -0.831475 0.555562 0
    outer loop
      vertex 7.77674 2.86933 22
      vertex 8.03109 3.25 25.1
      vertex 8.03109 3.25 22
    endloop
  endfacet
  facet normal -0.831475 0.555562 0
    outer loop
      vertex 8.03109 3.25 25.1
      vertex 7.77674 2.86933 22
      vertex 7.77674 2.86933 25.1
    endloop
  endfacet
  facet normal 0.896873 -0.442288 0
    outer loop
      vertex 1.76642 6.33939 25.1
      vertex 1.96891 6.75 25
      vertex 1.96891 6.75 25.1
    endloop
  endfacet
  facet normal 0.896873 -0.442288 0
    outer loop
      vertex 1.96891 6.75 25
      vertex 1.76642 6.33939 25.1
      vertex 1.76642 6.33939 25
    endloop
  endfacet
  facet normal 0.831462 -0.555582 0
    outer loop
      vertex 2.22326 7.13066 25.1
      vertex 2.2 7.09585 25
      vertex 2.22326 7.13066 22
    endloop
  endfacet
  facet normal 0.831468 -0.555572 -4.98235e-06
    outer loop
      vertex 1.96891 6.75 25.1
      vertex 2.2 7.09585 25
      vertex 2.22326 7.13066 25.1
    endloop
  endfacet
  facet normal 0.831469 -0.555571 0
    outer loop
      vertex 2.2 7.09585 25
      vertex 1.96891 6.75 25.1
      vertex 1.96891 6.75 25
    endloop
  endfacet
  facet normal 0.831462 -0.555582 0
    outer loop
      vertex 2.22326 7.13066 22
      vertex 2.2 7.09585 25
      vertex 2.2 7.09585 22
    endloop
  endfacet
  facet normal 0.0653969 -0.997859 0
    outer loop
      vertex 4.54316 8.47006 25
      vertex 5 8.5 25.1
      vertex 4.54316 8.47006 25.1
    endloop
  endfacet
  facet normal 0.0653969 -0.997859 0
    outer loop
      vertex 5 8.5 25.1
      vertex 4.54316 8.47006 25
      vertex 5 8.5 25
    endloop
  endfacet
  facet normal 0.321439 0.94693 -0
    outer loop
      vertex 4.09413 1.61926 25
      vertex 3.66061 1.76642 25.1
      vertex 4.09413 1.61926 25.1
    endloop
  endfacet
  facet normal 0.321439 0.94693 0
    outer loop
      vertex 3.66061 1.76642 25.1
      vertex 4.09413 1.61926 25
      vertex 3.66061 1.76642 25
    endloop
  endfacet
  facet normal -0.442288 -0.896873 0
    outer loop
      vertex 6.33939 8.23358 25
      vertex 6.75 8.03109 25.1
      vertex 6.33939 8.23358 25.1
    endloop
  endfacet
  facet normal -0.442288 -0.896873 -0
    outer loop
      vertex 6.75 8.03109 25.1
      vertex 6.33939 8.23358 25
      vertex 6.75 8.03109 25
    endloop
  endfacet
  facet normal -0.0653969 0.997859 0
    outer loop
      vertex 5.45684 1.52994 25
      vertex 5 1.5 25.1
      vertex 5.45684 1.52994 25.1
    endloop
  endfacet
  facet normal -0.0653969 0.997859 0
    outer loop
      vertex 5 1.5 25.1
      vertex 5.45684 1.52994 25
      vertex 5 1.5 25
    endloop
  endfacet
  facet normal -0.555572 0.831468 -4.98235e-06
    outer loop
      vertex 7.13066 2.22326 25.1
      vertex 7.09585 2.2 25
      vertex 6.75 1.96891 25.1
    endloop
  endfacet
  facet normal -0.555582 0.831462 0
    outer loop
      vertex 7.13066 2.22326 22
      vertex 7.09585 2.2 25
      vertex 7.13066 2.22326 25.1
    endloop
  endfacet
  facet normal -0.555582 0.831462 0
    outer loop
      vertex 7.09585 2.2 25
      vertex 7.13066 2.22326 22
      vertex 7.09585 2.2 22
    endloop
  endfacet
  facet normal -0.555571 0.831469 0
    outer loop
      vertex 6.75 1.96891 25.1
      vertex 7.09585 2.2 25
      vertex 6.75 1.96891 25
    endloop
  endfacet
  facet normal -0.980784 0.195095 0
    outer loop
      vertex 8.38074 4.09413 25
      vertex 8.47006 4.54316 25.1
      vertex 8.47006 4.54316 25
    endloop
  endfacet
  facet normal -0.980784 0.195095 0
    outer loop
      vertex 8.47006 4.54316 25.1
      vertex 8.38074 4.09413 25
      vertex 8.38074 4.09413 25.1
    endloop
  endfacet
  facet normal 0.751833 -0.659353 0
    outer loop
      vertex 2.22326 7.13066 25.1
      vertex 2.52513 7.47487 22
      vertex 2.52513 7.47487 25.1
    endloop
  endfacet
  facet normal 0.751833 -0.659353 0
    outer loop
      vertex 2.52513 7.47487 22
      vertex 2.22326 7.13066 25.1
      vertex 2.22326 7.13066 22
    endloop
  endfacet
  facet normal 0.980784 -0.195095 0
    outer loop
      vertex 1.52994 5.45684 25.1
      vertex 1.61926 5.90587 25
      vertex 1.61926 5.90587 25.1
    endloop
  endfacet
  facet normal 0.980784 -0.195095 0
    outer loop
      vertex 1.61926 5.90587 25
      vertex 1.52994 5.45684 25.1
      vertex 1.52994 5.45684 25
    endloop
  endfacet
  facet normal -0.831468 -0.555572 0
    outer loop
      vertex 8.03109 6.75 25
      vertex 7.77674 7.13066 25.1
      vertex 7.77674 7.13066 25
    endloop
  endfacet
  facet normal -0.831468 -0.555572 0
    outer loop
      vertex 7.77674 7.13066 25.1
      vertex 8.03109 6.75 25
      vertex 8.03109 6.75 25.1
    endloop
  endfacet
  facet normal -0.555572 -0.831468 0
    outer loop
      vertex 6.75 8.03109 25
      vertex 7.13066 7.77674 25.1
      vertex 6.75 8.03109 25.1
    endloop
  endfacet
  facet normal -0.555572 -0.831468 -0
    outer loop
      vertex 7.13066 7.77674 25.1
      vertex 6.75 8.03109 25
      vertex 7.13066 7.77674 25
    endloop
  endfacet
  facet normal 0.997859 0.0653969 0
    outer loop
      vertex 1.52994 4.54316 25.1
      vertex 1.5 5 25
      vertex 1.5 5 25.1
    endloop
  endfacet
  facet normal 0.997859 0.0653969 0
    outer loop
      vertex 1.5 5 25
      vertex 1.52994 4.54316 25.1
      vertex 1.52994 4.54316 25
    endloop
  endfacet
  facet normal -0.321439 -0.94693 0
    outer loop
      vertex 5.90587 8.38074 25
      vertex 6.33939 8.23358 25.1
      vertex 5.90587 8.38074 25.1
    endloop
  endfacet
  facet normal -0.321439 -0.94693 -0
    outer loop
      vertex 6.33939 8.23358 25.1
      vertex 5.90587 8.38074 25
      vertex 6.33939 8.23358 25
    endloop
  endfacet
  facet normal -0.659353 0.751833 0
    outer loop
      vertex 7.47487 2.52513 22
      vertex 7.13066 2.22326 25.1
      vertex 7.47487 2.52513 25.1
    endloop
  endfacet
  facet normal -0.659353 0.751833 0
    outer loop
      vertex 7.13066 2.22326 25.1
      vertex 7.47487 2.52513 22
      vertex 7.13066 2.22326 22
    endloop
  endfacet
  facet normal 0.195095 -0.980784 0
    outer loop
      vertex 4.09413 8.38074 25
      vertex 4.54316 8.47006 25.1
      vertex 4.09413 8.38074 25.1
    endloop
  endfacet
  facet normal 0.195095 -0.980784 0
    outer loop
      vertex 4.54316 8.47006 25.1
      vertex 4.09413 8.38074 25
      vertex 4.54316 8.47006 25
    endloop
  endfacet
  facet normal -0.896873 -0.442288 0
    outer loop
      vertex 8.23358 6.33939 25
      vertex 8.03109 6.75 25.1
      vertex 8.03109 6.75 25
    endloop
  endfacet
  facet normal -0.896873 -0.442288 0
    outer loop
      vertex 8.03109 6.75 25.1
      vertex 8.23358 6.33939 25
      vertex 8.23358 6.33939 25.1
    endloop
  endfacet
  facet normal -0.946923 0.321461 0
    outer loop
      vertex 8.2809 3.8 22
      vertex 8.23358 3.66061 22
      vertex 8.2809 3.8 25
    endloop
  endfacet
  facet normal -0.946934 0.321429 0
    outer loop
      vertex 8.2809 3.8 25
      vertex 8.38074 4.09413 25.1
      vertex 8.38074 4.09413 25
    endloop
  endfacet
  facet normal -0.94693 0.321439 -3.35069e-05
    outer loop
      vertex 8.2809 3.8 25
      vertex 8.23358 3.66061 25.1
      vertex 8.38074 4.09413 25.1
    endloop
  endfacet
  facet normal -0.946923 0.321461 0
    outer loop
      vertex 8.23358 3.66061 25.1
      vertex 8.2809 3.8 25
      vertex 8.23358 3.66061 22
    endloop
  endfacet
  facet normal 0.555571 0.831469 0
    outer loop
      vertex 2.90415 2.2 25
      vertex 3.25 1.96891 25.1
      vertex 3.25 1.96891 25
    endloop
  endfacet
  facet normal 0.555562 0.831475 4.54934e-05
    outer loop
      vertex 3.25 1.96891 25.1
      vertex 2.90415 2.2 25
      vertex 2.86933 2.22326 25.1
    endloop
  endfacet
  facet normal 0.555471 0.831536 0
    outer loop
      vertex 2.86933 2.22326 22
      vertex 2.90415 2.2 25
      vertex 2.90415 2.2 22
    endloop
  endfacet
  facet normal 0.555471 0.831536 0
    outer loop
      vertex 2.90415 2.2 25
      vertex 2.86933 2.22326 22
      vertex 2.86933 2.22326 25.1
    endloop
  endfacet
  facet normal 0.659364 0.751824 -0
    outer loop
      vertex 2.86933 2.22326 22
      vertex 2.52513 2.52513 25.1
      vertex 2.86933 2.22326 25.1
    endloop
  endfacet
  facet normal 0.659364 0.751824 0
    outer loop
      vertex 2.52513 2.52513 25.1
      vertex 2.86933 2.22326 22
      vertex 2.52513 2.52513 22
    endloop
  endfacet
  facet normal -0.751824 0.659364 0
    outer loop
      vertex 7.47487 2.52513 22
      vertex 7.77674 2.86933 25.1
      vertex 7.77674 2.86933 22
    endloop
  endfacet
  facet normal -0.751824 0.659364 0
    outer loop
      vertex 7.77674 2.86933 25.1
      vertex 7.47487 2.52513 22
      vertex 7.47487 2.52513 25.1
    endloop
  endfacet
  facet normal 0.896873 0.442288 0
    outer loop
      vertex 1.96891 3.25 25.1
      vertex 1.76642 3.66061 25
      vertex 1.76642 3.66061 25.1
    endloop
  endfacet
  facet normal 0.896873 0.442288 0
    outer loop
      vertex 1.76642 3.66061 25
      vertex 1.96891 3.25 25.1
      vertex 1.96891 3.25 25
    endloop
  endfacet
  facet normal 0.0653969 0.997859 -0
    outer loop
      vertex 5 1.5 25
      vertex 4.54316 1.52994 25.1
      vertex 5 1.5 25.1
    endloop
  endfacet
  facet normal 0.0653969 0.997859 0
    outer loop
      vertex 4.54316 1.52994 25.1
      vertex 5 1.5 25
      vertex 4.54316 1.52994 25
    endloop
  endfacet
  facet normal -0.751833 -0.659353 0
    outer loop
      vertex 7.77674 7.13066 25
      vertex 7.47487 7.47487 25.1
      vertex 7.47487 7.47487 25
    endloop
  endfacet
  facet normal -0.751833 -0.659353 0
    outer loop
      vertex 7.47487 7.47487 25.1
      vertex 7.77674 7.13066 25
      vertex 7.77674 7.13066 25.1
    endloop
  endfacet
  facet normal 0.555562 -0.831475 0
    outer loop
      vertex 2.86933 7.77674 22
      vertex 3.25 8.03109 25.1
      vertex 2.86933 7.77674 25.1
    endloop
  endfacet
  facet normal 0.555562 -0.831475 0
    outer loop
      vertex 3.25 8.03109 25.1
      vertex 2.86933 7.77674 22
      vertex 3.25 8.03109 22
    endloop
  endfacet
  facet normal 0 0 -1
    outer loop
      vertex 6.2 5 25.1
      vertex 8.5 5 25.1
      vertex 8.47006 4.54316 25.1
    endloop
  endfacet
  facet normal 0 0 -1
    outer loop
      vertex 6.18973 4.84337 25.1
      vertex 8.47006 4.54316 25.1
      vertex 8.38074 4.09413 25.1
    endloop
  endfacet
  facet normal 0 0 -1
    outer loop
      vertex 8.5 5 25.1
      vertex 6.2 5 25.1
      vertex 8.47006 5.45684 25.1
    endloop
  endfacet
  facet normal 0 0 -1
    outer loop
      vertex 6.15911 4.68942 25.1
      vertex 8.38074 4.09413 25.1
      vertex 8.23358 3.66061 25.1
    endloop
  endfacet
  facet normal 0 0 -1
    outer loop
      vertex 6.18973 5.15663 25.1
      vertex 8.47006 5.45684 25.1
      vertex 6.2 5 25.1
    endloop
  endfacet
  facet normal 0 0 -1
    outer loop
      vertex 6.10865 4.54078 25.1
      vertex 8.23358 3.66061 25.1
      vertex 8.03109 3.25 25.1
    endloop
  endfacet
  facet normal -0 0 -1
    outer loop
      vertex 8.47006 5.45684 25.1
      vertex 6.18973 5.15663 25.1
      vertex 8.38074 5.90587 25.1
    endloop
  endfacet
  facet normal 0 0 -1
    outer loop
      vertex 6.03923 4.4 25.1
      vertex 8.03109 3.25 25.1
      vertex 7.77674 2.86933 25.1
    endloop
  endfacet
  facet normal 0 0 -1
    outer loop
      vertex 6.15911 5.31058 25.1
      vertex 8.38074 5.90587 25.1
      vertex 6.18973 5.15663 25.1
    endloop
  endfacet
  facet normal 0 0 -1
    outer loop
      vertex 5.95202 4.26949 25.1
      vertex 7.77674 2.86933 25.1
      vertex 7.47487 2.52513 25.1
    endloop
  endfacet
  facet normal -0 0 -1
    outer loop
      vertex 8.38074 5.90587 25.1
      vertex 6.15911 5.31058 25.1
      vertex 8.23358 6.33939 25.1
    endloop
  endfacet
  facet normal 0 0 -1
    outer loop
      vertex 5.84853 4.15147 25.1
      vertex 7.47487 2.52513 25.1
      vertex 7.13066 2.22326 25.1
    endloop
  endfacet
  facet normal 0 0 -1
    outer loop
      vertex 6.10865 5.45922 25.1
      vertex 8.23358 6.33939 25.1
      vertex 6.15911 5.31058 25.1
    endloop
  endfacet
  facet normal 0 0 -1
    outer loop
      vertex 5.73051 4.04798 25.1
      vertex 7.13066 2.22326 25.1
      vertex 6.75 1.96891 25.1
    endloop
  endfacet
  facet normal -0 0 -1
    outer loop
      vertex 8.23358 6.33939 25.1
      vertex 6.10865 5.45922 25.1
      vertex 8.03109 6.75 25.1
    endloop
  endfacet
  facet normal 0 0 -1
    outer loop
      vertex 5.6 3.96077 25.1
      vertex 6.75 1.96891 25.1
      vertex 6.33939 1.76642 25.1
    endloop
  endfacet
  facet normal 0 0 -1
    outer loop
      vertex 6.03923 5.6 25.1
      vertex 8.03109 6.75 25.1
      vertex 6.10865 5.45922 25.1
    endloop
  endfacet
  facet normal -0 0 -1
    outer loop
      vertex 8.03109 6.75 25.1
      vertex 6.03923 5.6 25.1
      vertex 7.77674 7.13066 25.1
    endloop
  endfacet
  facet normal 0 0 -1
    outer loop
      vertex 8.47006 4.54316 25.1
      vertex 6.18973 4.84337 25.1
      vertex 6.2 5 25.1
    endloop
  endfacet
  facet normal 0 0 -1
    outer loop
      vertex 8.38074 4.09413 25.1
      vertex 6.15911 4.68942 25.1
      vertex 6.18973 4.84337 25.1
    endloop
  endfacet
  facet normal 0 0 -1
    outer loop
      vertex 8.23358 3.66061 25.1
      vertex 6.10865 4.54078 25.1
      vertex 6.15911 4.68942 25.1
    endloop
  endfacet
  facet normal 0 0 -1
    outer loop
      vertex 8.03109 3.25 25.1
      vertex 6.03923 4.4 25.1
      vertex 6.10865 4.54078 25.1
    endloop
  endfacet
  facet normal 0 0 -1
    outer loop
      vertex 7.77674 2.86933 25.1
      vertex 5.95202 4.26949 25.1
      vertex 6.03923 4.4 25.1
    endloop
  endfacet
  facet normal 0 0 -1
    outer loop
      vertex 5.45922 3.89134 25.1
      vertex 6.33939 1.76642 25.1
      vertex 5.90587 1.61926 25.1
    endloop
  endfacet
  facet normal 0 0 -1
    outer loop
      vertex 7.47487 2.52513 25.1
      vertex 5.84853 4.15147 25.1
      vertex 5.95202 4.26949 25.1
    endloop
  endfacet
  facet normal 0 0 -1
    outer loop
      vertex 7.13066 2.22326 25.1
      vertex 5.73051 4.04798 25.1
      vertex 5.84853 4.15147 25.1
    endloop
  endfacet
  facet normal 0 0 -1
    outer loop
      vertex 6.75 1.96891 25.1
      vertex 5.6 3.96077 25.1
      vertex 5.73051 4.04798 25.1
    endloop
  endfacet
  facet normal 0 0 -1
    outer loop
      vertex 6.33939 1.76642 25.1
      vertex 5.45922 3.89134 25.1
      vertex 5.6 3.96077 25.1
    endloop
  endfacet
  facet normal 0 0 -1
    outer loop
      vertex 5.31058 3.84089 25.1
      vertex 5.90587 1.61926 25.1
      vertex 5.45684 1.52994 25.1
    endloop
  endfacet
  facet normal 0 0 -1
    outer loop
      vertex 5.90587 1.61926 25.1
      vertex 5.31058 3.84089 25.1
      vertex 5.45922 3.89134 25.1
    endloop
  endfacet
  facet normal 0 0 -1
    outer loop
      vertex 5.45684 1.52994 25.1
      vertex 5.15663 3.81027 25.1
      vertex 5.31058 3.84089 25.1
    endloop
  endfacet
  facet normal 0 0 -1
    outer loop
      vertex 5 1.5 25.1
      vertex 5.15663 3.81027 25.1
      vertex 5.45684 1.52994 25.1
    endloop
  endfacet
  facet normal 0 0 -1
    outer loop
      vertex 5 1.5 25.1
      vertex 5 3.8 25.1
      vertex 5.15663 3.81027 25.1
    endloop
  endfacet
  facet normal 0 0 -1
    outer loop
      vertex 5 1.5 25.1
      vertex 4.84337 3.81027 25.1
      vertex 5 3.8 25.1
    endloop
  endfacet
  facet normal 0 0 -1
    outer loop
      vertex 4.54316 1.52994 25.1
      vertex 4.84337 3.81027 25.1
      vertex 5 1.5 25.1
    endloop
  endfacet
  facet normal -0 0 -1
    outer loop
      vertex 4.84337 3.81027 25.1
      vertex 4.54316 1.52994 25.1
      vertex 4.68942 3.84089 25.1
    endloop
  endfacet
  facet normal 0 0 -1
    outer loop
      vertex 4.09413 1.61926 25.1
      vertex 4.68942 3.84089 25.1
      vertex 4.54316 1.52994 25.1
    endloop
  endfacet
  facet normal -0 0 -1
    outer loop
      vertex 4.68942 3.84089 25.1
      vertex 4.09413 1.61926 25.1
      vertex 4.54078 3.89134 25.1
    endloop
  endfacet
  facet normal 0 0 -1
    outer loop
      vertex 3.66061 1.76642 25.1
      vertex 4.54078 3.89134 25.1
      vertex 4.09413 1.61926 25.1
    endloop
  endfacet
  facet normal -0 0 -1
    outer loop
      vertex 4.54078 3.89134 25.1
      vertex 3.66061 1.76642 25.1
      vertex 4.4 3.96077 25.1
    endloop
  endfacet
  facet normal 0 0 -1
    outer loop
      vertex 3.25 1.96891 25.1
      vertex 4.4 3.96077 25.1
      vertex 3.66061 1.76642 25.1
    endloop
  endfacet
  facet normal -0 0 -1
    outer loop
      vertex 4.4 3.96077 25.1
      vertex 3.25 1.96891 25.1
      vertex 4.26949 4.04798 25.1
    endloop
  endfacet
  facet normal 0 0 -1
    outer loop
      vertex 2.86933 2.22326 25.1
      vertex 4.26949 4.04798 25.1
      vertex 3.25 1.96891 25.1
    endloop
  endfacet
  facet normal -0 0 -1
    outer loop
      vertex 4.26949 4.04798 25.1
      vertex 2.86933 2.22326 25.1
      vertex 4.15147 4.15147 25.1
    endloop
  endfacet
  facet normal 0 0 -1
    outer loop
      vertex 2.52513 2.52513 25.1
      vertex 4.15147 4.15147 25.1
      vertex 2.86933 2.22326 25.1
    endloop
  endfacet
  facet normal -0 0 -1
    outer loop
      vertex 4.15147 4.15147 25.1
      vertex 2.52513 2.52513 25.1
      vertex 4.04798 4.26949 25.1
    endloop
  endfacet
  facet normal -0 0 -1
    outer loop
      vertex 4.04798 4.26949 25.1
      vertex 2.22326 2.86933 25.1
      vertex 3.96077 4.4 25.1
    endloop
  endfacet
  facet normal 0 0 -1
    outer loop
      vertex 2.22326 2.86933 25.1
      vertex 4.04798 4.26949 25.1
      vertex 2.52513 2.52513 25.1
    endloop
  endfacet
  facet normal 0 0 -1
    outer loop
      vertex 5.95202 5.73051 25.1
      vertex 7.77674 7.13066 25.1
      vertex 6.03923 5.6 25.1
    endloop
  endfacet
  facet normal -0 0 -1
    outer loop
      vertex 7.77674 7.13066 25.1
      vertex 5.95202 5.73051 25.1
      vertex 7.47487 7.47487 25.1
    endloop
  endfacet
  facet normal 0 0 -1
    outer loop
      vertex 5.84853 5.84853 25.1
      vertex 7.47487 7.47487 25.1
      vertex 5.95202 5.73051 25.1
    endloop
  endfacet
  facet normal -0 0 -1
    outer loop
      vertex 7.47487 7.47487 25.1
      vertex 5.84853 5.84853 25.1
      vertex 7.13066 7.77674 25.1
    endloop
  endfacet
  facet normal 0 0 -1
    outer loop
      vertex 5.73051 5.95202 25.1
      vertex 7.13066 7.77674 25.1
      vertex 5.84853 5.84853 25.1
    endloop
  endfacet
  facet normal -0 0 -1
    outer loop
      vertex 7.13066 7.77674 25.1
      vertex 5.73051 5.95202 25.1
      vertex 6.75 8.03109 25.1
    endloop
  endfacet
  facet normal 0 0 -1
    outer loop
      vertex 5.6 6.03923 25.1
      vertex 6.75 8.03109 25.1
      vertex 5.73051 5.95202 25.1
    endloop
  endfacet
  facet normal -0 0 -1
    outer loop
      vertex 6.75 8.03109 25.1
      vertex 5.6 6.03923 25.1
      vertex 6.33939 8.23358 25.1
    endloop
  endfacet
  facet normal 0 0 -1
    outer loop
      vertex 5.45922 6.10865 25.1
      vertex 6.33939 8.23358 25.1
      vertex 5.6 6.03923 25.1
    endloop
  endfacet
  facet normal -0 0 -1
    outer loop
      vertex 6.33939 8.23358 25.1
      vertex 5.45922 6.10865 25.1
      vertex 5.90587 8.38074 25.1
    endloop
  endfacet
  facet normal 0 0 -1
    outer loop
      vertex 5.31058 6.15911 25.1
      vertex 5.90587 8.38074 25.1
      vertex 5.45922 6.10865 25.1
    endloop
  endfacet
  facet normal -0 0 -1
    outer loop
      vertex 5.90587 8.38074 25.1
      vertex 5.31058 6.15911 25.1
      vertex 5.45684 8.47006 25.1
    endloop
  endfacet
  facet normal 0 0 -1
    outer loop
      vertex 5.15663 6.18973 25.1
      vertex 5.45684 8.47006 25.1
      vertex 5.31058 6.15911 25.1
    endloop
  endfacet
  facet normal 0 0 -1
    outer loop
      vertex 5 6.2 25.1
      vertex 5.45684 8.47006 25.1
      vertex 5.15663 6.18973 25.1
    endloop
  endfacet
  facet normal 0 0 -1
    outer loop
      vertex 5 6.2 25.1
      vertex 5 8.5 25.1
      vertex 5.45684 8.47006 25.1
    endloop
  endfacet
  facet normal 0 0 -1
    outer loop
      vertex 4.84337 6.18973 25.1
      vertex 5 8.5 25.1
      vertex 5 6.2 25.1
    endloop
  endfacet
  facet normal 0 0 -1
    outer loop
      vertex 4.54316 8.47006 25.1
      vertex 4.84337 6.18973 25.1
      vertex 4.68942 6.15911 25.1
    endloop
  endfacet
  facet normal 0 0 -1
    outer loop
      vertex 4.84337 6.18973 25.1
      vertex 4.54316 8.47006 25.1
      vertex 5 8.5 25.1
    endloop
  endfacet
  facet normal 0 0 -1
    outer loop
      vertex 4.09413 8.38074 25.1
      vertex 4.68942 6.15911 25.1
      vertex 4.54078 6.10865 25.1
    endloop
  endfacet
  facet normal 0 0 -1
    outer loop
      vertex 3.66061 8.23358 25.1
      vertex 4.54078 6.10865 25.1
      vertex 4.4 6.03923 25.1
    endloop
  endfacet
  facet normal 0 0 -1
    outer loop
      vertex 3.25 8.03109 25.1
      vertex 4.4 6.03923 25.1
      vertex 4.26949 5.95202 25.1
    endloop
  endfacet
  facet normal 0 0 -1
    outer loop
      vertex 2.86933 7.77674 25.1
      vertex 4.26949 5.95202 25.1
      vertex 4.15147 5.84853 25.1
    endloop
  endfacet
  facet normal 0 0 -1
    outer loop
      vertex 4.68942 6.15911 25.1
      vertex 4.09413 8.38074 25.1
      vertex 4.54316 8.47006 25.1
    endloop
  endfacet
  facet normal 0 0 -1
    outer loop
      vertex 2.52513 7.47487 25.1
      vertex 4.15147 5.84853 25.1
      vertex 4.04798 5.73051 25.1
    endloop
  endfacet
  facet normal 0 0 -1
    outer loop
      vertex 2.22326 7.13066 25.1
      vertex 4.04798 5.73051 25.1
      vertex 3.96077 5.6 25.1
    endloop
  endfacet
  facet normal 0 0 -1
    outer loop
      vertex 1.96891 6.75 25.1
      vertex 3.96077 5.6 25.1
      vertex 3.89134 5.45922 25.1
    endloop
  endfacet
  facet normal 0 0 -1
    outer loop
      vertex 1.76642 6.33939 25.1
      vertex 3.89134 5.45922 25.1
      vertex 3.84089 5.31058 25.1
    endloop
  endfacet
  facet normal 0 0 -1
    outer loop
      vertex 1.61926 5.90587 25.1
      vertex 3.84089 5.31058 25.1
      vertex 3.81027 5.15663 25.1
    endloop
  endfacet
  facet normal 0 0 -1
    outer loop
      vertex 4.54078 6.10865 25.1
      vertex 3.66061 8.23358 25.1
      vertex 4.09413 8.38074 25.1
    endloop
  endfacet
  facet normal 0 0 -1
    outer loop
      vertex 1.52994 5.45684 25.1
      vertex 3.81027 5.15663 25.1
      vertex 3.8 5 25.1
    endloop
  endfacet
  facet normal 0 0 -1
    outer loop
      vertex 1.96891 3.25 25.1
      vertex 3.96077 4.4 25.1
      vertex 2.22326 2.86933 25.1
    endloop
  endfacet
  facet normal -0 0 -1
    outer loop
      vertex 3.96077 4.4 25.1
      vertex 1.96891 3.25 25.1
      vertex 3.89134 4.54078 25.1
    endloop
  endfacet
  facet normal 0 0 -1
    outer loop
      vertex 4.4 6.03923 25.1
      vertex 3.25 8.03109 25.1
      vertex 3.66061 8.23358 25.1
    endloop
  endfacet
  facet normal 0 0 -1
    outer loop
      vertex 1.76642 3.66061 25.1
      vertex 3.89134 4.54078 25.1
      vertex 1.96891 3.25 25.1
    endloop
  endfacet
  facet normal 0 0 -1
    outer loop
      vertex 4.26949 5.95202 25.1
      vertex 2.86933 7.77674 25.1
      vertex 3.25 8.03109 25.1
    endloop
  endfacet
  facet normal -0 0 -1
    outer loop
      vertex 3.89134 4.54078 25.1
      vertex 1.76642 3.66061 25.1
      vertex 3.84089 4.68942 25.1
    endloop
  endfacet
  facet normal 0 0 -1
    outer loop
      vertex 4.15147 5.84853 25.1
      vertex 2.52513 7.47487 25.1
      vertex 2.86933 7.77674 25.1
    endloop
  endfacet
  facet normal 0 0 -1
    outer loop
      vertex 1.61926 4.09413 25.1
      vertex 3.84089 4.68942 25.1
      vertex 1.76642 3.66061 25.1
    endloop
  endfacet
  facet normal 0 0 -1
    outer loop
      vertex 4.04798 5.73051 25.1
      vertex 2.22326 7.13066 25.1
      vertex 2.52513 7.47487 25.1
    endloop
  endfacet
  facet normal -0 0 -1
    outer loop
      vertex 3.84089 4.68942 25.1
      vertex 1.61926 4.09413 25.1
      vertex 3.81027 4.84337 25.1
    endloop
  endfacet
  facet normal 0 0 -1
    outer loop
      vertex 3.96077 5.6 25.1
      vertex 1.96891 6.75 25.1
      vertex 2.22326 7.13066 25.1
    endloop
  endfacet
  facet normal 0 0 -1
    outer loop
      vertex 1.52994 4.54316 25.1
      vertex 3.81027 4.84337 25.1
      vertex 1.61926 4.09413 25.1
    endloop
  endfacet
  facet normal 0 0 -1
    outer loop
      vertex 3.89134 5.45922 25.1
      vertex 1.76642 6.33939 25.1
      vertex 1.96891 6.75 25.1
    endloop
  endfacet
  facet normal -0 0 -1
    outer loop
      vertex 3.81027 4.84337 25.1
      vertex 1.52994 4.54316 25.1
      vertex 3.8 5 25.1
    endloop
  endfacet
  facet normal 0 0 -1
    outer loop
      vertex 3.84089 5.31058 25.1
      vertex 1.61926 5.90587 25.1
      vertex 1.76642 6.33939 25.1
    endloop
  endfacet
  facet normal 0 0 -1
    outer loop
      vertex 1.5 5 25.1
      vertex 3.8 5 25.1
      vertex 1.52994 4.54316 25.1
    endloop
  endfacet
  facet normal 0 0 -1
    outer loop
      vertex 3.81027 5.15663 25.1
      vertex 1.52994 5.45684 25.1
      vertex 1.61926 5.90587 25.1
    endloop
  endfacet
  facet normal 0 0 -1
    outer loop
      vertex 3.8 5 25.1
      vertex 1.5 5 25.1
      vertex 1.52994 5.45684 25.1
    endloop
  endfacet
  facet normal -0.321439 0.94693 0
    outer loop
      vertex 6.33939 1.76642 25
      vertex 5.90587 1.61926 25.1
      vertex 6.33939 1.76642 25.1
    endloop
  endfacet
  facet normal -0.321439 0.94693 0
    outer loop
      vertex 5.90587 1.61926 25.1
      vertex 6.33939 1.76642 25
      vertex 5.90587 1.61926 25
    endloop
  endfacet
  facet normal -0.442288 0.896873 0
    outer loop
      vertex 6.75 1.96891 25
      vertex 6.33939 1.76642 25.1
      vertex 6.75 1.96891 25.1
    endloop
  endfacet
  facet normal -0.442288 0.896873 0
    outer loop
      vertex 6.33939 1.76642 25.1
      vertex 6.75 1.96891 25
      vertex 6.33939 1.76642 25
    endloop
  endfacet
  facet normal 0.321439 -0.94693 -3.35069e-05
    outer loop
      vertex 3.66061 8.23358 25.1
      vertex 3.8 8.2809 25
      vertex 4.09413 8.38074 25.1
    endloop
  endfacet
  facet normal 0.321461 -0.946923 0
    outer loop
      vertex 3.66061 8.23358 22
      vertex 3.8 8.2809 25
      vertex 3.66061 8.23358 25.1
    endloop
  endfacet
  facet normal 0.321461 -0.946923 0
    outer loop
      vertex 3.8 8.2809 25
      vertex 3.66061 8.23358 22
      vertex 3.8 8.2809 22
    endloop
  endfacet
  facet normal 0.321429 -0.946934 0
    outer loop
      vertex 4.09413 8.38074 25.1
      vertex 3.8 8.2809 25
      vertex 4.09413 8.38074 25
    endloop
  endfacet
  facet normal -0.195095 -0.980784 0
    outer loop
      vertex 5.45684 8.47006 25
      vertex 5.90587 8.38074 25.1
      vertex 5.45684 8.47006 25.1
    endloop
  endfacet
  facet normal -0.195095 -0.980784 -0
    outer loop
      vertex 5.90587 8.38074 25.1
      vertex 5.45684 8.47006 25
      vertex 5.90587 8.38074 25
    endloop
  endfacet
  facet normal 0.442288 0.896873 -0
    outer loop
      vertex 3.66061 1.76642 25
      vertex 3.25 1.96891 25.1
      vertex 3.66061 1.76642 25.1
    endloop
  endfacet
  facet normal 0.442288 0.896873 0
    outer loop
      vertex 3.25 1.96891 25.1
      vertex 3.66061 1.76642 25
      vertex 3.25 1.96891 25
    endloop
  endfacet
  facet normal 0.831469 0.555571 0
    outer loop
      vertex 1.96891 3.25 25.1
      vertex 2.2 2.90415 25
      vertex 1.96891 3.25 25
    endloop
  endfacet
  facet normal 0.831475 0.555562 4.54934e-05
    outer loop
      vertex 2.22326 2.86933 25.1
      vertex 2.2 2.90415 25
      vertex 1.96891 3.25 25.1
    endloop
  endfacet
  facet normal 0.831536 0.555471 -0
    outer loop
      vertex 2.22326 2.86933 22
      vertex 2.2 2.90415 25
      vertex 2.22326 2.86933 25.1
    endloop
  endfacet
  facet normal 0.831536 0.555471 0
    outer loop
      vertex 2.2 2.90415 25
      vertex 2.22326 2.86933 22
      vertex 2.2 2.90415 22
    endloop
  endfacet
  facet normal 0.94693 -0.321439 0
    outer loop
      vertex 1.61926 5.90587 25.1
      vertex 1.76642 6.33939 25
      vertex 1.76642 6.33939 25.1
    endloop
  endfacet
  facet normal 0.94693 -0.321439 0
    outer loop
      vertex 1.76642 6.33939 25
      vertex 1.61926 5.90587 25.1
      vertex 1.61926 5.90587 25
    endloop
  endfacet
  facet normal 0.946926 0.321452 0
    outer loop
      vertex 1.76642 56.3606 25.1
      vertex 1.61926 56.7941 25
      vertex 1.61926 56.7941 25.1
    endloop
  endfacet
  facet normal 0.946926 0.321452 0
    outer loop
      vertex 1.61926 56.7941 25
      vertex 1.76642 56.3606 25.1
      vertex 1.76642 56.3606 25
    endloop
  endfacet
  facet normal -0.195263 0.980751 0
    outer loop
      vertex 5.90587 54.3193 25
      vertex 5.45684 54.2299 25.1
      vertex 5.90587 54.3193 25.1
    endloop
  endfacet
  facet normal -0.195263 0.980751 0
    outer loop
      vertex 5.45684 54.2299 25.1
      vertex 5.90587 54.3193 25
      vertex 5.45684 54.2299 25
    endloop
  endfacet
  facet normal -0.98079 -0.195066 0
    outer loop
      vertex 8.47006 58.1568 25
      vertex 8.38074 58.6059 25.1
      vertex 8.38074 58.6059 25
    endloop
  endfacet
  facet normal -0.98079 -0.195066 0
    outer loop
      vertex 8.38074 58.6059 25.1
      vertex 8.47006 58.1568 25
      vertex 8.47006 58.1568 25.1
    endloop
  endfacet
  facet normal -0.997859 -0.0654026 0
    outer loop
      vertex 8.5 57.7 25
      vertex 8.47006 58.1568 25.1
      vertex 8.47006 58.1568 25
    endloop
  endfacet
  facet normal -0.997859 -0.0654026 0
    outer loop
      vertex 8.47006 58.1568 25.1
      vertex 8.5 57.7 25
      vertex 8.5 57.7 25.1
    endloop
  endfacet
  facet normal 0.442305 -0.896864 0
    outer loop
      vertex 3.25 60.7311 25
      vertex 3.66061 60.9336 25.1
      vertex 3.25 60.7311 25.1
    endloop
  endfacet
  facet normal 0.442305 -0.896864 0
    outer loop
      vertex 3.66061 60.9336 25.1
      vertex 3.25 60.7311 25
      vertex 3.66061 60.9336 25
    endloop
  endfacet
  facet normal -0.896869 0.442297 0
    outer loop
      vertex 8.03109 55.95 25
      vertex 8.23358 56.3606 25.1
      vertex 8.23358 56.3606 25
    endloop
  endfacet
  facet normal -0.896869 0.442297 0
    outer loop
      vertex 8.23358 56.3606 25.1
      vertex 8.03109 55.95 25
      vertex 8.03109 55.95 25.1
    endloop
  endfacet
  facet normal -0.997859 0.0654026 0
    outer loop
      vertex 8.47006 57.2432 25
      vertex 8.5 57.7 25.1
      vertex 8.5 57.7 25
    endloop
  endfacet
  facet normal -0.997859 0.0654026 0
    outer loop
      vertex 8.5 57.7 25.1
      vertex 8.47006 57.2432 25
      vertex 8.47006 57.2432 25.1
    endloop
  endfacet
  facet normal -0.659267 -0.751909 0
    outer loop
      vertex 7.13066 60.4767 22
      vertex 7.47487 60.1749 25.1
      vertex 7.13066 60.4767 25.1
    endloop
  endfacet
  facet normal -0.659267 -0.751909 -0
    outer loop
      vertex 7.47487 60.1749 25.1
      vertex 7.13066 60.4767 22
      vertex 7.47487 60.1749 22
    endloop
  endfacet
  facet normal 0.659278 -0.7519 0
    outer loop
      vertex 2.52513 60.1749 22
      vertex 2.86933 60.4767 25.1
      vertex 2.52513 60.1749 25.1
    endloop
  endfacet
  facet normal 0.659278 -0.7519 0
    outer loop
      vertex 2.86933 60.4767 25.1
      vertex 2.52513 60.1749 22
      vertex 2.86933 60.4767 22
    endloop
  endfacet
  facet normal -0.0653099 -0.997865 0
    outer loop
      vertex 5 61.2 25
      vertex 5.45684 61.1701 25.1
      vertex 5 61.2 25.1
    endloop
  endfacet
  facet normal -0.0653099 -0.997865 -0
    outer loop
      vertex 5.45684 61.1701 25.1
      vertex 5 61.2 25
      vertex 5.45684 61.1701 25
    endloop
  endfacet
  facet normal 0.946926 -0.321452 0
    outer loop
      vertex 1.61926 58.6059 25.1
      vertex 1.76642 59.0394 25
      vertex 1.76642 59.0394 25.1
    endloop
  endfacet
  facet normal 0.946926 -0.321452 0
    outer loop
      vertex 1.76642 59.0394 25
      vertex 1.61926 58.6059 25.1
      vertex 1.61926 58.6059 25
    endloop
  endfacet
  facet normal 0.195263 0.980751 -0
    outer loop
      vertex 4.54316 54.2299 25
      vertex 4.09413 54.3193 25.1
      vertex 4.54316 54.2299 25.1
    endloop
  endfacet
  facet normal 0.195263 0.980751 0
    outer loop
      vertex 4.09413 54.3193 25.1
      vertex 4.54316 54.2299 25
      vertex 4.09413 54.3193 25
    endloop
  endfacet
  facet normal 0.555637 0.831425 -0
    outer loop
      vertex 3.25 54.6689 22
      vertex 2.86933 54.9233 25.1
      vertex 3.25 54.6689 25.1
    endloop
  endfacet
  facet normal 0.555637 0.831425 0
    outer loop
      vertex 2.86933 54.9233 25.1
      vertex 3.25 54.6689 22
      vertex 2.86933 54.9233 22
    endloop
  endfacet
  facet normal 0.442305 0.896864 -0
    outer loop
      vertex 3.66061 54.4664 22
      vertex 3.25 54.6689 25.1
      vertex 3.66061 54.4664 25.1
    endloop
  endfacet
  facet normal 0.442305 0.896864 0
    outer loop
      vertex 3.25 54.6689 25.1
      vertex 3.66061 54.4664 22
      vertex 3.25 54.6689 22
    endloop
  endfacet
  facet normal 0.0653099 0.997865 -0
    outer loop
      vertex 5 54.2 25
      vertex 4.54316 54.2299 25.1
      vertex 5 54.2 25.1
    endloop
  endfacet
  facet normal 0.0653099 0.997865 0
    outer loop
      vertex 4.54316 54.2299 25.1
      vertex 5 54.2 25
      vertex 4.54316 54.2299 25
    endloop
  endfacet
  facet normal 0.195263 -0.980751 0
    outer loop
      vertex 4.09413 61.0807 25
      vertex 4.54316 61.1701 25.1
      vertex 4.09413 61.0807 25.1
    endloop
  endfacet
  facet normal 0.195263 -0.980751 0
    outer loop
      vertex 4.54316 61.1701 25.1
      vertex 4.09413 61.0807 25
      vertex 4.54316 61.1701 25
    endloop
  endfacet
  facet normal 0.997859 -0.0654026 0
    outer loop
      vertex 1.5 57.7 25.1
      vertex 1.52994 58.1568 25
      vertex 1.52994 58.1568 25.1
    endloop
  endfacet
  facet normal 0.997859 -0.0654026 0
    outer loop
      vertex 1.52994 58.1568 25
      vertex 1.5 57.7 25.1
      vertex 1.5 57.7 25
    endloop
  endfacet
  facet normal 0.98079 0.195066 0
    outer loop
      vertex 1.61926 56.7941 25.1
      vertex 1.52994 57.2432 25
      vertex 1.52994 57.2432 25.1
    endloop
  endfacet
  facet normal 0.98079 0.195066 0
    outer loop
      vertex 1.52994 57.2432 25
      vertex 1.61926 56.7941 25.1
      vertex 1.61926 56.7941 25
    endloop
  endfacet
  facet normal -0.831495 0.555532 0
    outer loop
      vertex 7.77674 55.5693 25
      vertex 8.03109 55.95 25.1
      vertex 8.03109 55.95 25
    endloop
  endfacet
  facet normal -0.831495 0.555532 0
    outer loop
      vertex 8.03109 55.95 25.1
      vertex 7.77674 55.5693 25
      vertex 7.77674 55.5693 25.1
    endloop
  endfacet
  facet normal 0.321313 0.946973 0
    outer loop
      vertex 3.8 54.4191 25
      vertex 4.09413 54.3193 25.1
      vertex 4.09413 54.3193 25
    endloop
  endfacet
  facet normal 0.321322 0.94697 -2.68023e-05
    outer loop
      vertex 4.09413 54.3193 25.1
      vertex 3.8 54.4191 25
      vertex 3.66061 54.4664 25.1
    endloop
  endfacet
  facet normal 0.321339 0.946964 0
    outer loop
      vertex 3.66061 54.4664 22
      vertex 3.8 54.4191 25
      vertex 3.8 54.4191 22
    endloop
  endfacet
  facet normal 0.321339 0.946964 0
    outer loop
      vertex 3.8 54.4191 25
      vertex 3.66061 54.4664 22
      vertex 3.66061 54.4664 25.1
    endloop
  endfacet
  facet normal 0.832124 -0.55459 0
    outer loop
      vertex 2.22326 59.8307 25.1
      vertex 2.2 59.7958 25
      vertex 2.22326 59.8307 22
    endloop
  endfacet
  facet normal 0.831495 -0.555532 0.000474675
    outer loop
      vertex 1.96891 59.45 25.1
      vertex 2.2 59.7958 25
      vertex 2.22326 59.8307 25.1
    endloop
  endfacet
  facet normal 0.831432 -0.555626 0
    outer loop
      vertex 2.2 59.7958 25
      vertex 1.96891 59.45 25.1
      vertex 1.96891 59.45 25
    endloop
  endfacet
  facet normal 0.832124 -0.55459 0
    outer loop
      vertex 2.22326 59.8307 22
      vertex 2.2 59.7958 25
      vertex 2.2 59.7958 22
    endloop
  endfacet
  facet normal 0.0653099 -0.997865 0
    outer loop
      vertex 4.54316 61.1701 25
      vertex 5 61.2 25.1
      vertex 4.54316 61.1701 25.1
    endloop
  endfacet
  facet normal 0.0653099 -0.997865 0
    outer loop
      vertex 5 61.2 25.1
      vertex 4.54316 61.1701 25
      vertex 5 61.2 25
    endloop
  endfacet
  facet normal 0.321322 -0.94697 0
    outer loop
      vertex 3.66061 60.9336 25
      vertex 4.09413 61.0807 25.1
      vertex 3.66061 60.9336 25.1
    endloop
  endfacet
  facet normal 0.321322 -0.94697 0
    outer loop
      vertex 4.09413 61.0807 25.1
      vertex 3.66061 60.9336 25
      vertex 4.09413 61.0807 25
    endloop
  endfacet
  facet normal -0.442305 -0.896864 0
    outer loop
      vertex 6.33939 60.9336 25
      vertex 6.75 60.7311 25.1
      vertex 6.33939 60.9336 25.1
    endloop
  endfacet
  facet normal -0.442305 -0.896864 -0
    outer loop
      vertex 6.75 60.7311 25.1
      vertex 6.33939 60.9336 25
      vertex 6.75 60.7311 25
    endloop
  endfacet
  facet normal -0.0653099 0.997865 0
    outer loop
      vertex 5.45684 54.2299 25
      vertex 5 54.2 25.1
      vertex 5.45684 54.2299 25.1
    endloop
  endfacet
  facet normal -0.0653099 0.997865 0
    outer loop
      vertex 5 54.2 25.1
      vertex 5.45684 54.2299 25
      vertex 5 54.2 25
    endloop
  endfacet
  facet normal -0.555647 0.831418 0
    outer loop
      vertex 7.13066 54.9233 25
      vertex 6.75 54.6689 25.1
      vertex 7.13066 54.9233 25.1
    endloop
  endfacet
  facet normal -0.555647 0.831418 0
    outer loop
      vertex 6.75 54.6689 25.1
      vertex 7.13066 54.9233 25
      vertex 6.75 54.6689 25
    endloop
  endfacet
  facet normal 0.751824 -0.659364 0
    outer loop
      vertex 2.22326 59.8307 25.1
      vertex 2.52513 60.1749 22
      vertex 2.52513 60.1749 25.1
    endloop
  endfacet
  facet normal 0.751824 -0.659364 0
    outer loop
      vertex 2.52513 60.1749 22
      vertex 2.22326 59.8307 25.1
      vertex 2.22326 59.8307 22
    endloop
  endfacet
  facet normal 0.98079 -0.195066 0
    outer loop
      vertex 1.52994 58.1568 25.1
      vertex 1.61926 58.6059 25
      vertex 1.61926 58.6059 25.1
    endloop
  endfacet
  facet normal 0.98079 -0.195066 0
    outer loop
      vertex 1.61926 58.6059 25
      vertex 1.52994 58.1568 25.1
      vertex 1.52994 58.1568 25
    endloop
  endfacet
  facet normal -0.195263 -0.980751 0
    outer loop
      vertex 5.45684 61.1701 25
      vertex 5.90587 61.0807 25.1
      vertex 5.45684 61.1701 25.1
    endloop
  endfacet
  facet normal -0.195263 -0.980751 -0
    outer loop
      vertex 5.90587 61.0807 25.1
      vertex 5.45684 61.1701 25
      vertex 5.90587 61.0807 25
    endloop
  endfacet
  facet normal -0.831495 -0.555532 0
    outer loop
      vertex 8.03109 59.45 22
      vertex 7.77674 59.8307 25.1
      vertex 7.77674 59.8307 22
    endloop
  endfacet
  facet normal -0.831495 -0.555532 0
    outer loop
      vertex 7.77674 59.8307 25.1
      vertex 8.03109 59.45 22
      vertex 8.03109 59.45 25.1
    endloop
  endfacet
  facet normal -0.555588 -0.831458 0
    outer loop
      vertex 7.09585 60.5 25
      vertex 6.75 60.7311 25.1
      vertex 6.75 60.7311 25
    endloop
  endfacet
  facet normal -0.555647 -0.831418 -0.000299534
    outer loop
      vertex 6.75 60.7311 25.1
      vertex 7.09585 60.5 25
      vertex 7.13066 60.4767 25.1
    endloop
  endfacet
  facet normal -0.556242 -0.83102 0
    outer loop
      vertex 7.13066 60.4767 22
      vertex 7.09585 60.5 25
      vertex 7.09585 60.5 22
    endloop
  endfacet
  facet normal -0.556242 -0.83102 0
    outer loop
      vertex 7.09585 60.5 25
      vertex 7.13066 60.4767 22
      vertex 7.13066 60.4767 25.1
    endloop
  endfacet
  facet normal 0.831506 0.555515 0
    outer loop
      vertex 1.96891 55.95 25.1
      vertex 2.2 55.6041 25
      vertex 1.96891 55.95 25
    endloop
  endfacet
  facet normal 0.831495 0.555532 -8.08562e-05
    outer loop
      vertex 2.22326 55.5693 25.1
      vertex 2.2 55.6041 25
      vertex 1.96891 55.95 25.1
    endloop
  endfacet
  facet normal 0.831388 0.555692 -0
    outer loop
      vertex 2.22326 55.5693 22
      vertex 2.2 55.6041 25
      vertex 2.22326 55.5693 25.1
    endloop
  endfacet
  facet normal 0.831388 0.555692 0
    outer loop
      vertex 2.2 55.6041 25
      vertex 2.22326 55.5693 22
      vertex 2.2 55.6041 22
    endloop
  endfacet
  facet normal 0.997859 0.0654026 0
    outer loop
      vertex 1.52994 57.2432 25.1
      vertex 1.5 57.7 25
      vertex 1.5 57.7 25.1
    endloop
  endfacet
  facet normal 0.997859 0.0654026 0
    outer loop
      vertex 1.5 57.7 25
      vertex 1.52994 57.2432 25.1
      vertex 1.52994 57.2432 25
    endloop
  endfacet
  facet normal -0.321322 -0.94697 0
    outer loop
      vertex 5.90587 61.0807 25
      vertex 6.33939 60.9336 25.1
      vertex 5.90587 61.0807 25.1
    endloop
  endfacet
  facet normal -0.321322 -0.94697 -0
    outer loop
      vertex 6.33939 60.9336 25.1
      vertex 5.90587 61.0807 25
      vertex 6.33939 60.9336 25
    endloop
  endfacet
  facet normal -0.659267 0.751909 0
    outer loop
      vertex 7.47487 55.2251 25
      vertex 7.13066 54.9233 25.1
      vertex 7.47487 55.2251 25.1
    endloop
  endfacet
  facet normal -0.659267 0.751909 0
    outer loop
      vertex 7.13066 54.9233 25.1
      vertex 7.47487 55.2251 25
      vertex 7.13066 54.9233 25
    endloop
  endfacet
  facet normal -0.896869 -0.442297 0
    outer loop
      vertex 8.23358 59.0394 22
      vertex 8.03109 59.45 25.1
      vertex 8.03109 59.45 22
    endloop
  endfacet
  facet normal -0.896869 -0.442297 0
    outer loop
      vertex 8.03109 59.45 25.1
      vertex 8.23358 59.0394 22
      vertex 8.23358 59.0394 25.1
    endloop
  endfacet
  facet normal -0.946926 0.321452 0
    outer loop
      vertex 8.23358 56.3606 25
      vertex 8.38074 56.7941 25.1
      vertex 8.38074 56.7941 25
    endloop
  endfacet
  facet normal -0.946926 0.321452 0
    outer loop
      vertex 8.38074 56.7941 25.1
      vertex 8.23358 56.3606 25
      vertex 8.23358 56.3606 25.1
    endloop
  endfacet
  facet normal -0.98079 0.195066 0
    outer loop
      vertex 8.38074 56.7941 25
      vertex 8.47006 57.2432 25.1
      vertex 8.47006 57.2432 25
    endloop
  endfacet
  facet normal -0.98079 0.195066 0
    outer loop
      vertex 8.47006 57.2432 25.1
      vertex 8.38074 56.7941 25
      vertex 8.38074 56.7941 25.1
    endloop
  endfacet
  facet normal 0.659278 0.7519 -0
    outer loop
      vertex 2.86933 54.9233 22
      vertex 2.52513 55.2251 25.1
      vertex 2.86933 54.9233 25.1
    endloop
  endfacet
  facet normal 0.659278 0.7519 0
    outer loop
      vertex 2.52513 55.2251 25.1
      vertex 2.86933 54.9233 22
      vertex 2.52513 55.2251 22
    endloop
  endfacet
  facet normal -0.751824 0.659364 0
    outer loop
      vertex 7.47487 55.2251 25
      vertex 7.77674 55.5693 25.1
      vertex 7.77674 55.5693 25
    endloop
  endfacet
  facet normal -0.751824 0.659364 0
    outer loop
      vertex 7.77674 55.5693 25.1
      vertex 7.47487 55.2251 25
      vertex 7.47487 55.2251 25.1
    endloop
  endfacet
  facet normal 0.896869 0.442297 0
    outer loop
      vertex 1.96891 55.95 25.1
      vertex 1.76642 56.3606 25
      vertex 1.76642 56.3606 25.1
    endloop
  endfacet
  facet normal 0.896869 0.442297 0
    outer loop
      vertex 1.76642 56.3606 25
      vertex 1.96891 55.95 25.1
      vertex 1.96891 55.95 25
    endloop
  endfacet
  facet normal 0 0 -1
    outer loop
      vertex 6.2 57.7 25.1
      vertex 8.5 57.7 25.1
      vertex 8.47006 57.2432 25.1
    endloop
  endfacet
  facet normal 0 0 -1
    outer loop
      vertex 6.18973 57.5434 25.1
      vertex 8.47006 57.2432 25.1
      vertex 8.38074 56.7941 25.1
    endloop
  endfacet
  facet normal 0 0 -1
    outer loop
      vertex 8.5 57.7 25.1
      vertex 6.2 57.7 25.1
      vertex 8.47006 58.1568 25.1
    endloop
  endfacet
  facet normal 0 0 -1
    outer loop
      vertex 6.15911 57.3894 25.1
      vertex 8.38074 56.7941 25.1
      vertex 8.23358 56.3606 25.1
    endloop
  endfacet
  facet normal 0 0 -1
    outer loop
      vertex 6.18973 57.8566 25.1
      vertex 8.47006 58.1568 25.1
      vertex 6.2 57.7 25.1
    endloop
  endfacet
  facet normal 0 0 -1
    outer loop
      vertex 6.10865 57.2408 25.1
      vertex 8.23358 56.3606 25.1
      vertex 8.03109 55.95 25.1
    endloop
  endfacet
  facet normal -0 0 -1
    outer loop
      vertex 8.47006 58.1568 25.1
      vertex 6.18973 57.8566 25.1
      vertex 8.38074 58.6059 25.1
    endloop
  endfacet
  facet normal 0 0 -1
    outer loop
      vertex 6.03923 57.1 25.1
      vertex 8.03109 55.95 25.1
      vertex 7.77674 55.5693 25.1
    endloop
  endfacet
  facet normal 0 0 -1
    outer loop
      vertex 6.15911 58.0106 25.1
      vertex 8.38074 58.6059 25.1
      vertex 6.18973 57.8566 25.1
    endloop
  endfacet
  facet normal 0 0 -1
    outer loop
      vertex 5.95202 56.9695 25.1
      vertex 7.77674 55.5693 25.1
      vertex 7.47487 55.2251 25.1
    endloop
  endfacet
  facet normal -0 0 -1
    outer loop
      vertex 8.38074 58.6059 25.1
      vertex 6.15911 58.0106 25.1
      vertex 8.23358 59.0394 25.1
    endloop
  endfacet
  facet normal 0 0 -1
    outer loop
      vertex 5.84853 56.8515 25.1
      vertex 7.47487 55.2251 25.1
      vertex 7.13066 54.9233 25.1
    endloop
  endfacet
  facet normal 0 0 -1
    outer loop
      vertex 6.10865 58.1592 25.1
      vertex 8.23358 59.0394 25.1
      vertex 6.15911 58.0106 25.1
    endloop
  endfacet
  facet normal 0 0 -1
    outer loop
      vertex 5.73051 56.748 25.1
      vertex 7.13066 54.9233 25.1
      vertex 6.75 54.6689 25.1
    endloop
  endfacet
  facet normal -0 0 -1
    outer loop
      vertex 8.23358 59.0394 25.1
      vertex 6.10865 58.1592 25.1
      vertex 8.03109 59.45 25.1
    endloop
  endfacet
  facet normal 0 0 -1
    outer loop
      vertex 5.6 56.6608 25.1
      vertex 6.75 54.6689 25.1
      vertex 6.33939 54.4664 25.1
    endloop
  endfacet
  facet normal 0 0 -1
    outer loop
      vertex 6.03923 58.3 25.1
      vertex 8.03109 59.45 25.1
      vertex 6.10865 58.1592 25.1
    endloop
  endfacet
  facet normal -0 0 -1
    outer loop
      vertex 8.03109 59.45 25.1
      vertex 6.03923 58.3 25.1
      vertex 7.77674 59.8307 25.1
    endloop
  endfacet
  facet normal 0 0 -1
    outer loop
      vertex 8.47006 57.2432 25.1
      vertex 6.18973 57.5434 25.1
      vertex 6.2 57.7 25.1
    endloop
  endfacet
  facet normal 0 0 -1
    outer loop
      vertex 8.38074 56.7941 25.1
      vertex 6.15911 57.3894 25.1
      vertex 6.18973 57.5434 25.1
    endloop
  endfacet
  facet normal 0 0 -1
    outer loop
      vertex 8.23358 56.3606 25.1
      vertex 6.10865 57.2408 25.1
      vertex 6.15911 57.3894 25.1
    endloop
  endfacet
  facet normal 0 0 -1
    outer loop
      vertex 8.03109 55.95 25.1
      vertex 6.03923 57.1 25.1
      vertex 6.10865 57.2408 25.1
    endloop
  endfacet
  facet normal 0 0 -1
    outer loop
      vertex 7.77674 55.5693 25.1
      vertex 5.95202 56.9695 25.1
      vertex 6.03923 57.1 25.1
    endloop
  endfacet
  facet normal 0 0 -1
    outer loop
      vertex 5.45922 56.5913 25.1
      vertex 6.33939 54.4664 25.1
      vertex 5.90587 54.3193 25.1
    endloop
  endfacet
  facet normal 0 0 -1
    outer loop
      vertex 7.47487 55.2251 25.1
      vertex 5.84853 56.8515 25.1
      vertex 5.95202 56.9695 25.1
    endloop
  endfacet
  facet normal 0 0 -1
    outer loop
      vertex 7.13066 54.9233 25.1
      vertex 5.73051 56.748 25.1
      vertex 5.84853 56.8515 25.1
    endloop
  endfacet
  facet normal 0 0 -1
    outer loop
      vertex 6.75 54.6689 25.1
      vertex 5.6 56.6608 25.1
      vertex 5.73051 56.748 25.1
    endloop
  endfacet
  facet normal 0 0 -1
    outer loop
      vertex 6.33939 54.4664 25.1
      vertex 5.45922 56.5913 25.1
      vertex 5.6 56.6608 25.1
    endloop
  endfacet
  facet normal 0 0 -1
    outer loop
      vertex 5.31058 56.5409 25.1
      vertex 5.90587 54.3193 25.1
      vertex 5.45684 54.2299 25.1
    endloop
  endfacet
  facet normal 0 0 -1
    outer loop
      vertex 5.90587 54.3193 25.1
      vertex 5.31058 56.5409 25.1
      vertex 5.45922 56.5913 25.1
    endloop
  endfacet
  facet normal 0 0 -1
    outer loop
      vertex 5.45684 54.2299 25.1
      vertex 5.15663 56.5103 25.1
      vertex 5.31058 56.5409 25.1
    endloop
  endfacet
  facet normal 0 0 -1
    outer loop
      vertex 5 54.2 25.1
      vertex 5.15663 56.5103 25.1
      vertex 5.45684 54.2299 25.1
    endloop
  endfacet
  facet normal 0 0 -1
    outer loop
      vertex 5 54.2 25.1
      vertex 5 56.5 25.1
      vertex 5.15663 56.5103 25.1
    endloop
  endfacet
  facet normal 0 0 -1
    outer loop
      vertex 5 54.2 25.1
      vertex 4.84337 56.5103 25.1
      vertex 5 56.5 25.1
    endloop
  endfacet
  facet normal 0 0 -1
    outer loop
      vertex 4.54316 54.2299 25.1
      vertex 4.84337 56.5103 25.1
      vertex 5 54.2 25.1
    endloop
  endfacet
  facet normal -0 0 -1
    outer loop
      vertex 4.84337 56.5103 25.1
      vertex 4.54316 54.2299 25.1
      vertex 4.68942 56.5409 25.1
    endloop
  endfacet
  facet normal 0 0 -1
    outer loop
      vertex 4.09413 54.3193 25.1
      vertex 4.68942 56.5409 25.1
      vertex 4.54316 54.2299 25.1
    endloop
  endfacet
  facet normal -0 0 -1
    outer loop
      vertex 4.68942 56.5409 25.1
      vertex 4.09413 54.3193 25.1
      vertex 4.54078 56.5913 25.1
    endloop
  endfacet
  facet normal 0 0 -1
    outer loop
      vertex 3.66061 54.4664 25.1
      vertex 4.54078 56.5913 25.1
      vertex 4.09413 54.3193 25.1
    endloop
  endfacet
  facet normal -0 0 -1
    outer loop
      vertex 4.54078 56.5913 25.1
      vertex 3.66061 54.4664 25.1
      vertex 4.4 56.6608 25.1
    endloop
  endfacet
  facet normal 0 0 -1
    outer loop
      vertex 3.25 54.6689 25.1
      vertex 4.4 56.6608 25.1
      vertex 3.66061 54.4664 25.1
    endloop
  endfacet
  facet normal -0 0 -1
    outer loop
      vertex 4.4 56.6608 25.1
      vertex 3.25 54.6689 25.1
      vertex 4.26949 56.748 25.1
    endloop
  endfacet
  facet normal 0 0 -1
    outer loop
      vertex 2.86933 54.9233 25.1
      vertex 4.26949 56.748 25.1
      vertex 3.25 54.6689 25.1
    endloop
  endfacet
  facet normal -0 0 -1
    outer loop
      vertex 4.26949 56.748 25.1
      vertex 2.86933 54.9233 25.1
      vertex 4.15147 56.8515 25.1
    endloop
  endfacet
  facet normal 0 0 -1
    outer loop
      vertex 2.52513 55.2251 25.1
      vertex 4.15147 56.8515 25.1
      vertex 2.86933 54.9233 25.1
    endloop
  endfacet
  facet normal -0 0 -1
    outer loop
      vertex 4.15147 56.8515 25.1
      vertex 2.52513 55.2251 25.1
      vertex 4.04798 56.9695 25.1
    endloop
  endfacet
  facet normal -0 0 -1
    outer loop
      vertex 4.04798 56.9695 25.1
      vertex 2.22326 55.5693 25.1
      vertex 3.96077 57.1 25.1
    endloop
  endfacet
  facet normal 0 0 -1
    outer loop
      vertex 2.22326 55.5693 25.1
      vertex 4.04798 56.9695 25.1
      vertex 2.52513 55.2251 25.1
    endloop
  endfacet
  facet normal 0 0 -1
    outer loop
      vertex 5.95202 58.4305 25.1
      vertex 7.77674 59.8307 25.1
      vertex 6.03923 58.3 25.1
    endloop
  endfacet
  facet normal -0 0 -1
    outer loop
      vertex 7.77674 59.8307 25.1
      vertex 5.95202 58.4305 25.1
      vertex 7.47487 60.1749 25.1
    endloop
  endfacet
  facet normal 0 0 -1
    outer loop
      vertex 5.84853 58.5485 25.1
      vertex 7.47487 60.1749 25.1
      vertex 5.95202 58.4305 25.1
    endloop
  endfacet
  facet normal -0 0 -1
    outer loop
      vertex 7.47487 60.1749 25.1
      vertex 5.84853 58.5485 25.1
      vertex 7.13066 60.4767 25.1
    endloop
  endfacet
  facet normal 0 0 -1
    outer loop
      vertex 5.73051 58.652 25.1
      vertex 7.13066 60.4767 25.1
      vertex 5.84853 58.5485 25.1
    endloop
  endfacet
  facet normal -0 0 -1
    outer loop
      vertex 7.13066 60.4767 25.1
      vertex 5.73051 58.652 25.1
      vertex 6.75 60.7311 25.1
    endloop
  endfacet
  facet normal 0 0 -1
    outer loop
      vertex 5.6 58.7392 25.1
      vertex 6.75 60.7311 25.1
      vertex 5.73051 58.652 25.1
    endloop
  endfacet
  facet normal -0 0 -1
    outer loop
      vertex 6.75 60.7311 25.1
      vertex 5.6 58.7392 25.1
      vertex 6.33939 60.9336 25.1
    endloop
  endfacet
  facet normal 0 0 -1
    outer loop
      vertex 5.45922 58.8087 25.1
      vertex 6.33939 60.9336 25.1
      vertex 5.6 58.7392 25.1
    endloop
  endfacet
  facet normal -0 0 -1
    outer loop
      vertex 6.33939 60.9336 25.1
      vertex 5.45922 58.8087 25.1
      vertex 5.90587 61.0807 25.1
    endloop
  endfacet
  facet normal 0 0 -1
    outer loop
      vertex 5.31058 58.8591 25.1
      vertex 5.90587 61.0807 25.1
      vertex 5.45922 58.8087 25.1
    endloop
  endfacet
  facet normal -0 0 -1
    outer loop
      vertex 5.90587 61.0807 25.1
      vertex 5.31058 58.8591 25.1
      vertex 5.45684 61.1701 25.1
    endloop
  endfacet
  facet normal 0 0 -1
    outer loop
      vertex 5.15663 58.8897 25.1
      vertex 5.45684 61.1701 25.1
      vertex 5.31058 58.8591 25.1
    endloop
  endfacet
  facet normal 0 0 -1
    outer loop
      vertex 5 58.9 25.1
      vertex 5.45684 61.1701 25.1
      vertex 5.15663 58.8897 25.1
    endloop
  endfacet
  facet normal 0 0 -1
    outer loop
      vertex 5 58.9 25.1
      vertex 5 61.2 25.1
      vertex 5.45684 61.1701 25.1
    endloop
  endfacet
  facet normal 0 0 -1
    outer loop
      vertex 4.84337 58.8897 25.1
      vertex 5 61.2 25.1
      vertex 5 58.9 25.1
    endloop
  endfacet
  facet normal 0 0 -1
    outer loop
      vertex 4.54316 61.1701 25.1
      vertex 4.84337 58.8897 25.1
      vertex 4.68942 58.8591 25.1
    endloop
  endfacet
  facet normal 0 0 -1
    outer loop
      vertex 4.84337 58.8897 25.1
      vertex 4.54316 61.1701 25.1
      vertex 5 61.2 25.1
    endloop
  endfacet
  facet normal 0 0 -1
    outer loop
      vertex 4.09413 61.0807 25.1
      vertex 4.68942 58.8591 25.1
      vertex 4.54078 58.8087 25.1
    endloop
  endfacet
  facet normal 0 0 -1
    outer loop
      vertex 3.66061 60.9336 25.1
      vertex 4.54078 58.8087 25.1
      vertex 4.4 58.7392 25.1
    endloop
  endfacet
  facet normal 0 0 -1
    outer loop
      vertex 3.25 60.7311 25.1
      vertex 4.4 58.7392 25.1
      vertex 4.26949 58.652 25.1
    endloop
  endfacet
  facet normal 0 0 -1
    outer loop
      vertex 2.86933 60.4767 25.1
      vertex 4.26949 58.652 25.1
      vertex 4.15147 58.5485 25.1
    endloop
  endfacet
  facet normal 0 0 -1
    outer loop
      vertex 4.68942 58.8591 25.1
      vertex 4.09413 61.0807 25.1
      vertex 4.54316 61.1701 25.1
    endloop
  endfacet
  facet normal 0 0 -1
    outer loop
      vertex 2.52513 60.1749 25.1
      vertex 4.15147 58.5485 25.1
      vertex 4.04798 58.4305 25.1
    endloop
  endfacet
  facet normal 0 0 -1
    outer loop
      vertex 2.22326 59.8307 25.1
      vertex 4.04798 58.4305 25.1
      vertex 3.96077 58.3 25.1
    endloop
  endfacet
  facet normal 0 0 -1
    outer loop
      vertex 1.96891 59.45 25.1
      vertex 3.96077 58.3 25.1
      vertex 3.89134 58.1592 25.1
    endloop
  endfacet
  facet normal 0 0 -1
    outer loop
      vertex 1.76642 59.0394 25.1
      vertex 3.89134 58.1592 25.1
      vertex 3.84089 58.0106 25.1
    endloop
  endfacet
  facet normal 0 0 -1
    outer loop
      vertex 1.61926 58.6059 25.1
      vertex 3.84089 58.0106 25.1
      vertex 3.81027 57.8566 25.1
    endloop
  endfacet
  facet normal 0 0 -1
    outer loop
      vertex 4.54078 58.8087 25.1
      vertex 3.66061 60.9336 25.1
      vertex 4.09413 61.0807 25.1
    endloop
  endfacet
  facet normal 0 0 -1
    outer loop
      vertex 1.52994 58.1568 25.1
      vertex 3.81027 57.8566 25.1
      vertex 3.8 57.7 25.1
    endloop
  endfacet
  facet normal 0 0 -1
    outer loop
      vertex 1.96891 55.95 25.1
      vertex 3.96077 57.1 25.1
      vertex 2.22326 55.5693 25.1
    endloop
  endfacet
  facet normal -0 0 -1
    outer loop
      vertex 3.96077 57.1 25.1
      vertex 1.96891 55.95 25.1
      vertex 3.89134 57.2408 25.1
    endloop
  endfacet
  facet normal 0 0 -1
    outer loop
      vertex 4.4 58.7392 25.1
      vertex 3.25 60.7311 25.1
      vertex 3.66061 60.9336 25.1
    endloop
  endfacet
  facet normal 0 0 -1
    outer loop
      vertex 1.76642 56.3606 25.1
      vertex 3.89134 57.2408 25.1
      vertex 1.96891 55.95 25.1
    endloop
  endfacet
  facet normal 0 0 -1
    outer loop
      vertex 4.26949 58.652 25.1
      vertex 2.86933 60.4767 25.1
      vertex 3.25 60.7311 25.1
    endloop
  endfacet
  facet normal -0 0 -1
    outer loop
      vertex 3.89134 57.2408 25.1
      vertex 1.76642 56.3606 25.1
      vertex 3.84089 57.3894 25.1
    endloop
  endfacet
  facet normal 0 0 -1
    outer loop
      vertex 4.15147 58.5485 25.1
      vertex 2.52513 60.1749 25.1
      vertex 2.86933 60.4767 25.1
    endloop
  endfacet
  facet normal 0 0 -1
    outer loop
      vertex 1.61926 56.7941 25.1
      vertex 3.84089 57.3894 25.1
      vertex 1.76642 56.3606 25.1
    endloop
  endfacet
  facet normal 0 0 -1
    outer loop
      vertex 4.04798 58.4305 25.1
      vertex 2.22326 59.8307 25.1
      vertex 2.52513 60.1749 25.1
    endloop
  endfacet
  facet normal -0 0 -1
    outer loop
      vertex 3.84089 57.3894 25.1
      vertex 1.61926 56.7941 25.1
      vertex 3.81027 57.5434 25.1
    endloop
  endfacet
  facet normal 0 0 -1
    outer loop
      vertex 3.96077 58.3 25.1
      vertex 1.96891 59.45 25.1
      vertex 2.22326 59.8307 25.1
    endloop
  endfacet
  facet normal 0 0 -1
    outer loop
      vertex 1.52994 57.2432 25.1
      vertex 3.81027 57.5434 25.1
      vertex 1.61926 56.7941 25.1
    endloop
  endfacet
  facet normal 0 0 -1
    outer loop
      vertex 3.89134 58.1592 25.1
      vertex 1.76642 59.0394 25.1
      vertex 1.96891 59.45 25.1
    endloop
  endfacet
  facet normal -0 0 -1
    outer loop
      vertex 3.81027 57.5434 25.1
      vertex 1.52994 57.2432 25.1
      vertex 3.8 57.7 25.1
    endloop
  endfacet
  facet normal 0 0 -1
    outer loop
      vertex 3.84089 58.0106 25.1
      vertex 1.61926 58.6059 25.1
      vertex 1.76642 59.0394 25.1
    endloop
  endfacet
  facet normal 0 0 -1
    outer loop
      vertex 1.5 57.7 25.1
      vertex 3.8 57.7 25.1
      vertex 1.52994 57.2432 25.1
    endloop
  endfacet
  facet normal 0 0 -1
    outer loop
      vertex 3.81027 57.8566 25.1
      vertex 1.52994 58.1568 25.1
      vertex 1.61926 58.6059 25.1
    endloop
  endfacet
  facet normal 0 0 -1
    outer loop
      vertex 3.8 57.7 25.1
      vertex 1.5 57.7 25.1
      vertex 1.52994 58.1568 25.1
    endloop
  endfacet
  facet normal -0.751824 -0.659364 0
    outer loop
      vertex 7.77674 59.8307 22
      vertex 7.47487 60.1749 25.1
      vertex 7.47487 60.1749 22
    endloop
  endfacet
  facet normal -0.751824 -0.659364 0
    outer loop
      vertex 7.47487 60.1749 25.1
      vertex 7.77674 59.8307 22
      vertex 7.77674 59.8307 25.1
    endloop
  endfacet
  facet normal 0.555637 -0.831425 -0.000249054
    outer loop
      vertex 2.86933 60.4767 25.1
      vertex 2.90415 60.5 25
      vertex 3.25 60.7311 25.1
    endloop
  endfacet
  facet normal 0.556131 -0.831094 0
    outer loop
      vertex 2.86933 60.4767 22
      vertex 2.90415 60.5 25
      vertex 2.86933 60.4767 25.1
    endloop
  endfacet
  facet normal 0.556131 -0.831094 0
    outer loop
      vertex 2.90415 60.5 25
      vertex 2.86933 60.4767 22
      vertex 2.90415 60.5 22
    endloop
  endfacet
  facet normal 0.555588 -0.831458 0
    outer loop
      vertex 3.25 60.7311 25.1
      vertex 2.90415 60.5 25
      vertex 3.25 60.7311 25
    endloop
  endfacet
  facet normal -0.94693 -0.32144 -0
    outer loop
      vertex 8.2809 58.9 25
      vertex 8.23358 59.0394 22
      vertex 8.2809 58.9 22
    endloop
  endfacet
  facet normal -0.94693 -0.32144 0
    outer loop
      vertex 8.23358 59.0394 22
      vertex 8.2809 58.9 25
      vertex 8.23358 59.0394 25.1
    endloop
  endfacet
  facet normal -0.946924 -0.321458 -0
    outer loop
      vertex 8.38074 58.6059 25.1
      vertex 8.2809 58.9 25
      vertex 8.38074 58.6059 25
    endloop
  endfacet
  facet normal -0.946926 -0.321452 1.93099e-05
    outer loop
      vertex 8.2809 58.9 25
      vertex 8.38074 58.6059 25.1
      vertex 8.23358 59.0394 25.1
    endloop
  endfacet
  facet normal -0.321322 0.94697 0
    outer loop
      vertex 6.33939 54.4664 25
      vertex 5.90587 54.3193 25.1
      vertex 6.33939 54.4664 25.1
    endloop
  endfacet
  facet normal -0.321322 0.94697 0
    outer loop
      vertex 5.90587 54.3193 25.1
      vertex 6.33939 54.4664 25
      vertex 5.90587 54.3193 25
    endloop
  endfacet
  facet normal -0.442305 0.896864 0
    outer loop
      vertex 6.75 54.6689 25
      vertex 6.33939 54.4664 25.1
      vertex 6.75 54.6689 25.1
    endloop
  endfacet
  facet normal -0.442305 0.896864 0
    outer loop
      vertex 6.33939 54.4664 25.1
      vertex 6.75 54.6689 25
      vertex 6.33939 54.4664 25
    endloop
  endfacet
  facet normal 0.896869 -0.442297 0
    outer loop
      vertex 1.76642 59.0394 25.1
      vertex 1.96891 59.45 25
      vertex 1.96891 59.45 25.1
    endloop
  endfacet
  facet normal 0.896869 -0.442297 0
    outer loop
      vertex 1.96891 59.45 25
      vertex 1.76642 59.0394 25.1
      vertex 1.76642 59.0394 25
    endloop
  endfacet
  facet normal 0.751824 0.659364 0
    outer loop
      vertex 2.52513 55.2251 25.1
      vertex 2.22326 55.5693 22
      vertex 2.22326 55.5693 25.1
    endloop
  endfacet
  facet normal 0.751824 0.659364 0
    outer loop
      vertex 2.22326 55.5693 22
      vertex 2.52513 55.2251 25.1
      vertex 2.52513 55.2251 22
    endloop
  endfacet
  facet normal -0.980751 -0.195263 0
    outer loop
      vertex 74.0701 5.45684 25
      vertex 73.9807 5.90587 25.1
      vertex 73.9807 5.90587 25
    endloop
  endfacet
  facet normal -0.980751 -0.195263 0
    outer loop
      vertex 73.9807 5.90587 25.1
      vertex 74.0701 5.45684 25
      vertex 74.0701 5.45684 25.1
    endloop
  endfacet
  facet normal -0.997865 -0.0653099 0
    outer loop
      vertex 74.1 5 25
      vertex 74.0701 5.45684 25.1
      vertex 74.0701 5.45684 25
    endloop
  endfacet
  facet normal -0.997865 -0.0653099 0
    outer loop
      vertex 74.0701 5.45684 25.1
      vertex 74.1 5 25
      vertex 74.1 5 25.1
    endloop
  endfacet
  facet normal -0.94697 -0.321322 0
    outer loop
      vertex 73.9807 5.90587 25
      vertex 73.8336 6.33939 25.1
      vertex 73.8336 6.33939 25
    endloop
  endfacet
  facet normal -0.94697 -0.321322 0
    outer loop
      vertex 73.8336 6.33939 25.1
      vertex 73.9807 5.90587 25
      vertex 73.9807 5.90587 25.1
    endloop
  endfacet
  facet normal -0.555532 0.831495 0.000474675
    outer loop
      vertex 72.7307 2.22326 25.1
      vertex 72.6958 2.2 25
      vertex 72.35 1.96891 25.1
    endloop
  endfacet
  facet normal -0.55459 0.832124 0
    outer loop
      vertex 72.7307 2.22326 22
      vertex 72.6958 2.2 25
      vertex 72.7307 2.22326 25.1
    endloop
  endfacet
  facet normal -0.55459 0.832124 0
    outer loop
      vertex 72.6958 2.2 25
      vertex 72.7307 2.22326 22
      vertex 72.6958 2.2 22
    endloop
  endfacet
  facet normal -0.555626 0.831432 0
    outer loop
      vertex 72.35 1.96891 25.1
      vertex 72.6958 2.2 25
      vertex 72.35 1.96891 25
    endloop
  endfacet
  facet normal -0.321452 0.946926 0
    outer loop
      vertex 71.9394 1.76642 25
      vertex 71.5059 1.61926 25.1
      vertex 71.9394 1.76642 25.1
    endloop
  endfacet
  facet normal -0.321452 0.946926 0
    outer loop
      vertex 71.5059 1.61926 25.1
      vertex 71.9394 1.76642 25
      vertex 71.5059 1.61926 25
    endloop
  endfacet
  facet normal 0.980751 -0.195263 0
    outer loop
      vertex 67.1299 5.45684 25.1
      vertex 67.2193 5.90587 25
      vertex 67.2193 5.90587 25.1
    endloop
  endfacet
  facet normal 0.980751 -0.195263 0
    outer loop
      vertex 67.2193 5.90587 25
      vertex 67.1299 5.45684 25.1
      vertex 67.1299 5.45684 25
    endloop
  endfacet
  facet normal -0.94697 0.321322 0
    outer loop
      vertex 73.8336 3.66061 25
      vertex 73.9807 4.09413 25.1
      vertex 73.9807 4.09413 25
    endloop
  endfacet
  facet normal -0.94697 0.321322 0
    outer loop
      vertex 73.9807 4.09413 25.1
      vertex 73.8336 3.66061 25
      vertex 73.8336 3.66061 25.1
    endloop
  endfacet
  facet normal -0.751909 -0.659267 0
    outer loop
      vertex 73.3767 7.13066 22
      vertex 73.0749 7.47487 25.1
      vertex 73.0749 7.47487 22
    endloop
  endfacet
  facet normal -0.751909 -0.659267 0
    outer loop
      vertex 73.0749 7.47487 25.1
      vertex 73.3767 7.13066 22
      vertex 73.3767 7.13066 25.1
    endloop
  endfacet
  facet normal -0.195066 -0.98079 0
    outer loop
      vertex 71.0568 8.47006 25
      vertex 71.5059 8.38074 25.1
      vertex 71.0568 8.47006 25.1
    endloop
  endfacet
  facet normal -0.195066 -0.98079 -0
    outer loop
      vertex 71.5059 8.38074 25.1
      vertex 71.0568 8.47006 25
      vertex 71.5059 8.38074 25
    endloop
  endfacet
  facet normal 0.195066 0.98079 -0
    outer loop
      vertex 70.1432 1.52994 25
      vertex 69.6941 1.61926 25.1
      vertex 70.1432 1.52994 25.1
    endloop
  endfacet
  facet normal 0.195066 0.98079 0
    outer loop
      vertex 69.6941 1.61926 25.1
      vertex 70.1432 1.52994 25
      vertex 69.6941 1.61926 25
    endloop
  endfacet
  facet normal -0.997865 0.0653099 0
    outer loop
      vertex 74.0701 4.54316 25
      vertex 74.1 5 25.1
      vertex 74.1 5 25
    endloop
  endfacet
  facet normal -0.997865 0.0653099 0
    outer loop
      vertex 74.1 5 25.1
      vertex 74.0701 4.54316 25
      vertex 74.0701 4.54316 25.1
    endloop
  endfacet
  facet normal 0.94697 -0.321322 0
    outer loop
      vertex 67.2193 5.90587 25.1
      vertex 67.3664 6.33939 25
      vertex 67.3664 6.33939 25.1
    endloop
  endfacet
  facet normal 0.94697 -0.321322 0
    outer loop
      vertex 67.3664 6.33939 25
      vertex 67.2193 5.90587 25.1
      vertex 67.2193 5.90587 25
    endloop
  endfacet
  facet normal 0.946973 0.321313 0
    outer loop
      vertex 67.2193 4.09413 25.1
      vertex 67.3191 3.8 25
      vertex 67.2193 4.09413 25
    endloop
  endfacet
  facet normal 0.94697 0.321322 -2.68023e-05
    outer loop
      vertex 67.3664 3.66061 25.1
      vertex 67.3191 3.8 25
      vertex 67.2193 4.09413 25.1
    endloop
  endfacet
  facet normal 0.946964 0.321339 -0
    outer loop
      vertex 67.3664 3.66061 22
      vertex 67.3191 3.8 25
      vertex 67.3664 3.66061 25.1
    endloop
  endfacet
  facet normal 0.946964 0.321339 0
    outer loop
      vertex 67.3191 3.8 25
      vertex 67.3664 3.66061 22
      vertex 67.3191 3.8 22
    endloop
  endfacet
  facet normal 0.442297 0.896869 -0
    outer loop
      vertex 69.2606 1.76642 25
      vertex 68.85 1.96891 25.1
      vertex 69.2606 1.76642 25.1
    endloop
  endfacet
  facet normal 0.442297 0.896869 0
    outer loop
      vertex 68.85 1.96891 25.1
      vertex 69.2606 1.76642 25
      vertex 68.85 1.96891 25
    endloop
  endfacet
  facet normal 0.831425 0.555637 0
    outer loop
      vertex 67.8233 2.86933 25.1
      vertex 67.5689 3.25 22
      vertex 67.5689 3.25 25.1
    endloop
  endfacet
  facet normal 0.831425 0.555637 0
    outer loop
      vertex 67.5689 3.25 22
      vertex 67.8233 2.86933 25.1
      vertex 67.8233 2.86933 22
    endloop
  endfacet
  facet normal -0.659364 0.751824 0
    outer loop
      vertex 73.0749 2.52513 22
      vertex 72.7307 2.22326 25.1
      vertex 73.0749 2.52513 25.1
    endloop
  endfacet
  facet normal -0.659364 0.751824 0
    outer loop
      vertex 72.7307 2.22326 25.1
      vertex 73.0749 2.52513 22
      vertex 72.7307 2.22326 22
    endloop
  endfacet
  facet normal 0.442297 -0.896869 0
    outer loop
      vertex 68.85 8.03109 25
      vertex 69.2606 8.23358 25.1
      vertex 68.85 8.03109 25.1
    endloop
  endfacet
  facet normal 0.442297 -0.896869 0
    outer loop
      vertex 69.2606 8.23358 25.1
      vertex 68.85 8.03109 25
      vertex 69.2606 8.23358 25
    endloop
  endfacet
  facet normal 0.997865 -0.0653099 0
    outer loop
      vertex 67.1 5 25.1
      vertex 67.1299 5.45684 25
      vertex 67.1299 5.45684 25.1
    endloop
  endfacet
  facet normal 0.997865 -0.0653099 0
    outer loop
      vertex 67.1299 5.45684 25
      vertex 67.1 5 25.1
      vertex 67.1 5 25
    endloop
  endfacet
  facet normal 0.195066 -0.98079 0
    outer loop
      vertex 69.6941 8.38074 25
      vertex 70.1432 8.47006 25.1
      vertex 69.6941 8.38074 25.1
    endloop
  endfacet
  facet normal 0.195066 -0.98079 0
    outer loop
      vertex 70.1432 8.47006 25.1
      vertex 69.6941 8.38074 25
      vertex 70.1432 8.47006 25
    endloop
  endfacet
  facet normal -0.83102 -0.556242 -0
    outer loop
      vertex 73.4 7.09585 25
      vertex 73.3767 7.13066 22
      vertex 73.4 7.09585 22
    endloop
  endfacet
  facet normal -0.83102 -0.556242 0
    outer loop
      vertex 73.3767 7.13066 22
      vertex 73.4 7.09585 25
      vertex 73.3767 7.13066 25.1
    endloop
  endfacet
  facet normal -0.831458 -0.555588 -0
    outer loop
      vertex 73.6311 6.75 25.1
      vertex 73.4 7.09585 25
      vertex 73.6311 6.75 25
    endloop
  endfacet
  facet normal -0.831418 -0.555647 -0.000299534
    outer loop
      vertex 73.4 7.09585 25
      vertex 73.6311 6.75 25.1
      vertex 73.3767 7.13066 25.1
    endloop
  endfacet
  facet normal -0.896864 -0.442305 0
    outer loop
      vertex 73.8336 6.33939 25
      vertex 73.6311 6.75 25.1
      vertex 73.6311 6.75 25
    endloop
  endfacet
  facet normal -0.896864 -0.442305 0
    outer loop
      vertex 73.6311 6.75 25.1
      vertex 73.8336 6.33939 25
      vertex 73.8336 6.33939 25.1
    endloop
  endfacet
  facet normal -0.195066 0.98079 0
    outer loop
      vertex 71.5059 1.61926 25
      vertex 71.0568 1.52994 25.1
      vertex 71.5059 1.61926 25.1
    endloop
  endfacet
  facet normal -0.195066 0.98079 0
    outer loop
      vertex 71.0568 1.52994 25.1
      vertex 71.5059 1.61926 25
      vertex 71.0568 1.52994 25
    endloop
  endfacet
  facet normal -0.896864 0.442305 0
    outer loop
      vertex 73.6311 3.25 25
      vertex 73.8336 3.66061 25.1
      vertex 73.8336 3.66061 25
    endloop
  endfacet
  facet normal -0.896864 0.442305 0
    outer loop
      vertex 73.8336 3.66061 25.1
      vertex 73.6311 3.25 25
      vertex 73.6311 3.25 25.1
    endloop
  endfacet
  facet normal 0.555532 -0.831495 0
    outer loop
      vertex 68.4693 7.77674 25
      vertex 68.85 8.03109 25.1
      vertex 68.4693 7.77674 25.1
    endloop
  endfacet
  facet normal 0.555532 -0.831495 0
    outer loop
      vertex 68.85 8.03109 25.1
      vertex 68.4693 7.77674 25
      vertex 68.85 8.03109 25
    endloop
  endfacet
  facet normal -0.321506 -0.946908 0
    outer loop
      vertex 71.5059 8.38074 25
      vertex 71.6 8.34879 25.1
      vertex 71.5059 8.38074 25.1
    endloop
  endfacet
  facet normal -0.321506 -0.946908 -0
    outer loop
      vertex 71.6 8.34879 25.1
      vertex 71.5059 8.38074 25
      vertex 71.6 8.34879 25
    endloop
  endfacet
  facet normal -0.7519 0.659278 0
    outer loop
      vertex 73.0749 2.52513 22
      vertex 73.3767 2.86933 25.1
      vertex 73.3767 2.86933 22
    endloop
  endfacet
  facet normal -0.7519 0.659278 0
    outer loop
      vertex 73.3767 2.86933 25.1
      vertex 73.0749 2.52513 22
      vertex 73.0749 2.52513 25.1
    endloop
  endfacet
  facet normal 0.321452 -0.946926 0
    outer loop
      vertex 69.2606 8.23358 25
      vertex 69.6941 8.38074 25.1
      vertex 69.2606 8.23358 25.1
    endloop
  endfacet
  facet normal 0.321452 -0.946926 0
    outer loop
      vertex 69.6941 8.38074 25.1
      vertex 69.2606 8.23358 25
      vertex 69.6941 8.38074 25
    endloop
  endfacet
  facet normal -0.658764 -0.752349 0
    outer loop
      vertex 73.0462 7.5 22
      vertex 73.0749 7.47487 25.1
      vertex 73.0462 7.5 25.1
    endloop
  endfacet
  facet normal -0.658764 -0.752349 -0
    outer loop
      vertex 73.0749 7.47487 25.1
      vertex 73.0462 7.5 22
      vertex 73.0749 7.47487 22
    endloop
  endfacet
  facet normal -0.980751 0.195263 0
    outer loop
      vertex 73.9807 4.09413 25
      vertex 74.0701 4.54316 25.1
      vertex 74.0701 4.54316 25
    endloop
  endfacet
  facet normal -0.980751 0.195263 0
    outer loop
      vertex 74.0701 4.54316 25.1
      vertex 73.9807 4.09413 25
      vertex 73.9807 4.09413 25.1
    endloop
  endfacet
  facet normal -0.831094 0.556131 0
    outer loop
      vertex 73.4 2.90415 22
      vertex 73.3767 2.86933 22
      vertex 73.4 2.90415 25
    endloop
  endfacet
  facet normal -0.831458 0.555588 0
    outer loop
      vertex 73.4 2.90415 25
      vertex 73.6311 3.25 25.1
      vertex 73.6311 3.25 25
    endloop
  endfacet
  facet normal -0.831425 0.555637 -0.000249054
    outer loop
      vertex 73.4 2.90415 25
      vertex 73.3767 2.86933 25.1
      vertex 73.6311 3.25 25.1
    endloop
  endfacet
  facet normal -0.831094 0.556131 0
    outer loop
      vertex 73.3767 2.86933 25.1
      vertex 73.4 2.90415 25
      vertex 73.3767 2.86933 22
    endloop
  endfacet
  facet normal 0.7519 0.659278 0
    outer loop
      vertex 68.1251 2.52513 25.1
      vertex 67.8233 2.86933 22
      vertex 67.8233 2.86933 25.1
    endloop
  endfacet
  facet normal 0.7519 0.659278 0
    outer loop
      vertex 67.8233 2.86933 22
      vertex 68.1251 2.52513 25.1
      vertex 68.1251 2.52513 22
    endloop
  endfacet
  facet normal -0.442297 0.896869 0
    outer loop
      vertex 72.35 1.96891 25
      vertex 71.9394 1.76642 25.1
      vertex 72.35 1.96891 25.1
    endloop
  endfacet
  facet normal -0.442297 0.896869 0
    outer loop
      vertex 71.9394 1.76642 25.1
      vertex 72.35 1.96891 25
      vertex 71.9394 1.76642 25
    endloop
  endfacet
  facet normal 0.896864 -0.442305 0
    outer loop
      vertex 67.3664 6.33939 25.1
      vertex 67.5689 6.75 25
      vertex 67.5689 6.75 25.1
    endloop
  endfacet
  facet normal 0.896864 -0.442305 0
    outer loop
      vertex 67.5689 6.75 25
      vertex 67.3664 6.33939 25.1
      vertex 67.3664 6.33939 25
    endloop
  endfacet
  facet normal 0.0654026 -0.997859 0
    outer loop
      vertex 70.1432 8.47006 25
      vertex 70.6 8.5 25.1
      vertex 70.1432 8.47006 25.1
    endloop
  endfacet
  facet normal 0.0654026 -0.997859 0
    outer loop
      vertex 70.6 8.5 25.1
      vertex 70.1432 8.47006 25
      vertex 70.6 8.5 25
    endloop
  endfacet
  facet normal 0.659364 -0.751824 0
    outer loop
      vertex 68.1251 7.47487 25
      vertex 68.4693 7.77674 25.1
      vertex 68.1251 7.47487 25.1
    endloop
  endfacet
  facet normal 0.659364 -0.751824 0
    outer loop
      vertex 68.4693 7.77674 25.1
      vertex 68.1251 7.47487 25
      vertex 68.4693 7.77674 25
    endloop
  endfacet
  facet normal 0.555626 0.831432 0
    outer loop
      vertex 68.5042 2.2 25
      vertex 68.85 1.96891 25.1
      vertex 68.85 1.96891 25
    endloop
  endfacet
  facet normal 0.555532 0.831495 0.000474675
    outer loop
      vertex 68.85 1.96891 25.1
      vertex 68.5042 2.2 25
      vertex 68.4693 2.22326 25.1
    endloop
  endfacet
  facet normal 0.55459 0.832124 0
    outer loop
      vertex 68.4693 2.22326 22
      vertex 68.5042 2.2 25
      vertex 68.5042 2.2 22
    endloop
  endfacet
  facet normal 0.55459 0.832124 0
    outer loop
      vertex 68.5042 2.2 25
      vertex 68.4693 2.22326 22
      vertex 68.4693 2.22326 25.1
    endloop
  endfacet
  facet normal 0.980751 0.195263 0
    outer loop
      vertex 67.2193 4.09413 25.1
      vertex 67.1299 4.54316 25
      vertex 67.1299 4.54316 25.1
    endloop
  endfacet
  facet normal 0.980751 0.195263 0
    outer loop
      vertex 67.1299 4.54316 25
      vertex 67.2193 4.09413 25.1
      vertex 67.2193 4.09413 25
    endloop
  endfacet
  facet normal 0.831418 -0.555647 0
    outer loop
      vertex 67.5689 6.75 25.1
      vertex 67.8233 7.13066 25
      vertex 67.8233 7.13066 25.1
    endloop
  endfacet
  facet normal 0.831418 -0.555647 0
    outer loop
      vertex 67.8233 7.13066 25
      vertex 67.5689 6.75 25.1
      vertex 67.5689 6.75 25
    endloop
  endfacet
  facet normal 0.896864 0.442305 0
    outer loop
      vertex 67.5689 3.25 25.1
      vertex 67.3664 3.66061 22
      vertex 67.3664 3.66061 25.1
    endloop
  endfacet
  facet normal 0.896864 0.442305 0
    outer loop
      vertex 67.3664 3.66061 22
      vertex 67.5689 3.25 25.1
      vertex 67.5689 3.25 22
    endloop
  endfacet
  facet normal -0.0654026 -0.997859 0
    outer loop
      vertex 70.6 8.5 25
      vertex 71.0568 8.47006 25.1
      vertex 70.6 8.5 25.1
    endloop
  endfacet
  facet normal -0.0654026 -0.997859 -0
    outer loop
      vertex 71.0568 8.47006 25.1
      vertex 70.6 8.5 25
      vertex 71.0568 8.47006 25
    endloop
  endfacet
  facet normal -0.0654026 0.997859 0
    outer loop
      vertex 71.0568 1.52994 25
      vertex 70.6 1.5 25.1
      vertex 71.0568 1.52994 25.1
    endloop
  endfacet
  facet normal -0.0654026 0.997859 0
    outer loop
      vertex 70.6 1.5 25.1
      vertex 71.0568 1.52994 25
      vertex 70.6 1.5 25
    endloop
  endfacet
  facet normal 0.997865 0.0653099 0
    outer loop
      vertex 67.1299 4.54316 25.1
      vertex 67.1 5 25
      vertex 67.1 5 25.1
    endloop
  endfacet
  facet normal 0.997865 0.0653099 0
    outer loop
      vertex 67.1 5 25
      vertex 67.1299 4.54316 25.1
      vertex 67.1299 4.54316 25
    endloop
  endfacet
  facet normal 0.0654026 0.997859 -0
    outer loop
      vertex 70.6 1.5 25
      vertex 70.1432 1.52994 25.1
      vertex 70.6 1.5 25.1
    endloop
  endfacet
  facet normal 0.0654026 0.997859 0
    outer loop
      vertex 70.1432 1.52994 25.1
      vertex 70.6 1.5 25
      vertex 70.1432 1.52994 25
    endloop
  endfacet
  facet normal 0.321452 0.946926 -0
    outer loop
      vertex 69.6941 1.61926 25
      vertex 69.2606 1.76642 25.1
      vertex 69.6941 1.61926 25.1
    endloop
  endfacet
  facet normal 0.321452 0.946926 0
    outer loop
      vertex 69.2606 1.76642 25.1
      vertex 69.6941 1.61926 25
      vertex 69.2606 1.76642 25
    endloop
  endfacet
  facet normal 0.659364 0.751824 -0
    outer loop
      vertex 68.4693 2.22326 22
      vertex 68.1251 2.52513 25.1
      vertex 68.4693 2.22326 25.1
    endloop
  endfacet
  facet normal 0.659364 0.751824 0
    outer loop
      vertex 68.1251 2.52513 25.1
      vertex 68.4693 2.22326 22
      vertex 68.1251 2.52513 22
    endloop
  endfacet
  facet normal 0 0 -1
    outer loop
      vertex 71.8 5 25.1
      vertex 74.1 5 25.1
      vertex 74.0701 4.54316 25.1
    endloop
  endfacet
  facet normal 0 0 -1
    outer loop
      vertex 71.7897 4.84337 25.1
      vertex 74.0701 4.54316 25.1
      vertex 73.9807 4.09413 25.1
    endloop
  endfacet
  facet normal 0 0 -1
    outer loop
      vertex 74.1 5 25.1
      vertex 71.8 5 25.1
      vertex 74.0701 5.45684 25.1
    endloop
  endfacet
  facet normal 0 0 -1
    outer loop
      vertex 71.7591 4.68942 25.1
      vertex 73.9807 4.09413 25.1
      vertex 73.8336 3.66061 25.1
    endloop
  endfacet
  facet normal 0 0 -1
    outer loop
      vertex 71.7897 5.15663 25.1
      vertex 74.0701 5.45684 25.1
      vertex 71.8 5 25.1
    endloop
  endfacet
  facet normal 0 0 -1
    outer loop
      vertex 71.7087 4.54078 25.1
      vertex 73.8336 3.66061 25.1
      vertex 73.6311 3.25 25.1
    endloop
  endfacet
  facet normal -0 0 -1
    outer loop
      vertex 74.0701 5.45684 25.1
      vertex 71.7897 5.15663 25.1
      vertex 73.9807 5.90587 25.1
    endloop
  endfacet
  facet normal 0 0 -1
    outer loop
      vertex 71.6392 4.4 25.1
      vertex 73.6311 3.25 25.1
      vertex 73.3767 2.86933 25.1
    endloop
  endfacet
  facet normal 0 0 -1
    outer loop
      vertex 71.7591 5.31058 25.1
      vertex 73.9807 5.90587 25.1
      vertex 71.7897 5.15663 25.1
    endloop
  endfacet
  facet normal 0 0 -1
    outer loop
      vertex 71.552 4.26949 25.1
      vertex 73.3767 2.86933 25.1
      vertex 73.0749 2.52513 25.1
    endloop
  endfacet
  facet normal -0 0 -1
    outer loop
      vertex 73.9807 5.90587 25.1
      vertex 71.7591 5.31058 25.1
      vertex 73.8336 6.33939 25.1
    endloop
  endfacet
  facet normal 0 0 -1
    outer loop
      vertex 71.7087 5.45922 25.1
      vertex 73.8336 6.33939 25.1
      vertex 71.7591 5.31058 25.1
    endloop
  endfacet
  facet normal 0 0 -1
    outer loop
      vertex 71.4485 4.15147 25.1
      vertex 73.0749 2.52513 25.1
      vertex 72.7307 2.22326 25.1
    endloop
  endfacet
  facet normal 0 0 -1
    outer loop
      vertex 71.6 8.34879 25.1
      vertex 75.6 7.5 25.1
      vertex 73.0462 7.5 25.1
    endloop
  endfacet
  facet normal 0 0 -1
    outer loop
      vertex 71.3305 4.04798 25.1
      vertex 72.7307 2.22326 25.1
      vertex 72.35 1.96891 25.1
    endloop
  endfacet
  facet normal 0 0 -1
    outer loop
      vertex 71.2 3.96077 25.1
      vertex 72.35 1.96891 25.1
      vertex 71.9394 1.76642 25.1
    endloop
  endfacet
  facet normal 0 0 -1
    outer loop
      vertex 74.0701 4.54316 25.1
      vertex 71.7897 4.84337 25.1
      vertex 71.8 5 25.1
    endloop
  endfacet
  facet normal 0 0 -1
    outer loop
      vertex 71.6392 5.6 25.1
      vertex 73.6311 6.75 25.1
      vertex 71.7087 5.45922 25.1
    endloop
  endfacet
  facet normal -0 0 -1
    outer loop
      vertex 73.6311 6.75 25.1
      vertex 71.6392 5.6 25.1
      vertex 73.3767 7.13066 25.1
    endloop
  endfacet
  facet normal 0 0 -1
    outer loop
      vertex 71.552 5.73051 25.1
      vertex 73.3767 7.13066 25.1
      vertex 71.6392 5.6 25.1
    endloop
  endfacet
  facet normal -0 0 -1
    outer loop
      vertex 73.3767 7.13066 25.1
      vertex 71.552 5.73051 25.1
      vertex 73.0749 7.47487 25.1
    endloop
  endfacet
  facet normal 0 0 -1
    outer loop
      vertex 71.4485 5.84853 25.1
      vertex 73.0749 7.47487 25.1
      vertex 71.552 5.73051 25.1
    endloop
  endfacet
  facet normal 0 0 -1
    outer loop
      vertex 75.6 7.5 25.1
      vertex 71.6 8.34879 25.1
      vertex 75.6 20.5 25.1
    endloop
  endfacet
  facet normal -0 0 -1
    outer loop
      vertex 75.6 20.5 25.1
      vertex 71.6 8.34879 25.1
      vertex 71.6 20.5 25.1
    endloop
  endfacet
  facet normal -0 0 -1
    outer loop
      vertex 73.0749 7.47487 25.1
      vertex 71.4485 5.84853 25.1
      vertex 73.0462 7.5 25.1
    endloop
  endfacet
  facet normal 0 0 -1
    outer loop
      vertex 71.3305 5.95202 25.1
      vertex 73.0462 7.5 25.1
      vertex 71.4485 5.84853 25.1
    endloop
  endfacet
  facet normal 0 0 -1
    outer loop
      vertex 71.2 6.03923 25.1
      vertex 73.0462 7.5 25.1
      vertex 71.3305 5.95202 25.1
    endloop
  endfacet
  facet normal -0 0 -1
    outer loop
      vertex 73.0462 7.5 25.1
      vertex 71.2 6.03923 25.1
      vertex 71.6 8.34879 25.1
    endloop
  endfacet
  facet normal 0 0 -1
    outer loop
      vertex 71.0592 6.10865 25.1
      vertex 71.6 8.34879 25.1
      vertex 71.2 6.03923 25.1
    endloop
  endfacet
  facet normal 0 0 -1
    outer loop
      vertex 70.9106 6.15911 25.1
      vertex 71.6 8.34879 25.1
      vertex 71.0592 6.10865 25.1
    endloop
  endfacet
  facet normal -0 0 -1
    outer loop
      vertex 71.6 8.34879 25.1
      vertex 70.9106 6.15911 25.1
      vertex 71.5059 8.38074 25.1
    endloop
  endfacet
  facet normal -0 0 -1
    outer loop
      vertex 71.5059 8.38074 25.1
      vertex 70.9106 6.15911 25.1
      vertex 71.0568 8.47006 25.1
    endloop
  endfacet
  facet normal 0 0 -1
    outer loop
      vertex 70.7566 6.18973 25.1
      vertex 71.0568 8.47006 25.1
      vertex 70.9106 6.15911 25.1
    endloop
  endfacet
  facet normal 0 0 -1
    outer loop
      vertex 70.6 6.2 25.1
      vertex 71.0568 8.47006 25.1
      vertex 70.7566 6.18973 25.1
    endloop
  endfacet
  facet normal 0 0 -1
    outer loop
      vertex 70.6 6.2 25.1
      vertex 70.6 8.5 25.1
      vertex 71.0568 8.47006 25.1
    endloop
  endfacet
  facet normal 0 0 -1
    outer loop
      vertex 70.4434 6.18973 25.1
      vertex 70.6 8.5 25.1
      vertex 70.6 6.2 25.1
    endloop
  endfacet
  facet normal 0 0 -1
    outer loop
      vertex 70.1432 8.47006 25.1
      vertex 70.4434 6.18973 25.1
      vertex 70.2894 6.15911 25.1
    endloop
  endfacet
  facet normal 0 0 -1
    outer loop
      vertex 70.4434 6.18973 25.1
      vertex 70.1432 8.47006 25.1
      vertex 70.6 8.5 25.1
    endloop
  endfacet
  facet normal 0 0 -1
    outer loop
      vertex 69.6941 8.38074 25.1
      vertex 70.2894 6.15911 25.1
      vertex 70.1408 6.10865 25.1
    endloop
  endfacet
  facet normal 0 0 -1
    outer loop
      vertex 69.2606 8.23358 25.1
      vertex 70.1408 6.10865 25.1
      vertex 70 6.03923 25.1
    endloop
  endfacet
  facet normal 0 0 -1
    outer loop
      vertex 68.85 8.03109 25.1
      vertex 70 6.03923 25.1
      vertex 69.8695 5.95202 25.1
    endloop
  endfacet
  facet normal 0 0 -1
    outer loop
      vertex 68.4693 7.77674 25.1
      vertex 69.8695 5.95202 25.1
      vertex 69.7515 5.84853 25.1
    endloop
  endfacet
  facet normal 0 0 -1
    outer loop
      vertex 70.2894 6.15911 25.1
      vertex 69.6941 8.38074 25.1
      vertex 70.1432 8.47006 25.1
    endloop
  endfacet
  facet normal 0 0 -1
    outer loop
      vertex 68.1251 7.47487 25.1
      vertex 69.7515 5.84853 25.1
      vertex 69.648 5.73051 25.1
    endloop
  endfacet
  facet normal 0 0 -1
    outer loop
      vertex 67.8233 7.13066 25.1
      vertex 69.648 5.73051 25.1
      vertex 69.5608 5.6 25.1
    endloop
  endfacet
  facet normal 0 0 -1
    outer loop
      vertex 67.5689 6.75 25.1
      vertex 69.5608 5.6 25.1
      vertex 69.4913 5.45922 25.1
    endloop
  endfacet
  facet normal 0 0 -1
    outer loop
      vertex 67.3664 6.33939 25.1
      vertex 69.4913 5.45922 25.1
      vertex 69.4409 5.31058 25.1
    endloop
  endfacet
  facet normal 0 0 -1
    outer loop
      vertex 67.2193 5.90587 25.1
      vertex 69.4409 5.31058 25.1
      vertex 69.4103 5.15663 25.1
    endloop
  endfacet
  facet normal 0 0 -1
    outer loop
      vertex 70.1408 6.10865 25.1
      vertex 69.2606 8.23358 25.1
      vertex 69.6941 8.38074 25.1
    endloop
  endfacet
  facet normal 0 0 -1
    outer loop
      vertex 67.1299 5.45684 25.1
      vertex 69.4103 5.15663 25.1
      vertex 69.4 5 25.1
    endloop
  endfacet
  facet normal 0 0 -1
    outer loop
      vertex 67.5689 3.25 25.1
      vertex 69.5608 4.4 25.1
      vertex 67.8233 2.86933 25.1
    endloop
  endfacet
  facet normal -0 0 -1
    outer loop
      vertex 69.5608 4.4 25.1
      vertex 67.5689 3.25 25.1
      vertex 69.4913 4.54078 25.1
    endloop
  endfacet
  facet normal 0 0 -1
    outer loop
      vertex 70 6.03923 25.1
      vertex 68.85 8.03109 25.1
      vertex 69.2606 8.23358 25.1
    endloop
  endfacet
  facet normal 0 0 -1
    outer loop
      vertex 67.3664 3.66061 25.1
      vertex 69.4913 4.54078 25.1
      vertex 67.5689 3.25 25.1
    endloop
  endfacet
  facet normal 0 0 -1
    outer loop
      vertex 69.8695 5.95202 25.1
      vertex 68.4693 7.77674 25.1
      vertex 68.85 8.03109 25.1
    endloop
  endfacet
  facet normal -0 0 -1
    outer loop
      vertex 69.4913 4.54078 25.1
      vertex 67.3664 3.66061 25.1
      vertex 69.4409 4.68942 25.1
    endloop
  endfacet
  facet normal 0 0 -1
    outer loop
      vertex 69.7515 5.84853 25.1
      vertex 68.1251 7.47487 25.1
      vertex 68.4693 7.77674 25.1
    endloop
  endfacet
  facet normal 0 0 -1
    outer loop
      vertex 67.2193 4.09413 25.1
      vertex 69.4409 4.68942 25.1
      vertex 67.3664 3.66061 25.1
    endloop
  endfacet
  facet normal 0 0 -1
    outer loop
      vertex 69.648 5.73051 25.1
      vertex 67.8233 7.13066 25.1
      vertex 68.1251 7.47487 25.1
    endloop
  endfacet
  facet normal -0 0 -1
    outer loop
      vertex 69.4409 4.68942 25.1
      vertex 67.2193 4.09413 25.1
      vertex 69.4103 4.84337 25.1
    endloop
  endfacet
  facet normal 0 0 -1
    outer loop
      vertex 69.5608 5.6 25.1
      vertex 67.5689 6.75 25.1
      vertex 67.8233 7.13066 25.1
    endloop
  endfacet
  facet normal 0 0 -1
    outer loop
      vertex 67.1299 4.54316 25.1
      vertex 69.4103 4.84337 25.1
      vertex 67.2193 4.09413 25.1
    endloop
  endfacet
  facet normal 0 0 -1
    outer loop
      vertex 69.4913 5.45922 25.1
      vertex 67.3664 6.33939 25.1
      vertex 67.5689 6.75 25.1
    endloop
  endfacet
  facet normal -0 0 -1
    outer loop
      vertex 69.4103 4.84337 25.1
      vertex 67.1299 4.54316 25.1
      vertex 69.4 5 25.1
    endloop
  endfacet
  facet normal 0 0 -1
    outer loop
      vertex 69.4409 5.31058 25.1
      vertex 67.2193 5.90587 25.1
      vertex 67.3664 6.33939 25.1
    endloop
  endfacet
  facet normal 0 0 -1
    outer loop
      vertex 67.1 5 25.1
      vertex 69.4 5 25.1
      vertex 67.1299 4.54316 25.1
    endloop
  endfacet
  facet normal 0 0 -1
    outer loop
      vertex 69.4103 5.15663 25.1
      vertex 67.1299 5.45684 25.1
      vertex 67.2193 5.90587 25.1
    endloop
  endfacet
  facet normal 0 0 -1
    outer loop
      vertex 69.4 5 25.1
      vertex 67.1 5 25.1
      vertex 67.1299 5.45684 25.1
    endloop
  endfacet
  facet normal -0 0 -1
    outer loop
      vertex 73.8336 6.33939 25.1
      vertex 71.7087 5.45922 25.1
      vertex 73.6311 6.75 25.1
    endloop
  endfacet
  facet normal 0 0 -1
    outer loop
      vertex 73.9807 4.09413 25.1
      vertex 71.7591 4.68942 25.1
      vertex 71.7897 4.84337 25.1
    endloop
  endfacet
  facet normal 0 0 -1
    outer loop
      vertex 73.8336 3.66061 25.1
      vertex 71.7087 4.54078 25.1
      vertex 71.7591 4.68942 25.1
    endloop
  endfacet
  facet normal 0 0 -1
    outer loop
      vertex 73.6311 3.25 25.1
      vertex 71.6392 4.4 25.1
      vertex 71.7087 4.54078 25.1
    endloop
  endfacet
  facet normal 0 0 -1
    outer loop
      vertex 73.3767 2.86933 25.1
      vertex 71.552 4.26949 25.1
      vertex 71.6392 4.4 25.1
    endloop
  endfacet
  facet normal 0 0 -1
    outer loop
      vertex 71.0592 3.89134 25.1
      vertex 71.9394 1.76642 25.1
      vertex 71.5059 1.61926 25.1
    endloop
  endfacet
  facet normal 0 0 -1
    outer loop
      vertex 73.0749 2.52513 25.1
      vertex 71.4485 4.15147 25.1
      vertex 71.552 4.26949 25.1
    endloop
  endfacet
  facet normal 0 0 -1
    outer loop
      vertex 72.7307 2.22326 25.1
      vertex 71.3305 4.04798 25.1
      vertex 71.4485 4.15147 25.1
    endloop
  endfacet
  facet normal 0 0 -1
    outer loop
      vertex 72.35 1.96891 25.1
      vertex 71.2 3.96077 25.1
      vertex 71.3305 4.04798 25.1
    endloop
  endfacet
  facet normal 0 0 -1
    outer loop
      vertex 71.9394 1.76642 25.1
      vertex 71.0592 3.89134 25.1
      vertex 71.2 3.96077 25.1
    endloop
  endfacet
  facet normal 0 0 -1
    outer loop
      vertex 70.9106 3.84089 25.1
      vertex 71.5059 1.61926 25.1
      vertex 71.0568 1.52994 25.1
    endloop
  endfacet
  facet normal 0 0 -1
    outer loop
      vertex 71.5059 1.61926 25.1
      vertex 70.9106 3.84089 25.1
      vertex 71.0592 3.89134 25.1
    endloop
  endfacet
  facet normal 0 0 -1
    outer loop
      vertex 71.0568 1.52994 25.1
      vertex 70.7566 3.81027 25.1
      vertex 70.9106 3.84089 25.1
    endloop
  endfacet
  facet normal 0 0 -1
    outer loop
      vertex 70.6 1.5 25.1
      vertex 70.7566 3.81027 25.1
      vertex 71.0568 1.52994 25.1
    endloop
  endfacet
  facet normal 0 0 -1
    outer loop
      vertex 70.6 1.5 25.1
      vertex 70.6 3.8 25.1
      vertex 70.7566 3.81027 25.1
    endloop
  endfacet
  facet normal 0 0 -1
    outer loop
      vertex 70.6 1.5 25.1
      vertex 70.4434 3.81027 25.1
      vertex 70.6 3.8 25.1
    endloop
  endfacet
  facet normal 0 0 -1
    outer loop
      vertex 70.1432 1.52994 25.1
      vertex 70.4434 3.81027 25.1
      vertex 70.6 1.5 25.1
    endloop
  endfacet
  facet normal -0 0 -1
    outer loop
      vertex 70.4434 3.81027 25.1
      vertex 70.1432 1.52994 25.1
      vertex 70.2894 3.84089 25.1
    endloop
  endfacet
  facet normal 0 0 -1
    outer loop
      vertex 69.6941 1.61926 25.1
      vertex 70.2894 3.84089 25.1
      vertex 70.1432 1.52994 25.1
    endloop
  endfacet
  facet normal -0 0 -1
    outer loop
      vertex 70.2894 3.84089 25.1
      vertex 69.6941 1.61926 25.1
      vertex 70.1408 3.89134 25.1
    endloop
  endfacet
  facet normal 0 0 -1
    outer loop
      vertex 69.2606 1.76642 25.1
      vertex 70.1408 3.89134 25.1
      vertex 69.6941 1.61926 25.1
    endloop
  endfacet
  facet normal -0 0 -1
    outer loop
      vertex 70.1408 3.89134 25.1
      vertex 69.2606 1.76642 25.1
      vertex 70 3.96077 25.1
    endloop
  endfacet
  facet normal 0 0 -1
    outer loop
      vertex 68.85 1.96891 25.1
      vertex 70 3.96077 25.1
      vertex 69.2606 1.76642 25.1
    endloop
  endfacet
  facet normal -0 0 -1
    outer loop
      vertex 70 3.96077 25.1
      vertex 68.85 1.96891 25.1
      vertex 69.8695 4.04798 25.1
    endloop
  endfacet
  facet normal 0 0 -1
    outer loop
      vertex 68.4693 2.22326 25.1
      vertex 69.8695 4.04798 25.1
      vertex 68.85 1.96891 25.1
    endloop
  endfacet
  facet normal -0 0 -1
    outer loop
      vertex 69.8695 4.04798 25.1
      vertex 68.4693 2.22326 25.1
      vertex 69.7515 4.15147 25.1
    endloop
  endfacet
  facet normal 0 0 -1
    outer loop
      vertex 68.1251 2.52513 25.1
      vertex 69.7515 4.15147 25.1
      vertex 68.4693 2.22326 25.1
    endloop
  endfacet
  facet normal -0 0 -1
    outer loop
      vertex 69.7515 4.15147 25.1
      vertex 68.1251 2.52513 25.1
      vertex 69.648 4.26949 25.1
    endloop
  endfacet
  facet normal -0 0 -1
    outer loop
      vertex 69.648 4.26949 25.1
      vertex 67.8233 2.86933 25.1
      vertex 69.5608 4.4 25.1
    endloop
  endfacet
  facet normal 0 0 -1
    outer loop
      vertex 67.8233 2.86933 25.1
      vertex 69.648 4.26949 25.1
      vertex 68.1251 2.52513 25.1
    endloop
  endfacet
  facet normal 0.751909 -0.659267 0
    outer loop
      vertex 67.8233 7.13066 25.1
      vertex 68.1251 7.47487 25
      vertex 68.1251 7.47487 25.1
    endloop
  endfacet
  facet normal 0.751909 -0.659267 0
    outer loop
      vertex 68.1251 7.47487 25
      vertex 67.8233 7.13066 25.1
      vertex 67.8233 7.13066 25
    endloop
  endfacet
  facet normal -0.980757 -0.195234 0
    outer loop
      vertex 74.0701 58.1568 25
      vertex 73.9807 58.6059 25.1
      vertex 73.9807 58.6059 25
    endloop
  endfacet
  facet normal -0.980757 -0.195234 0
    outer loop
      vertex 73.9807 58.6059 25.1
      vertex 74.0701 58.1568 25
      vertex 74.0701 58.1568 25.1
    endloop
  endfacet
  facet normal -0.997865 -0.0653156 0
    outer loop
      vertex 74.1 57.7 25
      vertex 74.0701 58.1568 25.1
      vertex 74.0701 58.1568 25
    endloop
  endfacet
  facet normal -0.997865 -0.0653156 0
    outer loop
      vertex 74.0701 58.1568 25.1
      vertex 74.1 57.7 25
      vertex 74.1 57.7 25.1
    endloop
  endfacet
  facet normal -0.946966 -0.321335 0
    outer loop
      vertex 73.9807 58.6059 25
      vertex 73.8336 59.0394 25.1
      vertex 73.8336 59.0394 25
    endloop
  endfacet
  facet normal -0.946966 -0.321335 0
    outer loop
      vertex 73.8336 59.0394 25.1
      vertex 73.9807 58.6059 25
      vertex 73.9807 58.6059 25.1
    endloop
  endfacet
  facet normal -0.195234 -0.980757 0
    outer loop
      vertex 71.0568 61.1701 25
      vertex 71.5059 61.0807 25.1
      vertex 71.0568 61.1701 25.1
    endloop
  endfacet
  facet normal -0.195234 -0.980757 -0
    outer loop
      vertex 71.5059 61.0807 25.1
      vertex 71.0568 61.1701 25
      vertex 71.5059 61.0807 25
    endloop
  endfacet
  facet normal -0.442314 0.89686 0
    outer loop
      vertex 72.35 54.6689 22
      vertex 71.9394 54.4664 25.1
      vertex 72.35 54.6689 25.1
    endloop
  endfacet
  facet normal -0.442314 0.89686 0
    outer loop
      vertex 71.9394 54.4664 25.1
      vertex 72.35 54.6689 22
      vertex 71.9394 54.4664 22
    endloop
  endfacet
  facet normal 0.195234 0.980757 -0
    outer loop
      vertex 70.1432 54.2299 25
      vertex 69.6941 54.3193 25.1
      vertex 70.1432 54.2299 25.1
    endloop
  endfacet
  facet normal 0.195234 0.980757 0
    outer loop
      vertex 69.6941 54.3193 25.1
      vertex 70.1432 54.2299 25
      vertex 69.6941 54.3193 25
    endloop
  endfacet
  facet normal -0.195234 0.980757 0
    outer loop
      vertex 71.5059 54.3193 25
      vertex 71.0568 54.2299 25.1
      vertex 71.5059 54.3193 25.1
    endloop
  endfacet
  facet normal -0.195234 0.980757 0
    outer loop
      vertex 71.0568 54.2299 25.1
      vertex 71.5059 54.3193 25
      vertex 71.0568 54.2299 25
    endloop
  endfacet
  facet normal -0.831683 -0.55525 -0
    outer loop
      vertex 73.4 59.7958 25
      vertex 73.3767 59.8307 22
      vertex 73.4 59.7958 22
    endloop
  endfacet
  facet normal -0.831683 -0.55525 0
    outer loop
      vertex 73.3767 59.8307 22
      vertex 73.4 59.7958 25
      vertex 73.3767 59.8307 25.1
    endloop
  endfacet
  facet normal -0.831421 -0.555643 -0
    outer loop
      vertex 73.6311 59.45 25.1
      vertex 73.4 59.7958 25
      vertex 73.6311 59.45 25
    endloop
  endfacet
  facet normal -0.831445 -0.555607 0.000180179
    outer loop
      vertex 73.4 59.7958 25
      vertex 73.6311 59.45 25.1
      vertex 73.3767 59.8307 25.1
    endloop
  endfacet
  facet normal -0.830947 0.556352 0
    outer loop
      vertex 73.4 55.6041 22
      vertex 73.3767 55.5693 22
      vertex 73.4 55.6041 25
    endloop
  endfacet
  facet normal -0.831495 0.555532 0
    outer loop
      vertex 73.4 55.6041 25
      vertex 73.6311 55.95 25.1
      vertex 73.6311 55.95 25
    endloop
  endfacet
  facet normal -0.831445 0.555607 -0.000375428
    outer loop
      vertex 73.4 55.6041 25
      vertex 73.3767 55.5693 25.1
      vertex 73.6311 55.95 25.1
    endloop
  endfacet
  facet normal -0.830947 0.556352 0
    outer loop
      vertex 73.3767 55.5693 25.1
      vertex 73.4 55.6041 25
      vertex 73.3767 55.5693 22
    endloop
  endfacet
  facet normal -0.7519 0.659278 0
    outer loop
      vertex 73.0749 55.2251 22
      vertex 73.3767 55.5693 25.1
      vertex 73.3767 55.5693 22
    endloop
  endfacet
  facet normal -0.7519 0.659278 0
    outer loop
      vertex 73.3767 55.5693 25.1
      vertex 73.0749 55.2251 22
      vertex 73.0749 55.2251 25.1
    endloop
  endfacet
  facet normal -0.946966 0.321335 0
    outer loop
      vertex 73.8336 56.3606 25
      vertex 73.9807 56.7941 25.1
      vertex 73.9807 56.7941 25
    endloop
  endfacet
  facet normal -0.946966 0.321335 0
    outer loop
      vertex 73.9807 56.7941 25.1
      vertex 73.8336 56.3606 25
      vertex 73.8336 56.3606 25.1
    endloop
  endfacet
  facet normal -0.7519 -0.659278 0
    outer loop
      vertex 73.3767 59.8307 22
      vertex 73.0749 60.1749 25.1
      vertex 73.0749 60.1749 22
    endloop
  endfacet
  facet normal -0.7519 -0.659278 0
    outer loop
      vertex 73.0749 60.1749 25.1
      vertex 73.3767 59.8307 22
      vertex 73.3767 59.8307 25.1
    endloop
  endfacet
  facet normal -0.980757 0.195234 0
    outer loop
      vertex 73.9807 56.7941 25
      vertex 74.0701 57.2432 25.1
      vertex 74.0701 57.2432 25
    endloop
  endfacet
  facet normal -0.980757 0.195234 0
    outer loop
      vertex 74.0701 57.2432 25.1
      vertex 73.9807 56.7941 25
      vertex 73.9807 56.7941 25.1
    endloop
  endfacet
  facet normal -0.442314 -0.89686 0
    outer loop
      vertex 71.9394 60.9336 25
      vertex 72.35 60.7311 25.1
      vertex 71.9394 60.9336 25.1
    endloop
  endfacet
  facet normal -0.442314 -0.89686 -0
    outer loop
      vertex 72.35 60.7311 25.1
      vertex 71.9394 60.9336 25
      vertex 72.35 60.7311 25
    endloop
  endfacet
  facet normal -0.89686 -0.442314 0
    outer loop
      vertex 73.8336 59.0394 25
      vertex 73.6311 59.45 25.1
      vertex 73.6311 59.45 25
    endloop
  endfacet
  facet normal -0.89686 -0.442314 0
    outer loop
      vertex 73.6311 59.45 25.1
      vertex 73.8336 59.0394 25
      vertex 73.8336 59.0394 25.1
    endloop
  endfacet
  facet normal 0.442314 -0.89686 0
    outer loop
      vertex 68.85 60.7311 25
      vertex 69.2606 60.9336 25.1
      vertex 68.85 60.7311 25.1
    endloop
  endfacet
  facet normal 0.442314 -0.89686 0
    outer loop
      vertex 69.2606 60.9336 25.1
      vertex 68.85 60.7311 25
      vertex 69.2606 60.9336 25
    endloop
  endfacet
  facet normal 0.980757 -0.195234 0
    outer loop
      vertex 67.1299 58.1568 25.1
      vertex 67.2193 58.6059 25
      vertex 67.2193 58.6059 25.1
    endloop
  endfacet
  facet normal 0.980757 -0.195234 0
    outer loop
      vertex 67.2193 58.6059 25
      vertex 67.1299 58.1568 25.1
      vertex 67.1299 58.1568 25
    endloop
  endfacet
  facet normal 0.195234 -0.980757 0
    outer loop
      vertex 69.6941 61.0807 25
      vertex 70.1432 61.1701 25.1
      vertex 69.6941 61.0807 25.1
    endloop
  endfacet
  facet normal 0.195234 -0.980757 0
    outer loop
      vertex 70.1432 61.1701 25.1
      vertex 69.6941 61.0807 25
      vertex 70.1432 61.1701 25
    endloop
  endfacet
  facet normal -0.555607 0.831445 0
    outer loop
      vertex 72.7307 54.9233 22
      vertex 72.35 54.6689 25.1
      vertex 72.7307 54.9233 25.1
    endloop
  endfacet
  facet normal -0.555607 0.831445 0
    outer loop
      vertex 72.35 54.6689 25.1
      vertex 72.7307 54.9233 22
      vertex 72.35 54.6689 22
    endloop
  endfacet
  facet normal -0.321335 0.946966 2.59951e-05
    outer loop
      vertex 71.9394 54.4664 25.1
      vertex 71.8 54.4191 25
      vertex 71.5059 54.3193 25.1
    endloop
  endfacet
  facet normal -0.321318 0.946971 0
    outer loop
      vertex 71.9394 54.4664 22
      vertex 71.8 54.4191 25
      vertex 71.9394 54.4664 25.1
    endloop
  endfacet
  facet normal -0.321318 0.946971 0
    outer loop
      vertex 71.8 54.4191 25
      vertex 71.9394 54.4664 22
      vertex 71.8 54.4191 22
    endloop
  endfacet
  facet normal -0.321343 0.946963 0
    outer loop
      vertex 71.5059 54.3193 25.1
      vertex 71.8 54.4191 25
      vertex 71.5059 54.3193 25
    endloop
  endfacet
  facet normal 0.946971 -0.321318 0
    outer loop
      vertex 67.3664 59.0394 25.1
      vertex 67.3191 58.9 25
      vertex 67.3664 59.0394 22
    endloop
  endfacet
  facet normal 0.946966 -0.321335 2.59951e-05
    outer loop
      vertex 67.2193 58.6059 25.1
      vertex 67.3191 58.9 25
      vertex 67.3664 59.0394 25.1
    endloop
  endfacet
  facet normal 0.946963 -0.321343 0
    outer loop
      vertex 67.3191 58.9 25
      vertex 67.2193 58.6059 25.1
      vertex 67.2193 58.6059 25
    endloop
  endfacet
  facet normal 0.946971 -0.321318 0
    outer loop
      vertex 67.3664 59.0394 22
      vertex 67.3191 58.9 25
      vertex 67.3191 58.9 22
    endloop
  endfacet
  facet normal 0.997865 -0.0653156 0
    outer loop
      vertex 67.1 57.7 25.1
      vertex 67.1299 58.1568 25
      vertex 67.1299 58.1568 25.1
    endloop
  endfacet
  facet normal 0.997865 -0.0653156 0
    outer loop
      vertex 67.1299 58.1568 25
      vertex 67.1 57.7 25.1
      vertex 67.1 57.7 25
    endloop
  endfacet
  facet normal 0.555607 -0.831445 0.000180179
    outer loop
      vertex 68.4693 60.4767 25.1
      vertex 68.5042 60.5 25
      vertex 68.85 60.7311 25.1
    endloop
  endfacet
  facet normal 0.55525 -0.831683 0
    outer loop
      vertex 68.4693 60.4767 22
      vertex 68.5042 60.5 25
      vertex 68.4693 60.4767 25.1
    endloop
  endfacet
  facet normal 0.55525 -0.831683 0
    outer loop
      vertex 68.5042 60.5 25
      vertex 68.4693 60.4767 22
      vertex 68.5042 60.5 22
    endloop
  endfacet
  facet normal 0.555643 -0.831421 0
    outer loop
      vertex 68.85 60.7311 25.1
      vertex 68.5042 60.5 25
      vertex 68.85 60.7311 25
    endloop
  endfacet
  facet normal -0.659278 -0.7519 0
    outer loop
      vertex 72.7307 60.4767 22
      vertex 73.0749 60.1749 25.1
      vertex 72.7307 60.4767 25.1
    endloop
  endfacet
  facet normal -0.659278 -0.7519 -0
    outer loop
      vertex 73.0749 60.1749 25.1
      vertex 72.7307 60.4767 22
      vertex 73.0749 60.1749 22
    endloop
  endfacet
  facet normal 0.831445 0.555607 0
    outer loop
      vertex 67.8233 55.5693 25.1
      vertex 67.5689 55.95 25
      vertex 67.5689 55.95 25.1
    endloop
  endfacet
  facet normal 0.831445 0.555607 0
    outer loop
      vertex 67.5689 55.95 25
      vertex 67.8233 55.5693 25.1
      vertex 67.8233 55.5693 25
    endloop
  endfacet
  facet normal 0.89686 0.442314 0
    outer loop
      vertex 67.5689 55.95 25.1
      vertex 67.3664 56.3606 25
      vertex 67.3664 56.3606 25.1
    endloop
  endfacet
  facet normal 0.89686 0.442314 0
    outer loop
      vertex 67.3664 56.3606 25
      vertex 67.5689 55.95 25.1
      vertex 67.5689 55.95 25
    endloop
  endfacet
  facet normal 0.321335 -0.946966 0
    outer loop
      vertex 69.2606 60.9336 25
      vertex 69.6941 61.0807 25.1
      vertex 69.2606 60.9336 25.1
    endloop
  endfacet
  facet normal 0.321335 -0.946966 0
    outer loop
      vertex 69.6941 61.0807 25.1
      vertex 69.2606 60.9336 25
      vertex 69.6941 61.0807 25
    endloop
  endfacet
  facet normal 0.321335 0.946966 -0
    outer loop
      vertex 69.6941 54.3193 25
      vertex 69.2606 54.4664 25.1
      vertex 69.6941 54.3193 25.1
    endloop
  endfacet
  facet normal 0.321335 0.946966 0
    outer loop
      vertex 69.2606 54.4664 25.1
      vertex 69.6941 54.3193 25
      vertex 69.2606 54.4664 25
    endloop
  endfacet
  facet normal 0.946966 0.321335 0
    outer loop
      vertex 67.3664 56.3606 25.1
      vertex 67.2193 56.7941 25
      vertex 67.2193 56.7941 25.1
    endloop
  endfacet
  facet normal 0.946966 0.321335 0
    outer loop
      vertex 67.2193 56.7941 25
      vertex 67.3664 56.3606 25.1
      vertex 67.3664 56.3606 25
    endloop
  endfacet
  facet normal -0.555643 -0.831421 0
    outer loop
      vertex 72.6958 60.5 25
      vertex 72.35 60.7311 25.1
      vertex 72.35 60.7311 25
    endloop
  endfacet
  facet normal -0.555607 -0.831445 0.000180179
    outer loop
      vertex 72.35 60.7311 25.1
      vertex 72.6958 60.5 25
      vertex 72.7307 60.4767 25.1
    endloop
  endfacet
  facet normal -0.55525 -0.831683 0
    outer loop
      vertex 72.7307 60.4767 22
      vertex 72.6958 60.5 25
      vertex 72.6958 60.5 22
    endloop
  endfacet
  facet normal -0.55525 -0.831683 0
    outer loop
      vertex 72.6958 60.5 25
      vertex 72.7307 60.4767 22
      vertex 72.7307 60.4767 25.1
    endloop
  endfacet
  facet normal -0.997865 0.0653156 0
    outer loop
      vertex 74.0701 57.2432 25
      vertex 74.1 57.7 25.1
      vertex 74.1 57.7 25
    endloop
  endfacet
  facet normal -0.997865 0.0653156 0
    outer loop
      vertex 74.1 57.7 25.1
      vertex 74.0701 57.2432 25
      vertex 74.0701 57.2432 25.1
    endloop
  endfacet
  facet normal 0 0 -1
    outer loop
      vertex 71.8 57.7 25.1
      vertex 74.1 57.7 25.1
      vertex 74.0701 57.2432 25.1
    endloop
  endfacet
  facet normal 0 0 -1
    outer loop
      vertex 71.7897 57.5434 25.1
      vertex 74.0701 57.2432 25.1
      vertex 73.9807 56.7941 25.1
    endloop
  endfacet
  facet normal 0 0 -1
    outer loop
      vertex 74.1 57.7 25.1
      vertex 71.8 57.7 25.1
      vertex 74.0701 58.1568 25.1
    endloop
  endfacet
  facet normal 0 0 -1
    outer loop
      vertex 71.7591 57.3894 25.1
      vertex 73.9807 56.7941 25.1
      vertex 73.8336 56.3606 25.1
    endloop
  endfacet
  facet normal 0 0 -1
    outer loop
      vertex 71.7897 57.8566 25.1
      vertex 74.0701 58.1568 25.1
      vertex 71.8 57.7 25.1
    endloop
  endfacet
  facet normal 0 0 -1
    outer loop
      vertex 71.7087 57.2408 25.1
      vertex 73.8336 56.3606 25.1
      vertex 73.6311 55.95 25.1
    endloop
  endfacet
  facet normal -0 0 -1
    outer loop
      vertex 74.0701 58.1568 25.1
      vertex 71.7897 57.8566 25.1
      vertex 73.9807 58.6059 25.1
    endloop
  endfacet
  facet normal 0 0 -1
    outer loop
      vertex 71.6392 57.1 25.1
      vertex 73.6311 55.95 25.1
      vertex 73.3767 55.5693 25.1
    endloop
  endfacet
  facet normal 0 0 -1
    outer loop
      vertex 71.7591 58.0106 25.1
      vertex 73.9807 58.6059 25.1
      vertex 71.7897 57.8566 25.1
    endloop
  endfacet
  facet normal 0 0 -1
    outer loop
      vertex 71.552 56.9695 25.1
      vertex 73.3767 55.5693 25.1
      vertex 73.0749 55.2251 25.1
    endloop
  endfacet
  facet normal -0 0 -1
    outer loop
      vertex 73.9807 58.6059 25.1
      vertex 71.7591 58.0106 25.1
      vertex 73.8336 59.0394 25.1
    endloop
  endfacet
  facet normal 0 0 -1
    outer loop
      vertex 71.4485 56.8515 25.1
      vertex 73.0749 55.2251 25.1
      vertex 72.7307 54.9233 25.1
    endloop
  endfacet
  facet normal 0 0 -1
    outer loop
      vertex 71.7087 58.1592 25.1
      vertex 73.8336 59.0394 25.1
      vertex 71.7591 58.0106 25.1
    endloop
  endfacet
  facet normal 0 0 -1
    outer loop
      vertex 71.3305 56.748 25.1
      vertex 72.7307 54.9233 25.1
      vertex 72.35 54.6689 25.1
    endloop
  endfacet
  facet normal -0 0 -1
    outer loop
      vertex 73.8336 59.0394 25.1
      vertex 71.7087 58.1592 25.1
      vertex 73.6311 59.45 25.1
    endloop
  endfacet
  facet normal 0 0 -1
    outer loop
      vertex 71.2 56.6608 25.1
      vertex 72.35 54.6689 25.1
      vertex 71.9394 54.4664 25.1
    endloop
  endfacet
  facet normal 0 0 -1
    outer loop
      vertex 71.6392 58.3 25.1
      vertex 73.6311 59.45 25.1
      vertex 71.7087 58.1592 25.1
    endloop
  endfacet
  facet normal -0 0 -1
    outer loop
      vertex 73.6311 59.45 25.1
      vertex 71.6392 58.3 25.1
      vertex 73.3767 59.8307 25.1
    endloop
  endfacet
  facet normal 0 0 -1
    outer loop
      vertex 74.0701 57.2432 25.1
      vertex 71.7897 57.5434 25.1
      vertex 71.8 57.7 25.1
    endloop
  endfacet
  facet normal 0 0 -1
    outer loop
      vertex 73.9807 56.7941 25.1
      vertex 71.7591 57.3894 25.1
      vertex 71.7897 57.5434 25.1
    endloop
  endfacet
  facet normal 0 0 -1
    outer loop
      vertex 73.8336 56.3606 25.1
      vertex 71.7087 57.2408 25.1
      vertex 71.7591 57.3894 25.1
    endloop
  endfacet
  facet normal 0 0 -1
    outer loop
      vertex 73.6311 55.95 25.1
      vertex 71.6392 57.1 25.1
      vertex 71.7087 57.2408 25.1
    endloop
  endfacet
  facet normal 0 0 -1
    outer loop
      vertex 73.3767 55.5693 25.1
      vertex 71.552 56.9695 25.1
      vertex 71.6392 57.1 25.1
    endloop
  endfacet
  facet normal 0 0 -1
    outer loop
      vertex 71.0592 56.5913 25.1
      vertex 71.9394 54.4664 25.1
      vertex 71.5059 54.3193 25.1
    endloop
  endfacet
  facet normal 0 0 -1
    outer loop
      vertex 73.0749 55.2251 25.1
      vertex 71.4485 56.8515 25.1
      vertex 71.552 56.9695 25.1
    endloop
  endfacet
  facet normal 0 0 -1
    outer loop
      vertex 72.7307 54.9233 25.1
      vertex 71.3305 56.748 25.1
      vertex 71.4485 56.8515 25.1
    endloop
  endfacet
  facet normal 0 0 -1
    outer loop
      vertex 72.35 54.6689 25.1
      vertex 71.2 56.6608 25.1
      vertex 71.3305 56.748 25.1
    endloop
  endfacet
  facet normal 0 0 -1
    outer loop
      vertex 71.9394 54.4664 25.1
      vertex 71.0592 56.5913 25.1
      vertex 71.2 56.6608 25.1
    endloop
  endfacet
  facet normal 0 0 -1
    outer loop
      vertex 70.9106 56.5409 25.1
      vertex 71.5059 54.3193 25.1
      vertex 71.0568 54.2299 25.1
    endloop
  endfacet
  facet normal 0 0 -1
    outer loop
      vertex 71.5059 54.3193 25.1
      vertex 70.9106 56.5409 25.1
      vertex 71.0592 56.5913 25.1
    endloop
  endfacet
  facet normal 0 0 -1
    outer loop
      vertex 71.0568 54.2299 25.1
      vertex 70.7566 56.5103 25.1
      vertex 70.9106 56.5409 25.1
    endloop
  endfacet
  facet normal 0 0 -1
    outer loop
      vertex 70.6 54.2 25.1
      vertex 70.7566 56.5103 25.1
      vertex 71.0568 54.2299 25.1
    endloop
  endfacet
  facet normal 0 0 -1
    outer loop
      vertex 70.6 54.2 25.1
      vertex 70.6 56.5 25.1
      vertex 70.7566 56.5103 25.1
    endloop
  endfacet
  facet normal 0 0 -1
    outer loop
      vertex 70.6 54.2 25.1
      vertex 70.4434 56.5103 25.1
      vertex 70.6 56.5 25.1
    endloop
  endfacet
  facet normal 0 0 -1
    outer loop
      vertex 70.1432 54.2299 25.1
      vertex 70.4434 56.5103 25.1
      vertex 70.6 54.2 25.1
    endloop
  endfacet
  facet normal -0 0 -1
    outer loop
      vertex 70.4434 56.5103 25.1
      vertex 70.1432 54.2299 25.1
      vertex 70.2894 56.5409 25.1
    endloop
  endfacet
  facet normal 0 0 -1
    outer loop
      vertex 69.6941 54.3193 25.1
      vertex 70.2894 56.5409 25.1
      vertex 70.1432 54.2299 25.1
    endloop
  endfacet
  facet normal -0 0 -1
    outer loop
      vertex 70.2894 56.5409 25.1
      vertex 69.6941 54.3193 25.1
      vertex 70.1408 56.5913 25.1
    endloop
  endfacet
  facet normal 0 0 -1
    outer loop
      vertex 69.2606 54.4664 25.1
      vertex 70.1408 56.5913 25.1
      vertex 69.6941 54.3193 25.1
    endloop
  endfacet
  facet normal -0 0 -1
    outer loop
      vertex 70.1408 56.5913 25.1
      vertex 69.2606 54.4664 25.1
      vertex 70 56.6608 25.1
    endloop
  endfacet
  facet normal 0 0 -1
    outer loop
      vertex 68.85 54.6689 25.1
      vertex 70 56.6608 25.1
      vertex 69.2606 54.4664 25.1
    endloop
  endfacet
  facet normal -0 0 -1
    outer loop
      vertex 70 56.6608 25.1
      vertex 68.85 54.6689 25.1
      vertex 69.8695 56.748 25.1
    endloop
  endfacet
  facet normal 0 0 -1
    outer loop
      vertex 68.4693 54.9233 25.1
      vertex 69.8695 56.748 25.1
      vertex 68.85 54.6689 25.1
    endloop
  endfacet
  facet normal -0 0 -1
    outer loop
      vertex 69.8695 56.748 25.1
      vertex 68.4693 54.9233 25.1
      vertex 69.7515 56.8515 25.1
    endloop
  endfacet
  facet normal 0 0 -1
    outer loop
      vertex 68.1251 55.2251 25.1
      vertex 69.7515 56.8515 25.1
      vertex 68.4693 54.9233 25.1
    endloop
  endfacet
  facet normal -0 0 -1
    outer loop
      vertex 69.7515 56.8515 25.1
      vertex 68.1251 55.2251 25.1
      vertex 69.648 56.9695 25.1
    endloop
  endfacet
  facet normal -0 0 -1
    outer loop
      vertex 69.648 56.9695 25.1
      vertex 67.8233 55.5693 25.1
      vertex 69.5608 57.1 25.1
    endloop
  endfacet
  facet normal 0 0 -1
    outer loop
      vertex 67.8233 55.5693 25.1
      vertex 69.648 56.9695 25.1
      vertex 68.1251 55.2251 25.1
    endloop
  endfacet
  facet normal 0 0 -1
    outer loop
      vertex 71.552 58.4305 25.1
      vertex 73.3767 59.8307 25.1
      vertex 71.6392 58.3 25.1
    endloop
  endfacet
  facet normal -0 0 -1
    outer loop
      vertex 73.3767 59.8307 25.1
      vertex 71.552 58.4305 25.1
      vertex 73.0749 60.1749 25.1
    endloop
  endfacet
  facet normal 0 0 -1
    outer loop
      vertex 71.4485 58.5485 25.1
      vertex 73.0749 60.1749 25.1
      vertex 71.552 58.4305 25.1
    endloop
  endfacet
  facet normal -0 0 -1
    outer loop
      vertex 73.0749 60.1749 25.1
      vertex 71.4485 58.5485 25.1
      vertex 72.7307 60.4767 25.1
    endloop
  endfacet
  facet normal 0 0 -1
    outer loop
      vertex 71.3305 58.652 25.1
      vertex 72.7307 60.4767 25.1
      vertex 71.4485 58.5485 25.1
    endloop
  endfacet
  facet normal -0 0 -1
    outer loop
      vertex 72.7307 60.4767 25.1
      vertex 71.3305 58.652 25.1
      vertex 72.35 60.7311 25.1
    endloop
  endfacet
  facet normal 0 0 -1
    outer loop
      vertex 71.2 58.7392 25.1
      vertex 72.35 60.7311 25.1
      vertex 71.3305 58.652 25.1
    endloop
  endfacet
  facet normal -0 0 -1
    outer loop
      vertex 72.35 60.7311 25.1
      vertex 71.2 58.7392 25.1
      vertex 71.9394 60.9336 25.1
    endloop
  endfacet
  facet normal 0 0 -1
    outer loop
      vertex 71.0592 58.8087 25.1
      vertex 71.9394 60.9336 25.1
      vertex 71.2 58.7392 25.1
    endloop
  endfacet
  facet normal -0 0 -1
    outer loop
      vertex 71.9394 60.9336 25.1
      vertex 71.0592 58.8087 25.1
      vertex 71.5059 61.0807 25.1
    endloop
  endfacet
  facet normal 0 0 -1
    outer loop
      vertex 70.9106 58.8591 25.1
      vertex 71.5059 61.0807 25.1
      vertex 71.0592 58.8087 25.1
    endloop
  endfacet
  facet normal -0 0 -1
    outer loop
      vertex 71.5059 61.0807 25.1
      vertex 70.9106 58.8591 25.1
      vertex 71.0568 61.1701 25.1
    endloop
  endfacet
  facet normal 0 0 -1
    outer loop
      vertex 70.7566 58.8897 25.1
      vertex 71.0568 61.1701 25.1
      vertex 70.9106 58.8591 25.1
    endloop
  endfacet
  facet normal 0 0 -1
    outer loop
      vertex 70.6 58.9 25.1
      vertex 71.0568 61.1701 25.1
      vertex 70.7566 58.8897 25.1
    endloop
  endfacet
  facet normal 0 0 -1
    outer loop
      vertex 70.6 58.9 25.1
      vertex 70.6 61.2 25.1
      vertex 71.0568 61.1701 25.1
    endloop
  endfacet
  facet normal 0 0 -1
    outer loop
      vertex 70.4434 58.8897 25.1
      vertex 70.6 61.2 25.1
      vertex 70.6 58.9 25.1
    endloop
  endfacet
  facet normal 0 0 -1
    outer loop
      vertex 70.1432 61.1701 25.1
      vertex 70.4434 58.8897 25.1
      vertex 70.2894 58.8591 25.1
    endloop
  endfacet
  facet normal 0 0 -1
    outer loop
      vertex 70.4434 58.8897 25.1
      vertex 70.1432 61.1701 25.1
      vertex 70.6 61.2 25.1
    endloop
  endfacet
  facet normal 0 0 -1
    outer loop
      vertex 69.6941 61.0807 25.1
      vertex 70.2894 58.8591 25.1
      vertex 70.1408 58.8087 25.1
    endloop
  endfacet
  facet normal 0 0 -1
    outer loop
      vertex 69.2606 60.9336 25.1
      vertex 70.1408 58.8087 25.1
      vertex 70 58.7392 25.1
    endloop
  endfacet
  facet normal 0 0 -1
    outer loop
      vertex 68.85 60.7311 25.1
      vertex 70 58.7392 25.1
      vertex 69.8695 58.652 25.1
    endloop
  endfacet
  facet normal 0 0 -1
    outer loop
      vertex 68.4693 60.4767 25.1
      vertex 69.8695 58.652 25.1
      vertex 69.7515 58.5485 25.1
    endloop
  endfacet
  facet normal 0 0 -1
    outer loop
      vertex 70.2894 58.8591 25.1
      vertex 69.6941 61.0807 25.1
      vertex 70.1432 61.1701 25.1
    endloop
  endfacet
  facet normal 0 0 -1
    outer loop
      vertex 68.1251 60.1749 25.1
      vertex 69.7515 58.5485 25.1
      vertex 69.648 58.4305 25.1
    endloop
  endfacet
  facet normal 0 0 -1
    outer loop
      vertex 67.8233 59.8307 25.1
      vertex 69.648 58.4305 25.1
      vertex 69.5608 58.3 25.1
    endloop
  endfacet
  facet normal 0 0 -1
    outer loop
      vertex 67.5689 59.45 25.1
      vertex 69.5608 58.3 25.1
      vertex 69.4913 58.1592 25.1
    endloop
  endfacet
  facet normal 0 0 -1
    outer loop
      vertex 67.3664 59.0394 25.1
      vertex 69.4913 58.1592 25.1
      vertex 69.4409 58.0106 25.1
    endloop
  endfacet
  facet normal 0 0 -1
    outer loop
      vertex 67.2193 58.6059 25.1
      vertex 69.4409 58.0106 25.1
      vertex 69.4103 57.8566 25.1
    endloop
  endfacet
  facet normal 0 0 -1
    outer loop
      vertex 70.1408 58.8087 25.1
      vertex 69.2606 60.9336 25.1
      vertex 69.6941 61.0807 25.1
    endloop
  endfacet
  facet normal 0 0 -1
    outer loop
      vertex 67.1299 58.1568 25.1
      vertex 69.4103 57.8566 25.1
      vertex 69.4 57.7 25.1
    endloop
  endfacet
  facet normal 0 0 -1
    outer loop
      vertex 67.5689 55.95 25.1
      vertex 69.5608 57.1 25.1
      vertex 67.8233 55.5693 25.1
    endloop
  endfacet
  facet normal -0 0 -1
    outer loop
      vertex 69.5608 57.1 25.1
      vertex 67.5689 55.95 25.1
      vertex 69.4913 57.2408 25.1
    endloop
  endfacet
  facet normal 0 0 -1
    outer loop
      vertex 70 58.7392 25.1
      vertex 68.85 60.7311 25.1
      vertex 69.2606 60.9336 25.1
    endloop
  endfacet
  facet normal 0 0 -1
    outer loop
      vertex 67.3664 56.3606 25.1
      vertex 69.4913 57.2408 25.1
      vertex 67.5689 55.95 25.1
    endloop
  endfacet
  facet normal 0 0 -1
    outer loop
      vertex 69.8695 58.652 25.1
      vertex 68.4693 60.4767 25.1
      vertex 68.85 60.7311 25.1
    endloop
  endfacet
  facet normal -0 0 -1
    outer loop
      vertex 69.4913 57.2408 25.1
      vertex 67.3664 56.3606 25.1
      vertex 69.4409 57.3894 25.1
    endloop
  endfacet
  facet normal 0 0 -1
    outer loop
      vertex 69.7515 58.5485 25.1
      vertex 68.1251 60.1749 25.1
      vertex 68.4693 60.4767 25.1
    endloop
  endfacet
  facet normal 0 0 -1
    outer loop
      vertex 67.2193 56.7941 25.1
      vertex 69.4409 57.3894 25.1
      vertex 67.3664 56.3606 25.1
    endloop
  endfacet
  facet normal 0 0 -1
    outer loop
      vertex 69.648 58.4305 25.1
      vertex 67.8233 59.8307 25.1
      vertex 68.1251 60.1749 25.1
    endloop
  endfacet
  facet normal -0 0 -1
    outer loop
      vertex 69.4409 57.3894 25.1
      vertex 67.2193 56.7941 25.1
      vertex 69.4103 57.5434 25.1
    endloop
  endfacet
  facet normal 0 0 -1
    outer loop
      vertex 69.5608 58.3 25.1
      vertex 67.5689 59.45 25.1
      vertex 67.8233 59.8307 25.1
    endloop
  endfacet
  facet normal 0 0 -1
    outer loop
      vertex 67.1299 57.2432 25.1
      vertex 69.4103 57.5434 25.1
      vertex 67.2193 56.7941 25.1
    endloop
  endfacet
  facet normal 0 0 -1
    outer loop
      vertex 69.4913 58.1592 25.1
      vertex 67.3664 59.0394 25.1
      vertex 67.5689 59.45 25.1
    endloop
  endfacet
  facet normal -0 0 -1
    outer loop
      vertex 69.4103 57.5434 25.1
      vertex 67.1299 57.2432 25.1
      vertex 69.4 57.7 25.1
    endloop
  endfacet
  facet normal 0 0 -1
    outer loop
      vertex 69.4409 58.0106 25.1
      vertex 67.2193 58.6059 25.1
      vertex 67.3664 59.0394 25.1
    endloop
  endfacet
  facet normal 0 0 -1
    outer loop
      vertex 67.1 57.7 25.1
      vertex 69.4 57.7 25.1
      vertex 67.1299 57.2432 25.1
    endloop
  endfacet
  facet normal 0 0 -1
    outer loop
      vertex 69.4103 57.8566 25.1
      vertex 67.1299 58.1568 25.1
      vertex 67.2193 58.6059 25.1
    endloop
  endfacet
  facet normal 0 0 -1
    outer loop
      vertex 69.4 57.7 25.1
      vertex 67.1 57.7 25.1
      vertex 67.1299 58.1568 25.1
    endloop
  endfacet
  facet normal -0.321335 -0.946966 0
    outer loop
      vertex 71.5059 61.0807 25
      vertex 71.9394 60.9336 25.1
      vertex 71.5059 61.0807 25.1
    endloop
  endfacet
  facet normal -0.321335 -0.946966 -0
    outer loop
      vertex 71.9394 60.9336 25.1
      vertex 71.5059 61.0807 25
      vertex 71.9394 60.9336 25
    endloop
  endfacet
  facet normal -0.659278 0.7519 0
    outer loop
      vertex 73.0749 55.2251 22
      vertex 72.7307 54.9233 25.1
      vertex 73.0749 55.2251 25.1
    endloop
  endfacet
  facet normal -0.659278 0.7519 0
    outer loop
      vertex 72.7307 54.9233 25.1
      vertex 73.0749 55.2251 22
      vertex 72.7307 54.9233 22
    endloop
  endfacet
  facet normal 0.0653156 0.997865 -0
    outer loop
      vertex 70.6 54.2 25
      vertex 70.1432 54.2299 25.1
      vertex 70.6 54.2 25.1
    endloop
  endfacet
  facet normal 0.0653156 0.997865 0
    outer loop
      vertex 70.1432 54.2299 25.1
      vertex 70.6 54.2 25
      vertex 70.1432 54.2299 25
    endloop
  endfacet
  facet normal 0.997865 0.0653156 0
    outer loop
      vertex 67.1299 57.2432 25.1
      vertex 67.1 57.7 25
      vertex 67.1 57.7 25.1
    endloop
  endfacet
  facet normal 0.997865 0.0653156 0
    outer loop
      vertex 67.1 57.7 25
      vertex 67.1299 57.2432 25.1
      vertex 67.1299 57.2432 25
    endloop
  endfacet
  facet normal 0.0653156 -0.997865 0
    outer loop
      vertex 70.1432 61.1701 25
      vertex 70.6 61.2 25.1
      vertex 70.1432 61.1701 25.1
    endloop
  endfacet
  facet normal 0.0653156 -0.997865 0
    outer loop
      vertex 70.6 61.2 25.1
      vertex 70.1432 61.1701 25
      vertex 70.6 61.2 25
    endloop
  endfacet
  facet normal 0.659278 -0.7519 0
    outer loop
      vertex 68.1251 60.1749 22
      vertex 68.4693 60.4767 25.1
      vertex 68.1251 60.1749 25.1
    endloop
  endfacet
  facet normal 0.659278 -0.7519 0
    outer loop
      vertex 68.4693 60.4767 25.1
      vertex 68.1251 60.1749 22
      vertex 68.4693 60.4767 22
    endloop
  endfacet
  facet normal -0.0653156 -0.997865 0
    outer loop
      vertex 70.6 61.2 25
      vertex 71.0568 61.1701 25.1
      vertex 70.6 61.2 25.1
    endloop
  endfacet
  facet normal -0.0653156 -0.997865 -0
    outer loop
      vertex 71.0568 61.1701 25.1
      vertex 70.6 61.2 25
      vertex 71.0568 61.1701 25
    endloop
  endfacet
  facet normal 0.980757 0.195234 0
    outer loop
      vertex 67.2193 56.7941 25.1
      vertex 67.1299 57.2432 25
      vertex 67.1299 57.2432 25.1
    endloop
  endfacet
  facet normal 0.980757 0.195234 0
    outer loop
      vertex 67.1299 57.2432 25
      vertex 67.2193 56.7941 25.1
      vertex 67.2193 56.7941 25
    endloop
  endfacet
  facet normal 0.831445 -0.555607 0
    outer loop
      vertex 67.5689 59.45 25.1
      vertex 67.8233 59.8307 22
      vertex 67.8233 59.8307 25.1
    endloop
  endfacet
  facet normal 0.831445 -0.555607 0
    outer loop
      vertex 67.8233 59.8307 22
      vertex 67.5689 59.45 25.1
      vertex 67.5689 59.45 22
    endloop
  endfacet
  facet normal 0.7519 0.659278 0
    outer loop
      vertex 68.1251 55.2251 25.1
      vertex 67.8233 55.5693 25
      vertex 67.8233 55.5693 25.1
    endloop
  endfacet
  facet normal 0.7519 0.659278 0
    outer loop
      vertex 67.8233 55.5693 25
      vertex 68.1251 55.2251 25.1
      vertex 68.1251 55.2251 25
    endloop
  endfacet
  facet normal 0.442314 0.89686 -0
    outer loop
      vertex 69.2606 54.4664 25
      vertex 68.85 54.6689 25.1
      vertex 69.2606 54.4664 25.1
    endloop
  endfacet
  facet normal 0.442314 0.89686 0
    outer loop
      vertex 68.85 54.6689 25.1
      vertex 69.2606 54.4664 25
      vertex 68.85 54.6689 25
    endloop
  endfacet
  facet normal -0.0653156 0.997865 0
    outer loop
      vertex 71.0568 54.2299 25
      vertex 70.6 54.2 25.1
      vertex 71.0568 54.2299 25.1
    endloop
  endfacet
  facet normal -0.0653156 0.997865 0
    outer loop
      vertex 70.6 54.2 25.1
      vertex 71.0568 54.2299 25
      vertex 70.6 54.2 25
    endloop
  endfacet
  facet normal 0.555607 0.831445 -0
    outer loop
      vertex 68.85 54.6689 25
      vertex 68.4693 54.9233 25.1
      vertex 68.85 54.6689 25.1
    endloop
  endfacet
  facet normal 0.555607 0.831445 0
    outer loop
      vertex 68.4693 54.9233 25.1
      vertex 68.85 54.6689 25
      vertex 68.4693 54.9233 25
    endloop
  endfacet
  facet normal -0.89686 0.442314 0
    outer loop
      vertex 73.6311 55.95 25
      vertex 73.8336 56.3606 25.1
      vertex 73.8336 56.3606 25
    endloop
  endfacet
  facet normal -0.89686 0.442314 0
    outer loop
      vertex 73.8336 56.3606 25.1
      vertex 73.6311 55.95 25
      vertex 73.6311 55.95 25.1
    endloop
  endfacet
  facet normal 0.89686 -0.442314 0
    outer loop
      vertex 67.3664 59.0394 25.1
      vertex 67.5689 59.45 22
      vertex 67.5689 59.45 25.1
    endloop
  endfacet
  facet normal 0.89686 -0.442314 0
    outer loop
      vertex 67.5689 59.45 22
      vertex 67.3664 59.0394 25.1
      vertex 67.3664 59.0394 22
    endloop
  endfacet
  facet normal 0.659278 0.7519 -0
    outer loop
      vertex 68.4693 54.9233 25
      vertex 68.1251 55.2251 25.1
      vertex 68.4693 54.9233 25.1
    endloop
  endfacet
  facet normal 0.659278 0.7519 0
    outer loop
      vertex 68.1251 55.2251 25.1
      vertex 68.4693 54.9233 25
      vertex 68.1251 55.2251 25
    endloop
  endfacet
  facet normal 0.7519 -0.659278 0
    outer loop
      vertex 67.8233 59.8307 25.1
      vertex 68.1251 60.1749 22
      vertex 68.1251 60.1749 25.1
    endloop
  endfacet
  facet normal 0.7519 -0.659278 0
    outer loop
      vertex 68.1251 60.1749 22
      vertex 67.8233 59.8307 25.1
      vertex 67.8233 59.8307 22
    endloop
  endfacet
  facet normal -0.442314 0.89686 0
    outer loop
      vertex 5.6 3.96077 25.1
      vertex 5.45922 3.89134 26.2
      vertex 5.6 3.96077 26.2
    endloop
  endfacet
  facet normal -0.442314 0.89686 0
    outer loop
      vertex 5.45922 3.89134 26.2
      vertex 5.6 3.96077 25.1
      vertex 5.45922 3.89134 25.1
    endloop
  endfacet
  facet normal -0.980788 -0.195075 0
    outer loop
      vertex 6.18973 5.15663 25.1
      vertex 6.15911 5.31058 26.2
      vertex 6.15911 5.31058 25.1
    endloop
  endfacet
  facet normal -0.980788 -0.195075 0
    outer loop
      vertex 6.15911 5.31058 26.2
      vertex 6.18973 5.15663 25.1
      vertex 6.18973 5.15663 26.2
    endloop
  endfacet
  facet normal -0.997857 -0.065428 0
    outer loop
      vertex 6.2 5 25.1
      vertex 6.18973 5.15663 26.2
      vertex 6.18973 5.15663 25.1
    endloop
  endfacet
  facet normal -0.997857 -0.065428 0
    outer loop
      vertex 6.18973 5.15663 26.2
      vertex 6.2 5 25.1
      vertex 6.2 5 26.2
    endloop
  endfacet
  facet normal -0.946923 -0.32146 0
    outer loop
      vertex 6.15911 5.31058 25.1
      vertex 6.10865 5.45922 26.2
      vertex 6.10865 5.45922 25.1
    endloop
  endfacet
  facet normal -0.946923 -0.32146 0
    outer loop
      vertex 6.10865 5.45922 26.2
      vertex 6.15911 5.31058 25.1
      vertex 6.15911 5.31058 26.2
    endloop
  endfacet
  facet normal -0.32146 -0.946923 0
    outer loop
      vertex 5.31058 6.15911 25.1
      vertex 5.45922 6.10865 26.2
      vertex 5.31058 6.15911 26.2
    endloop
  endfacet
  facet normal -0.32146 -0.946923 -0
    outer loop
      vertex 5.45922 6.10865 26.2
      vertex 5.31058 6.15911 25.1
      vertex 5.45922 6.10865 25.1
    endloop
  endfacet
  facet normal -0.555597 0.831452 0
    outer loop
      vertex 5.73051 4.04798 25.1
      vertex 5.6 3.96077 26.2
      vertex 5.73051 4.04798 26.2
    endloop
  endfacet
  facet normal -0.555597 0.831452 0
    outer loop
      vertex 5.6 3.96077 26.2
      vertex 5.73051 4.04798 25.1
      vertex 5.6 3.96077 25.1
    endloop
  endfacet
  facet normal -0.321402 0.946943 0
    outer loop
      vertex 5.45922 3.89134 25.1
      vertex 5.31058 3.84089 26.2
      vertex 5.45922 3.89134 26.2
    endloop
  endfacet
  facet normal -0.321402 0.946943 0
    outer loop
      vertex 5.31058 3.84089 26.2
      vertex 5.45922 3.89134 25.1
      vertex 5.31058 3.84089 25.1
    endloop
  endfacet
  facet normal 0.946943 -0.321402 0
    outer loop
      vertex 3.84089 5.31058 26.2
      vertex 3.89134 5.45922 25.1
      vertex 3.89134 5.45922 26.2
    endloop
  endfacet
  facet normal 0.946943 -0.321402 0
    outer loop
      vertex 3.89134 5.45922 25.1
      vertex 3.84089 5.31058 26.2
      vertex 3.84089 5.31058 25.1
    endloop
  endfacet
  facet normal -0.896885 -0.442263 0
    outer loop
      vertex 6.10865 5.45922 25.1
      vertex 6.03923 5.6 26.2
      vertex 6.03923 5.6 25.1
    endloop
  endfacet
  facet normal -0.896885 -0.442263 0
    outer loop
      vertex 6.03923 5.6 26.2
      vertex 6.10865 5.45922 25.1
      vertex 6.10865 5.45922 26.2
    endloop
  endfacet
  facet normal -0.751874 0.659307 0
    outer loop
      vertex 5.84853 4.15147 25.1
      vertex 5.95202 4.26949 26.2
      vertex 5.95202 4.26949 25.1
    endloop
  endfacet
  facet normal -0.751874 0.659307 0
    outer loop
      vertex 5.95202 4.26949 26.2
      vertex 5.84853 4.15147 25.1
      vertex 5.84853 4.15147 26.2
    endloop
  endfacet
  facet normal -0.946923 0.32146 0
    outer loop
      vertex 6.10865 4.54078 25.1
      vertex 6.15911 4.68942 26.2
      vertex 6.15911 4.68942 25.1
    endloop
  endfacet
  facet normal -0.946923 0.32146 0
    outer loop
      vertex 6.15911 4.68942 26.2
      vertex 6.10865 4.54078 25.1
      vertex 6.10865 4.54078 26.2
    endloop
  endfacet
  facet normal 0.751874 0.659307 0
    outer loop
      vertex 4.15147 4.15147 26.2
      vertex 4.04798 4.26949 25.1
      vertex 4.04798 4.26949 26.2
    endloop
  endfacet
  facet normal 0.751874 0.659307 0
    outer loop
      vertex 4.04798 4.26949 25.1
      vertex 4.15147 4.15147 26.2
      vertex 4.15147 4.15147 25.1
    endloop
  endfacet
  facet normal -0.659307 0.751874 0
    outer loop
      vertex 5.84853 4.15147 25.1
      vertex 5.73051 4.04798 26.2
      vertex 5.84853 4.15147 26.2
    endloop
  endfacet
  facet normal -0.659307 0.751874 0
    outer loop
      vertex 5.73051 4.04798 26.2
      vertex 5.84853 4.15147 25.1
      vertex 5.73051 4.04798 25.1
    endloop
  endfacet
  facet normal 0.751874 -0.659307 0
    outer loop
      vertex 4.04798 5.73051 26.2
      vertex 4.15147 5.84853 25.1
      vertex 4.15147 5.84853 26.2
    endloop
  endfacet
  facet normal 0.751874 -0.659307 0
    outer loop
      vertex 4.15147 5.84853 25.1
      vertex 4.04798 5.73051 26.2
      vertex 4.04798 5.73051 25.1
    endloop
  endfacet
  facet normal -0.896885 0.442263 0
    outer loop
      vertex 6.03923 4.4 25.1
      vertex 6.10865 4.54078 26.2
      vertex 6.10865 4.54078 25.1
    endloop
  endfacet
  facet normal -0.896885 0.442263 0
    outer loop
      vertex 6.10865 4.54078 26.2
      vertex 6.03923 4.4 25.1
      vertex 6.03923 4.4 26.2
    endloop
  endfacet
  facet normal 0.980788 -0.195075 0
    outer loop
      vertex 3.81027 5.15663 26.2
      vertex 3.84089 5.31058 25.1
      vertex 3.84089 5.31058 26.2
    endloop
  endfacet
  facet normal 0.980788 -0.195075 0
    outer loop
      vertex 3.84089 5.31058 25.1
      vertex 3.81027 5.15663 26.2
      vertex 3.81027 5.15663 25.1
    endloop
  endfacet
  facet normal 0.442263 -0.896885 0
    outer loop
      vertex 4.4 6.03923 25.1
      vertex 4.54078 6.10865 26.2
      vertex 4.4 6.03923 26.2
    endloop
  endfacet
  facet normal 0.442263 -0.896885 0
    outer loop
      vertex 4.54078 6.10865 26.2
      vertex 4.4 6.03923 25.1
      vertex 4.54078 6.10865 25.1
    endloop
  endfacet
  facet normal -0.555597 -0.831452 0
    outer loop
      vertex 5.6 6.03923 25.1
      vertex 5.73051 5.95202 26.2
      vertex 5.6 6.03923 26.2
    endloop
  endfacet
  facet normal -0.555597 -0.831452 -0
    outer loop
      vertex 5.73051 5.95202 26.2
      vertex 5.6 6.03923 25.1
      vertex 5.73051 5.95202 25.1
    endloop
  endfacet
  facet normal -0.065428 -0.997857 0
    outer loop
      vertex 5 6.2 25.1
      vertex 5.15663 6.18973 26.2
      vertex 5 6.2 26.2
    endloop
  endfacet
  facet normal -0.065428 -0.997857 -0
    outer loop
      vertex 5.15663 6.18973 26.2
      vertex 5 6.2 25.1
      vertex 5.15663 6.18973 25.1
    endloop
  endfacet
  facet normal -0.195075 0.980788 0
    outer loop
      vertex 5.31058 3.84089 25.1
      vertex 5.15663 3.81027 26.2
      vertex 5.31058 3.84089 26.2
    endloop
  endfacet
  facet normal -0.195075 0.980788 0
    outer loop
      vertex 5.15663 3.81027 26.2
      vertex 5.31058 3.84089 25.1
      vertex 5.15663 3.81027 25.1
    endloop
  endfacet
  facet normal 0.195075 -0.980788 0
    outer loop
      vertex 4.68942 6.15911 25.1
      vertex 4.84337 6.18973 26.2
      vertex 4.68942 6.15911 26.2
    endloop
  endfacet
  facet normal 0.195075 -0.980788 0
    outer loop
      vertex 4.84337 6.18973 26.2
      vertex 4.68942 6.15911 25.1
      vertex 4.84337 6.18973 25.1
    endloop
  endfacet
  facet normal -0.751874 -0.659307 0
    outer loop
      vertex 5.95202 5.73051 25.1
      vertex 5.84853 5.84853 26.2
      vertex 5.84853 5.84853 25.1
    endloop
  endfacet
  facet normal -0.751874 -0.659307 0
    outer loop
      vertex 5.84853 5.84853 26.2
      vertex 5.95202 5.73051 25.1
      vertex 5.95202 5.73051 26.2
    endloop
  endfacet
  facet normal -0.442263 -0.896885 0
    outer loop
      vertex 5.45922 6.10865 25.1
      vertex 5.6 6.03923 26.2
      vertex 5.45922 6.10865 26.2
    endloop
  endfacet
  facet normal -0.442263 -0.896885 -0
    outer loop
      vertex 5.6 6.03923 26.2
      vertex 5.45922 6.10865 25.1
      vertex 5.6 6.03923 25.1
    endloop
  endfacet
  facet normal 0.555597 -0.831452 0
    outer loop
      vertex 4.26949 5.95202 25.1
      vertex 4.4 6.03923 26.2
      vertex 4.26949 5.95202 26.2
    endloop
  endfacet
  facet normal 0.555597 -0.831452 0
    outer loop
      vertex 4.4 6.03923 26.2
      vertex 4.26949 5.95202 25.1
      vertex 4.4 6.03923 25.1
    endloop
  endfacet
  facet normal -0.659307 -0.751874 0
    outer loop
      vertex 5.73051 5.95202 25.1
      vertex 5.84853 5.84853 26.2
      vertex 5.73051 5.95202 26.2
    endloop
  endfacet
  facet normal -0.659307 -0.751874 -0
    outer loop
      vertex 5.84853 5.84853 26.2
      vertex 5.73051 5.95202 25.1
      vertex 5.84853 5.84853 25.1
    endloop
  endfacet
  facet normal -0.980788 0.195075 0
    outer loop
      vertex 6.15911 4.68942 25.1
      vertex 6.18973 4.84337 26.2
      vertex 6.18973 4.84337 25.1
    endloop
  endfacet
  facet normal -0.980788 0.195075 0
    outer loop
      vertex 6.18973 4.84337 26.2
      vertex 6.15911 4.68942 25.1
      vertex 6.15911 4.68942 26.2
    endloop
  endfacet
  facet normal -0.831452 -0.555597 0
    outer loop
      vertex 6.03923 5.6 25.1
      vertex 5.95202 5.73051 26.2
      vertex 5.95202 5.73051 25.1
    endloop
  endfacet
  facet normal -0.831452 -0.555597 0
    outer loop
      vertex 5.95202 5.73051 26.2
      vertex 6.03923 5.6 25.1
      vertex 6.03923 5.6 26.2
    endloop
  endfacet
  facet normal -0.997857 0.065428 0
    outer loop
      vertex 6.18973 4.84337 25.1
      vertex 6.2 5 26.2
      vertex 6.2 5 25.1
    endloop
  endfacet
  facet normal -0.997857 0.065428 0
    outer loop
      vertex 6.2 5 26.2
      vertex 6.18973 4.84337 25.1
      vertex 6.18973 4.84337 26.2
    endloop
  endfacet
  facet normal 0.321402 0.946943 -0
    outer loop
      vertex 4.68942 3.84089 25.1
      vertex 4.54078 3.89134 26.2
      vertex 4.68942 3.84089 26.2
    endloop
  endfacet
  facet normal 0.321402 0.946943 0
    outer loop
      vertex 4.54078 3.89134 26.2
      vertex 4.68942 3.84089 25.1
      vertex 4.54078 3.89134 25.1
    endloop
  endfacet
  facet normal 0.659307 -0.751874 0
    outer loop
      vertex 4.15147 5.84853 25.1
      vertex 4.26949 5.95202 26.2
      vertex 4.15147 5.84853 26.2
    endloop
  endfacet
  facet normal 0.659307 -0.751874 0
    outer loop
      vertex 4.26949 5.95202 26.2
      vertex 4.15147 5.84853 25.1
      vertex 4.26949 5.95202 25.1
    endloop
  endfacet
  facet normal 0.831452 0.555597 0
    outer loop
      vertex 4.04798 4.26949 26.2
      vertex 3.96077 4.4 25.1
      vertex 3.96077 4.4 26.2
    endloop
  endfacet
  facet normal 0.831452 0.555597 0
    outer loop
      vertex 3.96077 4.4 25.1
      vertex 4.04798 4.26949 26.2
      vertex 4.04798 4.26949 25.1
    endloop
  endfacet
  facet normal 0.555597 0.831452 -0
    outer loop
      vertex 4.4 3.96077 25.1
      vertex 4.26949 4.04798 26.2
      vertex 4.4 3.96077 26.2
    endloop
  endfacet
  facet normal 0.555597 0.831452 0
    outer loop
      vertex 4.26949 4.04798 26.2
      vertex 4.4 3.96077 25.1
      vertex 4.26949 4.04798 25.1
    endloop
  endfacet
  facet normal 0.997857 0.065428 0
    outer loop
      vertex 3.81027 4.84337 26.2
      vertex 3.8 5 25.1
      vertex 3.8 5 26.2
    endloop
  endfacet
  facet normal 0.997857 0.065428 0
    outer loop
      vertex 3.8 5 25.1
      vertex 3.81027 4.84337 26.2
      vertex 3.81027 4.84337 25.1
    endloop
  endfacet
  facet normal 0.89686 -0.442314 0
    outer loop
      vertex 3.89134 5.45922 26.2
      vertex 3.96077 5.6 25.1
      vertex 3.96077 5.6 26.2
    endloop
  endfacet
  facet normal 0.89686 -0.442314 0
    outer loop
      vertex 3.96077 5.6 25.1
      vertex 3.89134 5.45922 26.2
      vertex 3.89134 5.45922 25.1
    endloop
  endfacet
  facet normal -0.831452 0.555597 0
    outer loop
      vertex 5.95202 4.26949 25.1
      vertex 6.03923 4.4 26.2
      vertex 6.03923 4.4 25.1
    endloop
  endfacet
  facet normal -0.831452 0.555597 0
    outer loop
      vertex 6.03923 4.4 26.2
      vertex 5.95202 4.26949 25.1
      vertex 5.95202 4.26949 26.2
    endloop
  endfacet
  facet normal 0.997857 -0.065428 0
    outer loop
      vertex 3.8 5 26.2
      vertex 3.81027 5.15663 25.1
      vertex 3.81027 5.15663 26.2
    endloop
  endfacet
  facet normal 0.997857 -0.065428 0
    outer loop
      vertex 3.81027 5.15663 25.1
      vertex 3.8 5 26.2
      vertex 3.8 5 25.1
    endloop
  endfacet
  facet normal -0.195075 -0.980788 0
    outer loop
      vertex 5.15663 6.18973 25.1
      vertex 5.31058 6.15911 26.2
      vertex 5.15663 6.18973 26.2
    endloop
  endfacet
  facet normal -0.195075 -0.980788 -0
    outer loop
      vertex 5.31058 6.15911 26.2
      vertex 5.15663 6.18973 25.1
      vertex 5.31058 6.15911 25.1
    endloop
  endfacet
  facet normal 0.442314 0.89686 -0
    outer loop
      vertex 4.54078 3.89134 25.1
      vertex 4.4 3.96077 26.2
      vertex 4.54078 3.89134 26.2
    endloop
  endfacet
  facet normal 0.442314 0.89686 0
    outer loop
      vertex 4.4 3.96077 26.2
      vertex 4.54078 3.89134 25.1
      vertex 4.4 3.96077 25.1
    endloop
  endfacet
  facet normal 0.32146 -0.946923 0
    outer loop
      vertex 4.54078 6.10865 25.1
      vertex 4.68942 6.15911 26.2
      vertex 4.54078 6.10865 26.2
    endloop
  endfacet
  facet normal 0.32146 -0.946923 0
    outer loop
      vertex 4.68942 6.15911 26.2
      vertex 4.54078 6.10865 25.1
      vertex 4.68942 6.15911 25.1
    endloop
  endfacet
  facet normal -0.065428 0.997857 0
    outer loop
      vertex 5.15663 3.81027 25.1
      vertex 5 3.8 26.2
      vertex 5.15663 3.81027 26.2
    endloop
  endfacet
  facet normal -0.065428 0.997857 0
    outer loop
      vertex 5 3.8 26.2
      vertex 5.15663 3.81027 25.1
      vertex 5 3.8 25.1
    endloop
  endfacet
  facet normal 0.980788 0.195075 0
    outer loop
      vertex 3.84089 4.68942 26.2
      vertex 3.81027 4.84337 25.1
      vertex 3.81027 4.84337 26.2
    endloop
  endfacet
  facet normal 0.980788 0.195075 0
    outer loop
      vertex 3.81027 4.84337 25.1
      vertex 3.84089 4.68942 26.2
      vertex 3.84089 4.68942 25.1
    endloop
  endfacet
  facet normal 0.89686 0.442314 0
    outer loop
      vertex 3.96077 4.4 26.2
      vertex 3.89134 4.54078 25.1
      vertex 3.89134 4.54078 26.2
    endloop
  endfacet
  facet normal 0.89686 0.442314 0
    outer loop
      vertex 3.89134 4.54078 25.1
      vertex 3.96077 4.4 26.2
      vertex 3.96077 4.4 25.1
    endloop
  endfacet
  facet normal 0.946943 0.321402 0
    outer loop
      vertex 3.89134 4.54078 26.2
      vertex 3.84089 4.68942 25.1
      vertex 3.84089 4.68942 26.2
    endloop
  endfacet
  facet normal 0.946943 0.321402 0
    outer loop
      vertex 3.84089 4.68942 25.1
      vertex 3.89134 4.54078 26.2
      vertex 3.89134 4.54078 25.1
    endloop
  endfacet
  facet normal 0.065428 -0.997857 0
    outer loop
      vertex 4.84337 6.18973 25.1
      vertex 5 6.2 26.2
      vertex 4.84337 6.18973 26.2
    endloop
  endfacet
  facet normal 0.065428 -0.997857 0
    outer loop
      vertex 5 6.2 26.2
      vertex 4.84337 6.18973 25.1
      vertex 5 6.2 25.1
    endloop
  endfacet
  facet normal 0.195075 0.980788 -0
    outer loop
      vertex 4.84337 3.81027 25.1
      vertex 4.68942 3.84089 26.2
      vertex 4.84337 3.81027 26.2
    endloop
  endfacet
  facet normal 0.195075 0.980788 0
    outer loop
      vertex 4.68942 3.84089 26.2
      vertex 4.84337 3.81027 25.1
      vertex 4.68942 3.84089 25.1
    endloop
  endfacet
  facet normal 0.065428 0.997857 -0
    outer loop
      vertex 5 3.8 25.1
      vertex 4.84337 3.81027 26.2
      vertex 5 3.8 26.2
    endloop
  endfacet
  facet normal 0.065428 0.997857 0
    outer loop
      vertex 4.84337 3.81027 26.2
      vertex 5 3.8 25.1
      vertex 4.84337 3.81027 25.1
    endloop
  endfacet
  facet normal 0.659307 0.751874 -0
    outer loop
      vertex 4.26949 4.04798 25.1
      vertex 4.15147 4.15147 26.2
      vertex 4.26949 4.04798 26.2
    endloop
  endfacet
  facet normal 0.659307 0.751874 0
    outer loop
      vertex 4.15147 4.15147 26.2
      vertex 4.26949 4.04798 25.1
      vertex 4.15147 4.15147 25.1
    endloop
  endfacet
  facet normal 0.831452 -0.555597 0
    outer loop
      vertex 3.96077 5.6 26.2
      vertex 4.04798 5.73051 25.1
      vertex 4.04798 5.73051 26.2
    endloop
  endfacet
  facet normal 0.831452 -0.555597 0
    outer loop
      vertex 4.04798 5.73051 25.1
      vertex 3.96077 5.6 26.2
      vertex 3.96077 5.6 25.1
    endloop
  endfacet
  facet normal -0.980787 -0.19508 0
    outer loop
      vertex 7.28032 5.30021 26.2
      vertex 7.22163 5.59528 27.4
      vertex 7.22163 5.59528 26.2
    endloop
  endfacet
  facet normal -0.980787 -0.19508 0
    outer loop
      vertex 7.22163 5.59528 27.4
      vertex 7.28032 5.30021 26.2
      vertex 7.28032 5.30021 27.4
    endloop
  endfacet
  facet normal -0.997858 -0.0654137 0
    outer loop
      vertex 7.3 5 26.2
      vertex 7.28032 5.30021 27.4
      vertex 7.28032 5.30021 26.2
    endloop
  endfacet
  facet normal -0.997858 -0.0654137 0
    outer loop
      vertex 7.28032 5.30021 27.4
      vertex 7.3 5 26.2
      vertex 7.3 5 27.4
    endloop
  endfacet
  facet normal -0.946927 -0.321448 0
    outer loop
      vertex 7.22163 5.59528 26.2
      vertex 7.12492 5.88017 27.4
      vertex 7.12492 5.88017 26.2
    endloop
  endfacet
  facet normal -0.946927 -0.321448 0
    outer loop
      vertex 7.12492 5.88017 27.4
      vertex 7.22163 5.59528 26.2
      vertex 7.22163 5.59528 27.4
    endloop
  endfacet
  facet normal -0.831462 -0.555582 0
    outer loop
      vertex 6.99186 6.15 26.2
      vertex 6.82471 6.40015 27.4
      vertex 6.82471 6.40015 26.2
    endloop
  endfacet
  facet normal -0.831462 -0.555582 0
    outer loop
      vertex 6.82471 6.40015 27.4
      vertex 6.99186 6.15 26.2
      vertex 6.99186 6.15 27.4
    endloop
  endfacet
  facet normal 0.946927 0.321448 0
    outer loop
      vertex 2.87508 4.11983 27.4
      vertex 2.77837 4.40472 26.2
      vertex 2.77837 4.40472 27.4
    endloop
  endfacet
  facet normal 0.946927 0.321448 0
    outer loop
      vertex 2.77837 4.40472 26.2
      vertex 2.87508 4.11983 27.4
      vertex 2.87508 4.11983 26.2
    endloop
  endfacet
  facet normal -0.321448 0.946927 0
    outer loop
      vertex 5.88017 2.87508 26.2
      vertex 5.59528 2.77837 27.4
      vertex 5.88017 2.87508 27.4
    endloop
  endfacet
  facet normal -0.321448 0.946927 0
    outer loop
      vertex 5.59528 2.77837 27.4
      vertex 5.88017 2.87508 26.2
      vertex 5.59528 2.77837 26.2
    endloop
  endfacet
  facet normal -0.89688 -0.442274 0
    outer loop
      vertex 7.12492 5.88017 26.2
      vertex 6.99186 6.15 27.4
      vertex 6.99186 6.15 26.2
    endloop
  endfacet
  facet normal -0.89688 -0.442274 0
    outer loop
      vertex 6.99186 6.15 27.4
      vertex 7.12492 5.88017 26.2
      vertex 7.12492 5.88017 27.4
    endloop
  endfacet
  facet normal 0.555582 -0.831462 0
    outer loop
      vertex 3.59985 6.82471 26.2
      vertex 3.85 6.99186 27.4
      vertex 3.59985 6.82471 27.4
    endloop
  endfacet
  facet normal 0.555582 -0.831462 0
    outer loop
      vertex 3.85 6.99186 27.4
      vertex 3.59985 6.82471 26.2
      vertex 3.85 6.99186 26.2
    endloop
  endfacet
  facet normal -0.980787 0.19508 0
    outer loop
      vertex 7.22163 4.40472 26.2
      vertex 7.28032 4.69979 27.4
      vertex 7.28032 4.69979 26.2
    endloop
  endfacet
  facet normal -0.980787 0.19508 0
    outer loop
      vertex 7.28032 4.69979 27.4
      vertex 7.22163 4.40472 26.2
      vertex 7.22163 4.40472 27.4
    endloop
  endfacet
  facet normal 0 0 1
    outer loop
      vertex 6.2 5 26.2
      vertex 7.3 5 26.2
      vertex 7.28032 5.30021 26.2
    endloop
  endfacet
  facet normal 0 0 1
    outer loop
      vertex 6.18973 5.15663 26.2
      vertex 7.28032 5.30021 26.2
      vertex 7.22163 5.59528 26.2
    endloop
  endfacet
  facet normal 0 0 1
    outer loop
      vertex 7.3 5 26.2
      vertex 6.2 5 26.2
      vertex 7.28032 4.69979 26.2
    endloop
  endfacet
  facet normal 0 0 1
    outer loop
      vertex 6.15911 5.31058 26.2
      vertex 7.22163 5.59528 26.2
      vertex 7.12492 5.88017 26.2
    endloop
  endfacet
  facet normal -0 0 1
    outer loop
      vertex 6.18973 4.84337 26.2
      vertex 7.28032 4.69979 26.2
      vertex 6.2 5 26.2
    endloop
  endfacet
  facet normal 0 0 1
    outer loop
      vertex 6.10865 5.45922 26.2
      vertex 7.12492 5.88017 26.2
      vertex 6.99186 6.15 26.2
    endloop
  endfacet
  facet normal 0 0 1
    outer loop
      vertex 7.28032 4.69979 26.2
      vertex 6.18973 4.84337 26.2
      vertex 7.22163 4.40472 26.2
    endloop
  endfacet
  facet normal 0 0 1
    outer loop
      vertex 6.03923 5.6 26.2
      vertex 6.99186 6.15 26.2
      vertex 6.82471 6.40015 26.2
    endloop
  endfacet
  facet normal -0 0 1
    outer loop
      vertex 6.15911 4.68942 26.2
      vertex 7.22163 4.40472 26.2
      vertex 6.18973 4.84337 26.2
    endloop
  endfacet
  facet normal 0 0 1
    outer loop
      vertex 5.95202 5.73051 26.2
      vertex 6.82471 6.40015 26.2
      vertex 6.62634 6.62634 26.2
    endloop
  endfacet
  facet normal 0 0 1
    outer loop
      vertex 7.22163 4.40472 26.2
      vertex 6.15911 4.68942 26.2
      vertex 7.12492 4.11983 26.2
    endloop
  endfacet
  facet normal 0 0 1
    outer loop
      vertex 5.84853 5.84853 26.2
      vertex 6.62634 6.62634 26.2
      vertex 6.40015 6.82471 26.2
    endloop
  endfacet
  facet normal -0 0 1
    outer loop
      vertex 6.10865 4.54078 26.2
      vertex 7.12492 4.11983 26.2
      vertex 6.15911 4.68942 26.2
    endloop
  endfacet
  facet normal 0 0 1
    outer loop
      vertex 7.12492 4.11983 26.2
      vertex 6.10865 4.54078 26.2
      vertex 6.99186 3.85 26.2
    endloop
  endfacet
  facet normal 0 0 1
    outer loop
      vertex 7.28032 5.30021 26.2
      vertex 6.18973 5.15663 26.2
      vertex 6.2 5 26.2
    endloop
  endfacet
  facet normal 0 0 1
    outer loop
      vertex 7.22163 5.59528 26.2
      vertex 6.15911 5.31058 26.2
      vertex 6.18973 5.15663 26.2
    endloop
  endfacet
  facet normal 0 0 1
    outer loop
      vertex 5.73051 5.95202 26.2
      vertex 6.40015 6.82471 26.2
      vertex 6.15 6.99186 26.2
    endloop
  endfacet
  facet normal 0 0 1
    outer loop
      vertex 7.12492 5.88017 26.2
      vertex 6.10865 5.45922 26.2
      vertex 6.15911 5.31058 26.2
    endloop
  endfacet
  facet normal 0 0 1
    outer loop
      vertex 6.99186 6.15 26.2
      vertex 6.03923 5.6 26.2
      vertex 6.10865 5.45922 26.2
    endloop
  endfacet
  facet normal 0 0 1
    outer loop
      vertex 6.82471 6.40015 26.2
      vertex 5.95202 5.73051 26.2
      vertex 6.03923 5.6 26.2
    endloop
  endfacet
  facet normal 0 0 1
    outer loop
      vertex 5.6 6.03923 26.2
      vertex 6.15 6.99186 26.2
      vertex 5.88017 7.12492 26.2
    endloop
  endfacet
  facet normal 0 0 1
    outer loop
      vertex 6.62634 6.62634 26.2
      vertex 5.84853 5.84853 26.2
      vertex 5.95202 5.73051 26.2
    endloop
  endfacet
  facet normal 0 0 1
    outer loop
      vertex 6.40015 6.82471 26.2
      vertex 5.73051 5.95202 26.2
      vertex 5.84853 5.84853 26.2
    endloop
  endfacet
  facet normal 0 0 1
    outer loop
      vertex 6.15 6.99186 26.2
      vertex 5.6 6.03923 26.2
      vertex 5.73051 5.95202 26.2
    endloop
  endfacet
  facet normal 0 0 1
    outer loop
      vertex 5.45922 6.10865 26.2
      vertex 5.88017 7.12492 26.2
      vertex 5.59528 7.22163 26.2
    endloop
  endfacet
  facet normal 0 0 1
    outer loop
      vertex 5.88017 7.12492 26.2
      vertex 5.45922 6.10865 26.2
      vertex 5.6 6.03923 26.2
    endloop
  endfacet
  facet normal 0 0 1
    outer loop
      vertex 5.59528 7.22163 26.2
      vertex 5.31058 6.15911 26.2
      vertex 5.45922 6.10865 26.2
    endloop
  endfacet
  facet normal 0 0 1
    outer loop
      vertex 5.30021 7.28032 26.2
      vertex 5.31058 6.15911 26.2
      vertex 5.59528 7.22163 26.2
    endloop
  endfacet
  facet normal 0 0 1
    outer loop
      vertex 5.30021 7.28032 26.2
      vertex 5.15663 6.18973 26.2
      vertex 5.31058 6.15911 26.2
    endloop
  endfacet
  facet normal 0 0 1
    outer loop
      vertex 5 7.3 26.2
      vertex 5.15663 6.18973 26.2
      vertex 5.30021 7.28032 26.2
    endloop
  endfacet
  facet normal 0 0 1
    outer loop
      vertex 5 7.3 26.2
      vertex 5 6.2 26.2
      vertex 5.15663 6.18973 26.2
    endloop
  endfacet
  facet normal 0 0 1
    outer loop
      vertex 5 7.3 26.2
      vertex 4.84337 6.18973 26.2
      vertex 5 6.2 26.2
    endloop
  endfacet
  facet normal -0 0 1
    outer loop
      vertex 4.69979 7.28032 26.2
      vertex 4.84337 6.18973 26.2
      vertex 5 7.3 26.2
    endloop
  endfacet
  facet normal 0 0 1
    outer loop
      vertex 4.69979 7.28032 26.2
      vertex 4.68942 6.15911 26.2
      vertex 4.84337 6.18973 26.2
    endloop
  endfacet
  facet normal -0 0 1
    outer loop
      vertex 4.40472 7.22163 26.2
      vertex 4.68942 6.15911 26.2
      vertex 4.69979 7.28032 26.2
    endloop
  endfacet
  facet normal 0 0 1
    outer loop
      vertex 4.68942 6.15911 26.2
      vertex 4.40472 7.22163 26.2
      vertex 4.54078 6.10865 26.2
    endloop
  endfacet
  facet normal -0 0 1
    outer loop
      vertex 4.11983 7.12492 26.2
      vertex 4.54078 6.10865 26.2
      vertex 4.40472 7.22163 26.2
    endloop
  endfacet
  facet normal 0 0 1
    outer loop
      vertex 4.54078 6.10865 26.2
      vertex 4.11983 7.12492 26.2
      vertex 4.4 6.03923 26.2
    endloop
  endfacet
  facet normal -0 0 1
    outer loop
      vertex 3.85 6.99186 26.2
      vertex 4.4 6.03923 26.2
      vertex 4.11983 7.12492 26.2
    endloop
  endfacet
  facet normal 0 0 1
    outer loop
      vertex 4.4 6.03923 26.2
      vertex 3.85 6.99186 26.2
      vertex 4.26949 5.95202 26.2
    endloop
  endfacet
  facet normal -0 0 1
    outer loop
      vertex 3.59985 6.82471 26.2
      vertex 4.26949 5.95202 26.2
      vertex 3.85 6.99186 26.2
    endloop
  endfacet
  facet normal 0 0 1
    outer loop
      vertex 4.26949 5.95202 26.2
      vertex 3.59985 6.82471 26.2
      vertex 4.15147 5.84853 26.2
    endloop
  endfacet
  facet normal -0 0 1
    outer loop
      vertex 3.37365 6.62634 26.2
      vertex 4.15147 5.84853 26.2
      vertex 3.59985 6.82471 26.2
    endloop
  endfacet
  facet normal 0 0 1
    outer loop
      vertex 4.15147 5.84853 26.2
      vertex 3.37365 6.62634 26.2
      vertex 4.04798 5.73051 26.2
    endloop
  endfacet
  facet normal -0 0 1
    outer loop
      vertex 3.17529 6.40015 26.2
      vertex 4.04798 5.73051 26.2
      vertex 3.37365 6.62634 26.2
    endloop
  endfacet
  facet normal 0 0 1
    outer loop
      vertex 4.04798 5.73051 26.2
      vertex 3.17529 6.40015 26.2
      vertex 3.96077 5.6 26.2
    endloop
  endfacet
  facet normal -0 0 1
    outer loop
      vertex 3.00814 6.15 26.2
      vertex 3.96077 5.6 26.2
      vertex 3.17529 6.40015 26.2
    endloop
  endfacet
  facet normal 0 0 1
    outer loop
      vertex 3.96077 5.6 26.2
      vertex 3.00814 6.15 26.2
      vertex 3.89134 5.45922 26.2
    endloop
  endfacet
  facet normal -0 0 1
    outer loop
      vertex 6.03923 4.4 26.2
      vertex 6.99186 3.85 26.2
      vertex 6.10865 4.54078 26.2
    endloop
  endfacet
  facet normal 0 0 1
    outer loop
      vertex 6.99186 3.85 26.2
      vertex 6.03923 4.4 26.2
      vertex 6.82471 3.59985 26.2
    endloop
  endfacet
  facet normal -0 0 1
    outer loop
      vertex 5.95202 4.26949 26.2
      vertex 6.82471 3.59985 26.2
      vertex 6.03923 4.4 26.2
    endloop
  endfacet
  facet normal 0 0 1
    outer loop
      vertex 6.82471 3.59985 26.2
      vertex 5.95202 4.26949 26.2
      vertex 6.62634 3.37365 26.2
    endloop
  endfacet
  facet normal -0 0 1
    outer loop
      vertex 5.84853 4.15147 26.2
      vertex 6.62634 3.37365 26.2
      vertex 5.95202 4.26949 26.2
    endloop
  endfacet
  facet normal 0 0 1
    outer loop
      vertex 6.62634 3.37365 26.2
      vertex 5.84853 4.15147 26.2
      vertex 6.40015 3.17529 26.2
    endloop
  endfacet
  facet normal -0 0 1
    outer loop
      vertex 5.73051 4.04798 26.2
      vertex 6.40015 3.17529 26.2
      vertex 5.84853 4.15147 26.2
    endloop
  endfacet
  facet normal 0 0 1
    outer loop
      vertex 6.40015 3.17529 26.2
      vertex 5.73051 4.04798 26.2
      vertex 6.15 3.00814 26.2
    endloop
  endfacet
  facet normal -0 0 1
    outer loop
      vertex 5.6 3.96077 26.2
      vertex 6.15 3.00814 26.2
      vertex 5.73051 4.04798 26.2
    endloop
  endfacet
  facet normal 0 0 1
    outer loop
      vertex 6.15 3.00814 26.2
      vertex 5.6 3.96077 26.2
      vertex 5.88017 2.87508 26.2
    endloop
  endfacet
  facet normal -0 0 1
    outer loop
      vertex 5.45922 3.89134 26.2
      vertex 5.88017 2.87508 26.2
      vertex 5.6 3.96077 26.2
    endloop
  endfacet
  facet normal 0 0 1
    outer loop
      vertex 5.88017 2.87508 26.2
      vertex 5.45922 3.89134 26.2
      vertex 5.59528 2.77837 26.2
    endloop
  endfacet
  facet normal -0 0 1
    outer loop
      vertex 5.31058 3.84089 26.2
      vertex 5.59528 2.77837 26.2
      vertex 5.45922 3.89134 26.2
    endloop
  endfacet
  facet normal 0 0 1
    outer loop
      vertex 5.31058 3.84089 26.2
      vertex 5.30021 2.71968 26.2
      vertex 5.59528 2.77837 26.2
    endloop
  endfacet
  facet normal -0 0 1
    outer loop
      vertex 5.15663 3.81027 26.2
      vertex 5.30021 2.71968 26.2
      vertex 5.31058 3.84089 26.2
    endloop
  endfacet
  facet normal -0 0 1
    outer loop
      vertex 5 3.8 26.2
      vertex 5.30021 2.71968 26.2
      vertex 5.15663 3.81027 26.2
    endloop
  endfacet
  facet normal 0 0 1
    outer loop
      vertex 5 3.8 26.2
      vertex 5 2.7 26.2
      vertex 5.30021 2.71968 26.2
    endloop
  endfacet
  facet normal 0 0 1
    outer loop
      vertex 4.84337 3.81027 26.2
      vertex 5 2.7 26.2
      vertex 5 3.8 26.2
    endloop
  endfacet
  facet normal 0 0 1
    outer loop
      vertex 4.84337 3.81027 26.2
      vertex 4.69979 2.71968 26.2
      vertex 5 2.7 26.2
    endloop
  endfacet
  facet normal 0 0 1
    outer loop
      vertex 4.68942 3.84089 26.2
      vertex 4.69979 2.71968 26.2
      vertex 4.84337 3.81027 26.2
    endloop
  endfacet
  facet normal 0 0 1
    outer loop
      vertex 4.40472 2.77837 26.2
      vertex 4.68942 3.84089 26.2
      vertex 4.54078 3.89134 26.2
    endloop
  endfacet
  facet normal 0 0 1
    outer loop
      vertex 4.68942 3.84089 26.2
      vertex 4.40472 2.77837 26.2
      vertex 4.69979 2.71968 26.2
    endloop
  endfacet
  facet normal 0 0 1
    outer loop
      vertex 4.11983 2.87508 26.2
      vertex 4.54078 3.89134 26.2
      vertex 4.4 3.96077 26.2
    endloop
  endfacet
  facet normal 0 0 1
    outer loop
      vertex 3.85 3.00814 26.2
      vertex 4.4 3.96077 26.2
      vertex 4.26949 4.04798 26.2
    endloop
  endfacet
  facet normal 0 0 1
    outer loop
      vertex 3.59985 3.17529 26.2
      vertex 4.26949 4.04798 26.2
      vertex 4.15147 4.15147 26.2
    endloop
  endfacet
  facet normal 0 0 1
    outer loop
      vertex 4.54078 3.89134 26.2
      vertex 4.11983 2.87508 26.2
      vertex 4.40472 2.77837 26.2
    endloop
  endfacet
  facet normal 0 0 1
    outer loop
      vertex 3.37365 3.37365 26.2
      vertex 4.15147 4.15147 26.2
      vertex 4.04798 4.26949 26.2
    endloop
  endfacet
  facet normal 0 0 1
    outer loop
      vertex 3.17529 3.59985 26.2
      vertex 4.04798 4.26949 26.2
      vertex 3.96077 4.4 26.2
    endloop
  endfacet
  facet normal 0 0 1
    outer loop
      vertex 3.00814 3.85 26.2
      vertex 3.96077 4.4 26.2
      vertex 3.89134 4.54078 26.2
    endloop
  endfacet
  facet normal 0 0 1
    outer loop
      vertex 4.4 3.96077 26.2
      vertex 3.85 3.00814 26.2
      vertex 4.11983 2.87508 26.2
    endloop
  endfacet
  facet normal 0 0 1
    outer loop
      vertex 2.87508 4.11983 26.2
      vertex 3.89134 4.54078 26.2
      vertex 3.84089 4.68942 26.2
    endloop
  endfacet
  facet normal 0 0 1
    outer loop
      vertex 2.77837 4.40472 26.2
      vertex 3.84089 4.68942 26.2
      vertex 3.81027 4.84337 26.2
    endloop
  endfacet
  facet normal 0 0 1
    outer loop
      vertex 2.71968 4.69979 26.2
      vertex 3.81027 4.84337 26.2
      vertex 3.8 5 26.2
    endloop
  endfacet
  facet normal -0 0 1
    outer loop
      vertex 2.87508 5.88017 26.2
      vertex 3.89134 5.45922 26.2
      vertex 3.00814 6.15 26.2
    endloop
  endfacet
  facet normal 0 0 1
    outer loop
      vertex 4.26949 4.04798 26.2
      vertex 3.59985 3.17529 26.2
      vertex 3.85 3.00814 26.2
    endloop
  endfacet
  facet normal 0 0 1
    outer loop
      vertex 3.89134 5.45922 26.2
      vertex 2.87508 5.88017 26.2
      vertex 3.84089 5.31058 26.2
    endloop
  endfacet
  facet normal 0 0 1
    outer loop
      vertex 4.15147 4.15147 26.2
      vertex 3.37365 3.37365 26.2
      vertex 3.59985 3.17529 26.2
    endloop
  endfacet
  facet normal -0 0 1
    outer loop
      vertex 2.77837 5.59528 26.2
      vertex 3.84089 5.31058 26.2
      vertex 2.87508 5.88017 26.2
    endloop
  endfacet
  facet normal 0 0 1
    outer loop
      vertex 4.04798 4.26949 26.2
      vertex 3.17529 3.59985 26.2
      vertex 3.37365 3.37365 26.2
    endloop
  endfacet
  facet normal 0 0 1
    outer loop
      vertex 3.84089 5.31058 26.2
      vertex 2.77837 5.59528 26.2
      vertex 3.81027 5.15663 26.2
    endloop
  endfacet
  facet normal 0 0 1
    outer loop
      vertex 3.96077 4.4 26.2
      vertex 3.00814 3.85 26.2
      vertex 3.17529 3.59985 26.2
    endloop
  endfacet
  facet normal -0 0 1
    outer loop
      vertex 2.71968 5.30021 26.2
      vertex 3.81027 5.15663 26.2
      vertex 2.77837 5.59528 26.2
    endloop
  endfacet
  facet normal 0 0 1
    outer loop
      vertex 3.89134 4.54078 26.2
      vertex 2.87508 4.11983 26.2
      vertex 3.00814 3.85 26.2
    endloop
  endfacet
  facet normal 0 0 1
    outer loop
      vertex 3.81027 5.15663 26.2
      vertex 2.71968 5.30021 26.2
      vertex 3.8 5 26.2
    endloop
  endfacet
  facet normal 0 0 1
    outer loop
      vertex 3.84089 4.68942 26.2
      vertex 2.77837 4.40472 26.2
      vertex 2.87508 4.11983 26.2
    endloop
  endfacet
  facet normal 0 0 1
    outer loop
      vertex 2.7 5 26.2
      vertex 3.8 5 26.2
      vertex 2.71968 5.30021 26.2
    endloop
  endfacet
  facet normal 0 0 1
    outer loop
      vertex 3.81027 4.84337 26.2
      vertex 2.71968 4.69979 26.2
      vertex 2.77837 4.40472 26.2
    endloop
  endfacet
  facet normal 0 0 1
    outer loop
      vertex 3.8 5 26.2
      vertex 2.7 5 26.2
      vertex 2.71968 4.69979 26.2
    endloop
  endfacet
  facet normal -0.321448 -0.946927 0
    outer loop
      vertex 5.59528 7.22163 26.2
      vertex 5.88017 7.12492 27.4
      vertex 5.59528 7.22163 27.4
    endloop
  endfacet
  facet normal -0.321448 -0.946927 -0
    outer loop
      vertex 5.88017 7.12492 27.4
      vertex 5.59528 7.22163 26.2
      vertex 5.88017 7.12492 26.2
    endloop
  endfacet
  facet normal 0.659342 -0.751843 0
    outer loop
      vertex 3.37365 6.62634 26.2
      vertex 3.59985 6.82471 27.4
      vertex 3.37365 6.62634 27.4
    endloop
  endfacet
  facet normal 0.659342 -0.751843 0
    outer loop
      vertex 3.59985 6.82471 27.4
      vertex 3.37365 6.62634 26.2
      vertex 3.59985 6.82471 26.2
    endloop
  endfacet
  facet normal -0.555582 0.831462 0
    outer loop
      vertex 6.40015 3.17529 26.2
      vertex 6.15 3.00814 27.4
      vertex 6.40015 3.17529 27.4
    endloop
  endfacet
  facet normal -0.555582 0.831462 0
    outer loop
      vertex 6.15 3.00814 27.4
      vertex 6.40015 3.17529 26.2
      vertex 6.15 3.00814 26.2
    endloop
  endfacet
  facet normal 0.19508 -0.980787 0
    outer loop
      vertex 4.40472 7.22163 26.2
      vertex 4.69979 7.28032 27.4
      vertex 4.40472 7.22163 27.4
    endloop
  endfacet
  facet normal 0.19508 -0.980787 0
    outer loop
      vertex 4.69979 7.28032 27.4
      vertex 4.40472 7.22163 26.2
      vertex 4.69979 7.28032 26.2
    endloop
  endfacet
  facet normal 0.997858 0.0654137 0
    outer loop
      vertex 2.71968 4.69979 27.4
      vertex 2.7 5 26.2
      vertex 2.7 5 27.4
    endloop
  endfacet
  facet normal 0.997858 0.0654137 0
    outer loop
      vertex 2.7 5 26.2
      vertex 2.71968 4.69979 27.4
      vertex 2.71968 4.69979 26.2
    endloop
  endfacet
  facet normal 0.89688 0.442274 0
    outer loop
      vertex 3.00814 3.85 27.4
      vertex 2.87508 4.11983 26.2
      vertex 2.87508 4.11983 27.4
    endloop
  endfacet
  facet normal 0.89688 0.442274 0
    outer loop
      vertex 2.87508 4.11983 26.2
      vertex 3.00814 3.85 27.4
      vertex 3.00814 3.85 26.2
    endloop
  endfacet
  facet normal -0.0654137 -0.997858 0
    outer loop
      vertex 5 7.3 26.2
      vertex 5.30021 7.28032 27.4
      vertex 5 7.3 27.4
    endloop
  endfacet
  facet normal -0.0654137 -0.997858 -0
    outer loop
      vertex 5.30021 7.28032 27.4
      vertex 5 7.3 26.2
      vertex 5.30021 7.28032 26.2
    endloop
  endfacet
  facet normal 0.321448 0.946927 -0
    outer loop
      vertex 4.40472 2.77837 26.2
      vertex 4.11983 2.87508 27.4
      vertex 4.40472 2.77837 27.4
    endloop
  endfacet
  facet normal 0.321448 0.946927 0
    outer loop
      vertex 4.11983 2.87508 27.4
      vertex 4.40472 2.77837 26.2
      vertex 4.11983 2.87508 26.2
    endloop
  endfacet
  facet normal -0.19508 0.980787 0
    outer loop
      vertex 5.59528 2.77837 26.2
      vertex 5.30021 2.71968 27.4
      vertex 5.59528 2.77837 27.4
    endloop
  endfacet
  facet normal -0.19508 0.980787 0
    outer loop
      vertex 5.30021 2.71968 27.4
      vertex 5.59528 2.77837 26.2
      vertex 5.30021 2.71968 26.2
    endloop
  endfacet
  facet normal 0.442274 -0.89688 0
    outer loop
      vertex 3.85 6.99186 26.2
      vertex 4.11983 7.12492 27.4
      vertex 3.85 6.99186 27.4
    endloop
  endfacet
  facet normal 0.442274 -0.89688 0
    outer loop
      vertex 4.11983 7.12492 27.4
      vertex 3.85 6.99186 26.2
      vertex 4.11983 7.12492 26.2
    endloop
  endfacet
  facet normal 0.0654137 -0.997858 0
    outer loop
      vertex 4.69979 7.28032 26.2
      vertex 5 7.3 27.4
      vertex 4.69979 7.28032 27.4
    endloop
  endfacet
  facet normal 0.0654137 -0.997858 0
    outer loop
      vertex 5 7.3 27.4
      vertex 4.69979 7.28032 26.2
      vertex 5 7.3 26.2
    endloop
  endfacet
  facet normal -0.442274 -0.89688 0
    outer loop
      vertex 5.88017 7.12492 26.2
      vertex 6.15 6.99186 27.4
      vertex 5.88017 7.12492 27.4
    endloop
  endfacet
  facet normal -0.442274 -0.89688 -0
    outer loop
      vertex 6.15 6.99186 27.4
      vertex 5.88017 7.12492 26.2
      vertex 6.15 6.99186 26.2
    endloop
  endfacet
  facet normal -0.442274 0.89688 0
    outer loop
      vertex 6.15 3.00814 26.2
      vertex 5.88017 2.87508 27.4
      vertex 6.15 3.00814 27.4
    endloop
  endfacet
  facet normal -0.442274 0.89688 0
    outer loop
      vertex 5.88017 2.87508 27.4
      vertex 6.15 3.00814 26.2
      vertex 5.88017 2.87508 26.2
    endloop
  endfacet
  facet normal 0.980787 0.19508 0
    outer loop
      vertex 2.77837 4.40472 27.4
      vertex 2.71968 4.69979 26.2
      vertex 2.71968 4.69979 27.4
    endloop
  endfacet
  facet normal 0.980787 0.19508 0
    outer loop
      vertex 2.71968 4.69979 26.2
      vertex 2.77837 4.40472 27.4
      vertex 2.77837 4.40472 26.2
    endloop
  endfacet
  facet normal -0.997858 0.0654137 0
    outer loop
      vertex 7.28032 4.69979 26.2
      vertex 7.3 5 27.4
      vertex 7.3 5 26.2
    endloop
  endfacet
  facet normal -0.997858 0.0654137 0
    outer loop
      vertex 7.3 5 27.4
      vertex 7.28032 4.69979 26.2
      vertex 7.28032 4.69979 27.4
    endloop
  endfacet
  facet normal 0.555582 0.831462 -0
    outer loop
      vertex 3.85 3.00814 26.2
      vertex 3.59985 3.17529 27.4
      vertex 3.85 3.00814 27.4
    endloop
  endfacet
  facet normal 0.555582 0.831462 0
    outer loop
      vertex 3.59985 3.17529 27.4
      vertex 3.85 3.00814 26.2
      vertex 3.59985 3.17529 26.2
    endloop
  endfacet
  facet normal -0.751843 0.659342 0
    outer loop
      vertex 6.62634 3.37365 26.2
      vertex 6.82471 3.59985 27.4
      vertex 6.82471 3.59985 26.2
    endloop
  endfacet
  facet normal -0.751843 0.659342 0
    outer loop
      vertex 6.82471 3.59985 27.4
      vertex 6.62634 3.37365 26.2
      vertex 6.62634 3.37365 27.4
    endloop
  endfacet
  facet normal -0.831462 0.555582 0
    outer loop
      vertex 6.82471 3.59985 26.2
      vertex 6.99186 3.85 27.4
      vertex 6.99186 3.85 26.2
    endloop
  endfacet
  facet normal -0.831462 0.555582 0
    outer loop
      vertex 6.99186 3.85 27.4
      vertex 6.82471 3.59985 26.2
      vertex 6.82471 3.59985 27.4
    endloop
  endfacet
  facet normal 0.75186 0.659323 0
    outer loop
      vertex 3.37365 3.37365 27.4
      vertex 3.17529 3.59985 26.2
      vertex 3.17529 3.59985 27.4
    endloop
  endfacet
  facet normal 0.75186 0.659323 0
    outer loop
      vertex 3.17529 3.59985 26.2
      vertex 3.37365 3.37365 27.4
      vertex 3.37365 3.37365 26.2
    endloop
  endfacet
  facet normal 0.751845 -0.65934 0
    outer loop
      vertex 3.17529 6.40015 27.4
      vertex 3.37365 6.62634 26.2
      vertex 3.37365 6.62634 27.4
    endloop
  endfacet
  facet normal 0.751845 -0.65934 0
    outer loop
      vertex 3.37365 6.62634 26.2
      vertex 3.17529 6.40015 27.4
      vertex 3.17529 6.40015 26.2
    endloop
  endfacet
  facet normal 0.831462 -0.555582 0
    outer loop
      vertex 3.00814 6.15 27.4
      vertex 3.17529 6.40015 26.2
      vertex 3.17529 6.40015 27.4
    endloop
  endfacet
  facet normal 0.831462 -0.555582 0
    outer loop
      vertex 3.17529 6.40015 26.2
      vertex 3.00814 6.15 27.4
      vertex 3.00814 6.15 26.2
    endloop
  endfacet
  facet normal 0.659323 0.75186 -0
    outer loop
      vertex 3.59985 3.17529 26.2
      vertex 3.37365 3.37365 27.4
      vertex 3.59985 3.17529 27.4
    endloop
  endfacet
  facet normal 0.659323 0.75186 0
    outer loop
      vertex 3.37365 3.37365 27.4
      vertex 3.59985 3.17529 26.2
      vertex 3.37365 3.37365 26.2
    endloop
  endfacet
  facet normal -0.946927 0.321448 0
    outer loop
      vertex 7.12492 4.11983 26.2
      vertex 7.22163 4.40472 27.4
      vertex 7.22163 4.40472 26.2
    endloop
  endfacet
  facet normal -0.946927 0.321448 0
    outer loop
      vertex 7.22163 4.40472 27.4
      vertex 7.12492 4.11983 26.2
      vertex 7.12492 4.11983 27.4
    endloop
  endfacet
  facet normal 0.831462 0.555582 0
    outer loop
      vertex 3.17529 3.59985 27.4
      vertex 3.00814 3.85 26.2
      vertex 3.00814 3.85 27.4
    endloop
  endfacet
  facet normal 0.831462 0.555582 0
    outer loop
      vertex 3.00814 3.85 26.2
      vertex 3.17529 3.59985 27.4
      vertex 3.17529 3.59985 26.2
    endloop
  endfacet
  facet normal -0.89688 0.442274 0
    outer loop
      vertex 6.99186 3.85 26.2
      vertex 7.12492 4.11983 27.4
      vertex 7.12492 4.11983 26.2
    endloop
  endfacet
  facet normal -0.89688 0.442274 0
    outer loop
      vertex 7.12492 4.11983 27.4
      vertex 6.99186 3.85 26.2
      vertex 6.99186 3.85 27.4
    endloop
  endfacet
  facet normal 0.19508 0.980787 -0
    outer loop
      vertex 4.69979 2.71968 26.2
      vertex 4.40472 2.77837 27.4
      vertex 4.69979 2.71968 27.4
    endloop
  endfacet
  facet normal 0.19508 0.980787 0
    outer loop
      vertex 4.40472 2.77837 27.4
      vertex 4.69979 2.71968 26.2
      vertex 4.40472 2.77837 26.2
    endloop
  endfacet
  facet normal -0.0654137 0.997858 0
    outer loop
      vertex 5.30021 2.71968 26.2
      vertex 5 2.7 27.4
      vertex 5.30021 2.71968 27.4
    endloop
  endfacet
  facet normal -0.0654137 0.997858 0
    outer loop
      vertex 5 2.7 27.4
      vertex 5.30021 2.71968 26.2
      vertex 5 2.7 26.2
    endloop
  endfacet
  facet normal 0.442274 0.89688 -0
    outer loop
      vertex 4.11983 2.87508 26.2
      vertex 3.85 3.00814 27.4
      vertex 4.11983 2.87508 27.4
    endloop
  endfacet
  facet normal 0.442274 0.89688 0
    outer loop
      vertex 3.85 3.00814 27.4
      vertex 4.11983 2.87508 26.2
      vertex 3.85 3.00814 26.2
    endloop
  endfacet
  facet normal -0.19508 -0.980787 0
    outer loop
      vertex 5.30021 7.28032 26.2
      vertex 5.59528 7.22163 27.4
      vertex 5.30021 7.28032 27.4
    endloop
  endfacet
  facet normal -0.19508 -0.980787 -0
    outer loop
      vertex 5.59528 7.22163 27.4
      vertex 5.30021 7.28032 26.2
      vertex 5.59528 7.22163 26.2
    endloop
  endfacet
  facet normal -0.65934 0.751845 0
    outer loop
      vertex 6.62634 3.37365 26.2
      vertex 6.40015 3.17529 27.4
      vertex 6.62634 3.37365 27.4
    endloop
  endfacet
  facet normal -0.65934 0.751845 0
    outer loop
      vertex 6.40015 3.17529 27.4
      vertex 6.62634 3.37365 26.2
      vertex 6.40015 3.17529 26.2
    endloop
  endfacet
  facet normal -0.555582 -0.831462 0
    outer loop
      vertex 6.15 6.99186 26.2
      vertex 6.40015 6.82471 27.4
      vertex 6.15 6.99186 27.4
    endloop
  endfacet
  facet normal -0.555582 -0.831462 -0
    outer loop
      vertex 6.40015 6.82471 27.4
      vertex 6.15 6.99186 26.2
      vertex 6.40015 6.82471 26.2
    endloop
  endfacet
  facet normal 0.321448 -0.946927 0
    outer loop
      vertex 4.11983 7.12492 26.2
      vertex 4.40472 7.22163 27.4
      vertex 4.11983 7.12492 27.4
    endloop
  endfacet
  facet normal 0.321448 -0.946927 0
    outer loop
      vertex 4.40472 7.22163 27.4
      vertex 4.11983 7.12492 26.2
      vertex 4.40472 7.22163 26.2
    endloop
  endfacet
  facet normal 0.0654137 0.997858 -0
    outer loop
      vertex 5 2.7 26.2
      vertex 4.69979 2.71968 27.4
      vertex 5 2.7 27.4
    endloop
  endfacet
  facet normal 0.0654137 0.997858 0
    outer loop
      vertex 4.69979 2.71968 27.4
      vertex 5 2.7 26.2
      vertex 4.69979 2.71968 26.2
    endloop
  endfacet
  facet normal 0.89688 -0.442274 0
    outer loop
      vertex 2.87508 5.88017 27.4
      vertex 3.00814 6.15 26.2
      vertex 3.00814 6.15 27.4
    endloop
  endfacet
  facet normal 0.89688 -0.442274 0
    outer loop
      vertex 3.00814 6.15 26.2
      vertex 2.87508 5.88017 27.4
      vertex 2.87508 5.88017 26.2
    endloop
  endfacet
  facet normal 0.980787 -0.19508 0
    outer loop
      vertex 2.71968 5.30021 27.4
      vertex 2.77837 5.59528 26.2
      vertex 2.77837 5.59528 27.4
    endloop
  endfacet
  facet normal 0.980787 -0.19508 0
    outer loop
      vertex 2.77837 5.59528 26.2
      vertex 2.71968 5.30021 27.4
      vertex 2.71968 5.30021 26.2
    endloop
  endfacet
  facet normal -0.751829 -0.659358 0
    outer loop
      vertex 6.82471 6.40015 26.2
      vertex 6.62634 6.62634 27.4
      vertex 6.62634 6.62634 26.2
    endloop
  endfacet
  facet normal -0.751829 -0.659358 0
    outer loop
      vertex 6.62634 6.62634 27.4
      vertex 6.82471 6.40015 26.2
      vertex 6.82471 6.40015 27.4
    endloop
  endfacet
  facet normal -0.659358 -0.751829 0
    outer loop
      vertex 6.40015 6.82471 26.2
      vertex 6.62634 6.62634 27.4
      vertex 6.40015 6.82471 27.4
    endloop
  endfacet
  facet normal -0.659358 -0.751829 -0
    outer loop
      vertex 6.62634 6.62634 27.4
      vertex 6.40015 6.82471 26.2
      vertex 6.62634 6.62634 26.2
    endloop
  endfacet
  facet normal 0.946927 -0.321448 0
    outer loop
      vertex 2.77837 5.59528 27.4
      vertex 2.87508 5.88017 26.2
      vertex 2.87508 5.88017 27.4
    endloop
  endfacet
  facet normal 0.946927 -0.321448 0
    outer loop
      vertex 2.87508 5.88017 26.2
      vertex 2.77837 5.59528 27.4
      vertex 2.77837 5.59528 26.2
    endloop
  endfacet
  facet normal 0.997858 -0.0654137 0
    outer loop
      vertex 2.7 5 27.4
      vertex 2.71968 5.30021 26.2
      vertex 2.71968 5.30021 27.4
    endloop
  endfacet
  facet normal 0.997858 -0.0654137 0
    outer loop
      vertex 2.71968 5.30021 26.2
      vertex 2.7 5 27.4
      vertex 2.7 5 26.2
    endloop
  endfacet
  facet normal -0.831432 -0.555626 0
    outer loop
      vertex 6.03923 58.3 25.1
      vertex 5.95202 58.4305 26.2
      vertex 5.95202 58.4305 25.1
    endloop
  endfacet
  facet normal -0.831432 -0.555626 0
    outer loop
      vertex 5.95202 58.4305 26.2
      vertex 6.03923 58.3 25.1
      vertex 6.03923 58.3 26.2
    endloop
  endfacet
  facet normal 0.980801 0.195014 0
    outer loop
      vertex 3.84089 57.3894 26.2
      vertex 3.81027 57.5434 25.1
      vertex 3.81027 57.5434 26.2
    endloop
  endfacet
  facet normal 0.980801 0.195014 0
    outer loop
      vertex 3.81027 57.5434 25.1
      vertex 3.84089 57.3894 26.2
      vertex 3.84089 57.3894 25.1
    endloop
  endfacet
  facet normal -0.321117 0.94704 0
    outer loop
      vertex 5.45922 56.5913 25.1
      vertex 5.31058 56.5409 26.2
      vertex 5.45922 56.5913 26.2
    endloop
  endfacet
  facet normal -0.321117 0.94704 0
    outer loop
      vertex 5.31058 56.5409 26.2
      vertex 5.45922 56.5913 25.1
      vertex 5.31058 56.5409 25.1
    endloop
  endfacet
  facet normal 0.896885 0.442264 0
    outer loop
      vertex 3.96077 57.1 26.2
      vertex 3.89134 57.2408 25.1
      vertex 3.89134 57.2408 26.2
    endloop
  endfacet
  facet normal 0.896885 0.442264 0
    outer loop
      vertex 3.89134 57.2408 25.1
      vertex 3.96077 57.1 26.2
      vertex 3.96077 57.1 25.1
    endloop
  endfacet
  facet normal -0.89691 -0.442212 0
    outer loop
      vertex 6.10865 58.1592 25.1
      vertex 6.03923 58.3 26.2
      vertex 6.03923 58.3 25.1
    endloop
  endfacet
  facet normal -0.89691 -0.442212 0
    outer loop
      vertex 6.03923 58.3 26.2
      vertex 6.10865 58.1592 25.1
      vertex 6.10865 58.1592 26.2
    endloop
  endfacet
  facet normal -0.194952 -0.980813 0
    outer loop
      vertex 5.15663 58.8897 25.1
      vertex 5.31058 58.8591 26.2
      vertex 5.15663 58.8897 26.2
    endloop
  endfacet
  facet normal -0.194952 -0.980813 -0
    outer loop
      vertex 5.31058 58.8591 26.2
      vertex 5.15663 58.8897 25.1
      vertex 5.31058 58.8591 25.1
    endloop
  endfacet
  facet normal -0.555553 0.831481 0
    outer loop
      vertex 5.73051 56.748 25.1
      vertex 5.6 56.6608 26.2
      vertex 5.73051 56.748 26.2
    endloop
  endfacet
  facet normal -0.555553 0.831481 0
    outer loop
      vertex 5.6 56.6608 26.2
      vertex 5.73051 56.748 25.1
      vertex 5.6 56.6608 25.1
    endloop
  endfacet
  facet normal -0.980801 -0.195014 0
    outer loop
      vertex 6.18973 57.8566 25.1
      vertex 6.15911 58.0106 26.2
      vertex 6.15911 58.0106 25.1
    endloop
  endfacet
  facet normal -0.980801 -0.195014 0
    outer loop
      vertex 6.15911 58.0106 26.2
      vertex 6.18973 57.8566 25.1
      vertex 6.18973 57.8566 26.2
    endloop
  endfacet
  facet normal -0.89691 0.442212 0
    outer loop
      vertex 6.03923 57.1 25.1
      vertex 6.10865 57.2408 26.2
      vertex 6.10865 57.2408 25.1
    endloop
  endfacet
  facet normal -0.89691 0.442212 0
    outer loop
      vertex 6.10865 57.2408 26.2
      vertex 6.03923 57.1 25.1
      vertex 6.03923 57.1 26.2
    endloop
  endfacet
  facet normal 0.659343 -0.751842 0
    outer loop
      vertex 4.15147 58.5485 25.1
      vertex 4.26949 58.652 26.2
      vertex 4.15147 58.5485 26.2
    endloop
  endfacet
  facet normal 0.659343 -0.751842 0
    outer loop
      vertex 4.26949 58.652 26.2
      vertex 4.15147 58.5485 25.1
      vertex 4.26949 58.652 25.1
    endloop
  endfacet
  facet normal 0.442673 -0.896683 0
    outer loop
      vertex 4.4 58.7392 25.1
      vertex 4.54078 58.8087 26.2
      vertex 4.4 58.7392 26.2
    endloop
  endfacet
  facet normal 0.442673 -0.896683 0
    outer loop
      vertex 4.54078 58.8087 26.2
      vertex 4.4 58.7392 25.1
      vertex 4.54078 58.8087 25.1
    endloop
  endfacet
  facet normal 0.997856 -0.0654405 0
    outer loop
      vertex 3.8 57.7 26.2
      vertex 3.81027 57.8566 25.1
      vertex 3.81027 57.8566 26.2
    endloop
  endfacet
  facet normal 0.997856 -0.0654405 0
    outer loop
      vertex 3.81027 57.8566 25.1
      vertex 3.8 57.7 26.2
      vertex 3.8 57.7 25.1
    endloop
  endfacet
  facet normal -0.997856 -0.0654405 0
    outer loop
      vertex 6.2 57.7 25.1
      vertex 6.18973 57.8566 26.2
      vertex 6.18973 57.8566 25.1
    endloop
  endfacet
  facet normal -0.997856 -0.0654405 0
    outer loop
      vertex 6.18973 57.8566 26.2
      vertex 6.2 57.7 25.1
      vertex 6.2 57.7 26.2
    endloop
  endfacet
  facet normal -0.0656183 -0.997845 0
    outer loop
      vertex 5 58.9 25.1
      vertex 5.15663 58.8897 26.2
      vertex 5 58.9 26.2
    endloop
  endfacet
  facet normal -0.0656183 -0.997845 -0
    outer loop
      vertex 5.15663 58.8897 26.2
      vertex 5 58.9 25.1
      vertex 5.15663 58.8897 25.1
    endloop
  endfacet
  facet normal -0.751818 0.65937 0
    outer loop
      vertex 5.84853 56.8515 25.1
      vertex 5.95202 56.9695 26.2
      vertex 5.95202 56.9695 25.1
    endloop
  endfacet
  facet normal -0.751818 0.65937 0
    outer loop
      vertex 5.95202 56.9695 26.2
      vertex 5.84853 56.8515 25.1
      vertex 5.84853 56.8515 26.2
    endloop
  endfacet
  facet normal -0.751818 -0.65937 0
    outer loop
      vertex 5.95202 58.4305 25.1
      vertex 5.84853 58.5485 26.2
      vertex 5.84853 58.5485 25.1
    endloop
  endfacet
  facet normal -0.751818 -0.65937 0
    outer loop
      vertex 5.84853 58.5485 26.2
      vertex 5.95202 58.4305 25.1
      vertex 5.95202 58.4305 26.2
    endloop
  endfacet
  facet normal -0.997856 0.0654405 0
    outer loop
      vertex 6.18973 57.5434 25.1
      vertex 6.2 57.7 26.2
      vertex 6.2 57.7 25.1
    endloop
  endfacet
  facet normal -0.997856 0.0654405 0
    outer loop
      vertex 6.2 57.7 26.2
      vertex 6.18973 57.5434 25.1
      vertex 6.18973 57.5434 26.2
    endloop
  endfacet
  facet normal -0.980801 0.195014 0
    outer loop
      vertex 6.15911 57.3894 25.1
      vertex 6.18973 57.5434 26.2
      vertex 6.18973 57.5434 25.1
    endloop
  endfacet
  facet normal -0.980801 0.195014 0
    outer loop
      vertex 6.18973 57.5434 26.2
      vertex 6.15911 57.3894 25.1
      vertex 6.15911 57.3894 26.2
    endloop
  endfacet
  facet normal 0.831432 0.555626 0
    outer loop
      vertex 4.04798 56.9695 26.2
      vertex 3.96077 57.1 25.1
      vertex 3.96077 57.1 26.2
    endloop
  endfacet
  facet normal 0.831432 0.555626 0
    outer loop
      vertex 3.96077 57.1 25.1
      vertex 4.04798 56.9695 26.2
      vertex 4.04798 56.9695 25.1
    endloop
  endfacet
  facet normal -0.946897 -0.321537 0
    outer loop
      vertex 6.15911 58.0106 25.1
      vertex 6.10865 58.1592 26.2
      vertex 6.10865 58.1592 25.1
    endloop
  endfacet
  facet normal -0.946897 -0.321537 0
    outer loop
      vertex 6.10865 58.1592 26.2
      vertex 6.15911 58.0106 25.1
      vertex 6.15911 58.0106 26.2
    endloop
  endfacet
  facet normal 0.555553 0.831481 -0
    outer loop
      vertex 4.4 56.6608 25.1
      vertex 4.26949 56.748 26.2
      vertex 4.4 56.6608 26.2
    endloop
  endfacet
  facet normal 0.555553 0.831481 0
    outer loop
      vertex 4.26949 56.748 26.2
      vertex 4.4 56.6608 25.1
      vertex 4.26949 56.748 25.1
    endloop
  endfacet
  facet normal 0.194952 0.980813 -0
    outer loop
      vertex 4.84337 56.5103 25.1
      vertex 4.68942 56.5409 26.2
      vertex 4.84337 56.5103 26.2
    endloop
  endfacet
  facet normal 0.194952 0.980813 0
    outer loop
      vertex 4.68942 56.5409 26.2
      vertex 4.84337 56.5103 25.1
      vertex 4.68942 56.5409 25.1
    endloop
  endfacet
  facet normal 0.194952 -0.980813 0
    outer loop
      vertex 4.68942 58.8591 25.1
      vertex 4.84337 58.8897 26.2
      vertex 4.68942 58.8591 26.2
    endloop
  endfacet
  facet normal 0.194952 -0.980813 0
    outer loop
      vertex 4.84337 58.8897 26.2
      vertex 4.68942 58.8591 25.1
      vertex 4.84337 58.8897 25.1
    endloop
  endfacet
  facet normal -0.321117 -0.94704 0
    outer loop
      vertex 5.31058 58.8591 25.1
      vertex 5.45922 58.8087 26.2
      vertex 5.31058 58.8591 26.2
    endloop
  endfacet
  facet normal -0.321117 -0.94704 -0
    outer loop
      vertex 5.45922 58.8087 26.2
      vertex 5.31058 58.8591 25.1
      vertex 5.45922 58.8087 25.1
    endloop
  endfacet
  facet normal -0.442673 0.896683 0
    outer loop
      vertex 5.6 56.6608 25.1
      vertex 5.45922 56.5913 26.2
      vertex 5.6 56.6608 26.2
    endloop
  endfacet
  facet normal -0.442673 0.896683 0
    outer loop
      vertex 5.45922 56.5913 26.2
      vertex 5.6 56.6608 25.1
      vertex 5.45922 56.5913 25.1
    endloop
  endfacet
  facet normal -0.442673 -0.896683 0
    outer loop
      vertex 5.45922 58.8087 25.1
      vertex 5.6 58.7392 26.2
      vertex 5.45922 58.8087 26.2
    endloop
  endfacet
  facet normal -0.442673 -0.896683 -0
    outer loop
      vertex 5.6 58.7392 26.2
      vertex 5.45922 58.8087 25.1
      vertex 5.6 58.7392 25.1
    endloop
  endfacet
  facet normal -0.194952 0.980813 0
    outer loop
      vertex 5.31058 56.5409 25.1
      vertex 5.15663 56.5103 26.2
      vertex 5.31058 56.5409 26.2
    endloop
  endfacet
  facet normal -0.194952 0.980813 0
    outer loop
      vertex 5.15663 56.5103 26.2
      vertex 5.31058 56.5409 25.1
      vertex 5.15663 56.5103 25.1
    endloop
  endfacet
  facet normal -0.555553 -0.831481 0
    outer loop
      vertex 5.6 58.7392 25.1
      vertex 5.73051 58.652 26.2
      vertex 5.6 58.7392 26.2
    endloop
  endfacet
  facet normal -0.555553 -0.831481 -0
    outer loop
      vertex 5.73051 58.652 26.2
      vertex 5.6 58.7392 25.1
      vertex 5.73051 58.652 25.1
    endloop
  endfacet
  facet normal -0.831432 0.555626 0
    outer loop
      vertex 5.95202 56.9695 25.1
      vertex 6.03923 57.1 26.2
      vertex 6.03923 57.1 25.1
    endloop
  endfacet
  facet normal -0.831432 0.555626 0
    outer loop
      vertex 6.03923 57.1 26.2
      vertex 5.95202 56.9695 25.1
      vertex 5.95202 56.9695 26.2
    endloop
  endfacet
  facet normal 0.751818 0.65937 0
    outer loop
      vertex 4.15147 56.8515 26.2
      vertex 4.04798 56.9695 25.1
      vertex 4.04798 56.9695 26.2
    endloop
  endfacet
  facet normal 0.751818 0.65937 0
    outer loop
      vertex 4.04798 56.9695 25.1
      vertex 4.15147 56.8515 26.2
      vertex 4.15147 56.8515 25.1
    endloop
  endfacet
  facet normal 0.831432 -0.555626 0
    outer loop
      vertex 3.96077 58.3 26.2
      vertex 4.04798 58.4305 25.1
      vertex 4.04798 58.4305 26.2
    endloop
  endfacet
  facet normal 0.831432 -0.555626 0
    outer loop
      vertex 4.04798 58.4305 25.1
      vertex 3.96077 58.3 26.2
      vertex 3.96077 58.3 25.1
    endloop
  endfacet
  facet normal 0.321117 -0.94704 0
    outer loop
      vertex 4.54078 58.8087 25.1
      vertex 4.68942 58.8591 26.2
      vertex 4.54078 58.8087 26.2
    endloop
  endfacet
  facet normal 0.321117 -0.94704 0
    outer loop
      vertex 4.68942 58.8591 26.2
      vertex 4.54078 58.8087 25.1
      vertex 4.68942 58.8591 25.1
    endloop
  endfacet
  facet normal -0.659343 -0.751842 0
    outer loop
      vertex 5.73051 58.652 25.1
      vertex 5.84853 58.5485 26.2
      vertex 5.73051 58.652 26.2
    endloop
  endfacet
  facet normal -0.659343 -0.751842 -0
    outer loop
      vertex 5.84853 58.5485 26.2
      vertex 5.73051 58.652 25.1
      vertex 5.84853 58.5485 25.1
    endloop
  endfacet
  facet normal 0.0656183 -0.997845 0
    outer loop
      vertex 4.84337 58.8897 25.1
      vertex 5 58.9 26.2
      vertex 4.84337 58.8897 26.2
    endloop
  endfacet
  facet normal 0.0656183 -0.997845 0
    outer loop
      vertex 5 58.9 26.2
      vertex 4.84337 58.8897 25.1
      vertex 5 58.9 25.1
    endloop
  endfacet
  facet normal 0.946916 -0.32148 0
    outer loop
      vertex 3.84089 58.0106 26.2
      vertex 3.89134 58.1592 25.1
      vertex 3.89134 58.1592 26.2
    endloop
  endfacet
  facet normal 0.946916 -0.32148 0
    outer loop
      vertex 3.89134 58.1592 25.1
      vertex 3.84089 58.0106 26.2
      vertex 3.84089 58.0106 25.1
    endloop
  endfacet
  facet normal 0.321117 0.94704 -0
    outer loop
      vertex 4.68942 56.5409 25.1
      vertex 4.54078 56.5913 26.2
      vertex 4.68942 56.5409 26.2
    endloop
  endfacet
  facet normal 0.321117 0.94704 0
    outer loop
      vertex 4.54078 56.5913 26.2
      vertex 4.68942 56.5409 25.1
      vertex 4.54078 56.5913 25.1
    endloop
  endfacet
  facet normal 0.997856 0.0654405 0
    outer loop
      vertex 3.81027 57.5434 26.2
      vertex 3.8 57.7 25.1
      vertex 3.8 57.7 26.2
    endloop
  endfacet
  facet normal 0.997856 0.0654405 0
    outer loop
      vertex 3.8 57.7 25.1
      vertex 3.81027 57.5434 26.2
      vertex 3.81027 57.5434 25.1
    endloop
  endfacet
  facet normal 0.980801 -0.195014 0
    outer loop
      vertex 3.81027 57.8566 26.2
      vertex 3.84089 58.0106 25.1
      vertex 3.84089 58.0106 26.2
    endloop
  endfacet
  facet normal 0.980801 -0.195014 0
    outer loop
      vertex 3.84089 58.0106 25.1
      vertex 3.81027 57.8566 26.2
      vertex 3.81027 57.8566 25.1
    endloop
  endfacet
  facet normal 0.442673 0.896683 -0
    outer loop
      vertex 4.54078 56.5913 25.1
      vertex 4.4 56.6608 26.2
      vertex 4.54078 56.5913 26.2
    endloop
  endfacet
  facet normal 0.442673 0.896683 0
    outer loop
      vertex 4.4 56.6608 26.2
      vertex 4.54078 56.5913 25.1
      vertex 4.4 56.6608 25.1
    endloop
  endfacet
  facet normal 0.0656183 0.997845 -0
    outer loop
      vertex 5 56.5 25.1
      vertex 4.84337 56.5103 26.2
      vertex 5 56.5 26.2
    endloop
  endfacet
  facet normal 0.0656183 0.997845 0
    outer loop
      vertex 4.84337 56.5103 26.2
      vertex 5 56.5 25.1
      vertex 4.84337 56.5103 25.1
    endloop
  endfacet
  facet normal -0.0656183 0.997845 0
    outer loop
      vertex 5.15663 56.5103 25.1
      vertex 5 56.5 26.2
      vertex 5.15663 56.5103 26.2
    endloop
  endfacet
  facet normal -0.0656183 0.997845 0
    outer loop
      vertex 5 56.5 26.2
      vertex 5.15663 56.5103 25.1
      vertex 5 56.5 25.1
    endloop
  endfacet
  facet normal 0.946916 0.32148 0
    outer loop
      vertex 3.89134 57.2408 26.2
      vertex 3.84089 57.3894 25.1
      vertex 3.84089 57.3894 26.2
    endloop
  endfacet
  facet normal 0.946916 0.32148 0
    outer loop
      vertex 3.84089 57.3894 25.1
      vertex 3.89134 57.2408 26.2
      vertex 3.89134 57.2408 25.1
    endloop
  endfacet
  facet normal 0.555553 -0.831481 0
    outer loop
      vertex 4.26949 58.652 25.1
      vertex 4.4 58.7392 26.2
      vertex 4.26949 58.652 26.2
    endloop
  endfacet
  facet normal 0.555553 -0.831481 0
    outer loop
      vertex 4.4 58.7392 26.2
      vertex 4.26949 58.652 25.1
      vertex 4.4 58.7392 25.1
    endloop
  endfacet
  facet normal 0.659343 0.751842 -0
    outer loop
      vertex 4.26949 56.748 25.1
      vertex 4.15147 56.8515 26.2
      vertex 4.26949 56.748 26.2
    endloop
  endfacet
  facet normal 0.659343 0.751842 0
    outer loop
      vertex 4.15147 56.8515 26.2
      vertex 4.26949 56.748 25.1
      vertex 4.15147 56.8515 25.1
    endloop
  endfacet
  facet normal -0.659343 0.751842 0
    outer loop
      vertex 5.84853 56.8515 25.1
      vertex 5.73051 56.748 26.2
      vertex 5.84853 56.8515 26.2
    endloop
  endfacet
  facet normal -0.659343 0.751842 0
    outer loop
      vertex 5.73051 56.748 26.2
      vertex 5.84853 56.8515 25.1
      vertex 5.73051 56.748 25.1
    endloop
  endfacet
  facet normal -0.946897 0.321537 0
    outer loop
      vertex 6.10865 57.2408 25.1
      vertex 6.15911 57.3894 26.2
      vertex 6.15911 57.3894 25.1
    endloop
  endfacet
  facet normal -0.946897 0.321537 0
    outer loop
      vertex 6.15911 57.3894 26.2
      vertex 6.10865 57.2408 25.1
      vertex 6.10865 57.2408 26.2
    endloop
  endfacet
  facet normal 0.896885 -0.442264 0
    outer loop
      vertex 3.89134 58.1592 26.2
      vertex 3.96077 58.3 25.1
      vertex 3.96077 58.3 26.2
    endloop
  endfacet
  facet normal 0.896885 -0.442264 0
    outer loop
      vertex 3.96077 58.3 25.1
      vertex 3.89134 58.1592 26.2
      vertex 3.89134 58.1592 25.1
    endloop
  endfacet
  facet normal 0.751818 -0.65937 0
    outer loop
      vertex 4.04798 58.4305 26.2
      vertex 4.15147 58.5485 25.1
      vertex 4.15147 58.5485 26.2
    endloop
  endfacet
  facet normal 0.751818 -0.65937 0
    outer loop
      vertex 4.15147 58.5485 25.1
      vertex 4.04798 58.4305 26.2
      vertex 4.04798 58.4305 25.1
    endloop
  endfacet
  facet normal -0.980791 -0.195061 0
    outer loop
      vertex 7.28032 58.0002 26.2
      vertex 7.22163 58.2953 27.4
      vertex 7.22163 58.2953 26.2
    endloop
  endfacet
  facet normal -0.980791 -0.195061 0
    outer loop
      vertex 7.22163 58.2953 27.4
      vertex 7.28032 58.0002 26.2
      vertex 7.28032 58.0002 27.4
    endloop
  endfacet
  facet normal -0.997858 -0.0654159 0
    outer loop
      vertex 7.3 57.7 26.2
      vertex 7.28032 58.0002 27.4
      vertex 7.28032 58.0002 26.2
    endloop
  endfacet
  facet normal -0.997858 -0.0654159 0
    outer loop
      vertex 7.28032 58.0002 27.4
      vertex 7.3 57.7 26.2
      vertex 7.3 57.7 27.4
    endloop
  endfacet
  facet normal -0.946931 -0.321438 0
    outer loop
      vertex 7.22163 58.2953 26.2
      vertex 7.12492 58.5802 27.4
      vertex 7.12492 58.5802 26.2
    endloop
  endfacet
  facet normal -0.946931 -0.321438 0
    outer loop
      vertex 7.12492 58.5802 27.4
      vertex 7.22163 58.2953 26.2
      vertex 7.22163 58.2953 27.4
    endloop
  endfacet
  facet normal 0.89686 0.442314 0
    outer loop
      vertex 3.00814 56.55 27.4
      vertex 2.87508 56.8198 26.2
      vertex 2.87508 56.8198 27.4
    endloop
  endfacet
  facet normal 0.89686 0.442314 0
    outer loop
      vertex 2.87508 56.8198 26.2
      vertex 3.00814 56.55 27.4
      vertex 3.00814 56.55 26.2
    endloop
  endfacet
  facet normal -0.321418 -0.946937 0
    outer loop
      vertex 5.59528 59.9216 26.2
      vertex 5.88017 59.8249 27.4
      vertex 5.59528 59.9216 27.4
    endloop
  endfacet
  facet normal -0.321418 -0.946937 -0
    outer loop
      vertex 5.88017 59.8249 27.4
      vertex 5.59528 59.9216 26.2
      vertex 5.88017 59.8249 26.2
    endloop
  endfacet
  facet normal -0.195112 -0.980781 0
    outer loop
      vertex 5.30021 59.9803 26.2
      vertex 5.59528 59.9216 27.4
      vertex 5.30021 59.9803 27.4
    endloop
  endfacet
  facet normal -0.195112 -0.980781 -0
    outer loop
      vertex 5.59528 59.9216 27.4
      vertex 5.30021 59.9803 26.2
      vertex 5.59528 59.9216 26.2
    endloop
  endfacet
  facet normal -0.89686 0.442314 0
    outer loop
      vertex 6.99186 56.55 26.2
      vertex 7.12492 56.8198 27.4
      vertex 7.12492 56.8198 26.2
    endloop
  endfacet
  facet normal -0.89686 0.442314 0
    outer loop
      vertex 7.12492 56.8198 27.4
      vertex 6.99186 56.55 26.2
      vertex 6.99186 56.55 27.4
    endloop
  endfacet
  facet normal -0.831513 -0.555505 0
    outer loop
      vertex 6.99186 58.85 26.2
      vertex 6.82471 59.1002 27.4
      vertex 6.82471 59.1002 26.2
    endloop
  endfacet
  facet normal -0.831513 -0.555505 0
    outer loop
      vertex 6.82471 59.1002 27.4
      vertex 6.99186 58.85 26.2
      vertex 6.99186 58.85 27.4
    endloop
  endfacet
  facet normal -0.89686 -0.442314 0
    outer loop
      vertex 7.12492 58.5802 26.2
      vertex 6.99186 58.85 27.4
      vertex 6.99186 58.85 26.2
    endloop
  endfacet
  facet normal -0.89686 -0.442314 0
    outer loop
      vertex 6.99186 58.85 27.4
      vertex 7.12492 58.5802 26.2
      vertex 7.12492 58.5802 27.4
    endloop
  endfacet
  facet normal 0.555697 0.831385 -0
    outer loop
      vertex 3.85 55.7081 26.2
      vertex 3.59985 55.8753 27.4
      vertex 3.85 55.7081 27.4
    endloop
  endfacet
  facet normal 0.555697 0.831385 0
    outer loop
      vertex 3.59985 55.8753 27.4
      vertex 3.85 55.7081 26.2
      vertex 3.59985 55.8753 26.2
    endloop
  endfacet
  facet normal -0.946931 0.321438 0
    outer loop
      vertex 7.12492 56.8198 26.2
      vertex 7.22163 57.1047 27.4
      vertex 7.22163 57.1047 26.2
    endloop
  endfacet
  facet normal -0.946931 0.321438 0
    outer loop
      vertex 7.22163 57.1047 27.4
      vertex 7.12492 56.8198 26.2
      vertex 7.12492 56.8198 27.4
    endloop
  endfacet
  facet normal 0.321418 -0.946937 0
    outer loop
      vertex 4.11983 59.8249 26.2
      vertex 4.40472 59.9216 27.4
      vertex 4.11983 59.8249 27.4
    endloop
  endfacet
  facet normal 0.321418 -0.946937 0
    outer loop
      vertex 4.40472 59.9216 27.4
      vertex 4.11983 59.8249 26.2
      vertex 4.40472 59.9216 26.2
    endloop
  endfacet
  facet normal -0.321418 0.946937 0
    outer loop
      vertex 5.88017 55.5751 26.2
      vertex 5.59528 55.4784 27.4
      vertex 5.88017 55.5751 27.4
    endloop
  endfacet
  facet normal -0.321418 0.946937 0
    outer loop
      vertex 5.59528 55.4784 27.4
      vertex 5.88017 55.5751 26.2
      vertex 5.59528 55.4784 26.2
    endloop
  endfacet
  facet normal 0.980791 -0.195061 0
    outer loop
      vertex 2.71968 58.0002 27.4
      vertex 2.77837 58.2953 26.2
      vertex 2.77837 58.2953 27.4
    endloop
  endfacet
  facet normal 0.980791 -0.195061 0
    outer loop
      vertex 2.77837 58.2953 26.2
      vertex 2.71968 58.0002 27.4
      vertex 2.71968 58.0002 26.2
    endloop
  endfacet
  facet normal 0.442114 -0.896959 0
    outer loop
      vertex 3.85 59.6919 26.2
      vertex 4.11983 59.8249 27.4
      vertex 3.85 59.6919 27.4
    endloop
  endfacet
  facet normal 0.442114 -0.896959 0
    outer loop
      vertex 4.11983 59.8249 27.4
      vertex 3.85 59.6919 26.2
      vertex 4.11983 59.8249 26.2
    endloop
  endfacet
  facet normal 0.751715 -0.659488 0
    outer loop
      vertex 3.17529 59.1002 27.4
      vertex 3.37365 59.3263 26.2
      vertex 3.37365 59.3263 27.4
    endloop
  endfacet
  facet normal 0.751715 -0.659488 0
    outer loop
      vertex 3.37365 59.3263 26.2
      vertex 3.17529 59.1002 27.4
      vertex 3.17529 59.1002 26.2
    endloop
  endfacet
  facet normal 0.0654799 0.997854 -0
    outer loop
      vertex 5 55.4 26.2
      vertex 4.69979 55.4197 27.4
      vertex 5 55.4 27.4
    endloop
  endfacet
  facet normal 0.0654799 0.997854 0
    outer loop
      vertex 4.69979 55.4197 27.4
      vertex 5 55.4 26.2
      vertex 4.69979 55.4197 26.2
    endloop
  endfacet
  facet normal 0 0 1
    outer loop
      vertex 6.2 57.7 26.2
      vertex 7.3 57.7 26.2
      vertex 7.28032 58.0002 26.2
    endloop
  endfacet
  facet normal 0 0 1
    outer loop
      vertex 6.18973 57.8566 26.2
      vertex 7.28032 58.0002 26.2
      vertex 7.22163 58.2953 26.2
    endloop
  endfacet
  facet normal 0 0 1
    outer loop
      vertex 7.3 57.7 26.2
      vertex 6.2 57.7 26.2
      vertex 7.28032 57.3998 26.2
    endloop
  endfacet
  facet normal 0 0 1
    outer loop
      vertex 6.15911 58.0106 26.2
      vertex 7.22163 58.2953 26.2
      vertex 7.12492 58.5802 26.2
    endloop
  endfacet
  facet normal -0 0 1
    outer loop
      vertex 6.18973 57.5434 26.2
      vertex 7.28032 57.3998 26.2
      vertex 6.2 57.7 26.2
    endloop
  endfacet
  facet normal 0 0 1
    outer loop
      vertex 6.10865 58.1592 26.2
      vertex 7.12492 58.5802 26.2
      vertex 6.99186 58.85 26.2
    endloop
  endfacet
  facet normal 0 0 1
    outer loop
      vertex 7.28032 57.3998 26.2
      vertex 6.18973 57.5434 26.2
      vertex 7.22163 57.1047 26.2
    endloop
  endfacet
  facet normal 0 0 1
    outer loop
      vertex 6.03923 58.3 26.2
      vertex 6.99186 58.85 26.2
      vertex 6.82471 59.1002 26.2
    endloop
  endfacet
  facet normal -0 0 1
    outer loop
      vertex 6.15911 57.3894 26.2
      vertex 7.22163 57.1047 26.2
      vertex 6.18973 57.5434 26.2
    endloop
  endfacet
  facet normal 0 0 1
    outer loop
      vertex 5.95202 58.4305 26.2
      vertex 6.82471 59.1002 26.2
      vertex 6.62634 59.3263 26.2
    endloop
  endfacet
  facet normal 0 0 1
    outer loop
      vertex 7.22163 57.1047 26.2
      vertex 6.15911 57.3894 26.2
      vertex 7.12492 56.8198 26.2
    endloop
  endfacet
  facet normal 0 0 1
    outer loop
      vertex 5.84853 58.5485 26.2
      vertex 6.62634 59.3263 26.2
      vertex 6.40015 59.5247 26.2
    endloop
  endfacet
  facet normal -0 0 1
    outer loop
      vertex 6.10865 57.2408 26.2
      vertex 7.12492 56.8198 26.2
      vertex 6.15911 57.3894 26.2
    endloop
  endfacet
  facet normal 0 0 1
    outer loop
      vertex 7.12492 56.8198 26.2
      vertex 6.10865 57.2408 26.2
      vertex 6.99186 56.55 26.2
    endloop
  endfacet
  facet normal 0 0 1
    outer loop
      vertex 7.28032 58.0002 26.2
      vertex 6.18973 57.8566 26.2
      vertex 6.2 57.7 26.2
    endloop
  endfacet
  facet normal 0 0 1
    outer loop
      vertex 7.22163 58.2953 26.2
      vertex 6.15911 58.0106 26.2
      vertex 6.18973 57.8566 26.2
    endloop
  endfacet
  facet normal 0 0 1
    outer loop
      vertex 5.73051 58.652 26.2
      vertex 6.40015 59.5247 26.2
      vertex 6.15 59.6919 26.2
    endloop
  endfacet
  facet normal 0 0 1
    outer loop
      vertex 7.12492 58.5802 26.2
      vertex 6.10865 58.1592 26.2
      vertex 6.15911 58.0106 26.2
    endloop
  endfacet
  facet normal 0 0 1
    outer loop
      vertex 6.99186 58.85 26.2
      vertex 6.03923 58.3 26.2
      vertex 6.10865 58.1592 26.2
    endloop
  endfacet
  facet normal 0 0 1
    outer loop
      vertex 6.82471 59.1002 26.2
      vertex 5.95202 58.4305 26.2
      vertex 6.03923 58.3 26.2
    endloop
  endfacet
  facet normal 0 0 1
    outer loop
      vertex 5.6 58.7392 26.2
      vertex 6.15 59.6919 26.2
      vertex 5.88017 59.8249 26.2
    endloop
  endfacet
  facet normal 0 0 1
    outer loop
      vertex 6.62634 59.3263 26.2
      vertex 5.84853 58.5485 26.2
      vertex 5.95202 58.4305 26.2
    endloop
  endfacet
  facet normal 0 0 1
    outer loop
      vertex 6.40015 59.5247 26.2
      vertex 5.73051 58.652 26.2
      vertex 5.84853 58.5485 26.2
    endloop
  endfacet
  facet normal 0 0 1
    outer loop
      vertex 6.15 59.6919 26.2
      vertex 5.6 58.7392 26.2
      vertex 5.73051 58.652 26.2
    endloop
  endfacet
  facet normal 0 0 1
    outer loop
      vertex 5.45922 58.8087 26.2
      vertex 5.88017 59.8249 26.2
      vertex 5.59528 59.9216 26.2
    endloop
  endfacet
  facet normal 0 0 1
    outer loop
      vertex 5.88017 59.8249 26.2
      vertex 5.45922 58.8087 26.2
      vertex 5.6 58.7392 26.2
    endloop
  endfacet
  facet normal 0 0 1
    outer loop
      vertex 5.59528 59.9216 26.2
      vertex 5.31058 58.8591 26.2
      vertex 5.45922 58.8087 26.2
    endloop
  endfacet
  facet normal 0 0 1
    outer loop
      vertex 5.30021 59.9803 26.2
      vertex 5.31058 58.8591 26.2
      vertex 5.59528 59.9216 26.2
    endloop
  endfacet
  facet normal 0 0 1
    outer loop
      vertex 5.30021 59.9803 26.2
      vertex 5.15663 58.8897 26.2
      vertex 5.31058 58.8591 26.2
    endloop
  endfacet
  facet normal 0 0 1
    outer loop
      vertex 5 60 26.2
      vertex 5.15663 58.8897 26.2
      vertex 5.30021 59.9803 26.2
    endloop
  endfacet
  facet normal 0 0 1
    outer loop
      vertex 5 60 26.2
      vertex 5 58.9 26.2
      vertex 5.15663 58.8897 26.2
    endloop
  endfacet
  facet normal 0 0 1
    outer loop
      vertex 5 60 26.2
      vertex 4.84337 58.8897 26.2
      vertex 5 58.9 26.2
    endloop
  endfacet
  facet normal -0 0 1
    outer loop
      vertex 4.69979 59.9803 26.2
      vertex 4.84337 58.8897 26.2
      vertex 5 60 26.2
    endloop
  endfacet
  facet normal 0 0 1
    outer loop
      vertex 4.69979 59.9803 26.2
      vertex 4.68942 58.8591 26.2
      vertex 4.84337 58.8897 26.2
    endloop
  endfacet
  facet normal -0 0 1
    outer loop
      vertex 4.40472 59.9216 26.2
      vertex 4.68942 58.8591 26.2
      vertex 4.69979 59.9803 26.2
    endloop
  endfacet
  facet normal 0 0 1
    outer loop
      vertex 4.68942 58.8591 26.2
      vertex 4.40472 59.9216 26.2
      vertex 4.54078 58.8087 26.2
    endloop
  endfacet
  facet normal -0 0 1
    outer loop
      vertex 4.11983 59.8249 26.2
      vertex 4.54078 58.8087 26.2
      vertex 4.40472 59.9216 26.2
    endloop
  endfacet
  facet normal 0 0 1
    outer loop
      vertex 4.54078 58.8087 26.2
      vertex 4.11983 59.8249 26.2
      vertex 4.4 58.7392 26.2
    endloop
  endfacet
  facet normal -0 0 1
    outer loop
      vertex 3.85 59.6919 26.2
      vertex 4.4 58.7392 26.2
      vertex 4.11983 59.8249 26.2
    endloop
  endfacet
  facet normal 0 0 1
    outer loop
      vertex 4.4 58.7392 26.2
      vertex 3.85 59.6919 26.2
      vertex 4.26949 58.652 26.2
    endloop
  endfacet
  facet normal -0 0 1
    outer loop
      vertex 3.59985 59.5247 26.2
      vertex 4.26949 58.652 26.2
      vertex 3.85 59.6919 26.2
    endloop
  endfacet
  facet normal 0 0 1
    outer loop
      vertex 4.26949 58.652 26.2
      vertex 3.59985 59.5247 26.2
      vertex 4.15147 58.5485 26.2
    endloop
  endfacet
  facet normal -0 0 1
    outer loop
      vertex 3.37365 59.3263 26.2
      vertex 4.15147 58.5485 26.2
      vertex 3.59985 59.5247 26.2
    endloop
  endfacet
  facet normal 0 0 1
    outer loop
      vertex 4.15147 58.5485 26.2
      vertex 3.37365 59.3263 26.2
      vertex 4.04798 58.4305 26.2
    endloop
  endfacet
  facet normal -0 0 1
    outer loop
      vertex 3.17529 59.1002 26.2
      vertex 4.04798 58.4305 26.2
      vertex 3.37365 59.3263 26.2
    endloop
  endfacet
  facet normal 0 0 1
    outer loop
      vertex 4.04798 58.4305 26.2
      vertex 3.17529 59.1002 26.2
      vertex 3.96077 58.3 26.2
    endloop
  endfacet
  facet normal -0 0 1
    outer loop
      vertex 3.00814 58.85 26.2
      vertex 3.96077 58.3 26.2
      vertex 3.17529 59.1002 26.2
    endloop
  endfacet
  facet normal 0 0 1
    outer loop
      vertex 3.96077 58.3 26.2
      vertex 3.00814 58.85 26.2
      vertex 3.89134 58.1592 26.2
    endloop
  endfacet
  facet normal -0 0 1
    outer loop
      vertex 6.03923 57.1 26.2
      vertex 6.99186 56.55 26.2
      vertex 6.10865 57.2408 26.2
    endloop
  endfacet
  facet normal 0 0 1
    outer loop
      vertex 6.99186 56.55 26.2
      vertex 6.03923 57.1 26.2
      vertex 6.82471 56.2999 26.2
    endloop
  endfacet
  facet normal -0 0 1
    outer loop
      vertex 5.95202 56.9695 26.2
      vertex 6.82471 56.2999 26.2
      vertex 6.03923 57.1 26.2
    endloop
  endfacet
  facet normal 0 0 1
    outer loop
      vertex 6.82471 56.2999 26.2
      vertex 5.95202 56.9695 26.2
      vertex 6.62634 56.0737 26.2
    endloop
  endfacet
  facet normal -0 0 1
    outer loop
      vertex 5.84853 56.8515 26.2
      vertex 6.62634 56.0737 26.2
      vertex 5.95202 56.9695 26.2
    endloop
  endfacet
  facet normal 0 0 1
    outer loop
      vertex 6.62634 56.0737 26.2
      vertex 5.84853 56.8515 26.2
      vertex 6.40015 55.8753 26.2
    endloop
  endfacet
  facet normal -0 0 1
    outer loop
      vertex 5.73051 56.748 26.2
      vertex 6.40015 55.8753 26.2
      vertex 5.84853 56.8515 26.2
    endloop
  endfacet
  facet normal 0 0 1
    outer loop
      vertex 6.40015 55.8753 26.2
      vertex 5.73051 56.748 26.2
      vertex 6.15 55.7081 26.2
    endloop
  endfacet
  facet normal -0 0 1
    outer loop
      vertex 5.6 56.6608 26.2
      vertex 6.15 55.7081 26.2
      vertex 5.73051 56.748 26.2
    endloop
  endfacet
  facet normal 0 0 1
    outer loop
      vertex 6.15 55.7081 26.2
      vertex 5.6 56.6608 26.2
      vertex 5.88017 55.5751 26.2
    endloop
  endfacet
  facet normal -0 0 1
    outer loop
      vertex 5.45922 56.5913 26.2
      vertex 5.88017 55.5751 26.2
      vertex 5.6 56.6608 26.2
    endloop
  endfacet
  facet normal 0 0 1
    outer loop
      vertex 5.88017 55.5751 26.2
      vertex 5.45922 56.5913 26.2
      vertex 5.59528 55.4784 26.2
    endloop
  endfacet
  facet normal -0 0 1
    outer loop
      vertex 5.31058 56.5409 26.2
      vertex 5.59528 55.4784 26.2
      vertex 5.45922 56.5913 26.2
    endloop
  endfacet
  facet normal 0 0 1
    outer loop
      vertex 5.31058 56.5409 26.2
      vertex 5.30021 55.4197 26.2
      vertex 5.59528 55.4784 26.2
    endloop
  endfacet
  facet normal -0 0 1
    outer loop
      vertex 5.15663 56.5103 26.2
      vertex 5.30021 55.4197 26.2
      vertex 5.31058 56.5409 26.2
    endloop
  endfacet
  facet normal -0 0 1
    outer loop
      vertex 5 56.5 26.2
      vertex 5.30021 55.4197 26.2
      vertex 5.15663 56.5103 26.2
    endloop
  endfacet
  facet normal 0 0 1
    outer loop
      vertex 5 56.5 26.2
      vertex 5 55.4 26.2
      vertex 5.30021 55.4197 26.2
    endloop
  endfacet
  facet normal 0 0 1
    outer loop
      vertex 4.84337 56.5103 26.2
      vertex 5 55.4 26.2
      vertex 5 56.5 26.2
    endloop
  endfacet
  facet normal 0 0 1
    outer loop
      vertex 4.84337 56.5103 26.2
      vertex 4.69979 55.4197 26.2
      vertex 5 55.4 26.2
    endloop
  endfacet
  facet normal 0 0 1
    outer loop
      vertex 4.68942 56.5409 26.2
      vertex 4.69979 55.4197 26.2
      vertex 4.84337 56.5103 26.2
    endloop
  endfacet
  facet normal 0 0 1
    outer loop
      vertex 4.40472 55.4784 26.2
      vertex 4.68942 56.5409 26.2
      vertex 4.54078 56.5913 26.2
    endloop
  endfacet
  facet normal 0 0 1
    outer loop
      vertex 4.68942 56.5409 26.2
      vertex 4.40472 55.4784 26.2
      vertex 4.69979 55.4197 26.2
    endloop
  endfacet
  facet normal 0 0 1
    outer loop
      vertex 4.11983 55.5751 26.2
      vertex 4.54078 56.5913 26.2
      vertex 4.4 56.6608 26.2
    endloop
  endfacet
  facet normal 0 0 1
    outer loop
      vertex 3.85 55.7081 26.2
      vertex 4.4 56.6608 26.2
      vertex 4.26949 56.748 26.2
    endloop
  endfacet
  facet normal 0 0 1
    outer loop
      vertex 3.59985 55.8753 26.2
      vertex 4.26949 56.748 26.2
      vertex 4.15147 56.8515 26.2
    endloop
  endfacet
  facet normal 0 0 1
    outer loop
      vertex 4.54078 56.5913 26.2
      vertex 4.11983 55.5751 26.2
      vertex 4.40472 55.4784 26.2
    endloop
  endfacet
  facet normal 0 0 1
    outer loop
      vertex 3.37365 56.0737 26.2
      vertex 4.15147 56.8515 26.2
      vertex 4.04798 56.9695 26.2
    endloop
  endfacet
  facet normal 0 0 1
    outer loop
      vertex 3.17529 56.2999 26.2
      vertex 4.04798 56.9695 26.2
      vertex 3.96077 57.1 26.2
    endloop
  endfacet
  facet normal 0 0 1
    outer loop
      vertex 3.00814 56.55 26.2
      vertex 3.96077 57.1 26.2
      vertex 3.89134 57.2408 26.2
    endloop
  endfacet
  facet normal 0 0 1
    outer loop
      vertex 4.4 56.6608 26.2
      vertex 3.85 55.7081 26.2
      vertex 4.11983 55.5751 26.2
    endloop
  endfacet
  facet normal 0 0 1
    outer loop
      vertex 2.87508 56.8198 26.2
      vertex 3.89134 57.2408 26.2
      vertex 3.84089 57.3894 26.2
    endloop
  endfacet
  facet normal 0 0 1
    outer loop
      vertex 2.77837 57.1047 26.2
      vertex 3.84089 57.3894 26.2
      vertex 3.81027 57.5434 26.2
    endloop
  endfacet
  facet normal 0 0 1
    outer loop
      vertex 2.71968 57.3998 26.2
      vertex 3.81027 57.5434 26.2
      vertex 3.8 57.7 26.2
    endloop
  endfacet
  facet normal -0 0 1
    outer loop
      vertex 2.87508 58.5802 26.2
      vertex 3.89134 58.1592 26.2
      vertex 3.00814 58.85 26.2
    endloop
  endfacet
  facet normal 0 0 1
    outer loop
      vertex 4.26949 56.748 26.2
      vertex 3.59985 55.8753 26.2
      vertex 3.85 55.7081 26.2
    endloop
  endfacet
  facet normal 0 0 1
    outer loop
      vertex 3.89134 58.1592 26.2
      vertex 2.87508 58.5802 26.2
      vertex 3.84089 58.0106 26.2
    endloop
  endfacet
  facet normal 0 0 1
    outer loop
      vertex 4.15147 56.8515 26.2
      vertex 3.37365 56.0737 26.2
      vertex 3.59985 55.8753 26.2
    endloop
  endfacet
  facet normal -0 0 1
    outer loop
      vertex 2.77837 58.2953 26.2
      vertex 3.84089 58.0106 26.2
      vertex 2.87508 58.5802 26.2
    endloop
  endfacet
  facet normal 0 0 1
    outer loop
      vertex 4.04798 56.9695 26.2
      vertex 3.17529 56.2999 26.2
      vertex 3.37365 56.0737 26.2
    endloop
  endfacet
  facet normal 0 0 1
    outer loop
      vertex 3.84089 58.0106 26.2
      vertex 2.77837 58.2953 26.2
      vertex 3.81027 57.8566 26.2
    endloop
  endfacet
  facet normal 0 0 1
    outer loop
      vertex 3.96077 57.1 26.2
      vertex 3.00814 56.55 26.2
      vertex 3.17529 56.2999 26.2
    endloop
  endfacet
  facet normal -0 0 1
    outer loop
      vertex 2.71968 58.0002 26.2
      vertex 3.81027 57.8566 26.2
      vertex 2.77837 58.2953 26.2
    endloop
  endfacet
  facet normal 0 0 1
    outer loop
      vertex 3.89134 57.2408 26.2
      vertex 2.87508 56.8198 26.2
      vertex 3.00814 56.55 26.2
    endloop
  endfacet
  facet normal 0 0 1
    outer loop
      vertex 3.81027 57.8566 26.2
      vertex 2.71968 58.0002 26.2
      vertex 3.8 57.7 26.2
    endloop
  endfacet
  facet normal 0 0 1
    outer loop
      vertex 3.84089 57.3894 26.2
      vertex 2.77837 57.1047 26.2
      vertex 2.87508 56.8198 26.2
    endloop
  endfacet
  facet normal 0 0 1
    outer loop
      vertex 2.7 57.7 26.2
      vertex 3.8 57.7 26.2
      vertex 2.71968 58.0002 26.2
    endloop
  endfacet
  facet normal 0 0 1
    outer loop
      vertex 3.81027 57.5434 26.2
      vertex 2.71968 57.3998 26.2
      vertex 2.77837 57.1047 26.2
    endloop
  endfacet
  facet normal 0 0 1
    outer loop
      vertex 3.8 57.7 26.2
      vertex 2.7 57.7 26.2
      vertex 2.71968 57.3998 26.2
    endloop
  endfacet
  facet normal 0.997858 0.0654159 0
    outer loop
      vertex 2.71968 57.3998 27.4
      vertex 2.7 57.7 26.2
      vertex 2.7 57.7 27.4
    endloop
  endfacet
  facet normal 0.997858 0.0654159 0
    outer loop
      vertex 2.7 57.7 26.2
      vertex 2.71968 57.3998 27.4
      vertex 2.71968 57.3998 26.2
    endloop
  endfacet
  facet normal -0.659415 -0.751779 0
    outer loop
      vertex 6.40015 59.5247 26.2
      vertex 6.62634 59.3263 27.4
      vertex 6.40015 59.5247 27.4
    endloop
  endfacet
  facet normal -0.659415 -0.751779 -0
    outer loop
      vertex 6.62634 59.3263 27.4
      vertex 6.40015 59.5247 26.2
      vertex 6.62634 59.3263 26.2
    endloop
  endfacet
  facet normal 0.89686 -0.442314 0
    outer loop
      vertex 2.87508 58.5802 27.4
      vertex 3.00814 58.85 26.2
      vertex 3.00814 58.85 27.4
    endloop
  endfacet
  facet normal 0.89686 -0.442314 0
    outer loop
      vertex 3.00814 58.85 26.2
      vertex 2.87508 58.5802 27.4
      vertex 2.87508 58.5802 26.2
    endloop
  endfacet
  facet normal 0.659398 -0.751794 0
    outer loop
      vertex 3.37365 59.3263 26.2
      vertex 3.59985 59.5247 27.4
      vertex 3.37365 59.3263 27.4
    endloop
  endfacet
  facet normal 0.659398 -0.751794 0
    outer loop
      vertex 3.59985 59.5247 27.4
      vertex 3.37365 59.3263 26.2
      vertex 3.59985 59.5247 26.2
    endloop
  endfacet
  facet normal -0.442114 0.896959 0
    outer loop
      vertex 6.15 55.7081 26.2
      vertex 5.88017 55.5751 27.4
      vertex 6.15 55.7081 27.4
    endloop
  endfacet
  facet normal -0.442114 0.896959 0
    outer loop
      vertex 5.88017 55.5751 27.4
      vertex 6.15 55.7081 26.2
      vertex 5.88017 55.5751 26.2
    endloop
  endfacet
  facet normal -0.555697 -0.831385 0
    outer loop
      vertex 6.15 59.6919 26.2
      vertex 6.40015 59.5247 27.4
      vertex 6.15 59.6919 27.4
    endloop
  endfacet
  facet normal -0.555697 -0.831385 -0
    outer loop
      vertex 6.40015 59.5247 27.4
      vertex 6.15 59.6919 26.2
      vertex 6.40015 59.5247 26.2
    endloop
  endfacet
  facet normal -0.83141 0.555659 0
    outer loop
      vertex 6.82471 56.2999 26.2
      vertex 6.99186 56.55 27.4
      vertex 6.99186 56.55 26.2
    endloop
  endfacet
  facet normal -0.83141 0.555659 0
    outer loop
      vertex 6.99186 56.55 27.4
      vertex 6.82471 56.2999 26.2
      vertex 6.82471 56.2999 27.4
    endloop
  endfacet
  facet normal 0.555697 -0.831385 0
    outer loop
      vertex 3.59985 59.5247 26.2
      vertex 3.85 59.6919 27.4
      vertex 3.59985 59.5247 27.4
    endloop
  endfacet
  facet normal 0.555697 -0.831385 0
    outer loop
      vertex 3.85 59.6919 27.4
      vertex 3.59985 59.5247 26.2
      vertex 3.85 59.6919 26.2
    endloop
  endfacet
  facet normal 0.442114 0.896959 -0
    outer loop
      vertex 4.11983 55.5751 26.2
      vertex 3.85 55.7081 27.4
      vertex 4.11983 55.5751 27.4
    endloop
  endfacet
  facet normal 0.442114 0.896959 0
    outer loop
      vertex 3.85 55.7081 27.4
      vertex 4.11983 55.5751 26.2
      vertex 3.85 55.7081 26.2
    endloop
  endfacet
  facet normal -0.555697 0.831385 0
    outer loop
      vertex 6.40015 55.8753 26.2
      vertex 6.15 55.7081 27.4
      vertex 6.40015 55.8753 27.4
    endloop
  endfacet
  facet normal -0.555697 0.831385 0
    outer loop
      vertex 6.15 55.7081 27.4
      vertex 6.40015 55.8753 26.2
      vertex 6.15 55.7081 26.2
    endloop
  endfacet
  facet normal -0.980791 0.195061 0
    outer loop
      vertex 7.22163 57.1047 26.2
      vertex 7.28032 57.3998 27.4
      vertex 7.28032 57.3998 26.2
    endloop
  endfacet
  facet normal -0.980791 0.195061 0
    outer loop
      vertex 7.28032 57.3998 27.4
      vertex 7.22163 57.1047 26.2
      vertex 7.22163 57.1047 27.4
    endloop
  endfacet
  facet normal -0.195112 0.980781 0
    outer loop
      vertex 5.59528 55.4784 26.2
      vertex 5.30021 55.4197 27.4
      vertex 5.59528 55.4784 27.4
    endloop
  endfacet
  facet normal -0.195112 0.980781 0
    outer loop
      vertex 5.30021 55.4197 27.4
      vertex 5.59528 55.4784 26.2
      vertex 5.30021 55.4197 26.2
    endloop
  endfacet
  facet normal 0.83141 0.555659 0
    outer loop
      vertex 3.17529 56.2999 27.4
      vertex 3.00814 56.55 26.2
      vertex 3.00814 56.55 27.4
    endloop
  endfacet
  facet normal 0.83141 0.555659 0
    outer loop
      vertex 3.00814 56.55 26.2
      vertex 3.17529 56.2999 27.4
      vertex 3.17529 56.2999 26.2
    endloop
  endfacet
  facet normal -0.997858 0.0654159 0
    outer loop
      vertex 7.28032 57.3998 26.2
      vertex 7.3 57.7 27.4
      vertex 7.3 57.7 26.2
    endloop
  endfacet
  facet normal -0.997858 0.0654159 0
    outer loop
      vertex 7.3 57.7 27.4
      vertex 7.28032 57.3998 26.2
      vertex 7.28032 57.3998 27.4
    endloop
  endfacet
  facet normal 0.980791 0.195061 0
    outer loop
      vertex 2.77837 57.1047 27.4
      vertex 2.71968 57.3998 26.2
      vertex 2.71968 57.3998 27.4
    endloop
  endfacet
  facet normal 0.980791 0.195061 0
    outer loop
      vertex 2.71968 57.3998 26.2
      vertex 2.77837 57.1047 27.4
      vertex 2.77837 57.1047 26.2
    endloop
  endfacet
  facet normal 0.0654799 -0.997854 0
    outer loop
      vertex 4.69979 59.9803 26.2
      vertex 5 60 27.4
      vertex 4.69979 59.9803 27.4
    endloop
  endfacet
  facet normal 0.0654799 -0.997854 0
    outer loop
      vertex 5 60 27.4
      vertex 4.69979 59.9803 26.2
      vertex 5 60 26.2
    endloop
  endfacet
  facet normal -0.0654799 0.997854 0
    outer loop
      vertex 5.30021 55.4197 26.2
      vertex 5 55.4 27.4
      vertex 5.30021 55.4197 27.4
    endloop
  endfacet
  facet normal -0.0654799 0.997854 0
    outer loop
      vertex 5 55.4 27.4
      vertex 5.30021 55.4197 26.2
      vertex 5 55.4 26.2
    endloop
  endfacet
  facet normal -0.751699 -0.659507 0
    outer loop
      vertex 6.82471 59.1002 26.2
      vertex 6.62634 59.3263 27.4
      vertex 6.62634 59.3263 26.2
    endloop
  endfacet
  facet normal -0.751699 -0.659507 0
    outer loop
      vertex 6.62634 59.3263 27.4
      vertex 6.82471 59.1002 26.2
      vertex 6.82471 59.1002 27.4
    endloop
  endfacet
  facet normal -0.442114 -0.896959 0
    outer loop
      vertex 5.88017 59.8249 26.2
      vertex 6.15 59.6919 27.4
      vertex 5.88017 59.8249 27.4
    endloop
  endfacet
  facet normal -0.442114 -0.896959 -0
    outer loop
      vertex 6.15 59.6919 27.4
      vertex 5.88017 59.8249 26.2
      vertex 6.15 59.6919 26.2
    endloop
  endfacet
  facet normal 0.659398 0.751794 -0
    outer loop
      vertex 3.59985 55.8753 26.2
      vertex 3.37365 56.0737 27.4
      vertex 3.59985 55.8753 27.4
    endloop
  endfacet
  facet normal 0.659398 0.751794 0
    outer loop
      vertex 3.37365 56.0737 27.4
      vertex 3.59985 55.8753 26.2
      vertex 3.37365 56.0737 26.2
    endloop
  endfacet
  facet normal 0.195112 -0.980781 0
    outer loop
      vertex 4.40472 59.9216 26.2
      vertex 4.69979 59.9803 27.4
      vertex 4.40472 59.9216 27.4
    endloop
  endfacet
  facet normal 0.195112 -0.980781 0
    outer loop
      vertex 4.69979 59.9803 27.4
      vertex 4.40472 59.9216 26.2
      vertex 4.69979 59.9803 26.2
    endloop
  endfacet
  facet normal 0.831513 -0.555505 0
    outer loop
      vertex 3.00814 58.85 27.4
      vertex 3.17529 59.1002 26.2
      vertex 3.17529 59.1002 27.4
    endloop
  endfacet
  facet normal 0.831513 -0.555505 0
    outer loop
      vertex 3.17529 59.1002 26.2
      vertex 3.00814 58.85 27.4
      vertex 3.00814 58.85 26.2
    endloop
  endfacet
  facet normal 0.321418 0.946937 -0
    outer loop
      vertex 4.40472 55.4784 26.2
      vertex 4.11983 55.5751 27.4
      vertex 4.40472 55.4784 27.4
    endloop
  endfacet
  facet normal 0.321418 0.946937 0
    outer loop
      vertex 4.11983 55.5751 27.4
      vertex 4.40472 55.4784 26.2
      vertex 4.11983 55.5751 26.2
    endloop
  endfacet
  facet normal -0.0654799 -0.997854 0
    outer loop
      vertex 5 60 26.2
      vertex 5.30021 59.9803 27.4
      vertex 5 60 27.4
    endloop
  endfacet
  facet normal -0.0654799 -0.997854 -0
    outer loop
      vertex 5.30021 59.9803 27.4
      vertex 5 60 26.2
      vertex 5.30021 59.9803 26.2
    endloop
  endfacet
  facet normal 0.195112 0.980781 -0
    outer loop
      vertex 4.69979 55.4197 26.2
      vertex 4.40472 55.4784 27.4
      vertex 4.69979 55.4197 27.4
    endloop
  endfacet
  facet normal 0.195112 0.980781 0
    outer loop
      vertex 4.40472 55.4784 27.4
      vertex 4.69979 55.4197 26.2
      vertex 4.40472 55.4784 26.2
    endloop
  endfacet
  facet normal 0.75186 0.659323 0
    outer loop
      vertex 3.37365 56.0737 27.4
      vertex 3.17529 56.2999 26.2
      vertex 3.17529 56.2999 27.4
    endloop
  endfacet
  facet normal 0.75186 0.659323 0
    outer loop
      vertex 3.17529 56.2999 26.2
      vertex 3.37365 56.0737 27.4
      vertex 3.37365 56.0737 26.2
    endloop
  endfacet
  facet normal 0.946931 0.321438 0
    outer loop
      vertex 2.87508 56.8198 27.4
      vertex 2.77837 57.1047 26.2
      vertex 2.77837 57.1047 27.4
    endloop
  endfacet
  facet normal 0.946931 0.321438 0
    outer loop
      vertex 2.77837 57.1047 26.2
      vertex 2.87508 56.8198 27.4
      vertex 2.87508 56.8198 26.2
    endloop
  endfacet
  facet normal 0.997858 -0.0654159 0
    outer loop
      vertex 2.7 57.7 27.4
      vertex 2.71968 58.0002 26.2
      vertex 2.71968 58.0002 27.4
    endloop
  endfacet
  facet normal 0.997858 -0.0654159 0
    outer loop
      vertex 2.71968 58.0002 26.2
      vertex 2.7 57.7 27.4
      vertex 2.7 57.7 26.2
    endloop
  endfacet
  facet normal -0.659415 0.751779 0
    outer loop
      vertex 6.62634 56.0737 26.2
      vertex 6.40015 55.8753 27.4
      vertex 6.62634 56.0737 27.4
    endloop
  endfacet
  facet normal -0.659415 0.751779 0
    outer loop
      vertex 6.40015 55.8753 27.4
      vertex 6.62634 56.0737 26.2
      vertex 6.40015 55.8753 26.2
    endloop
  endfacet
  facet normal -0.751843 0.659342 0
    outer loop
      vertex 6.62634 56.0737 26.2
      vertex 6.82471 56.2999 27.4
      vertex 6.82471 56.2999 26.2
    endloop
  endfacet
  facet normal -0.751843 0.659342 0
    outer loop
      vertex 6.82471 56.2999 27.4
      vertex 6.62634 56.0737 26.2
      vertex 6.62634 56.0737 27.4
    endloop
  endfacet
  facet normal 0.946931 -0.321438 0
    outer loop
      vertex 2.77837 58.2953 27.4
      vertex 2.87508 58.5802 26.2
      vertex 2.87508 58.5802 27.4
    endloop
  endfacet
  facet normal 0.946931 -0.321438 0
    outer loop
      vertex 2.87508 58.5802 26.2
      vertex 2.77837 58.2953 27.4
      vertex 2.77837 58.2953 26.2
    endloop
  endfacet
  facet normal 0.94704 -0.321117 0
    outer loop
      vertex 69.4409 5.31058 26.2
      vertex 69.4913 5.45922 25.1
      vertex 69.4913 5.45922 26.2
    endloop
  endfacet
  facet normal 0.94704 -0.321117 0
    outer loop
      vertex 69.4913 5.45922 25.1
      vertex 69.4409 5.31058 26.2
      vertex 69.4409 5.31058 25.1
    endloop
  endfacet
  facet normal 0.980813 0.194952 0
    outer loop
      vertex 69.4409 4.68942 26.2
      vertex 69.4103 4.84337 25.1
      vertex 69.4103 4.84337 26.2
    endloop
  endfacet
  facet normal 0.980813 0.194952 0
    outer loop
      vertex 69.4103 4.84337 25.1
      vertex 69.4409 4.68942 26.2
      vertex 69.4409 4.68942 25.1
    endloop
  endfacet
  facet normal 0.32148 0.946916 -0
    outer loop
      vertex 70.2894 3.84089 25.1
      vertex 70.1408 3.89134 26.2
      vertex 70.2894 3.84089 26.2
    endloop
  endfacet
  facet normal 0.32148 0.946916 0
    outer loop
      vertex 70.1408 3.89134 26.2
      vertex 70.2894 3.84089 25.1
      vertex 70.1408 3.89134 25.1
    endloop
  endfacet
  facet normal -0.896683 -0.442673 0
    outer loop
      vertex 71.7087 5.45922 25.1
      vertex 71.6392 5.6 26.2
      vertex 71.6392 5.6 25.1
    endloop
  endfacet
  facet normal -0.896683 -0.442673 0
    outer loop
      vertex 71.6392 5.6 26.2
      vertex 71.7087 5.45922 25.1
      vertex 71.7087 5.45922 26.2
    endloop
  endfacet
  facet normal -0.751842 0.659343 0
    outer loop
      vertex 71.4485 4.15147 25.1
      vertex 71.552 4.26949 26.2
      vertex 71.552 4.26949 25.1
    endloop
  endfacet
  facet normal -0.751842 0.659343 0
    outer loop
      vertex 71.552 4.26949 26.2
      vertex 71.4485 4.15147 25.1
      vertex 71.4485 4.15147 26.2
    endloop
  endfacet
  facet normal 0.555626 0.831432 -0
    outer loop
      vertex 70 3.96077 25.1
      vertex 69.8695 4.04798 26.2
      vertex 70 3.96077 26.2
    endloop
  endfacet
  facet normal 0.555626 0.831432 0
    outer loop
      vertex 69.8695 4.04798 26.2
      vertex 70 3.96077 25.1
      vertex 69.8695 4.04798 25.1
    endloop
  endfacet
  facet normal -0.997845 -0.0656183 0
    outer loop
      vertex 71.8 5 25.1
      vertex 71.7897 5.15663 26.2
      vertex 71.7897 5.15663 25.1
    endloop
  endfacet
  facet normal -0.997845 -0.0656183 0
    outer loop
      vertex 71.7897 5.15663 26.2
      vertex 71.8 5 25.1
      vertex 71.8 5 26.2
    endloop
  endfacet
  facet normal -0.980813 -0.194952 0
    outer loop
      vertex 71.7897 5.15663 25.1
      vertex 71.7591 5.31058 26.2
      vertex 71.7591 5.31058 25.1
    endloop
  endfacet
  facet normal -0.980813 -0.194952 0
    outer loop
      vertex 71.7591 5.31058 26.2
      vertex 71.7897 5.15663 25.1
      vertex 71.7897 5.15663 26.2
    endloop
  endfacet
  facet normal -0.896683 0.442673 0
    outer loop
      vertex 71.6392 4.4 25.1
      vertex 71.7087 4.54078 26.2
      vertex 71.7087 4.54078 25.1
    endloop
  endfacet
  facet normal -0.896683 0.442673 0
    outer loop
      vertex 71.7087 4.54078 26.2
      vertex 71.6392 4.4 25.1
      vertex 71.6392 4.4 26.2
    endloop
  endfacet
  facet normal -0.0654405 0.997856 0
    outer loop
      vertex 70.7566 3.81027 25.1
      vertex 70.6 3.8 26.2
      vertex 70.7566 3.81027 26.2
    endloop
  endfacet
  facet normal -0.0654405 0.997856 0
    outer loop
      vertex 70.6 3.8 26.2
      vertex 70.7566 3.81027 25.1
      vertex 70.6 3.8 25.1
    endloop
  endfacet
  facet normal -0.94704 -0.321117 0
    outer loop
      vertex 71.7591 5.31058 25.1
      vertex 71.7087 5.45922 26.2
      vertex 71.7087 5.45922 25.1
    endloop
  endfacet
  facet normal -0.94704 -0.321117 0
    outer loop
      vertex 71.7087 5.45922 26.2
      vertex 71.7591 5.31058 25.1
      vertex 71.7591 5.31058 26.2
    endloop
  endfacet
  facet normal 0.195014 0.980801 -0
    outer loop
      vertex 70.4434 3.81027 25.1
      vertex 70.2894 3.84089 26.2
      vertex 70.4434 3.81027 26.2
    endloop
  endfacet
  facet normal 0.195014 0.980801 0
    outer loop
      vertex 70.2894 3.84089 26.2
      vertex 70.4434 3.81027 25.1
      vertex 70.2894 3.84089 25.1
    endloop
  endfacet
  facet normal 0.555626 -0.831432 0
    outer loop
      vertex 69.8695 5.95202 25.1
      vertex 70 6.03923 26.2
      vertex 69.8695 5.95202 26.2
    endloop
  endfacet
  facet normal 0.555626 -0.831432 0
    outer loop
      vertex 70 6.03923 26.2
      vertex 69.8695 5.95202 25.1
      vertex 70 6.03923 25.1
    endloop
  endfacet
  facet normal 0.831481 0.555553 0
    outer loop
      vertex 69.648 4.26949 26.2
      vertex 69.5608 4.4 25.1
      vertex 69.5608 4.4 26.2
    endloop
  endfacet
  facet normal 0.831481 0.555553 0
    outer loop
      vertex 69.5608 4.4 25.1
      vertex 69.648 4.26949 26.2
      vertex 69.648 4.26949 25.1
    endloop
  endfacet
  facet normal -0.442212 -0.89691 0
    outer loop
      vertex 71.0592 6.10865 25.1
      vertex 71.2 6.03923 26.2
      vertex 71.0592 6.10865 26.2
    endloop
  endfacet
  facet normal -0.442212 -0.89691 -0
    outer loop
      vertex 71.2 6.03923 26.2
      vertex 71.0592 6.10865 25.1
      vertex 71.2 6.03923 25.1
    endloop
  endfacet
  facet normal -0.195014 0.980801 0
    outer loop
      vertex 70.9106 3.84089 25.1
      vertex 70.7566 3.81027 26.2
      vertex 70.9106 3.84089 26.2
    endloop
  endfacet
  facet normal -0.195014 0.980801 0
    outer loop
      vertex 70.7566 3.81027 26.2
      vertex 70.9106 3.84089 25.1
      vertex 70.7566 3.81027 25.1
    endloop
  endfacet
  facet normal -0.65937 0.751818 0
    outer loop
      vertex 71.4485 4.15147 25.1
      vertex 71.3305 4.04798 26.2
      vertex 71.4485 4.15147 26.2
    endloop
  endfacet
  facet normal -0.65937 0.751818 0
    outer loop
      vertex 71.3305 4.04798 26.2
      vertex 71.4485 4.15147 25.1
      vertex 71.3305 4.04798 25.1
    endloop
  endfacet
  facet normal -0.195014 -0.980801 0
    outer loop
      vertex 70.7566 6.18973 25.1
      vertex 70.9106 6.15911 26.2
      vertex 70.7566 6.18973 26.2
    endloop
  endfacet
  facet normal -0.195014 -0.980801 -0
    outer loop
      vertex 70.9106 6.15911 26.2
      vertex 70.7566 6.18973 25.1
      vertex 70.9106 6.15911 25.1
    endloop
  endfacet
  facet normal 0.896683 0.442673 0
    outer loop
      vertex 69.5608 4.4 26.2
      vertex 69.4913 4.54078 25.1
      vertex 69.4913 4.54078 26.2
    endloop
  endfacet
  facet normal 0.896683 0.442673 0
    outer loop
      vertex 69.4913 4.54078 25.1
      vertex 69.5608 4.4 26.2
      vertex 69.5608 4.4 25.1
    endloop
  endfacet
  facet normal -0.980813 0.194952 0
    outer loop
      vertex 71.7591 4.68942 25.1
      vertex 71.7897 4.84337 26.2
      vertex 71.7897 4.84337 25.1
    endloop
  endfacet
  facet normal -0.980813 0.194952 0
    outer loop
      vertex 71.7897 4.84337 26.2
      vertex 71.7591 4.68942 25.1
      vertex 71.7591 4.68942 26.2
    endloop
  endfacet
  facet normal 0.751842 0.659343 0
    outer loop
      vertex 69.7515 4.15147 26.2
      vertex 69.648 4.26949 25.1
      vertex 69.648 4.26949 26.2
    endloop
  endfacet
  facet normal 0.751842 0.659343 0
    outer loop
      vertex 69.648 4.26949 25.1
      vertex 69.7515 4.15147 26.2
      vertex 69.7515 4.15147 25.1
    endloop
  endfacet
  facet normal -0.94704 0.321117 0
    outer loop
      vertex 71.7087 4.54078 25.1
      vertex 71.7591 4.68942 26.2
      vertex 71.7591 4.68942 25.1
    endloop
  endfacet
  facet normal -0.94704 0.321117 0
    outer loop
      vertex 71.7591 4.68942 26.2
      vertex 71.7087 4.54078 25.1
      vertex 71.7087 4.54078 26.2
    endloop
  endfacet
  facet normal 0.831481 -0.555553 0
    outer loop
      vertex 69.5608 5.6 26.2
      vertex 69.648 5.73051 25.1
      vertex 69.648 5.73051 26.2
    endloop
  endfacet
  facet normal 0.831481 -0.555553 0
    outer loop
      vertex 69.648 5.73051 25.1
      vertex 69.5608 5.6 26.2
      vertex 69.5608 5.6 25.1
    endloop
  endfacet
  facet normal -0.997845 0.0656183 0
    outer loop
      vertex 71.7897 4.84337 25.1
      vertex 71.8 5 26.2
      vertex 71.8 5 25.1
    endloop
  endfacet
  facet normal -0.997845 0.0656183 0
    outer loop
      vertex 71.8 5 26.2
      vertex 71.7897 4.84337 25.1
      vertex 71.7897 4.84337 26.2
    endloop
  endfacet
  facet normal -0.831481 -0.555553 0
    outer loop
      vertex 71.6392 5.6 25.1
      vertex 71.552 5.73051 26.2
      vertex 71.552 5.73051 25.1
    endloop
  endfacet
  facet normal -0.831481 -0.555553 0
    outer loop
      vertex 71.552 5.73051 26.2
      vertex 71.6392 5.6 25.1
      vertex 71.6392 5.6 26.2
    endloop
  endfacet
  facet normal 0.997845 -0.0656183 0
    outer loop
      vertex 69.4 5 26.2
      vertex 69.4103 5.15663 25.1
      vertex 69.4103 5.15663 26.2
    endloop
  endfacet
  facet normal 0.997845 -0.0656183 0
    outer loop
      vertex 69.4103 5.15663 25.1
      vertex 69.4 5 26.2
      vertex 69.4 5 25.1
    endloop
  endfacet
  facet normal 0.997845 0.0656183 0
    outer loop
      vertex 69.4103 4.84337 26.2
      vertex 69.4 5 25.1
      vertex 69.4 5 26.2
    endloop
  endfacet
  facet normal 0.997845 0.0656183 0
    outer loop
      vertex 69.4 5 25.1
      vertex 69.4103 4.84337 26.2
      vertex 69.4103 4.84337 25.1
    endloop
  endfacet
  facet normal -0.555626 -0.831432 0
    outer loop
      vertex 71.2 6.03923 25.1
      vertex 71.3305 5.95202 26.2
      vertex 71.2 6.03923 26.2
    endloop
  endfacet
  facet normal -0.555626 -0.831432 -0
    outer loop
      vertex 71.3305 5.95202 26.2
      vertex 71.2 6.03923 25.1
      vertex 71.3305 5.95202 25.1
    endloop
  endfacet
  facet normal 0.442212 -0.89691 0
    outer loop
      vertex 70 6.03923 25.1
      vertex 70.1408 6.10865 26.2
      vertex 70 6.03923 26.2
    endloop
  endfacet
  facet normal 0.442212 -0.89691 0
    outer loop
      vertex 70.1408 6.10865 26.2
      vertex 70 6.03923 25.1
      vertex 70.1408 6.10865 25.1
    endloop
  endfacet
  facet normal 0.751842 -0.659343 0
    outer loop
      vertex 69.648 5.73051 26.2
      vertex 69.7515 5.84853 25.1
      vertex 69.7515 5.84853 26.2
    endloop
  endfacet
  facet normal 0.751842 -0.659343 0
    outer loop
      vertex 69.7515 5.84853 25.1
      vertex 69.648 5.73051 26.2
      vertex 69.648 5.73051 25.1
    endloop
  endfacet
  facet normal -0.751842 -0.659343 0
    outer loop
      vertex 71.552 5.73051 25.1
      vertex 71.4485 5.84853 26.2
      vertex 71.4485 5.84853 25.1
    endloop
  endfacet
  facet normal -0.751842 -0.659343 0
    outer loop
      vertex 71.4485 5.84853 26.2
      vertex 71.552 5.73051 25.1
      vertex 71.552 5.73051 26.2
    endloop
  endfacet
  facet normal 0.0654405 0.997856 -0
    outer loop
      vertex 70.6 3.8 25.1
      vertex 70.4434 3.81027 26.2
      vertex 70.6 3.8 26.2
    endloop
  endfacet
  facet normal 0.0654405 0.997856 0
    outer loop
      vertex 70.4434 3.81027 26.2
      vertex 70.6 3.8 25.1
      vertex 70.4434 3.81027 25.1
    endloop
  endfacet
  facet normal -0.442264 0.896885 0
    outer loop
      vertex 71.2 3.96077 25.1
      vertex 71.0592 3.89134 26.2
      vertex 71.2 3.96077 26.2
    endloop
  endfacet
  facet normal -0.442264 0.896885 0
    outer loop
      vertex 71.0592 3.89134 26.2
      vertex 71.2 3.96077 25.1
      vertex 71.0592 3.89134 25.1
    endloop
  endfacet
  facet normal 0.65937 -0.751818 0
    outer loop
      vertex 69.7515 5.84853 25.1
      vertex 69.8695 5.95202 26.2
      vertex 69.7515 5.84853 26.2
    endloop
  endfacet
  facet normal 0.65937 -0.751818 0
    outer loop
      vertex 69.8695 5.95202 26.2
      vertex 69.7515 5.84853 25.1
      vertex 69.8695 5.95202 25.1
    endloop
  endfacet
  facet normal 0.94704 0.321117 0
    outer loop
      vertex 69.4913 4.54078 26.2
      vertex 69.4409 4.68942 25.1
      vertex 69.4409 4.68942 26.2
    endloop
  endfacet
  facet normal 0.94704 0.321117 0
    outer loop
      vertex 69.4409 4.68942 25.1
      vertex 69.4913 4.54078 26.2
      vertex 69.4913 4.54078 25.1
    endloop
  endfacet
  facet normal 0.321537 -0.946897 0
    outer loop
      vertex 70.1408 6.10865 25.1
      vertex 70.2894 6.15911 26.2
      vertex 70.1408 6.10865 26.2
    endloop
  endfacet
  facet normal 0.321537 -0.946897 0
    outer loop
      vertex 70.2894 6.15911 26.2
      vertex 70.1408 6.10865 25.1
      vertex 70.2894 6.15911 25.1
    endloop
  endfacet
  facet normal -0.32148 0.946916 0
    outer loop
      vertex 71.0592 3.89134 25.1
      vertex 70.9106 3.84089 26.2
      vertex 71.0592 3.89134 26.2
    endloop
  endfacet
  facet normal -0.32148 0.946916 0
    outer loop
      vertex 70.9106 3.84089 26.2
      vertex 71.0592 3.89134 25.1
      vertex 70.9106 3.84089 25.1
    endloop
  endfacet
  facet normal 0.195014 -0.980801 0
    outer loop
      vertex 70.2894 6.15911 25.1
      vertex 70.4434 6.18973 26.2
      vertex 70.2894 6.15911 26.2
    endloop
  endfacet
  facet normal 0.195014 -0.980801 0
    outer loop
      vertex 70.4434 6.18973 26.2
      vertex 70.2894 6.15911 25.1
      vertex 70.4434 6.18973 25.1
    endloop
  endfacet
  facet normal -0.321537 -0.946897 0
    outer loop
      vertex 70.9106 6.15911 25.1
      vertex 71.0592 6.10865 26.2
      vertex 70.9106 6.15911 26.2
    endloop
  endfacet
  facet normal -0.321537 -0.946897 -0
    outer loop
      vertex 71.0592 6.10865 26.2
      vertex 70.9106 6.15911 25.1
      vertex 71.0592 6.10865 25.1
    endloop
  endfacet
  facet normal 0.65937 0.751818 -0
    outer loop
      vertex 69.8695 4.04798 25.1
      vertex 69.7515 4.15147 26.2
      vertex 69.8695 4.04798 26.2
    endloop
  endfacet
  facet normal 0.65937 0.751818 0
    outer loop
      vertex 69.7515 4.15147 26.2
      vertex 69.8695 4.04798 25.1
      vertex 69.7515 4.15147 25.1
    endloop
  endfacet
  facet normal -0.831481 0.555553 0
    outer loop
      vertex 71.552 4.26949 25.1
      vertex 71.6392 4.4 26.2
      vertex 71.6392 4.4 25.1
    endloop
  endfacet
  facet normal -0.831481 0.555553 0
    outer loop
      vertex 71.6392 4.4 26.2
      vertex 71.552 4.26949 25.1
      vertex 71.552 4.26949 26.2
    endloop
  endfacet
  facet normal -0.65937 -0.751818 0
    outer loop
      vertex 71.3305 5.95202 25.1
      vertex 71.4485 5.84853 26.2
      vertex 71.3305 5.95202 26.2
    endloop
  endfacet
  facet normal -0.65937 -0.751818 -0
    outer loop
      vertex 71.4485 5.84853 26.2
      vertex 71.3305 5.95202 25.1
      vertex 71.4485 5.84853 25.1
    endloop
  endfacet
  facet normal 0.980813 -0.194952 0
    outer loop
      vertex 69.4103 5.15663 26.2
      vertex 69.4409 5.31058 25.1
      vertex 69.4409 5.31058 26.2
    endloop
  endfacet
  facet normal 0.980813 -0.194952 0
    outer loop
      vertex 69.4409 5.31058 25.1
      vertex 69.4103 5.15663 26.2
      vertex 69.4103 5.15663 25.1
    endloop
  endfacet
  facet normal -0.0654405 -0.997856 0
    outer loop
      vertex 70.6 6.2 25.1
      vertex 70.7566 6.18973 26.2
      vertex 70.6 6.2 26.2
    endloop
  endfacet
  facet normal -0.0654405 -0.997856 -0
    outer loop
      vertex 70.7566 6.18973 26.2
      vertex 70.6 6.2 25.1
      vertex 70.7566 6.18973 25.1
    endloop
  endfacet
  facet normal 0.0654405 -0.997856 0
    outer loop
      vertex 70.4434 6.18973 25.1
      vertex 70.6 6.2 26.2
      vertex 70.4434 6.18973 26.2
    endloop
  endfacet
  facet normal 0.0654405 -0.997856 0
    outer loop
      vertex 70.6 6.2 26.2
      vertex 70.4434 6.18973 25.1
      vertex 70.6 6.2 25.1
    endloop
  endfacet
  facet normal 0.896683 -0.442673 0
    outer loop
      vertex 69.4913 5.45922 26.2
      vertex 69.5608 5.6 25.1
      vertex 69.5608 5.6 26.2
    endloop
  endfacet
  facet normal 0.896683 -0.442673 0
    outer loop
      vertex 69.5608 5.6 25.1
      vertex 69.4913 5.45922 26.2
      vertex 69.4913 5.45922 25.1
    endloop
  endfacet
  facet normal -0.555626 0.831432 0
    outer loop
      vertex 71.3305 4.04798 25.1
      vertex 71.2 3.96077 26.2
      vertex 71.3305 4.04798 26.2
    endloop
  endfacet
  facet normal -0.555626 0.831432 0
    outer loop
      vertex 71.2 3.96077 26.2
      vertex 71.3305 4.04798 25.1
      vertex 71.2 3.96077 25.1
    endloop
  endfacet
  facet normal 0.442264 0.896885 -0
    outer loop
      vertex 70.1408 3.89134 25.1
      vertex 70 3.96077 26.2
      vertex 70.1408 3.89134 26.2
    endloop
  endfacet
  facet normal 0.442264 0.896885 0
    outer loop
      vertex 70 3.96077 26.2
      vertex 70.1408 3.89134 25.1
      vertex 70 3.96077 25.1
    endloop
  endfacet
  facet normal -0.946937 -0.321418 0
    outer loop
      vertex 72.8216 5.59528 26.2
      vertex 72.7249 5.88017 27.4
      vertex 72.7249 5.88017 26.2
    endloop
  endfacet
  facet normal -0.946937 -0.321418 0
    outer loop
      vertex 72.7249 5.88017 27.4
      vertex 72.8216 5.59528 26.2
      vertex 72.8216 5.59528 27.4
    endloop
  endfacet
  facet normal 0.195061 0.980791 -0
    outer loop
      vertex 70.2998 2.71968 26.2
      vertex 70.0047 2.77837 27.4
      vertex 70.2998 2.71968 27.4
    endloop
  endfacet
  facet normal 0.195061 0.980791 0
    outer loop
      vertex 70.0047 2.77837 27.4
      vertex 70.2998 2.71968 26.2
      vertex 70.0047 2.77837 26.2
    endloop
  endfacet
  facet normal -0.321438 0.946931 0
    outer loop
      vertex 71.4802 2.87508 26.2
      vertex 71.1953 2.77837 27.4
      vertex 71.4802 2.87508 27.4
    endloop
  endfacet
  facet normal -0.321438 0.946931 0
    outer loop
      vertex 71.1953 2.77837 27.4
      vertex 71.4802 2.87508 26.2
      vertex 71.1953 2.77837 26.2
    endloop
  endfacet
  facet normal -0.831385 -0.555697 0
    outer loop
      vertex 72.5919 6.15 26.2
      vertex 72.4247 6.40015 27.4
      vertex 72.4247 6.40015 26.2
    endloop
  endfacet
  facet normal -0.831385 -0.555697 0
    outer loop
      vertex 72.4247 6.40015 27.4
      vertex 72.5919 6.15 26.2
      vertex 72.5919 6.15 27.4
    endloop
  endfacet
  facet normal -0.831385 0.555697 0
    outer loop
      vertex 72.4247 3.59985 26.2
      vertex 72.5919 3.85 27.4
      vertex 72.5919 3.85 26.2
    endloop
  endfacet
  facet normal -0.831385 0.555697 0
    outer loop
      vertex 72.5919 3.85 27.4
      vertex 72.4247 3.59985 26.2
      vertex 72.4247 3.59985 27.4
    endloop
  endfacet
  facet normal 0.896959 0.442114 0
    outer loop
      vertex 68.6081 3.85 27.4
      vertex 68.4751 4.11983 26.2
      vertex 68.4751 4.11983 27.4
    endloop
  endfacet
  facet normal 0.896959 0.442114 0
    outer loop
      vertex 68.4751 4.11983 26.2
      vertex 68.6081 3.85 27.4
      vertex 68.6081 3.85 26.2
    endloop
  endfacet
  facet normal 0.997854 0.0654799 0
    outer loop
      vertex 68.3197 4.69979 27.4
      vertex 68.3 5 26.2
      vertex 68.3 5 27.4
    endloop
  endfacet
  facet normal 0.997854 0.0654799 0
    outer loop
      vertex 68.3 5 26.2
      vertex 68.3197 4.69979 27.4
      vertex 68.3197 4.69979 26.2
    endloop
  endfacet
  facet normal -0.997854 -0.0654799 0
    outer loop
      vertex 72.9 5 26.2
      vertex 72.8803 5.30021 27.4
      vertex 72.8803 5.30021 26.2
    endloop
  endfacet
  facet normal -0.997854 -0.0654799 0
    outer loop
      vertex 72.8803 5.30021 27.4
      vertex 72.9 5 26.2
      vertex 72.9 5 27.4
    endloop
  endfacet
  facet normal -0.896959 -0.442114 0
    outer loop
      vertex 72.7249 5.88017 26.2
      vertex 72.5919 6.15 27.4
      vertex 72.5919 6.15 26.2
    endloop
  endfacet
  facet normal -0.896959 -0.442114 0
    outer loop
      vertex 72.5919 6.15 27.4
      vertex 72.7249 5.88017 26.2
      vertex 72.7249 5.88017 27.4
    endloop
  endfacet
  facet normal -0.751779 -0.659415 0
    outer loop
      vertex 72.4247 6.40015 26.2
      vertex 72.2263 6.62634 27.4
      vertex 72.2263 6.62634 26.2
    endloop
  endfacet
  facet normal -0.751779 -0.659415 0
    outer loop
      vertex 72.2263 6.62634 27.4
      vertex 72.4247 6.40015 26.2
      vertex 72.4247 6.40015 27.4
    endloop
  endfacet
  facet normal -0.0654159 -0.997858 0
    outer loop
      vertex 70.6 7.3 26.2
      vertex 70.9002 7.28032 27.4
      vertex 70.6 7.3 27.4
    endloop
  endfacet
  facet normal -0.0654159 -0.997858 -0
    outer loop
      vertex 70.9002 7.28032 27.4
      vertex 70.6 7.3 26.2
      vertex 70.9002 7.28032 26.2
    endloop
  endfacet
  facet normal -0.659488 0.751715 0
    outer loop
      vertex 72.2263 3.37365 26.2
      vertex 72.0002 3.17529 27.4
      vertex 72.2263 3.37365 27.4
    endloop
  endfacet
  facet normal -0.659488 0.751715 0
    outer loop
      vertex 72.0002 3.17529 27.4
      vertex 72.2263 3.37365 26.2
      vertex 72.0002 3.17529 26.2
    endloop
  endfacet
  facet normal 0.896959 -0.442114 0
    outer loop
      vertex 68.4751 5.88017 27.4
      vertex 68.6081 6.15 26.2
      vertex 68.6081 6.15 27.4
    endloop
  endfacet
  facet normal 0.896959 -0.442114 0
    outer loop
      vertex 68.6081 6.15 26.2
      vertex 68.4751 5.88017 27.4
      vertex 68.4751 5.88017 26.2
    endloop
  endfacet
  facet normal -0.195061 -0.980791 0
    outer loop
      vertex 70.9002 7.28032 26.2
      vertex 71.1953 7.22163 27.4
      vertex 70.9002 7.28032 27.4
    endloop
  endfacet
  facet normal -0.195061 -0.980791 -0
    outer loop
      vertex 71.1953 7.22163 27.4
      vertex 70.9002 7.28032 26.2
      vertex 71.1953 7.22163 26.2
    endloop
  endfacet
  facet normal -0.980781 -0.195112 0
    outer loop
      vertex 72.8803 5.30021 26.2
      vertex 72.8216 5.59528 27.4
      vertex 72.8216 5.59528 26.2
    endloop
  endfacet
  facet normal -0.980781 -0.195112 0
    outer loop
      vertex 72.8216 5.59528 27.4
      vertex 72.8803 5.30021 26.2
      vertex 72.8803 5.30021 27.4
    endloop
  endfacet
  facet normal -0.555505 0.831513 0
    outer loop
      vertex 72.0002 3.17529 26.2
      vertex 71.75 3.00814 27.4
      vertex 72.0002 3.17529 27.4
    endloop
  endfacet
  facet normal -0.555505 0.831513 0
    outer loop
      vertex 71.75 3.00814 27.4
      vertex 72.0002 3.17529 26.2
      vertex 71.75 3.00814 26.2
    endloop
  endfacet
  facet normal -0.997854 0.0654799 0
    outer loop
      vertex 72.8803 4.69979 26.2
      vertex 72.9 5 27.4
      vertex 72.9 5 26.2
    endloop
  endfacet
  facet normal -0.997854 0.0654799 0
    outer loop
      vertex 72.9 5 27.4
      vertex 72.8803 4.69979 26.2
      vertex 72.8803 4.69979 27.4
    endloop
  endfacet
  facet normal 0.831385 -0.555697 0
    outer loop
      vertex 68.6081 6.15 27.4
      vertex 68.7753 6.40015 26.2
      vertex 68.7753 6.40015 27.4
    endloop
  endfacet
  facet normal 0.831385 -0.555697 0
    outer loop
      vertex 68.7753 6.40015 26.2
      vertex 68.6081 6.15 27.4
      vertex 68.6081 6.15 26.2
    endloop
  endfacet
  facet normal -0.321438 -0.946931 0
    outer loop
      vertex 71.1953 7.22163 26.2
      vertex 71.4802 7.12492 27.4
      vertex 71.1953 7.22163 27.4
    endloop
  endfacet
  facet normal -0.321438 -0.946931 -0
    outer loop
      vertex 71.4802 7.12492 27.4
      vertex 71.1953 7.22163 26.2
      vertex 71.4802 7.12492 26.2
    endloop
  endfacet
  facet normal -0.442314 0.89686 0
    outer loop
      vertex 71.75 3.00814 26.2
      vertex 71.4802 2.87508 27.4
      vertex 71.75 3.00814 27.4
    endloop
  endfacet
  facet normal -0.442314 0.89686 0
    outer loop
      vertex 71.4802 2.87508 27.4
      vertex 71.75 3.00814 26.2
      vertex 71.4802 2.87508 26.2
    endloop
  endfacet
  facet normal -0.896959 0.442114 0
    outer loop
      vertex 72.5919 3.85 26.2
      vertex 72.7249 4.11983 27.4
      vertex 72.7249 4.11983 26.2
    endloop
  endfacet
  facet normal -0.896959 0.442114 0
    outer loop
      vertex 72.7249 4.11983 27.4
      vertex 72.5919 3.85 26.2
      vertex 72.5919 3.85 27.4
    endloop
  endfacet
  facet normal 0.321438 -0.946931 0
    outer loop
      vertex 69.7198 7.12492 26.2
      vertex 70.0047 7.22163 27.4
      vertex 69.7198 7.12492 27.4
    endloop
  endfacet
  facet normal 0.321438 -0.946931 0
    outer loop
      vertex 70.0047 7.22163 27.4
      vertex 69.7198 7.12492 26.2
      vertex 70.0047 7.22163 26.2
    endloop
  endfacet
  facet normal -0.659507 -0.751699 0
    outer loop
      vertex 72.0002 6.82471 26.2
      vertex 72.2263 6.62634 27.4
      vertex 72.0002 6.82471 27.4
    endloop
  endfacet
  facet normal -0.659507 -0.751699 -0
    outer loop
      vertex 72.2263 6.62634 27.4
      vertex 72.0002 6.82471 26.2
      vertex 72.2263 6.62634 26.2
    endloop
  endfacet
  facet normal 0.321438 0.946931 -0
    outer loop
      vertex 70.0047 2.77837 26.2
      vertex 69.7198 2.87508 27.4
      vertex 70.0047 2.77837 27.4
    endloop
  endfacet
  facet normal 0.321438 0.946931 0
    outer loop
      vertex 69.7198 2.87508 27.4
      vertex 70.0047 2.77837 26.2
      vertex 69.7198 2.87508 26.2
    endloop
  endfacet
  facet normal 0.555505 -0.831513 0
    outer loop
      vertex 69.1998 6.82471 26.2
      vertex 69.45 6.99186 27.4
      vertex 69.1998 6.82471 27.4
    endloop
  endfacet
  facet normal 0.555505 -0.831513 0
    outer loop
      vertex 69.45 6.99186 27.4
      vertex 69.1998 6.82471 26.2
      vertex 69.45 6.99186 26.2
    endloop
  endfacet
  facet normal 0.0654159 -0.997858 0
    outer loop
      vertex 70.2998 7.28032 26.2
      vertex 70.6 7.3 27.4
      vertex 70.2998 7.28032 27.4
    endloop
  endfacet
  facet normal 0.0654159 -0.997858 0
    outer loop
      vertex 70.6 7.3 27.4
      vertex 70.2998 7.28032 26.2
      vertex 70.6 7.3 26.2
    endloop
  endfacet
  facet normal 0.442314 -0.89686 0
    outer loop
      vertex 69.45 6.99186 26.2
      vertex 69.7198 7.12492 27.4
      vertex 69.45 6.99186 27.4
    endloop
  endfacet
  facet normal 0.442314 -0.89686 0
    outer loop
      vertex 69.7198 7.12492 27.4
      vertex 69.45 6.99186 26.2
      vertex 69.7198 7.12492 26.2
    endloop
  endfacet
  facet normal 0.831385 0.555697 0
    outer loop
      vertex 68.7753 3.59985 27.4
      vertex 68.6081 3.85 26.2
      vertex 68.6081 3.85 27.4
    endloop
  endfacet
  facet normal 0.831385 0.555697 0
    outer loop
      vertex 68.6081 3.85 26.2
      vertex 68.7753 3.59985 27.4
      vertex 68.7753 3.59985 26.2
    endloop
  endfacet
  facet normal -0.980781 0.195112 0
    outer loop
      vertex 72.8216 4.40472 26.2
      vertex 72.8803 4.69979 27.4
      vertex 72.8803 4.69979 26.2
    endloop
  endfacet
  facet normal -0.980781 0.195112 0
    outer loop
      vertex 72.8803 4.69979 27.4
      vertex 72.8216 4.40472 26.2
      vertex 72.8216 4.40472 27.4
    endloop
  endfacet
  facet normal -0.195061 0.980791 0
    outer loop
      vertex 71.1953 2.77837 26.2
      vertex 70.9002 2.71968 27.4
      vertex 71.1953 2.77837 27.4
    endloop
  endfacet
  facet normal -0.195061 0.980791 0
    outer loop
      vertex 70.9002 2.71968 27.4
      vertex 71.1953 2.77837 26.2
      vertex 70.9002 2.71968 26.2
    endloop
  endfacet
  facet normal 0.751779 -0.659415 0
    outer loop
      vertex 68.7753 6.40015 27.4
      vertex 68.9737 6.62634 26.2
      vertex 68.9737 6.62634 27.4
    endloop
  endfacet
  facet normal 0.751779 -0.659415 0
    outer loop
      vertex 68.9737 6.62634 26.2
      vertex 68.7753 6.40015 27.4
      vertex 68.7753 6.40015 26.2
    endloop
  endfacet
  facet normal -0.555505 -0.831513 0
    outer loop
      vertex 71.75 6.99186 26.2
      vertex 72.0002 6.82471 27.4
      vertex 71.75 6.99186 27.4
    endloop
  endfacet
  facet normal -0.555505 -0.831513 -0
    outer loop
      vertex 72.0002 6.82471 27.4
      vertex 71.75 6.99186 26.2
      vertex 72.0002 6.82471 26.2
    endloop
  endfacet
  facet normal -0.0654159 0.997858 0
    outer loop
      vertex 70.9002 2.71968 26.2
      vertex 70.6 2.7 27.4
      vertex 70.9002 2.71968 27.4
    endloop
  endfacet
  facet normal -0.0654159 0.997858 0
    outer loop
      vertex 70.6 2.7 27.4
      vertex 70.9002 2.71968 26.2
      vertex 70.6 2.7 26.2
    endloop
  endfacet
  facet normal 0.997854 -0.0654799 0
    outer loop
      vertex 68.3 5 27.4
      vertex 68.3197 5.30021 26.2
      vertex 68.3197 5.30021 27.4
    endloop
  endfacet
  facet normal 0.997854 -0.0654799 0
    outer loop
      vertex 68.3197 5.30021 26.2
      vertex 68.3 5 27.4
      vertex 68.3 5 26.2
    endloop
  endfacet
  facet normal -0.442314 -0.89686 0
    outer loop
      vertex 71.4802 7.12492 26.2
      vertex 71.75 6.99186 27.4
      vertex 71.4802 7.12492 27.4
    endloop
  endfacet
  facet normal -0.442314 -0.89686 -0
    outer loop
      vertex 71.75 6.99186 27.4
      vertex 71.4802 7.12492 26.2
      vertex 71.75 6.99186 26.2
    endloop
  endfacet
  facet normal 0.195061 -0.980791 0
    outer loop
      vertex 70.0047 7.22163 26.2
      vertex 70.2998 7.28032 27.4
      vertex 70.0047 7.22163 27.4
    endloop
  endfacet
  facet normal 0.195061 -0.980791 0
    outer loop
      vertex 70.2998 7.28032 27.4
      vertex 70.0047 7.22163 26.2
      vertex 70.2998 7.28032 26.2
    endloop
  endfacet
  facet normal 0.946937 0.321418 0
    outer loop
      vertex 68.4751 4.11983 27.4
      vertex 68.3784 4.40472 26.2
      vertex 68.3784 4.40472 27.4
    endloop
  endfacet
  facet normal 0.946937 0.321418 0
    outer loop
      vertex 68.3784 4.40472 26.2
      vertex 68.4751 4.11983 27.4
      vertex 68.4751 4.11983 26.2
    endloop
  endfacet
  facet normal 0.555505 0.831513 -0
    outer loop
      vertex 69.45 3.00814 26.2
      vertex 69.1998 3.17529 27.4
      vertex 69.45 3.00814 27.4
    endloop
  endfacet
  facet normal 0.555505 0.831513 0
    outer loop
      vertex 69.1998 3.17529 27.4
      vertex 69.45 3.00814 26.2
      vertex 69.1998 3.17529 26.2
    endloop
  endfacet
  facet normal 0.980781 -0.195112 0
    outer loop
      vertex 68.3197 5.30021 27.4
      vertex 68.3784 5.59528 26.2
      vertex 68.3784 5.59528 27.4
    endloop
  endfacet
  facet normal 0.980781 -0.195112 0
    outer loop
      vertex 68.3784 5.59528 26.2
      vertex 68.3197 5.30021 27.4
      vertex 68.3197 5.30021 26.2
    endloop
  endfacet
  facet normal 0.659507 -0.751699 0
    outer loop
      vertex 68.9737 6.62634 26.2
      vertex 69.1998 6.82471 27.4
      vertex 68.9737 6.62634 27.4
    endloop
  endfacet
  facet normal 0.659507 -0.751699 0
    outer loop
      vertex 69.1998 6.82471 27.4
      vertex 68.9737 6.62634 26.2
      vertex 69.1998 6.82471 26.2
    endloop
  endfacet
  facet normal 0.751794 0.659398 0
    outer loop
      vertex 68.9737 3.37365 27.4
      vertex 68.7753 3.59985 26.2
      vertex 68.7753 3.59985 27.4
    endloop
  endfacet
  facet normal 0.751794 0.659398 0
    outer loop
      vertex 68.7753 3.59985 26.2
      vertex 68.9737 3.37365 27.4
      vertex 68.9737 3.37365 26.2
    endloop
  endfacet
  facet normal 0.659488 0.751715 -0
    outer loop
      vertex 69.1998 3.17529 26.2
      vertex 68.9737 3.37365 27.4
      vertex 69.1998 3.17529 27.4
    endloop
  endfacet
  facet normal 0.659488 0.751715 0
    outer loop
      vertex 68.9737 3.37365 27.4
      vertex 69.1998 3.17529 26.2
      vertex 68.9737 3.37365 26.2
    endloop
  endfacet
  facet normal -0.946937 0.321418 0
    outer loop
      vertex 72.7249 4.11983 26.2
      vertex 72.8216 4.40472 27.4
      vertex 72.8216 4.40472 26.2
    endloop
  endfacet
  facet normal -0.946937 0.321418 0
    outer loop
      vertex 72.8216 4.40472 27.4
      vertex 72.7249 4.11983 26.2
      vertex 72.7249 4.11983 27.4
    endloop
  endfacet
  facet normal 0.980781 0.195112 0
    outer loop
      vertex 68.3784 4.40472 27.4
      vertex 68.3197 4.69979 26.2
      vertex 68.3197 4.69979 27.4
    endloop
  endfacet
  facet normal 0.980781 0.195112 0
    outer loop
      vertex 68.3197 4.69979 26.2
      vertex 68.3784 4.40472 27.4
      vertex 68.3784 4.40472 26.2
    endloop
  endfacet
  facet normal 0 0 1
    outer loop
      vertex 71.8 5 26.2
      vertex 72.9 5 26.2
      vertex 72.8803 5.30021 26.2
    endloop
  endfacet
  facet normal 0 0 1
    outer loop
      vertex 71.7897 5.15663 26.2
      vertex 72.8803 5.30021 26.2
      vertex 72.8216 5.59528 26.2
    endloop
  endfacet
  facet normal 0 0 1
    outer loop
      vertex 72.9 5 26.2
      vertex 71.8 5 26.2
      vertex 72.8803 4.69979 26.2
    endloop
  endfacet
  facet normal 0 0 1
    outer loop
      vertex 71.7591 5.31058 26.2
      vertex 72.8216 5.59528 26.2
      vertex 72.7249 5.88017 26.2
    endloop
  endfacet
  facet normal -0 0 1
    outer loop
      vertex 71.7897 4.84337 26.2
      vertex 72.8803 4.69979 26.2
      vertex 71.8 5 26.2
    endloop
  endfacet
  facet normal 0 0 1
    outer loop
      vertex 71.7087 5.45922 26.2
      vertex 72.7249 5.88017 26.2
      vertex 72.5919 6.15 26.2
    endloop
  endfacet
  facet normal 0 0 1
    outer loop
      vertex 72.8803 4.69979 26.2
      vertex 71.7897 4.84337 26.2
      vertex 72.8216 4.40472 26.2
    endloop
  endfacet
  facet normal 0 0 1
    outer loop
      vertex 71.6392 5.6 26.2
      vertex 72.5919 6.15 26.2
      vertex 72.4247 6.40015 26.2
    endloop
  endfacet
  facet normal -0 0 1
    outer loop
      vertex 71.7591 4.68942 26.2
      vertex 72.8216 4.40472 26.2
      vertex 71.7897 4.84337 26.2
    endloop
  endfacet
  facet normal 0 0 1
    outer loop
      vertex 71.552 5.73051 26.2
      vertex 72.4247 6.40015 26.2
      vertex 72.2263 6.62634 26.2
    endloop
  endfacet
  facet normal 0 0 1
    outer loop
      vertex 72.8216 4.40472 26.2
      vertex 71.7591 4.68942 26.2
      vertex 72.7249 4.11983 26.2
    endloop
  endfacet
  facet normal 0 0 1
    outer loop
      vertex 71.4485 5.84853 26.2
      vertex 72.2263 6.62634 26.2
      vertex 72.0002 6.82471 26.2
    endloop
  endfacet
  facet normal -0 0 1
    outer loop
      vertex 71.7087 4.54078 26.2
      vertex 72.7249 4.11983 26.2
      vertex 71.7591 4.68942 26.2
    endloop
  endfacet
  facet normal 0 0 1
    outer loop
      vertex 72.7249 4.11983 26.2
      vertex 71.7087 4.54078 26.2
      vertex 72.5919 3.85 26.2
    endloop
  endfacet
  facet normal 0 0 1
    outer loop
      vertex 72.8803 5.30021 26.2
      vertex 71.7897 5.15663 26.2
      vertex 71.8 5 26.2
    endloop
  endfacet
  facet normal 0 0 1
    outer loop
      vertex 72.8216 5.59528 26.2
      vertex 71.7591 5.31058 26.2
      vertex 71.7897 5.15663 26.2
    endloop
  endfacet
  facet normal 0 0 1
    outer loop
      vertex 71.3305 5.95202 26.2
      vertex 72.0002 6.82471 26.2
      vertex 71.75 6.99186 26.2
    endloop
  endfacet
  facet normal 0 0 1
    outer loop
      vertex 72.7249 5.88017 26.2
      vertex 71.7087 5.45922 26.2
      vertex 71.7591 5.31058 26.2
    endloop
  endfacet
  facet normal 0 0 1
    outer loop
      vertex 72.5919 6.15 26.2
      vertex 71.6392 5.6 26.2
      vertex 71.7087 5.45922 26.2
    endloop
  endfacet
  facet normal 0 0 1
    outer loop
      vertex 72.4247 6.40015 26.2
      vertex 71.552 5.73051 26.2
      vertex 71.6392 5.6 26.2
    endloop
  endfacet
  facet normal 0 0 1
    outer loop
      vertex 71.2 6.03923 26.2
      vertex 71.75 6.99186 26.2
      vertex 71.4802 7.12492 26.2
    endloop
  endfacet
  facet normal 0 0 1
    outer loop
      vertex 72.2263 6.62634 26.2
      vertex 71.4485 5.84853 26.2
      vertex 71.552 5.73051 26.2
    endloop
  endfacet
  facet normal 0 0 1
    outer loop
      vertex 72.0002 6.82471 26.2
      vertex 71.3305 5.95202 26.2
      vertex 71.4485 5.84853 26.2
    endloop
  endfacet
  facet normal 0 0 1
    outer loop
      vertex 71.75 6.99186 26.2
      vertex 71.2 6.03923 26.2
      vertex 71.3305 5.95202 26.2
    endloop
  endfacet
  facet normal 0 0 1
    outer loop
      vertex 71.0592 6.10865 26.2
      vertex 71.4802 7.12492 26.2
      vertex 71.1953 7.22163 26.2
    endloop
  endfacet
  facet normal 0 0 1
    outer loop
      vertex 71.4802 7.12492 26.2
      vertex 71.0592 6.10865 26.2
      vertex 71.2 6.03923 26.2
    endloop
  endfacet
  facet normal 0 0 1
    outer loop
      vertex 71.1953 7.22163 26.2
      vertex 70.9106 6.15911 26.2
      vertex 71.0592 6.10865 26.2
    endloop
  endfacet
  facet normal 0 0 1
    outer loop
      vertex 70.9002 7.28032 26.2
      vertex 70.9106 6.15911 26.2
      vertex 71.1953 7.22163 26.2
    endloop
  endfacet
  facet normal 0 0 1
    outer loop
      vertex 70.9002 7.28032 26.2
      vertex 70.7566 6.18973 26.2
      vertex 70.9106 6.15911 26.2
    endloop
  endfacet
  facet normal 0 0 1
    outer loop
      vertex 70.6 7.3 26.2
      vertex 70.7566 6.18973 26.2
      vertex 70.9002 7.28032 26.2
    endloop
  endfacet
  facet normal 0 0 1
    outer loop
      vertex 70.6 7.3 26.2
      vertex 70.6 6.2 26.2
      vertex 70.7566 6.18973 26.2
    endloop
  endfacet
  facet normal 0 0 1
    outer loop
      vertex 70.6 7.3 26.2
      vertex 70.4434 6.18973 26.2
      vertex 70.6 6.2 26.2
    endloop
  endfacet
  facet normal -0 0 1
    outer loop
      vertex 70.2998 7.28032 26.2
      vertex 70.4434 6.18973 26.2
      vertex 70.6 7.3 26.2
    endloop
  endfacet
  facet normal 0 0 1
    outer loop
      vertex 70.2998 7.28032 26.2
      vertex 70.2894 6.15911 26.2
      vertex 70.4434 6.18973 26.2
    endloop
  endfacet
  facet normal -0 0 1
    outer loop
      vertex 70.0047 7.22163 26.2
      vertex 70.2894 6.15911 26.2
      vertex 70.2998 7.28032 26.2
    endloop
  endfacet
  facet normal 0 0 1
    outer loop
      vertex 70.2894 6.15911 26.2
      vertex 70.0047 7.22163 26.2
      vertex 70.1408 6.10865 26.2
    endloop
  endfacet
  facet normal -0 0 1
    outer loop
      vertex 69.7198 7.12492 26.2
      vertex 70.1408 6.10865 26.2
      vertex 70.0047 7.22163 26.2
    endloop
  endfacet
  facet normal 0 0 1
    outer loop
      vertex 70.1408 6.10865 26.2
      vertex 69.7198 7.12492 26.2
      vertex 70 6.03923 26.2
    endloop
  endfacet
  facet normal -0 0 1
    outer loop
      vertex 69.45 6.99186 26.2
      vertex 70 6.03923 26.2
      vertex 69.7198 7.12492 26.2
    endloop
  endfacet
  facet normal 0 0 1
    outer loop
      vertex 70 6.03923 26.2
      vertex 69.45 6.99186 26.2
      vertex 69.8695 5.95202 26.2
    endloop
  endfacet
  facet normal -0 0 1
    outer loop
      vertex 69.1998 6.82471 26.2
      vertex 69.8695 5.95202 26.2
      vertex 69.45 6.99186 26.2
    endloop
  endfacet
  facet normal 0 0 1
    outer loop
      vertex 69.8695 5.95202 26.2
      vertex 69.1998 6.82471 26.2
      vertex 69.7515 5.84853 26.2
    endloop
  endfacet
  facet normal -0 0 1
    outer loop
      vertex 68.9737 6.62634 26.2
      vertex 69.7515 5.84853 26.2
      vertex 69.1998 6.82471 26.2
    endloop
  endfacet
  facet normal 0 0 1
    outer loop
      vertex 69.7515 5.84853 26.2
      vertex 68.9737 6.62634 26.2
      vertex 69.648 5.73051 26.2
    endloop
  endfacet
  facet normal -0 0 1
    outer loop
      vertex 68.7753 6.40015 26.2
      vertex 69.648 5.73051 26.2
      vertex 68.9737 6.62634 26.2
    endloop
  endfacet
  facet normal 0 0 1
    outer loop
      vertex 69.648 5.73051 26.2
      vertex 68.7753 6.40015 26.2
      vertex 69.5608 5.6 26.2
    endloop
  endfacet
  facet normal -0 0 1
    outer loop
      vertex 68.6081 6.15 26.2
      vertex 69.5608 5.6 26.2
      vertex 68.7753 6.40015 26.2
    endloop
  endfacet
  facet normal 0 0 1
    outer loop
      vertex 69.5608 5.6 26.2
      vertex 68.6081 6.15 26.2
      vertex 69.4913 5.45922 26.2
    endloop
  endfacet
  facet normal -0 0 1
    outer loop
      vertex 71.6392 4.4 26.2
      vertex 72.5919 3.85 26.2
      vertex 71.7087 4.54078 26.2
    endloop
  endfacet
  facet normal 0 0 1
    outer loop
      vertex 72.5919 3.85 26.2
      vertex 71.6392 4.4 26.2
      vertex 72.4247 3.59985 26.2
    endloop
  endfacet
  facet normal -0 0 1
    outer loop
      vertex 71.552 4.26949 26.2
      vertex 72.4247 3.59985 26.2
      vertex 71.6392 4.4 26.2
    endloop
  endfacet
  facet normal 0 0 1
    outer loop
      vertex 72.4247 3.59985 26.2
      vertex 71.552 4.26949 26.2
      vertex 72.2263 3.37365 26.2
    endloop
  endfacet
  facet normal -0 0 1
    outer loop
      vertex 71.4485 4.15147 26.2
      vertex 72.2263 3.37365 26.2
      vertex 71.552 4.26949 26.2
    endloop
  endfacet
  facet normal 0 0 1
    outer loop
      vertex 72.2263 3.37365 26.2
      vertex 71.4485 4.15147 26.2
      vertex 72.0002 3.17529 26.2
    endloop
  endfacet
  facet normal -0 0 1
    outer loop
      vertex 71.3305 4.04798 26.2
      vertex 72.0002 3.17529 26.2
      vertex 71.4485 4.15147 26.2
    endloop
  endfacet
  facet normal 0 0 1
    outer loop
      vertex 72.0002 3.17529 26.2
      vertex 71.3305 4.04798 26.2
      vertex 71.75 3.00814 26.2
    endloop
  endfacet
  facet normal -0 0 1
    outer loop
      vertex 71.2 3.96077 26.2
      vertex 71.75 3.00814 26.2
      vertex 71.3305 4.04798 26.2
    endloop
  endfacet
  facet normal 0 0 1
    outer loop
      vertex 71.75 3.00814 26.2
      vertex 71.2 3.96077 26.2
      vertex 71.4802 2.87508 26.2
    endloop
  endfacet
  facet normal -0 0 1
    outer loop
      vertex 71.0592 3.89134 26.2
      vertex 71.4802 2.87508 26.2
      vertex 71.2 3.96077 26.2
    endloop
  endfacet
  facet normal 0 0 1
    outer loop
      vertex 71.4802 2.87508 26.2
      vertex 71.0592 3.89134 26.2
      vertex 71.1953 2.77837 26.2
    endloop
  endfacet
  facet normal -0 0 1
    outer loop
      vertex 70.9106 3.84089 26.2
      vertex 71.1953 2.77837 26.2
      vertex 71.0592 3.89134 26.2
    endloop
  endfacet
  facet normal 0 0 1
    outer loop
      vertex 70.9106 3.84089 26.2
      vertex 70.9002 2.71968 26.2
      vertex 71.1953 2.77837 26.2
    endloop
  endfacet
  facet normal -0 0 1
    outer loop
      vertex 70.7566 3.81027 26.2
      vertex 70.9002 2.71968 26.2
      vertex 70.9106 3.84089 26.2
    endloop
  endfacet
  facet normal -0 0 1
    outer loop
      vertex 70.6 3.8 26.2
      vertex 70.9002 2.71968 26.2
      vertex 70.7566 3.81027 26.2
    endloop
  endfacet
  facet normal 0 0 1
    outer loop
      vertex 70.6 3.8 26.2
      vertex 70.6 2.7 26.2
      vertex 70.9002 2.71968 26.2
    endloop
  endfacet
  facet normal 0 0 1
    outer loop
      vertex 70.4434 3.81027 26.2
      vertex 70.6 2.7 26.2
      vertex 70.6 3.8 26.2
    endloop
  endfacet
  facet normal 0 0 1
    outer loop
      vertex 70.4434 3.81027 26.2
      vertex 70.2998 2.71968 26.2
      vertex 70.6 2.7 26.2
    endloop
  endfacet
  facet normal 0 0 1
    outer loop
      vertex 70.2894 3.84089 26.2
      vertex 70.2998 2.71968 26.2
      vertex 70.4434 3.81027 26.2
    endloop
  endfacet
  facet normal 0 0 1
    outer loop
      vertex 70.0047 2.77837 26.2
      vertex 70.2894 3.84089 26.2
      vertex 70.1408 3.89134 26.2
    endloop
  endfacet
  facet normal 0 0 1
    outer loop
      vertex 70.2894 3.84089 26.2
      vertex 70.0047 2.77837 26.2
      vertex 70.2998 2.71968 26.2
    endloop
  endfacet
  facet normal 0 0 1
    outer loop
      vertex 69.7198 2.87508 26.2
      vertex 70.1408 3.89134 26.2
      vertex 70 3.96077 26.2
    endloop
  endfacet
  facet normal 0 0 1
    outer loop
      vertex 69.45 3.00814 26.2
      vertex 70 3.96077 26.2
      vertex 69.8695 4.04798 26.2
    endloop
  endfacet
  facet normal 0 0 1
    outer loop
      vertex 69.1998 3.17529 26.2
      vertex 69.8695 4.04798 26.2
      vertex 69.7515 4.15147 26.2
    endloop
  endfacet
  facet normal 0 0 1
    outer loop
      vertex 70.1408 3.89134 26.2
      vertex 69.7198 2.87508 26.2
      vertex 70.0047 2.77837 26.2
    endloop
  endfacet
  facet normal 0 0 1
    outer loop
      vertex 68.9737 3.37365 26.2
      vertex 69.7515 4.15147 26.2
      vertex 69.648 4.26949 26.2
    endloop
  endfacet
  facet normal 0 0 1
    outer loop
      vertex 68.7753 3.59985 26.2
      vertex 69.648 4.26949 26.2
      vertex 69.5608 4.4 26.2
    endloop
  endfacet
  facet normal 0 0 1
    outer loop
      vertex 68.6081 3.85 26.2
      vertex 69.5608 4.4 26.2
      vertex 69.4913 4.54078 26.2
    endloop
  endfacet
  facet normal 0 0 1
    outer loop
      vertex 70 3.96077 26.2
      vertex 69.45 3.00814 26.2
      vertex 69.7198 2.87508 26.2
    endloop
  endfacet
  facet normal 0 0 1
    outer loop
      vertex 68.4751 4.11983 26.2
      vertex 69.4913 4.54078 26.2
      vertex 69.4409 4.68942 26.2
    endloop
  endfacet
  facet normal 0 0 1
    outer loop
      vertex 68.3784 4.40472 26.2
      vertex 69.4409 4.68942 26.2
      vertex 69.4103 4.84337 26.2
    endloop
  endfacet
  facet normal 0 0 1
    outer loop
      vertex 68.3197 4.69979 26.2
      vertex 69.4103 4.84337 26.2
      vertex 69.4 5 26.2
    endloop
  endfacet
  facet normal -0 0 1
    outer loop
      vertex 68.4751 5.88017 26.2
      vertex 69.4913 5.45922 26.2
      vertex 68.6081 6.15 26.2
    endloop
  endfacet
  facet normal 0 0 1
    outer loop
      vertex 69.8695 4.04798 26.2
      vertex 69.1998 3.17529 26.2
      vertex 69.45 3.00814 26.2
    endloop
  endfacet
  facet normal 0 0 1
    outer loop
      vertex 69.4913 5.45922 26.2
      vertex 68.4751 5.88017 26.2
      vertex 69.4409 5.31058 26.2
    endloop
  endfacet
  facet normal 0 0 1
    outer loop
      vertex 69.7515 4.15147 26.2
      vertex 68.9737 3.37365 26.2
      vertex 69.1998 3.17529 26.2
    endloop
  endfacet
  facet normal -0 0 1
    outer loop
      vertex 68.3784 5.59528 26.2
      vertex 69.4409 5.31058 26.2
      vertex 68.4751 5.88017 26.2
    endloop
  endfacet
  facet normal 0 0 1
    outer loop
      vertex 69.648 4.26949 26.2
      vertex 68.7753 3.59985 26.2
      vertex 68.9737 3.37365 26.2
    endloop
  endfacet
  facet normal 0 0 1
    outer loop
      vertex 69.4409 5.31058 26.2
      vertex 68.3784 5.59528 26.2
      vertex 69.4103 5.15663 26.2
    endloop
  endfacet
  facet normal 0 0 1
    outer loop
      vertex 69.5608 4.4 26.2
      vertex 68.6081 3.85 26.2
      vertex 68.7753 3.59985 26.2
    endloop
  endfacet
  facet normal -0 0 1
    outer loop
      vertex 68.3197 5.30021 26.2
      vertex 69.4103 5.15663 26.2
      vertex 68.3784 5.59528 26.2
    endloop
  endfacet
  facet normal 0 0 1
    outer loop
      vertex 69.4913 4.54078 26.2
      vertex 68.4751 4.11983 26.2
      vertex 68.6081 3.85 26.2
    endloop
  endfacet
  facet normal 0 0 1
    outer loop
      vertex 69.4103 5.15663 26.2
      vertex 68.3197 5.30021 26.2
      vertex 69.4 5 26.2
    endloop
  endfacet
  facet normal 0 0 1
    outer loop
      vertex 69.4409 4.68942 26.2
      vertex 68.3784 4.40472 26.2
      vertex 68.4751 4.11983 26.2
    endloop
  endfacet
  facet normal 0 0 1
    outer loop
      vertex 68.3 5 26.2
      vertex 69.4 5 26.2
      vertex 68.3197 5.30021 26.2
    endloop
  endfacet
  facet normal 0 0 1
    outer loop
      vertex 69.4103 4.84337 26.2
      vertex 68.3197 4.69979 26.2
      vertex 68.3784 4.40472 26.2
    endloop
  endfacet
  facet normal 0 0 1
    outer loop
      vertex 69.4 5 26.2
      vertex 68.3 5 26.2
      vertex 68.3197 4.69979 26.2
    endloop
  endfacet
  facet normal 0.946937 -0.321418 0
    outer loop
      vertex 68.3784 5.59528 27.4
      vertex 68.4751 5.88017 26.2
      vertex 68.4751 5.88017 27.4
    endloop
  endfacet
  facet normal 0.946937 -0.321418 0
    outer loop
      vertex 68.4751 5.88017 26.2
      vertex 68.3784 5.59528 27.4
      vertex 68.3784 5.59528 26.2
    endloop
  endfacet
  facet normal 0.442314 0.89686 -0
    outer loop
      vertex 69.7198 2.87508 26.2
      vertex 69.45 3.00814 27.4
      vertex 69.7198 2.87508 27.4
    endloop
  endfacet
  facet normal 0.442314 0.89686 0
    outer loop
      vertex 69.45 3.00814 27.4
      vertex 69.7198 2.87508 26.2
      vertex 69.45 3.00814 26.2
    endloop
  endfacet
  facet normal -0.751794 0.659398 0
    outer loop
      vertex 72.2263 3.37365 26.2
      vertex 72.4247 3.59985 27.4
      vertex 72.4247 3.59985 26.2
    endloop
  endfacet
  facet normal -0.751794 0.659398 0
    outer loop
      vertex 72.4247 3.59985 27.4
      vertex 72.2263 3.37365 26.2
      vertex 72.2263 3.37365 27.4
    endloop
  endfacet
  facet normal 0.0654159 0.997858 -0
    outer loop
      vertex 70.6 2.7 26.2
      vertex 70.2998 2.71968 27.4
      vertex 70.6 2.7 27.4
    endloop
  endfacet
  facet normal 0.0654159 0.997858 0
    outer loop
      vertex 70.2998 2.71968 27.4
      vertex 70.6 2.7 26.2
      vertex 70.2998 2.71968 26.2
    endloop
  endfacet
  facet normal 0.831462 0.555582 0
    outer loop
      vertex 69.648 56.9695 26.2
      vertex 69.5608 57.1 25.1
      vertex 69.5608 57.1 26.2
    endloop
  endfacet
  facet normal 0.831462 0.555582 0
    outer loop
      vertex 69.5608 57.1 25.1
      vertex 69.648 56.9695 26.2
      vertex 69.648 56.9695 25.1
    endloop
  endfacet
  facet normal 0.896708 -0.442622 0
    outer loop
      vertex 69.4913 58.1592 26.2
      vertex 69.5608 58.3 25.1
      vertex 69.5608 58.3 26.2
    endloop
  endfacet
  facet normal 0.896708 -0.442622 0
    outer loop
      vertex 69.5608 58.3 25.1
      vertex 69.4913 58.1592 26.2
      vertex 69.4913 58.1592 25.1
    endloop
  endfacet
  facet normal -0.980825 -0.194891 0
    outer loop
      vertex 71.7897 57.8566 25.1
      vertex 71.7591 58.0106 26.2
      vertex 71.7591 58.0106 25.1
    endloop
  endfacet
  facet normal -0.980825 -0.194891 0
    outer loop
      vertex 71.7591 58.0106 26.2
      vertex 71.7897 57.8566 25.1
      vertex 71.7897 57.8566 26.2
    endloop
  endfacet
  facet normal -0.997844 -0.0656309 0
    outer loop
      vertex 71.8 57.7 25.1
      vertex 71.7897 57.8566 26.2
      vertex 71.7897 57.8566 25.1
    endloop
  endfacet
  facet normal -0.997844 -0.0656309 0
    outer loop
      vertex 71.7897 57.8566 26.2
      vertex 71.8 57.7 25.1
      vertex 71.8 57.7 26.2
    endloop
  endfacet
  facet normal -0.947013 -0.321194 0
    outer loop
      vertex 71.7591 58.0106 25.1
      vertex 71.7087 58.1592 26.2
      vertex 71.7087 58.1592 25.1
    endloop
  endfacet
  facet normal -0.947013 -0.321194 0
    outer loop
      vertex 71.7087 58.1592 26.2
      vertex 71.7591 58.0106 25.1
      vertex 71.7591 58.0106 26.2
    endloop
  endfacet
  facet normal -0.0656309 -0.997844 0
    outer loop
      vertex 70.6 58.9 25.1
      vertex 70.7566 58.8897 26.2
      vertex 70.6 58.9 26.2
    endloop
  endfacet
  facet normal -0.0656309 -0.997844 -0
    outer loop
      vertex 70.7566 58.8897 26.2
      vertex 70.6 58.9 25.1
      vertex 70.7566 58.8897 25.1
    endloop
  endfacet
  facet normal -0.751787 -0.659406 0
    outer loop
      vertex 71.552 58.4305 25.1
      vertex 71.4485 58.5485 26.2
      vertex 71.4485 58.5485 25.1
    endloop
  endfacet
  facet normal -0.751787 -0.659406 0
    outer loop
      vertex 71.4485 58.5485 26.2
      vertex 71.552 58.4305 25.1
      vertex 71.552 58.4305 26.2
    endloop
  endfacet
  facet normal -0.831462 -0.555582 0
    outer loop
      vertex 71.6392 58.3 25.1
      vertex 71.552 58.4305 26.2
      vertex 71.552 58.4305 25.1
    endloop
  endfacet
  facet normal -0.831462 -0.555582 0
    outer loop
      vertex 71.552 58.4305 26.2
      vertex 71.6392 58.3 25.1
      vertex 71.6392 58.3 26.2
    endloop
  endfacet
  facet normal 0.194891 0.980825 -0
    outer loop
      vertex 70.4434 56.5103 25.1
      vertex 70.2894 56.5409 26.2
      vertex 70.4434 56.5103 26.2
    endloop
  endfacet
  facet normal 0.194891 0.980825 0
    outer loop
      vertex 70.2894 56.5409 26.2
      vertex 70.4434 56.5103 25.1
      vertex 70.2894 56.5409 25.1
    endloop
  endfacet
  facet normal 0.980825 -0.194891 0
    outer loop
      vertex 69.4103 57.8566 26.2
      vertex 69.4409 58.0106 25.1
      vertex 69.4409 58.0106 26.2
    endloop
  endfacet
  facet normal 0.980825 -0.194891 0
    outer loop
      vertex 69.4409 58.0106 25.1
      vertex 69.4103 57.8566 26.2
      vertex 69.4103 57.8566 25.1
    endloop
  endfacet
  facet normal -0.947013 0.321194 0
    outer loop
      vertex 71.7087 57.2408 25.1
      vertex 71.7591 57.3894 26.2
      vertex 71.7591 57.3894 25.1
    endloop
  endfacet
  facet normal -0.947013 0.321194 0
    outer loop
      vertex 71.7591 57.3894 26.2
      vertex 71.7087 57.2408 25.1
      vertex 71.7087 57.2408 26.2
    endloop
  endfacet
  facet normal -0.442622 -0.896708 0
    outer loop
      vertex 71.0592 58.8087 25.1
      vertex 71.2 58.7392 26.2
      vertex 71.0592 58.8087 26.2
    endloop
  endfacet
  facet normal -0.442622 -0.896708 -0
    outer loop
      vertex 71.2 58.7392 26.2
      vertex 71.0592 58.8087 25.1
      vertex 71.2 58.7392 25.1
    endloop
  endfacet
  facet normal -0.980825 0.194891 0
    outer loop
      vertex 71.7591 57.3894 25.1
      vertex 71.7897 57.5434 26.2
      vertex 71.7897 57.5434 25.1
    endloop
  endfacet
  facet normal -0.980825 0.194891 0
    outer loop
      vertex 71.7897 57.5434 26.2
      vertex 71.7591 57.3894 25.1
      vertex 71.7591 57.3894 26.2
    endloop
  endfacet
  facet normal 0.751787 0.659406 0
    outer loop
      vertex 69.7515 56.8515 26.2
      vertex 69.648 56.9695 25.1
      vertex 69.648 56.9695 26.2
    endloop
  endfacet
  facet normal 0.751787 0.659406 0
    outer loop
      vertex 69.648 56.9695 25.1
      vertex 69.7515 56.8515 26.2
      vertex 69.7515 56.8515 25.1
    endloop
  endfacet
  facet normal 0.442622 -0.896708 0
    outer loop
      vertex 70 58.7392 25.1
      vertex 70.1408 58.8087 26.2
      vertex 70 58.7392 26.2
    endloop
  endfacet
  facet normal 0.442622 -0.896708 0
    outer loop
      vertex 70.1408 58.8087 26.2
      vertex 70 58.7392 25.1
      vertex 70.1408 58.8087 25.1
    endloop
  endfacet
  facet normal -0.896708 -0.442622 0
    outer loop
      vertex 71.7087 58.1592 25.1
      vertex 71.6392 58.3 26.2
      vertex 71.6392 58.3 25.1
    endloop
  endfacet
  facet normal -0.896708 -0.442622 0
    outer loop
      vertex 71.6392 58.3 26.2
      vertex 71.7087 58.1592 25.1
      vertex 71.7087 58.1592 26.2
    endloop
  endfacet
  facet normal 0.980825 0.194891 0
    outer loop
      vertex 69.4409 57.3894 26.2
      vertex 69.4103 57.5434 25.1
      vertex 69.4103 57.5434 26.2
    endloop
  endfacet
  facet normal 0.980825 0.194891 0
    outer loop
      vertex 69.4103 57.5434 25.1
      vertex 69.4409 57.3894 26.2
      vertex 69.4409 57.3894 25.1
    endloop
  endfacet
  facet normal -0.442622 0.896708 0
    outer loop
      vertex 71.2 56.6608 25.1
      vertex 71.0592 56.5913 26.2
      vertex 71.2 56.6608 26.2
    endloop
  endfacet
  facet normal -0.442622 0.896708 0
    outer loop
      vertex 71.0592 56.5913 26.2
      vertex 71.2 56.6608 25.1
      vertex 71.0592 56.5913 25.1
    endloop
  endfacet
  facet normal 0.659406 0.751787 -0
    outer loop
      vertex 69.8695 56.748 25.1
      vertex 69.7515 56.8515 26.2
      vertex 69.8695 56.748 26.2
    endloop
  endfacet
  facet normal 0.659406 0.751787 0
    outer loop
      vertex 69.7515 56.8515 26.2
      vertex 69.8695 56.748 25.1
      vertex 69.7515 56.8515 25.1
    endloop
  endfacet
  facet normal 0.997844 -0.0656309 0
    outer loop
      vertex 69.4 57.7 26.2
      vertex 69.4103 57.8566 25.1
      vertex 69.4103 57.8566 26.2
    endloop
  endfacet
  facet normal 0.997844 -0.0656309 0
    outer loop
      vertex 69.4103 57.8566 25.1
      vertex 69.4 57.7 26.2
      vertex 69.4 57.7 25.1
    endloop
  endfacet
  facet normal -0.194891 0.980825 0
    outer loop
      vertex 70.9106 56.5409 25.1
      vertex 70.7566 56.5103 26.2
      vertex 70.9106 56.5409 26.2
    endloop
  endfacet
  facet normal -0.194891 0.980825 0
    outer loop
      vertex 70.7566 56.5103 26.2
      vertex 70.9106 56.5409 25.1
      vertex 70.7566 56.5103 25.1
    endloop
  endfacet
  facet normal -0.321194 -0.947013 0
    outer loop
      vertex 70.9106 58.8591 25.1
      vertex 71.0592 58.8087 26.2
      vertex 70.9106 58.8591 26.2
    endloop
  endfacet
  facet normal -0.321194 -0.947013 -0
    outer loop
      vertex 71.0592 58.8087 26.2
      vertex 70.9106 58.8591 25.1
      vertex 71.0592 58.8087 25.1
    endloop
  endfacet
  facet normal -0.751787 0.659406 0
    outer loop
      vertex 71.4485 56.8515 25.1
      vertex 71.552 56.9695 26.2
      vertex 71.552 56.9695 25.1
    endloop
  endfacet
  facet normal -0.751787 0.659406 0
    outer loop
      vertex 71.552 56.9695 26.2
      vertex 71.4485 56.8515 25.1
      vertex 71.4485 56.8515 26.2
    endloop
  endfacet
  facet normal 0.194891 -0.980825 0
    outer loop
      vertex 70.2894 58.8591 25.1
      vertex 70.4434 58.8897 26.2
      vertex 70.2894 58.8591 26.2
    endloop
  endfacet
  facet normal 0.194891 -0.980825 0
    outer loop
      vertex 70.4434 58.8897 26.2
      vertex 70.2894 58.8591 25.1
      vertex 70.4434 58.8897 25.1
    endloop
  endfacet
  facet normal -0.555582 0.831462 0
    outer loop
      vertex 71.3305 56.748 25.1
      vertex 71.2 56.6608 26.2
      vertex 71.3305 56.748 26.2
    endloop
  endfacet
  facet normal -0.555582 0.831462 0
    outer loop
      vertex 71.2 56.6608 26.2
      vertex 71.3305 56.748 25.1
      vertex 71.2 56.6608 25.1
    endloop
  endfacet
  facet normal -0.321194 0.947013 0
    outer loop
      vertex 71.0592 56.5913 25.1
      vertex 70.9106 56.5409 26.2
      vertex 71.0592 56.5913 26.2
    endloop
  endfacet
  facet normal -0.321194 0.947013 0
    outer loop
      vertex 70.9106 56.5409 26.2
      vertex 71.0592 56.5913 25.1
      vertex 70.9106 56.5409 25.1
    endloop
  endfacet
  facet normal 0.442622 0.896708 -0
    outer loop
      vertex 70.1408 56.5913 25.1
      vertex 70 56.6608 26.2
      vertex 70.1408 56.5913 26.2
    endloop
  endfacet
  facet normal 0.442622 0.896708 0
    outer loop
      vertex 70 56.6608 26.2
      vertex 70.1408 56.5913 25.1
      vertex 70 56.6608 25.1
    endloop
  endfacet
  facet normal 0.555582 -0.831462 0
    outer loop
      vertex 69.8695 58.652 25.1
      vertex 70 58.7392 26.2
      vertex 69.8695 58.652 26.2
    endloop
  endfacet
  facet normal 0.555582 -0.831462 0
    outer loop
      vertex 70 58.7392 26.2
      vertex 69.8695 58.652 25.1
      vertex 70 58.7392 25.1
    endloop
  endfacet
  facet normal -0.831462 0.555582 0
    outer loop
      vertex 71.552 56.9695 25.1
      vertex 71.6392 57.1 26.2
      vertex 71.6392 57.1 25.1
    endloop
  endfacet
  facet normal -0.831462 0.555582 0
    outer loop
      vertex 71.6392 57.1 26.2
      vertex 71.552 56.9695 25.1
      vertex 71.552 56.9695 26.2
    endloop
  endfacet
  facet normal -0.659406 -0.751787 0
    outer loop
      vertex 71.3305 58.652 25.1
      vertex 71.4485 58.5485 26.2
      vertex 71.3305 58.652 26.2
    endloop
  endfacet
  facet normal -0.659406 -0.751787 -0
    outer loop
      vertex 71.4485 58.5485 26.2
      vertex 71.3305 58.652 25.1
      vertex 71.4485 58.5485 25.1
    endloop
  endfacet
  facet normal 0.896708 0.442622 0
    outer loop
      vertex 69.5608 57.1 26.2
      vertex 69.4913 57.2408 25.1
      vertex 69.4913 57.2408 26.2
    endloop
  endfacet
  facet normal 0.896708 0.442622 0
    outer loop
      vertex 69.4913 57.2408 25.1
      vertex 69.5608 57.1 26.2
      vertex 69.5608 57.1 25.1
    endloop
  endfacet
  facet normal 0.321194 -0.947013 0
    outer loop
      vertex 70.1408 58.8087 25.1
      vertex 70.2894 58.8591 26.2
      vertex 70.1408 58.8087 26.2
    endloop
  endfacet
  facet normal 0.321194 -0.947013 0
    outer loop
      vertex 70.2894 58.8591 26.2
      vertex 70.1408 58.8087 25.1
      vertex 70.2894 58.8591 25.1
    endloop
  endfacet
  facet normal 0.321194 0.947013 -0
    outer loop
      vertex 70.2894 56.5409 25.1
      vertex 70.1408 56.5913 26.2
      vertex 70.2894 56.5409 26.2
    endloop
  endfacet
  facet normal 0.321194 0.947013 0
    outer loop
      vertex 70.1408 56.5913 26.2
      vertex 70.2894 56.5409 25.1
      vertex 70.1408 56.5913 25.1
    endloop
  endfacet
  facet normal -0.659406 0.751787 0
    outer loop
      vertex 71.4485 56.8515 25.1
      vertex 71.3305 56.748 26.2
      vertex 71.4485 56.8515 26.2
    endloop
  endfacet
  facet normal -0.659406 0.751787 0
    outer loop
      vertex 71.3305 56.748 26.2
      vertex 71.4485 56.8515 25.1
      vertex 71.3305 56.748 25.1
    endloop
  endfacet
  facet normal -0.997844 0.0656309 0
    outer loop
      vertex 71.7897 57.5434 25.1
      vertex 71.8 57.7 26.2
      vertex 71.8 57.7 25.1
    endloop
  endfacet
  facet normal -0.997844 0.0656309 0
    outer loop
      vertex 71.8 57.7 26.2
      vertex 71.7897 57.5434 25.1
      vertex 71.7897 57.5434 26.2
    endloop
  endfacet
  facet normal 0.947013 0.321194 0
    outer loop
      vertex 69.4913 57.2408 26.2
      vertex 69.4409 57.3894 25.1
      vertex 69.4409 57.3894 26.2
    endloop
  endfacet
  facet normal 0.947013 0.321194 0
    outer loop
      vertex 69.4409 57.3894 25.1
      vertex 69.4913 57.2408 26.2
      vertex 69.4913 57.2408 25.1
    endloop
  endfacet
  facet normal 0.947013 -0.321194 0
    outer loop
      vertex 69.4409 58.0106 26.2
      vertex 69.4913 58.1592 25.1
      vertex 69.4913 58.1592 26.2
    endloop
  endfacet
  facet normal 0.947013 -0.321194 0
    outer loop
      vertex 69.4913 58.1592 25.1
      vertex 69.4409 58.0106 26.2
      vertex 69.4409 58.0106 25.1
    endloop
  endfacet
  facet normal 0.831462 -0.555582 0
    outer loop
      vertex 69.5608 58.3 26.2
      vertex 69.648 58.4305 25.1
      vertex 69.648 58.4305 26.2
    endloop
  endfacet
  facet normal 0.831462 -0.555582 0
    outer loop
      vertex 69.648 58.4305 25.1
      vertex 69.5608 58.3 26.2
      vertex 69.5608 58.3 25.1
    endloop
  endfacet
  facet normal -0.555582 -0.831462 0
    outer loop
      vertex 71.2 58.7392 25.1
      vertex 71.3305 58.652 26.2
      vertex 71.2 58.7392 26.2
    endloop
  endfacet
  facet normal -0.555582 -0.831462 -0
    outer loop
      vertex 71.3305 58.652 26.2
      vertex 71.2 58.7392 25.1
      vertex 71.3305 58.652 25.1
    endloop
  endfacet
  facet normal -0.194891 -0.980825 0
    outer loop
      vertex 70.7566 58.8897 25.1
      vertex 70.9106 58.8591 26.2
      vertex 70.7566 58.8897 26.2
    endloop
  endfacet
  facet normal -0.194891 -0.980825 -0
    outer loop
      vertex 70.9106 58.8591 26.2
      vertex 70.7566 58.8897 25.1
      vertex 70.9106 58.8591 25.1
    endloop
  endfacet
  facet normal 0.0656309 -0.997844 0
    outer loop
      vertex 70.4434 58.8897 25.1
      vertex 70.6 58.9 26.2
      vertex 70.4434 58.8897 26.2
    endloop
  endfacet
  facet normal 0.0656309 -0.997844 0
    outer loop
      vertex 70.6 58.9 26.2
      vertex 70.4434 58.8897 25.1
      vertex 70.6 58.9 25.1
    endloop
  endfacet
  facet normal 0.659406 -0.751787 0
    outer loop
      vertex 69.7515 58.5485 25.1
      vertex 69.8695 58.652 26.2
      vertex 69.7515 58.5485 26.2
    endloop
  endfacet
  facet normal 0.659406 -0.751787 0
    outer loop
      vertex 69.8695 58.652 26.2
      vertex 69.7515 58.5485 25.1
      vertex 69.8695 58.652 25.1
    endloop
  endfacet
  facet normal 0.997844 0.0656309 0
    outer loop
      vertex 69.4103 57.5434 26.2
      vertex 69.4 57.7 25.1
      vertex 69.4 57.7 26.2
    endloop
  endfacet
  facet normal 0.997844 0.0656309 0
    outer loop
      vertex 69.4 57.7 25.1
      vertex 69.4103 57.5434 26.2
      vertex 69.4103 57.5434 25.1
    endloop
  endfacet
  facet normal 0.555582 0.831462 -0
    outer loop
      vertex 70 56.6608 25.1
      vertex 69.8695 56.748 26.2
      vertex 70 56.6608 26.2
    endloop
  endfacet
  facet normal 0.555582 0.831462 0
    outer loop
      vertex 69.8695 56.748 26.2
      vertex 70 56.6608 25.1
      vertex 69.8695 56.748 25.1
    endloop
  endfacet
  facet normal 0.0656309 0.997844 -0
    outer loop
      vertex 70.6 56.5 25.1
      vertex 70.4434 56.5103 26.2
      vertex 70.6 56.5 26.2
    endloop
  endfacet
  facet normal 0.0656309 0.997844 0
    outer loop
      vertex 70.4434 56.5103 26.2
      vertex 70.6 56.5 25.1
      vertex 70.4434 56.5103 25.1
    endloop
  endfacet
  facet normal 0.751787 -0.659406 0
    outer loop
      vertex 69.648 58.4305 26.2
      vertex 69.7515 58.5485 25.1
      vertex 69.7515 58.5485 26.2
    endloop
  endfacet
  facet normal 0.751787 -0.659406 0
    outer loop
      vertex 69.7515 58.5485 25.1
      vertex 69.648 58.4305 26.2
      vertex 69.648 58.4305 25.1
    endloop
  endfacet
  facet normal -0.0656309 0.997844 0
    outer loop
      vertex 70.7566 56.5103 25.1
      vertex 70.6 56.5 26.2
      vertex 70.7566 56.5103 26.2
    endloop
  endfacet
  facet normal -0.0656309 0.997844 0
    outer loop
      vertex 70.6 56.5 26.2
      vertex 70.7566 56.5103 25.1
      vertex 70.6 56.5 25.1
    endloop
  endfacet
  facet normal -0.896708 0.442622 0
    outer loop
      vertex 71.6392 57.1 25.1
      vertex 71.7087 57.2408 26.2
      vertex 71.7087 57.2408 25.1
    endloop
  endfacet
  facet normal -0.896708 0.442622 0
    outer loop
      vertex 71.7087 57.2408 26.2
      vertex 71.6392 57.1 25.1
      vertex 71.6392 57.1 26.2
    endloop
  endfacet
  facet normal -0.55562 0.831436 0
    outer loop
      vertex 72.0002 55.8753 26.2
      vertex 71.75 55.7081 27.4
      vertex 72.0002 55.8753 27.4
    endloop
  endfacet
  facet normal -0.55562 0.831436 0
    outer loop
      vertex 71.75 55.7081 27.4
      vertex 72.0002 55.8753 26.2
      vertex 71.75 55.7081 26.2
    endloop
  endfacet
  facet normal 0.997854 0.0654821 0
    outer loop
      vertex 68.3197 57.3998 27.4
      vertex 68.3 57.7 26.2
      vertex 68.3 57.7 27.4
    endloop
  endfacet
  facet normal 0.997854 0.0654821 0
    outer loop
      vertex 68.3 57.7 26.2
      vertex 68.3197 57.3998 27.4
      vertex 68.3197 57.3998 26.2
    endloop
  endfacet
  facet normal -0.831436 -0.55562 0
    outer loop
      vertex 72.5919 58.85 26.2
      vertex 72.4247 59.1002 27.4
      vertex 72.4247 59.1002 26.2
    endloop
  endfacet
  facet normal -0.831436 -0.55562 0
    outer loop
      vertex 72.4247 59.1002 27.4
      vertex 72.5919 58.85 26.2
      vertex 72.5919 58.85 27.4
    endloop
  endfacet
  facet normal -0.55562 -0.831436 0
    outer loop
      vertex 71.75 59.6919 26.2
      vertex 72.0002 59.5247 27.4
      vertex 71.75 59.6919 27.4
    endloop
  endfacet
  facet normal -0.55562 -0.831436 -0
    outer loop
      vertex 72.0002 59.5247 27.4
      vertex 71.75 59.6919 26.2
      vertex 72.0002 59.5247 26.2
    endloop
  endfacet
  facet normal -0.442153 -0.89694 0
    outer loop
      vertex 71.4802 59.8249 26.2
      vertex 71.75 59.6919 27.4
      vertex 71.4802 59.8249 27.4
    endloop
  endfacet
  facet normal -0.442153 -0.89694 -0
    outer loop
      vertex 71.75 59.6919 27.4
      vertex 71.4802 59.8249 26.2
      vertex 71.75 59.6919 26.2
    endloop
  endfacet
  facet normal -0.321408 0.946941 0
    outer loop
      vertex 71.4802 55.5751 26.2
      vertex 71.1953 55.4784 27.4
      vertex 71.4802 55.5751 27.4
    endloop
  endfacet
  facet normal -0.321408 0.946941 0
    outer loop
      vertex 71.1953 55.4784 27.4
      vertex 71.4802 55.5751 26.2
      vertex 71.1953 55.4784 26.2
    endloop
  endfacet
  facet normal -0.89694 -0.442153 0
    outer loop
      vertex 72.7249 58.5802 26.2
      vertex 72.5919 58.85 27.4
      vertex 72.5919 58.85 26.2
    endloop
  endfacet
  facet normal -0.89694 -0.442153 0
    outer loop
      vertex 72.5919 58.85 27.4
      vertex 72.7249 58.5802 26.2
      vertex 72.7249 58.5802 27.4
    endloop
  endfacet
  facet normal 0.980785 -0.195093 0
    outer loop
      vertex 68.3197 58.0002 27.4
      vertex 68.3784 58.2953 26.2
      vertex 68.3784 58.2953 27.4
    endloop
  endfacet
  facet normal 0.980785 -0.195093 0
    outer loop
      vertex 68.3784 58.2953 26.2
      vertex 68.3197 58.0002 27.4
      vertex 68.3197 58.0002 26.2
    endloop
  endfacet
  facet normal -0.831334 0.555774 0
    outer loop
      vertex 72.4247 56.2999 26.2
      vertex 72.5919 56.55 27.4
      vertex 72.5919 56.55 26.2
    endloop
  endfacet
  facet normal -0.831334 0.555774 0
    outer loop
      vertex 72.5919 56.55 27.4
      vertex 72.4247 56.2999 26.2
      vertex 72.4247 56.2999 27.4
    endloop
  endfacet
  facet normal -0.997854 -0.0654821 0
    outer loop
      vertex 72.9 57.7 26.2
      vertex 72.8803 58.0002 27.4
      vertex 72.8803 58.0002 26.2
    endloop
  endfacet
  facet normal -0.997854 -0.0654821 0
    outer loop
      vertex 72.8803 58.0002 27.4
      vertex 72.9 57.7 26.2
      vertex 72.9 57.7 27.4
    endloop
  endfacet
  facet normal -0.980785 -0.195093 0
    outer loop
      vertex 72.8803 58.0002 26.2
      vertex 72.8216 58.2953 27.4
      vertex 72.8216 58.2953 26.2
    endloop
  endfacet
  facet normal -0.980785 -0.195093 0
    outer loop
      vertex 72.8216 58.2953 27.4
      vertex 72.8803 58.0002 26.2
      vertex 72.8803 58.0002 27.4
    endloop
  endfacet
  facet normal 0.997854 -0.0654821 0
    outer loop
      vertex 68.3 57.7 27.4
      vertex 68.3197 58.0002 26.2
      vertex 68.3197 58.0002 27.4
    endloop
  endfacet
  facet normal 0.997854 -0.0654821 0
    outer loop
      vertex 68.3197 58.0002 26.2
      vertex 68.3 57.7 27.4
      vertex 68.3 57.7 26.2
    endloop
  endfacet
  facet normal -0.997854 0.0654821 0
    outer loop
      vertex 72.8803 57.3998 26.2
      vertex 72.9 57.7 27.4
      vertex 72.9 57.7 26.2
    endloop
  endfacet
  facet normal -0.997854 0.0654821 0
    outer loop
      vertex 72.9 57.7 27.4
      vertex 72.8803 57.3998 26.2
      vertex 72.8803 57.3998 27.4
    endloop
  endfacet
  facet normal 0.0654821 0.997854 -0
    outer loop
      vertex 70.6 55.4 26.2
      vertex 70.2998 55.4197 27.4
      vertex 70.6 55.4 27.4
    endloop
  endfacet
  facet normal 0.0654821 0.997854 0
    outer loop
      vertex 70.2998 55.4197 27.4
      vertex 70.6 55.4 26.2
      vertex 70.2998 55.4197 26.2
    endloop
  endfacet
  facet normal 0.55562 -0.831436 0
    outer loop
      vertex 69.1998 59.5247 26.2
      vertex 69.45 59.6919 27.4
      vertex 69.1998 59.5247 27.4
    endloop
  endfacet
  facet normal 0.55562 -0.831436 0
    outer loop
      vertex 69.45 59.6919 27.4
      vertex 69.1998 59.5247 26.2
      vertex 69.45 59.6919 26.2
    endloop
  endfacet
  facet normal -0.195093 0.980785 0
    outer loop
      vertex 71.1953 55.4784 26.2
      vertex 70.9002 55.4197 27.4
      vertex 71.1953 55.4784 27.4
    endloop
  endfacet
  facet normal -0.195093 0.980785 0
    outer loop
      vertex 70.9002 55.4197 27.4
      vertex 71.1953 55.4784 26.2
      vertex 70.9002 55.4197 26.2
    endloop
  endfacet
  facet normal 0.321408 0.946941 -0
    outer loop
      vertex 70.0047 55.4784 26.2
      vertex 69.7198 55.5751 27.4
      vertex 70.0047 55.4784 27.4
    endloop
  endfacet
  facet normal 0.321408 0.946941 0
    outer loop
      vertex 69.7198 55.5751 27.4
      vertex 70.0047 55.4784 26.2
      vertex 69.7198 55.5751 26.2
    endloop
  endfacet
  facet normal -0.946941 0.321408 0
    outer loop
      vertex 72.7249 56.8198 26.2
      vertex 72.8216 57.1047 27.4
      vertex 72.8216 57.1047 26.2
    endloop
  endfacet
  facet normal -0.946941 0.321408 0
    outer loop
      vertex 72.8216 57.1047 27.4
      vertex 72.7249 56.8198 26.2
      vertex 72.7249 56.8198 27.4
    endloop
  endfacet
  facet normal 0.89694 -0.442153 0
    outer loop
      vertex 68.4751 58.5802 27.4
      vertex 68.6081 58.85 26.2
      vertex 68.6081 58.85 27.4
    endloop
  endfacet
  facet normal 0.89694 -0.442153 0
    outer loop
      vertex 68.6081 58.85 26.2
      vertex 68.4751 58.5802 27.4
      vertex 68.4751 58.5802 26.2
    endloop
  endfacet
  facet normal -0.659563 -0.751649 0
    outer loop
      vertex 72.0002 59.5247 26.2
      vertex 72.2263 59.3263 27.4
      vertex 72.0002 59.5247 27.4
    endloop
  endfacet
  facet normal -0.659563 -0.751649 -0
    outer loop
      vertex 72.2263 59.3263 27.4
      vertex 72.0002 59.5247 26.2
      vertex 72.2263 59.3263 26.2
    endloop
  endfacet
  facet normal 0.195093 0.980785 -0
    outer loop
      vertex 70.2998 55.4197 26.2
      vertex 70.0047 55.4784 27.4
      vertex 70.2998 55.4197 27.4
    endloop
  endfacet
  facet normal 0.195093 0.980785 0
    outer loop
      vertex 70.0047 55.4784 27.4
      vertex 70.2998 55.4197 26.2
      vertex 70.0047 55.4784 26.2
    endloop
  endfacet
  facet normal 0.0654821 -0.997854 0
    outer loop
      vertex 70.2998 59.9803 26.2
      vertex 70.6 60 27.4
      vertex 70.2998 59.9803 27.4
    endloop
  endfacet
  facet normal 0.0654821 -0.997854 0
    outer loop
      vertex 70.6 60 27.4
      vertex 70.2998 59.9803 26.2
      vertex 70.6 60 26.2
    endloop
  endfacet
  facet normal -0.442153 0.89694 0
    outer loop
      vertex 71.75 55.7081 26.2
      vertex 71.4802 55.5751 27.4
      vertex 71.75 55.7081 27.4
    endloop
  endfacet
  facet normal -0.442153 0.89694 0
    outer loop
      vertex 71.4802 55.5751 27.4
      vertex 71.75 55.7081 26.2
      vertex 71.4802 55.5751 26.2
    endloop
  endfacet
  facet normal -0.946941 -0.321408 0
    outer loop
      vertex 72.8216 58.2953 26.2
      vertex 72.7249 58.5802 27.4
      vertex 72.7249 58.5802 26.2
    endloop
  endfacet
  facet normal -0.946941 -0.321408 0
    outer loop
      vertex 72.7249 58.5802 27.4
      vertex 72.8216 58.2953 26.2
      vertex 72.8216 58.2953 27.4
    endloop
  endfacet
  facet normal -0.0654821 0.997854 0
    outer loop
      vertex 70.9002 55.4197 26.2
      vertex 70.6 55.4 27.4
      vertex 70.9002 55.4197 27.4
    endloop
  endfacet
  facet normal -0.0654821 0.997854 0
    outer loop
      vertex 70.6 55.4 27.4
      vertex 70.9002 55.4197 26.2
      vertex 70.6 55.4 26.2
    endloop
  endfacet
  facet normal 0.659563 0.751649 -0
    outer loop
      vertex 69.1998 55.8753 26.2
      vertex 68.9737 56.0737 27.4
      vertex 69.1998 55.8753 27.4
    endloop
  endfacet
  facet normal 0.659563 0.751649 0
    outer loop
      vertex 68.9737 56.0737 27.4
      vertex 69.1998 55.8753 26.2
      vertex 68.9737 56.0737 26.2
    endloop
  endfacet
  facet normal 0.946941 -0.321408 0
    outer loop
      vertex 68.3784 58.2953 27.4
      vertex 68.4751 58.5802 26.2
      vertex 68.4751 58.5802 27.4
    endloop
  endfacet
  facet normal 0.946941 -0.321408 0
    outer loop
      vertex 68.4751 58.5802 26.2
      vertex 68.3784 58.2953 27.4
      vertex 68.3784 58.2953 26.2
    endloop
  endfacet
  facet normal 0.751794 0.659398 0
    outer loop
      vertex 68.9737 56.0737 27.4
      vertex 68.7753 56.2999 26.2
      vertex 68.7753 56.2999 27.4
    endloop
  endfacet
  facet normal 0.751794 0.659398 0
    outer loop
      vertex 68.7753 56.2999 26.2
      vertex 68.9737 56.0737 27.4
      vertex 68.9737 56.0737 26.2
    endloop
  endfacet
  facet normal 0.321408 -0.946941 0
    outer loop
      vertex 69.7198 59.8249 26.2
      vertex 70.0047 59.9216 27.4
      vertex 69.7198 59.8249 27.4
    endloop
  endfacet
  facet normal 0.321408 -0.946941 0
    outer loop
      vertex 70.0047 59.9216 27.4
      vertex 69.7198 59.8249 26.2
      vertex 70.0047 59.9216 26.2
    endloop
  endfacet
  facet normal 0.195093 -0.980785 0
    outer loop
      vertex 70.0047 59.9216 26.2
      vertex 70.2998 59.9803 27.4
      vertex 70.0047 59.9216 27.4
    endloop
  endfacet
  facet normal 0.195093 -0.980785 0
    outer loop
      vertex 70.2998 59.9803 27.4
      vertex 70.0047 59.9216 26.2
      vertex 70.2998 59.9803 26.2
    endloop
  endfacet
  facet normal -0.751649 -0.659563 0
    outer loop
      vertex 72.4247 59.1002 26.2
      vertex 72.2263 59.3263 27.4
      vertex 72.2263 59.3263 26.2
    endloop
  endfacet
  facet normal -0.751649 -0.659563 0
    outer loop
      vertex 72.2263 59.3263 27.4
      vertex 72.4247 59.1002 26.2
      vertex 72.4247 59.1002 27.4
    endloop
  endfacet
  facet normal -0.89694 0.442153 0
    outer loop
      vertex 72.5919 56.55 26.2
      vertex 72.7249 56.8198 27.4
      vertex 72.7249 56.8198 26.2
    endloop
  endfacet
  facet normal -0.89694 0.442153 0
    outer loop
      vertex 72.7249 56.8198 27.4
      vertex 72.5919 56.55 26.2
      vertex 72.5919 56.55 27.4
    endloop
  endfacet
  facet normal 0.442153 -0.89694 0
    outer loop
      vertex 69.45 59.6919 26.2
      vertex 69.7198 59.8249 27.4
      vertex 69.45 59.6919 27.4
    endloop
  endfacet
  facet normal 0.442153 -0.89694 0
    outer loop
      vertex 69.7198 59.8249 27.4
      vertex 69.45 59.6919 26.2
      vertex 69.7198 59.8249 26.2
    endloop
  endfacet
  facet normal -0.980785 0.195093 0
    outer loop
      vertex 72.8216 57.1047 26.2
      vertex 72.8803 57.3998 27.4
      vertex 72.8803 57.3998 26.2
    endloop
  endfacet
  facet normal -0.980785 0.195093 0
    outer loop
      vertex 72.8803 57.3998 27.4
      vertex 72.8216 57.1047 26.2
      vertex 72.8216 57.1047 27.4
    endloop
  endfacet
  facet normal 0.980785 0.195093 0
    outer loop
      vertex 68.3784 57.1047 27.4
      vertex 68.3197 57.3998 26.2
      vertex 68.3197 57.3998 27.4
    endloop
  endfacet
  facet normal 0.980785 0.195093 0
    outer loop
      vertex 68.3197 57.3998 26.2
      vertex 68.3784 57.1047 27.4
      vertex 68.3784 57.1047 26.2
    endloop
  endfacet
  facet normal -0.321408 -0.946941 0
    outer loop
      vertex 71.1953 59.9216 26.2
      vertex 71.4802 59.8249 27.4
      vertex 71.1953 59.9216 27.4
    endloop
  endfacet
  facet normal -0.321408 -0.946941 -0
    outer loop
      vertex 71.4802 59.8249 27.4
      vertex 71.1953 59.9216 26.2
      vertex 71.4802 59.8249 26.2
    endloop
  endfacet
  facet normal -0.0654821 -0.997854 0
    outer loop
      vertex 70.6 60 26.2
      vertex 70.9002 59.9803 27.4
      vertex 70.6 60 27.4
    endloop
  endfacet
  facet normal -0.0654821 -0.997854 -0
    outer loop
      vertex 70.9002 59.9803 27.4
      vertex 70.6 60 26.2
      vertex 70.9002 59.9803 26.2
    endloop
  endfacet
  facet normal -0.751794 0.659398 0
    outer loop
      vertex 72.2263 56.0737 26.2
      vertex 72.4247 56.2999 27.4
      vertex 72.4247 56.2999 26.2
    endloop
  endfacet
  facet normal -0.751794 0.659398 0
    outer loop
      vertex 72.4247 56.2999 27.4
      vertex 72.2263 56.0737 26.2
      vertex 72.2263 56.0737 27.4
    endloop
  endfacet
  facet normal 0.831436 -0.55562 0
    outer loop
      vertex 68.6081 58.85 27.4
      vertex 68.7753 59.1002 26.2
      vertex 68.7753 59.1002 27.4
    endloop
  endfacet
  facet normal 0.831436 -0.55562 0
    outer loop
      vertex 68.7753 59.1002 26.2
      vertex 68.6081 58.85 27.4
      vertex 68.6081 58.85 26.2
    endloop
  endfacet
  facet normal 0.751649 -0.659563 0
    outer loop
      vertex 68.7753 59.1002 27.4
      vertex 68.9737 59.3263 26.2
      vertex 68.9737 59.3263 27.4
    endloop
  endfacet
  facet normal 0.751649 -0.659563 0
    outer loop
      vertex 68.9737 59.3263 26.2
      vertex 68.7753 59.1002 27.4
      vertex 68.7753 59.1002 26.2
    endloop
  endfacet
  facet normal 0.55562 0.831436 -0
    outer loop
      vertex 69.45 55.7081 26.2
      vertex 69.1998 55.8753 27.4
      vertex 69.45 55.7081 27.4
    endloop
  endfacet
  facet normal 0.55562 0.831436 0
    outer loop
      vertex 69.1998 55.8753 27.4
      vertex 69.45 55.7081 26.2
      vertex 69.1998 55.8753 26.2
    endloop
  endfacet
  facet normal 0.831334 0.555774 0
    outer loop
      vertex 68.7753 56.2999 27.4
      vertex 68.6081 56.55 26.2
      vertex 68.6081 56.55 27.4
    endloop
  endfacet
  facet normal 0.831334 0.555774 0
    outer loop
      vertex 68.6081 56.55 26.2
      vertex 68.7753 56.2999 27.4
      vertex 68.7753 56.2999 26.2
    endloop
  endfacet
  facet normal 0.659563 -0.751649 0
    outer loop
      vertex 68.9737 59.3263 26.2
      vertex 69.1998 59.5247 27.4
      vertex 68.9737 59.3263 27.4
    endloop
  endfacet
  facet normal 0.659563 -0.751649 0
    outer loop
      vertex 69.1998 59.5247 27.4
      vertex 68.9737 59.3263 26.2
      vertex 69.1998 59.5247 26.2
    endloop
  endfacet
  facet normal 0.89694 0.442153 0
    outer loop
      vertex 68.6081 56.55 27.4
      vertex 68.4751 56.8198 26.2
      vertex 68.4751 56.8198 27.4
    endloop
  endfacet
  facet normal 0.89694 0.442153 0
    outer loop
      vertex 68.4751 56.8198 26.2
      vertex 68.6081 56.55 27.4
      vertex 68.6081 56.55 26.2
    endloop
  endfacet
  facet normal 0.946941 0.321408 0
    outer loop
      vertex 68.4751 56.8198 27.4
      vertex 68.3784 57.1047 26.2
      vertex 68.3784 57.1047 27.4
    endloop
  endfacet
  facet normal 0.946941 0.321408 0
    outer loop
      vertex 68.3784 57.1047 26.2
      vertex 68.4751 56.8198 27.4
      vertex 68.4751 56.8198 26.2
    endloop
  endfacet
  facet normal 0 0 1
    outer loop
      vertex 71.8 57.7 26.2
      vertex 72.9 57.7 26.2
      vertex 72.8803 58.0002 26.2
    endloop
  endfacet
  facet normal 0 0 1
    outer loop
      vertex 71.7897 57.8566 26.2
      vertex 72.8803 58.0002 26.2
      vertex 72.8216 58.2953 26.2
    endloop
  endfacet
  facet normal 0 0 1
    outer loop
      vertex 72.9 57.7 26.2
      vertex 71.8 57.7 26.2
      vertex 72.8803 57.3998 26.2
    endloop
  endfacet
  facet normal 0 0 1
    outer loop
      vertex 71.7591 58.0106 26.2
      vertex 72.8216 58.2953 26.2
      vertex 72.7249 58.5802 26.2
    endloop
  endfacet
  facet normal -0 0 1
    outer loop
      vertex 71.7897 57.5434 26.2
      vertex 72.8803 57.3998 26.2
      vertex 71.8 57.7 26.2
    endloop
  endfacet
  facet normal 0 0 1
    outer loop
      vertex 71.7087 58.1592 26.2
      vertex 72.7249 58.5802 26.2
      vertex 72.5919 58.85 26.2
    endloop
  endfacet
  facet normal 0 0 1
    outer loop
      vertex 72.8803 57.3998 26.2
      vertex 71.7897 57.5434 26.2
      vertex 72.8216 57.1047 26.2
    endloop
  endfacet
  facet normal 0 0 1
    outer loop
      vertex 71.6392 58.3 26.2
      vertex 72.5919 58.85 26.2
      vertex 72.4247 59.1002 26.2
    endloop
  endfacet
  facet normal -0 0 1
    outer loop
      vertex 71.7591 57.3894 26.2
      vertex 72.8216 57.1047 26.2
      vertex 71.7897 57.5434 26.2
    endloop
  endfacet
  facet normal 0 0 1
    outer loop
      vertex 71.552 58.4305 26.2
      vertex 72.4247 59.1002 26.2
      vertex 72.2263 59.3263 26.2
    endloop
  endfacet
  facet normal 0 0 1
    outer loop
      vertex 72.8216 57.1047 26.2
      vertex 71.7591 57.3894 26.2
      vertex 72.7249 56.8198 26.2
    endloop
  endfacet
  facet normal 0 0 1
    outer loop
      vertex 71.4485 58.5485 26.2
      vertex 72.2263 59.3263 26.2
      vertex 72.0002 59.5247 26.2
    endloop
  endfacet
  facet normal -0 0 1
    outer loop
      vertex 71.7087 57.2408 26.2
      vertex 72.7249 56.8198 26.2
      vertex 71.7591 57.3894 26.2
    endloop
  endfacet
  facet normal 0 0 1
    outer loop
      vertex 72.7249 56.8198 26.2
      vertex 71.7087 57.2408 26.2
      vertex 72.5919 56.55 26.2
    endloop
  endfacet
  facet normal 0 0 1
    outer loop
      vertex 72.8803 58.0002 26.2
      vertex 71.7897 57.8566 26.2
      vertex 71.8 57.7 26.2
    endloop
  endfacet
  facet normal 0 0 1
    outer loop
      vertex 72.8216 58.2953 26.2
      vertex 71.7591 58.0106 26.2
      vertex 71.7897 57.8566 26.2
    endloop
  endfacet
  facet normal 0 0 1
    outer loop
      vertex 71.3305 58.652 26.2
      vertex 72.0002 59.5247 26.2
      vertex 71.75 59.6919 26.2
    endloop
  endfacet
  facet normal 0 0 1
    outer loop
      vertex 72.7249 58.5802 26.2
      vertex 71.7087 58.1592 26.2
      vertex 71.7591 58.0106 26.2
    endloop
  endfacet
  facet normal 0 0 1
    outer loop
      vertex 72.5919 58.85 26.2
      vertex 71.6392 58.3 26.2
      vertex 71.7087 58.1592 26.2
    endloop
  endfacet
  facet normal 0 0 1
    outer loop
      vertex 72.4247 59.1002 26.2
      vertex 71.552 58.4305 26.2
      vertex 71.6392 58.3 26.2
    endloop
  endfacet
  facet normal 0 0 1
    outer loop
      vertex 71.2 58.7392 26.2
      vertex 71.75 59.6919 26.2
      vertex 71.4802 59.8249 26.2
    endloop
  endfacet
  facet normal 0 0 1
    outer loop
      vertex 72.2263 59.3263 26.2
      vertex 71.4485 58.5485 26.2
      vertex 71.552 58.4305 26.2
    endloop
  endfacet
  facet normal 0 0 1
    outer loop
      vertex 72.0002 59.5247 26.2
      vertex 71.3305 58.652 26.2
      vertex 71.4485 58.5485 26.2
    endloop
  endfacet
  facet normal 0 0 1
    outer loop
      vertex 71.75 59.6919 26.2
      vertex 71.2 58.7392 26.2
      vertex 71.3305 58.652 26.2
    endloop
  endfacet
  facet normal 0 0 1
    outer loop
      vertex 71.0592 58.8087 26.2
      vertex 71.4802 59.8249 26.2
      vertex 71.1953 59.9216 26.2
    endloop
  endfacet
  facet normal 0 0 1
    outer loop
      vertex 71.4802 59.8249 26.2
      vertex 71.0592 58.8087 26.2
      vertex 71.2 58.7392 26.2
    endloop
  endfacet
  facet normal 0 0 1
    outer loop
      vertex 71.1953 59.9216 26.2
      vertex 70.9106 58.8591 26.2
      vertex 71.0592 58.8087 26.2
    endloop
  endfacet
  facet normal 0 0 1
    outer loop
      vertex 70.9002 59.9803 26.2
      vertex 70.9106 58.8591 26.2
      vertex 71.1953 59.9216 26.2
    endloop
  endfacet
  facet normal 0 0 1
    outer loop
      vertex 70.9002 59.9803 26.2
      vertex 70.7566 58.8897 26.2
      vertex 70.9106 58.8591 26.2
    endloop
  endfacet
  facet normal 0 0 1
    outer loop
      vertex 70.6 60 26.2
      vertex 70.7566 58.8897 26.2
      vertex 70.9002 59.9803 26.2
    endloop
  endfacet
  facet normal 0 0 1
    outer loop
      vertex 70.6 60 26.2
      vertex 70.6 58.9 26.2
      vertex 70.7566 58.8897 26.2
    endloop
  endfacet
  facet normal 0 0 1
    outer loop
      vertex 70.6 60 26.2
      vertex 70.4434 58.8897 26.2
      vertex 70.6 58.9 26.2
    endloop
  endfacet
  facet normal -0 0 1
    outer loop
      vertex 70.2998 59.9803 26.2
      vertex 70.4434 58.8897 26.2
      vertex 70.6 60 26.2
    endloop
  endfacet
  facet normal 0 0 1
    outer loop
      vertex 70.2998 59.9803 26.2
      vertex 70.2894 58.8591 26.2
      vertex 70.4434 58.8897 26.2
    endloop
  endfacet
  facet normal -0 0 1
    outer loop
      vertex 70.0047 59.9216 26.2
      vertex 70.2894 58.8591 26.2
      vertex 70.2998 59.9803 26.2
    endloop
  endfacet
  facet normal 0 0 1
    outer loop
      vertex 70.2894 58.8591 26.2
      vertex 70.0047 59.9216 26.2
      vertex 70.1408 58.8087 26.2
    endloop
  endfacet
  facet normal -0 0 1
    outer loop
      vertex 69.7198 59.8249 26.2
      vertex 70.1408 58.8087 26.2
      vertex 70.0047 59.9216 26.2
    endloop
  endfacet
  facet normal 0 0 1
    outer loop
      vertex 70.1408 58.8087 26.2
      vertex 69.7198 59.8249 26.2
      vertex 70 58.7392 26.2
    endloop
  endfacet
  facet normal -0 0 1
    outer loop
      vertex 69.45 59.6919 26.2
      vertex 70 58.7392 26.2
      vertex 69.7198 59.8249 26.2
    endloop
  endfacet
  facet normal 0 0 1
    outer loop
      vertex 70 58.7392 26.2
      vertex 69.45 59.6919 26.2
      vertex 69.8695 58.652 26.2
    endloop
  endfacet
  facet normal -0 0 1
    outer loop
      vertex 69.1998 59.5247 26.2
      vertex 69.8695 58.652 26.2
      vertex 69.45 59.6919 26.2
    endloop
  endfacet
  facet normal 0 0 1
    outer loop
      vertex 69.8695 58.652 26.2
      vertex 69.1998 59.5247 26.2
      vertex 69.7515 58.5485 26.2
    endloop
  endfacet
  facet normal -0 0 1
    outer loop
      vertex 68.9737 59.3263 26.2
      vertex 69.7515 58.5485 26.2
      vertex 69.1998 59.5247 26.2
    endloop
  endfacet
  facet normal 0 0 1
    outer loop
      vertex 69.7515 58.5485 26.2
      vertex 68.9737 59.3263 26.2
      vertex 69.648 58.4305 26.2
    endloop
  endfacet
  facet normal -0 0 1
    outer loop
      vertex 68.7753 59.1002 26.2
      vertex 69.648 58.4305 26.2
      vertex 68.9737 59.3263 26.2
    endloop
  endfacet
  facet normal 0 0 1
    outer loop
      vertex 69.648 58.4305 26.2
      vertex 68.7753 59.1002 26.2
      vertex 69.5608 58.3 26.2
    endloop
  endfacet
  facet normal -0 0 1
    outer loop
      vertex 68.6081 58.85 26.2
      vertex 69.5608 58.3 26.2
      vertex 68.7753 59.1002 26.2
    endloop
  endfacet
  facet normal 0 0 1
    outer loop
      vertex 69.5608 58.3 26.2
      vertex 68.6081 58.85 26.2
      vertex 69.4913 58.1592 26.2
    endloop
  endfacet
  facet normal -0 0 1
    outer loop
      vertex 71.6392 57.1 26.2
      vertex 72.5919 56.55 26.2
      vertex 71.7087 57.2408 26.2
    endloop
  endfacet
  facet normal 0 0 1
    outer loop
      vertex 72.5919 56.55 26.2
      vertex 71.6392 57.1 26.2
      vertex 72.4247 56.2999 26.2
    endloop
  endfacet
  facet normal -0 0 1
    outer loop
      vertex 71.552 56.9695 26.2
      vertex 72.4247 56.2999 26.2
      vertex 71.6392 57.1 26.2
    endloop
  endfacet
  facet normal 0 0 1
    outer loop
      vertex 72.4247 56.2999 26.2
      vertex 71.552 56.9695 26.2
      vertex 72.2263 56.0737 26.2
    endloop
  endfacet
  facet normal -0 0 1
    outer loop
      vertex 71.4485 56.8515 26.2
      vertex 72.2263 56.0737 26.2
      vertex 71.552 56.9695 26.2
    endloop
  endfacet
  facet normal 0 0 1
    outer loop
      vertex 72.2263 56.0737 26.2
      vertex 71.4485 56.8515 26.2
      vertex 72.0002 55.8753 26.2
    endloop
  endfacet
  facet normal -0 0 1
    outer loop
      vertex 71.3305 56.748 26.2
      vertex 72.0002 55.8753 26.2
      vertex 71.4485 56.8515 26.2
    endloop
  endfacet
  facet normal 0 0 1
    outer loop
      vertex 72.0002 55.8753 26.2
      vertex 71.3305 56.748 26.2
      vertex 71.75 55.7081 26.2
    endloop
  endfacet
  facet normal -0 0 1
    outer loop
      vertex 71.2 56.6608 26.2
      vertex 71.75 55.7081 26.2
      vertex 71.3305 56.748 26.2
    endloop
  endfacet
  facet normal 0 0 1
    outer loop
      vertex 71.75 55.7081 26.2
      vertex 71.2 56.6608 26.2
      vertex 71.4802 55.5751 26.2
    endloop
  endfacet
  facet normal -0 0 1
    outer loop
      vertex 71.0592 56.5913 26.2
      vertex 71.4802 55.5751 26.2
      vertex 71.2 56.6608 26.2
    endloop
  endfacet
  facet normal 0 0 1
    outer loop
      vertex 71.4802 55.5751 26.2
      vertex 71.0592 56.5913 26.2
      vertex 71.1953 55.4784 26.2
    endloop
  endfacet
  facet normal -0 0 1
    outer loop
      vertex 70.9106 56.5409 26.2
      vertex 71.1953 55.4784 26.2
      vertex 71.0592 56.5913 26.2
    endloop
  endfacet
  facet normal 0 0 1
    outer loop
      vertex 70.9106 56.5409 26.2
      vertex 70.9002 55.4197 26.2
      vertex 71.1953 55.4784 26.2
    endloop
  endfacet
  facet normal -0 0 1
    outer loop
      vertex 70.7566 56.5103 26.2
      vertex 70.9002 55.4197 26.2
      vertex 70.9106 56.5409 26.2
    endloop
  endfacet
  facet normal -0 0 1
    outer loop
      vertex 70.6 56.5 26.2
      vertex 70.9002 55.4197 26.2
      vertex 70.7566 56.5103 26.2
    endloop
  endfacet
  facet normal 0 0 1
    outer loop
      vertex 70.6 56.5 26.2
      vertex 70.6 55.4 26.2
      vertex 70.9002 55.4197 26.2
    endloop
  endfacet
  facet normal 0 0 1
    outer loop
      vertex 70.4434 56.5103 26.2
      vertex 70.6 55.4 26.2
      vertex 70.6 56.5 26.2
    endloop
  endfacet
  facet normal 0 0 1
    outer loop
      vertex 70.4434 56.5103 26.2
      vertex 70.2998 55.4197 26.2
      vertex 70.6 55.4 26.2
    endloop
  endfacet
  facet normal 0 0 1
    outer loop
      vertex 70.2894 56.5409 26.2
      vertex 70.2998 55.4197 26.2
      vertex 70.4434 56.5103 26.2
    endloop
  endfacet
  facet normal 0 0 1
    outer loop
      vertex 70.0047 55.4784 26.2
      vertex 70.2894 56.5409 26.2
      vertex 70.1408 56.5913 26.2
    endloop
  endfacet
  facet normal 0 0 1
    outer loop
      vertex 70.2894 56.5409 26.2
      vertex 70.0047 55.4784 26.2
      vertex 70.2998 55.4197 26.2
    endloop
  endfacet
  facet normal 0 0 1
    outer loop
      vertex 69.7198 55.5751 26.2
      vertex 70.1408 56.5913 26.2
      vertex 70 56.6608 26.2
    endloop
  endfacet
  facet normal 0 0 1
    outer loop
      vertex 69.45 55.7081 26.2
      vertex 70 56.6608 26.2
      vertex 69.8695 56.748 26.2
    endloop
  endfacet
  facet normal 0 0 1
    outer loop
      vertex 69.1998 55.8753 26.2
      vertex 69.8695 56.748 26.2
      vertex 69.7515 56.8515 26.2
    endloop
  endfacet
  facet normal 0 0 1
    outer loop
      vertex 70.1408 56.5913 26.2
      vertex 69.7198 55.5751 26.2
      vertex 70.0047 55.4784 26.2
    endloop
  endfacet
  facet normal 0 0 1
    outer loop
      vertex 68.9737 56.0737 26.2
      vertex 69.7515 56.8515 26.2
      vertex 69.648 56.9695 26.2
    endloop
  endfacet
  facet normal 0 0 1
    outer loop
      vertex 68.7753 56.2999 26.2
      vertex 69.648 56.9695 26.2
      vertex 69.5608 57.1 26.2
    endloop
  endfacet
  facet normal 0 0 1
    outer loop
      vertex 68.6081 56.55 26.2
      vertex 69.5608 57.1 26.2
      vertex 69.4913 57.2408 26.2
    endloop
  endfacet
  facet normal 0 0 1
    outer loop
      vertex 70 56.6608 26.2
      vertex 69.45 55.7081 26.2
      vertex 69.7198 55.5751 26.2
    endloop
  endfacet
  facet normal 0 0 1
    outer loop
      vertex 68.4751 56.8198 26.2
      vertex 69.4913 57.2408 26.2
      vertex 69.4409 57.3894 26.2
    endloop
  endfacet
  facet normal 0 0 1
    outer loop
      vertex 68.3784 57.1047 26.2
      vertex 69.4409 57.3894 26.2
      vertex 69.4103 57.5434 26.2
    endloop
  endfacet
  facet normal 0 0 1
    outer loop
      vertex 68.3197 57.3998 26.2
      vertex 69.4103 57.5434 26.2
      vertex 69.4 57.7 26.2
    endloop
  endfacet
  facet normal -0 0 1
    outer loop
      vertex 68.4751 58.5802 26.2
      vertex 69.4913 58.1592 26.2
      vertex 68.6081 58.85 26.2
    endloop
  endfacet
  facet normal 0 0 1
    outer loop
      vertex 69.8695 56.748 26.2
      vertex 69.1998 55.8753 26.2
      vertex 69.45 55.7081 26.2
    endloop
  endfacet
  facet normal 0 0 1
    outer loop
      vertex 69.4913 58.1592 26.2
      vertex 68.4751 58.5802 26.2
      vertex 69.4409 58.0106 26.2
    endloop
  endfacet
  facet normal 0 0 1
    outer loop
      vertex 69.7515 56.8515 26.2
      vertex 68.9737 56.0737 26.2
      vertex 69.1998 55.8753 26.2
    endloop
  endfacet
  facet normal -0 0 1
    outer loop
      vertex 68.3784 58.2953 26.2
      vertex 69.4409 58.0106 26.2
      vertex 68.4751 58.5802 26.2
    endloop
  endfacet
  facet normal 0 0 1
    outer loop
      vertex 69.648 56.9695 26.2
      vertex 68.7753 56.2999 26.2
      vertex 68.9737 56.0737 26.2
    endloop
  endfacet
  facet normal 0 0 1
    outer loop
      vertex 69.4409 58.0106 26.2
      vertex 68.3784 58.2953 26.2
      vertex 69.4103 57.8566 26.2
    endloop
  endfacet
  facet normal 0 0 1
    outer loop
      vertex 69.5608 57.1 26.2
      vertex 68.6081 56.55 26.2
      vertex 68.7753 56.2999 26.2
    endloop
  endfacet
  facet normal -0 0 1
    outer loop
      vertex 68.3197 58.0002 26.2
      vertex 69.4103 57.8566 26.2
      vertex 68.3784 58.2953 26.2
    endloop
  endfacet
  facet normal 0 0 1
    outer loop
      vertex 69.4913 57.2408 26.2
      vertex 68.4751 56.8198 26.2
      vertex 68.6081 56.55 26.2
    endloop
  endfacet
  facet normal 0 0 1
    outer loop
      vertex 69.4103 57.8566 26.2
      vertex 68.3197 58.0002 26.2
      vertex 69.4 57.7 26.2
    endloop
  endfacet
  facet normal 0 0 1
    outer loop
      vertex 69.4409 57.3894 26.2
      vertex 68.3784 57.1047 26.2
      vertex 68.4751 56.8198 26.2
    endloop
  endfacet
  facet normal 0 0 1
    outer loop
      vertex 68.3 57.7 26.2
      vertex 69.4 57.7 26.2
      vertex 68.3197 58.0002 26.2
    endloop
  endfacet
  facet normal 0 0 1
    outer loop
      vertex 69.4103 57.5434 26.2
      vertex 68.3197 57.3998 26.2
      vertex 68.3784 57.1047 26.2
    endloop
  endfacet
  facet normal 0 0 1
    outer loop
      vertex 69.4 57.7 26.2
      vertex 68.3 57.7 26.2
      vertex 68.3197 57.3998 26.2
    endloop
  endfacet
  facet normal -0.659563 0.751649 0
    outer loop
      vertex 72.2263 56.0737 26.2
      vertex 72.0002 55.8753 27.4
      vertex 72.2263 56.0737 27.4
    endloop
  endfacet
  facet normal -0.659563 0.751649 0
    outer loop
      vertex 72.0002 55.8753 27.4
      vertex 72.2263 56.0737 26.2
      vertex 72.0002 55.8753 26.2
    endloop
  endfacet
  facet normal -0.195093 -0.980785 0
    outer loop
      vertex 70.9002 59.9803 26.2
      vertex 71.1953 59.9216 27.4
      vertex 70.9002 59.9803 27.4
    endloop
  endfacet
  facet normal -0.195093 -0.980785 -0
    outer loop
      vertex 71.1953 59.9216 27.4
      vertex 70.9002 59.9803 26.2
      vertex 71.1953 59.9216 26.2
    endloop
  endfacet
  facet normal 0.442153 0.89694 -0
    outer loop
      vertex 69.7198 55.5751 26.2
      vertex 69.45 55.7081 27.4
      vertex 69.7198 55.5751 27.4
    endloop
  endfacet
  facet normal 0.442153 0.89694 0
    outer loop
      vertex 69.45 55.7081 27.4
      vertex 69.7198 55.5751 26.2
      vertex 69.45 55.7081 26.2
    endloop
  endfacet
  facet normal 0.997859 0.0654091 0
    outer loop
      vertex 5.82738 30.6823 27.4
      vertex 5.8 31.1 25
      vertex 5.8 31.1 27.4
    endloop
  endfacet
  facet normal 0.997859 0.0654091 0
    outer loop
      vertex 5.8 31.1 25
      vertex 5.82738 30.6823 27.4
      vertex 5.82738 30.6823 25
    endloop
  endfacet
  facet normal -0.98081 -0.194967 0
    outer loop
      vertex 12.1726 31.5177 25
      vertex 12.091 31.9282 27.4
      vertex 12.091 31.9282 25
    endloop
  endfacet
  facet normal -0.98081 -0.194967 0
    outer loop
      vertex 12.091 31.9282 27.4
      vertex 12.1726 31.5177 25
      vertex 12.1726 31.5177 27.4
    endloop
  endfacet
  facet normal -0.997855 -0.0654566 0
    outer loop
      vertex 12.2 31.1 25
      vertex 12.1726 31.5177 27.4
      vertex 12.1726 31.5177 25
    endloop
  endfacet
  facet normal -0.997855 -0.0654566 0
    outer loop
      vertex 12.1726 31.5177 27.4
      vertex 12.2 31.1 25
      vertex 12.2 31.1 27.4
    endloop
  endfacet
  facet normal -0.831388 0.555692 0
    outer loop
      vertex 11.5387 29.152 25
      vertex 11.7713 29.5 27.4
      vertex 11.7713 29.5 25
    endloop
  endfacet
  facet normal -0.831388 0.555692 0
    outer loop
      vertex 11.7713 29.5 27.4
      vertex 11.5387 29.152 25
      vertex 11.5387 29.152 27.4
    endloop
  endfacet
  facet normal 0.194949 -0.980813 0
    outer loop
      vertex 8.17178 34.191 25
      vertex 8.58232 34.2726 27.4
      vertex 8.17178 34.191 27.4
    endloop
  endfacet
  facet normal 0.194949 -0.980813 0
    outer loop
      vertex 8.58232 34.2726 27.4
      vertex 8.17178 34.191 25
      vertex 8.58232 34.2726 25
    endloop
  endfacet
  facet normal -0.659367 -0.751821 0
    outer loop
      vertex 10.948 33.6387 25
      vertex 11.2627 33.3627 27.4
      vertex 10.948 33.6387 27.4
    endloop
  endfacet
  facet normal -0.659367 -0.751821 -0
    outer loop
      vertex 11.2627 33.3627 27.4
      vertex 10.948 33.6387 25
      vertex 11.2627 33.3627 25
    endloop
  endfacet
  facet normal -0.0654598 -0.997855 0
    outer loop
      vertex 9 34.3 25
      vertex 9.41768 34.2726 27.4
      vertex 9 34.3 27.4
    endloop
  endfacet
  facet normal -0.0654598 -0.997855 -0
    outer loop
      vertex 9.41768 34.2726 27.4
      vertex 9 34.3 25
      vertex 9.41768 34.2726 25
    endloop
  endfacet
  facet normal -0.946901 0.321526 0
    outer loop
      vertex 11.9564 29.8754 25
      vertex 12.091 30.2718 27.4
      vertex 12.091 30.2718 25
    endloop
  endfacet
  facet normal -0.946901 0.321526 0
    outer loop
      vertex 12.091 30.2718 27.4
      vertex 11.9564 29.8754 25
      vertex 11.9564 29.8754 27.4
    endloop
  endfacet
  facet normal -0.751821 0.659367 0
    outer loop
      vertex 11.2627 28.8373 25
      vertex 11.5387 29.152 27.4
      vertex 11.5387 29.152 25
    endloop
  endfacet
  facet normal -0.751821 0.659367 0
    outer loop
      vertex 11.5387 29.152 27.4
      vertex 11.2627 28.8373 25
      vertex 11.2627 28.8373 27.4
    endloop
  endfacet
  facet normal 0.555648 -0.831418 0
    outer loop
      vertex 7.05196 33.6387 25
      vertex 7.4 33.8713 27.4
      vertex 7.05196 33.6387 27.4
    endloop
  endfacet
  facet normal 0.555648 -0.831418 0
    outer loop
      vertex 7.4 33.8713 27.4
      vertex 7.05196 33.6387 25
      vertex 7.4 33.8713 25
    endloop
  endfacet
  facet normal 0.194949 0.980813 -0
    outer loop
      vertex 8.58232 27.9274 25
      vertex 8.17178 28.009 27.4
      vertex 8.58232 27.9274 27.4
    endloop
  endfacet
  facet normal 0.194949 0.980813 0
    outer loop
      vertex 8.17178 28.009 27.4
      vertex 8.58232 27.9274 25
      vertex 8.17178 28.009 25
    endloop
  endfacet
  facet normal 0.831443 -0.55561 0
    outer loop
      vertex 6.22872 32.7 27.4
      vertex 6.46127 33.048 25
      vertex 6.46127 33.048 27.4
    endloop
  endfacet
  facet normal 0.831443 -0.55561 0
    outer loop
      vertex 6.46127 33.048 25
      vertex 6.22872 32.7 27.4
      vertex 6.22872 32.7 25
    endloop
  endfacet
  facet normal -0.194949 -0.980813 0
    outer loop
      vertex 9.41768 34.2726 25
      vertex 9.82822 34.191 27.4
      vertex 9.41768 34.2726 27.4
    endloop
  endfacet
  facet normal -0.194949 -0.980813 -0
    outer loop
      vertex 9.82822 34.191 27.4
      vertex 9.41768 34.2726 25
      vertex 9.82822 34.191 25
    endloop
  endfacet
  facet normal 0.980782 -0.195105 0
    outer loop
      vertex 5.82738 31.5177 27.4
      vertex 5.90904 31.9282 25
      vertex 5.90904 31.9282 27.4
    endloop
  endfacet
  facet normal 0.980782 -0.195105 0
    outer loop
      vertex 5.90904 31.9282 25
      vertex 5.82738 31.5177 27.4
      vertex 5.82738 31.5177 25
    endloop
  endfacet
  facet normal -0.32154 0.946896 0
    outer loop
      vertex 10.2246 28.1436 25
      vertex 9.82822 28.009 27.4
      vertex 10.2246 28.1436 27.4
    endloop
  endfacet
  facet normal -0.32154 0.946896 0
    outer loop
      vertex 9.82822 28.009 27.4
      vertex 10.2246 28.1436 25
      vertex 9.82822 28.009 25
    endloop
  endfacet
  facet normal -0.831388 -0.555692 0
    outer loop
      vertex 11.7713 32.7 25
      vertex 11.5387 33.048 27.4
      vertex 11.5387 33.048 25
    endloop
  endfacet
  facet normal -0.831388 -0.555692 0
    outer loop
      vertex 11.5387 33.048 27.4
      vertex 11.7713 32.7 25
      vertex 11.7713 32.7 27.4
    endloop
  endfacet
  facet normal 0.659367 -0.751821 0
    outer loop
      vertex 6.73726 33.3627 25
      vertex 7.05196 33.6387 27.4
      vertex 6.73726 33.3627 27.4
    endloop
  endfacet
  facet normal 0.659367 -0.751821 0
    outer loop
      vertex 7.05196 33.6387 27.4
      vertex 6.73726 33.3627 25
      vertex 7.05196 33.6387 25
    endloop
  endfacet
  facet normal -0.442237 0.896898 0
    outer loop
      vertex 10.6 28.3287 25
      vertex 10.2246 28.1436 27.4
      vertex 10.6 28.3287 27.4
    endloop
  endfacet
  facet normal -0.442237 0.896898 0
    outer loop
      vertex 10.2246 28.1436 27.4
      vertex 10.6 28.3287 25
      vertex 10.2246 28.1436 25
    endloop
  endfacet
  facet normal -0.896898 -0.442237 0
    outer loop
      vertex 11.9564 32.3246 25
      vertex 11.7713 32.7 27.4
      vertex 11.7713 32.7 25
    endloop
  endfacet
  facet normal -0.896898 -0.442237 0
    outer loop
      vertex 11.7713 32.7 27.4
      vertex 11.9564 32.3246 25
      vertex 11.9564 32.3246 27.4
    endloop
  endfacet
  facet normal -0.896898 0.442237 0
    outer loop
      vertex 11.7713 29.5 25
      vertex 11.9564 29.8754 27.4
      vertex 11.9564 29.8754 25
    endloop
  endfacet
  facet normal -0.896898 0.442237 0
    outer loop
      vertex 11.9564 29.8754 27.4
      vertex 11.7713 29.5 25
      vertex 11.7713 29.5 27.4
    endloop
  endfacet
  facet normal 0.89686 -0.442314 0
    outer loop
      vertex 6.04358 32.3246 27.4
      vertex 6.22872 32.7 25
      vertex 6.22872 32.7 27.4
    endloop
  endfacet
  facet normal 0.89686 -0.442314 0
    outer loop
      vertex 6.22872 32.7 25
      vertex 6.04358 32.3246 27.4
      vertex 6.04358 32.3246 25
    endloop
  endfacet
  facet normal 0.555648 0.831418 -0
    outer loop
      vertex 7.4 28.3287 25
      vertex 7.05196 28.5613 27.4
      vertex 7.4 28.3287 27.4
    endloop
  endfacet
  facet normal 0.555648 0.831418 0
    outer loop
      vertex 7.05196 28.5613 27.4
      vertex 7.4 28.3287 25
      vertex 7.05196 28.5613 25
    endloop
  endfacet
  facet normal -0.555692 -0.831388 0
    outer loop
      vertex 10.6 33.8713 25
      vertex 10.948 33.6387 27.4
      vertex 10.6 33.8713 27.4
    endloop
  endfacet
  facet normal -0.555692 -0.831388 -0
    outer loop
      vertex 10.948 33.6387 27.4
      vertex 10.6 33.8713 25
      vertex 10.948 33.6387 25
    endloop
  endfacet
  facet normal -0.997855 0.0654566 0
    outer loop
      vertex 12.1726 30.6823 25
      vertex 12.2 31.1 27.4
      vertex 12.2 31.1 25
    endloop
  endfacet
  facet normal -0.997855 0.0654566 0
    outer loop
      vertex 12.2 31.1 27.4
      vertex 12.1726 30.6823 25
      vertex 12.1726 30.6823 27.4
    endloop
  endfacet
  facet normal 0.997859 -0.0654091 0
    outer loop
      vertex 5.8 31.1 27.4
      vertex 5.82738 31.5177 25
      vertex 5.82738 31.5177 27.4
    endloop
  endfacet
  facet normal 0.997859 -0.0654091 0
    outer loop
      vertex 5.82738 31.5177 25
      vertex 5.8 31.1 27.4
      vertex 5.8 31.1 25
    endloop
  endfacet
  facet normal 0.442228 -0.896903 0
    outer loop
      vertex 7.4 33.8713 25
      vertex 7.77541 34.0564 27.4
      vertex 7.4 33.8713 27.4
    endloop
  endfacet
  facet normal 0.442228 -0.896903 0
    outer loop
      vertex 7.77541 34.0564 27.4
      vertex 7.4 33.8713 25
      vertex 7.77541 34.0564 25
    endloop
  endfacet
  facet normal 0.980782 0.195105 0
    outer loop
      vertex 5.90904 30.2718 27.4
      vertex 5.82738 30.6823 25
      vertex 5.82738 30.6823 27.4
    endloop
  endfacet
  facet normal 0.980782 0.195105 0
    outer loop
      vertex 5.82738 30.6823 25
      vertex 5.90904 30.2718 27.4
      vertex 5.90904 30.2718 25
    endloop
  endfacet
  facet normal -0.442237 -0.896898 0
    outer loop
      vertex 10.2246 34.0564 25
      vertex 10.6 33.8713 27.4
      vertex 10.2246 34.0564 27.4
    endloop
  endfacet
  facet normal -0.442237 -0.896898 -0
    outer loop
      vertex 10.6 33.8713 27.4
      vertex 10.2246 34.0564 25
      vertex 10.6 33.8713 25
    endloop
  endfacet
  facet normal -0.98081 0.194967 0
    outer loop
      vertex 12.091 30.2718 25
      vertex 12.1726 30.6823 27.4
      vertex 12.1726 30.6823 25
    endloop
  endfacet
  facet normal -0.98081 0.194967 0
    outer loop
      vertex 12.1726 30.6823 27.4
      vertex 12.091 30.2718 25
      vertex 12.091 30.2718 27.4
    endloop
  endfacet
  facet normal 0.0654598 0.997855 -0
    outer loop
      vertex 9 27.9 25
      vertex 8.58232 27.9274 27.4
      vertex 9 27.9 27.4
    endloop
  endfacet
  facet normal 0.0654598 0.997855 0
    outer loop
      vertex 8.58232 27.9274 27.4
      vertex 9 27.9 25
      vertex 8.58232 27.9274 25
    endloop
  endfacet
  facet normal -0.0654598 0.997855 0
    outer loop
      vertex 9.41768 27.9274 25
      vertex 9 27.9 27.4
      vertex 9.41768 27.9274 27.4
    endloop
  endfacet
  facet normal -0.0654598 0.997855 0
    outer loop
      vertex 9 27.9 27.4
      vertex 9.41768 27.9274 25
      vertex 9 27.9 25
    endloop
  endfacet
  facet normal -0.32154 -0.946896 0
    outer loop
      vertex 9.82822 34.191 25
      vertex 10.2246 34.0564 27.4
      vertex 9.82822 34.191 27.4
    endloop
  endfacet
  facet normal -0.32154 -0.946896 -0
    outer loop
      vertex 10.2246 34.0564 27.4
      vertex 9.82822 34.191 25
      vertex 10.2246 34.0564 25
    endloop
  endfacet
  facet normal 0.946944 -0.321397 0
    outer loop
      vertex 5.90904 31.9282 27.4
      vertex 6.04358 32.3246 25
      vertex 6.04358 32.3246 27.4
    endloop
  endfacet
  facet normal 0.946944 -0.321397 0
    outer loop
      vertex 6.04358 32.3246 25
      vertex 5.90904 31.9282 27.4
      vertex 5.90904 31.9282 25
    endloop
  endfacet
  facet normal -0.194949 0.980813 0
    outer loop
      vertex 9.82822 28.009 25
      vertex 9.41768 27.9274 27.4
      vertex 9.82822 28.009 27.4
    endloop
  endfacet
  facet normal -0.194949 0.980813 0
    outer loop
      vertex 9.41768 27.9274 27.4
      vertex 9.82822 28.009 25
      vertex 9.41768 27.9274 25
    endloop
  endfacet
  facet normal 0.946944 0.321397 0
    outer loop
      vertex 6.04358 29.8754 27.4
      vertex 5.90904 30.2718 25
      vertex 5.90904 30.2718 27.4
    endloop
  endfacet
  facet normal 0.946944 0.321397 0
    outer loop
      vertex 5.90904 30.2718 25
      vertex 6.04358 29.8754 27.4
      vertex 6.04358 29.8754 25
    endloop
  endfacet
  facet normal 0.659367 0.751821 -0
    outer loop
      vertex 7.05196 28.5613 25
      vertex 6.73726 28.8373 27.4
      vertex 7.05196 28.5613 27.4
    endloop
  endfacet
  facet normal 0.659367 0.751821 0
    outer loop
      vertex 6.73726 28.8373 27.4
      vertex 7.05196 28.5613 25
      vertex 6.73726 28.8373 25
    endloop
  endfacet
  facet normal 0.751833 0.659353 0
    outer loop
      vertex 6.73726 28.8373 27.4
      vertex 6.46127 29.152 25
      vertex 6.46127 29.152 27.4
    endloop
  endfacet
  facet normal 0.751833 0.659353 0
    outer loop
      vertex 6.46127 29.152 25
      vertex 6.73726 28.8373 27.4
      vertex 6.73726 28.8373 25
    endloop
  endfacet
  facet normal -0.751821 -0.659367 0
    outer loop
      vertex 11.5387 33.048 25
      vertex 11.2627 33.3627 27.4
      vertex 11.2627 33.3627 25
    endloop
  endfacet
  facet normal -0.751821 -0.659367 0
    outer loop
      vertex 11.2627 33.3627 27.4
      vertex 11.5387 33.048 25
      vertex 11.5387 33.048 27.4
    endloop
  endfacet
  facet normal 0.321548 -0.946893 0
    outer loop
      vertex 7.77541 34.0564 25
      vertex 8.17178 34.191 27.4
      vertex 7.77541 34.0564 27.4
    endloop
  endfacet
  facet normal 0.321548 -0.946893 0
    outer loop
      vertex 8.17178 34.191 27.4
      vertex 7.77541 34.0564 25
      vertex 8.17178 34.191 25
    endloop
  endfacet
  facet normal -0.946901 -0.321526 0
    outer loop
      vertex 12.091 31.9282 25
      vertex 11.9564 32.3246 27.4
      vertex 11.9564 32.3246 25
    endloop
  endfacet
  facet normal -0.946901 -0.321526 0
    outer loop
      vertex 11.9564 32.3246 27.4
      vertex 12.091 31.9282 25
      vertex 12.091 31.9282 27.4
    endloop
  endfacet
  facet normal 0.831443 0.55561 0
    outer loop
      vertex 6.46127 29.152 27.4
      vertex 6.22872 29.5 25
      vertex 6.22872 29.5 27.4
    endloop
  endfacet
  facet normal 0.831443 0.55561 0
    outer loop
      vertex 6.22872 29.5 25
      vertex 6.46127 29.152 27.4
      vertex 6.46127 29.152 25
    endloop
  endfacet
  facet normal -0.555692 0.831388 0
    outer loop
      vertex 10.948 28.5613 25
      vertex 10.6 28.3287 27.4
      vertex 10.948 28.5613 27.4
    endloop
  endfacet
  facet normal -0.555692 0.831388 0
    outer loop
      vertex 10.6 28.3287 27.4
      vertex 10.948 28.5613 25
      vertex 10.6 28.3287 25
    endloop
  endfacet
  facet normal 0.89686 0.442314 0
    outer loop
      vertex 6.22872 29.5 27.4
      vertex 6.04358 29.8754 25
      vertex 6.04358 29.8754 27.4
    endloop
  endfacet
  facet normal 0.89686 0.442314 0
    outer loop
      vertex 6.04358 29.8754 25
      vertex 6.22872 29.5 27.4
      vertex 6.22872 29.5 25
    endloop
  endfacet
  facet normal -0.659367 0.751821 0
    outer loop
      vertex 11.2627 28.8373 25
      vertex 10.948 28.5613 27.4
      vertex 11.2627 28.8373 27.4
    endloop
  endfacet
  facet normal -0.659367 0.751821 0
    outer loop
      vertex 10.948 28.5613 27.4
      vertex 11.2627 28.8373 25
      vertex 10.948 28.5613 25
    endloop
  endfacet
  facet normal 0.321548 0.946893 -0
    outer loop
      vertex 8.17178 28.009 25
      vertex 7.77541 28.1436 27.4
      vertex 8.17178 28.009 27.4
    endloop
  endfacet
  facet normal 0.321548 0.946893 0
    outer loop
      vertex 7.77541 28.1436 27.4
      vertex 8.17178 28.009 25
      vertex 7.77541 28.1436 25
    endloop
  endfacet
  facet normal 0.0654598 -0.997855 0
    outer loop
      vertex 8.58232 34.2726 25
      vertex 9 34.3 27.4
      vertex 8.58232 34.2726 27.4
    endloop
  endfacet
  facet normal 0.0654598 -0.997855 0
    outer loop
      vertex 9 34.3 27.4
      vertex 8.58232 34.2726 25
      vertex 9 34.3 25
    endloop
  endfacet
  facet normal 0.442228 0.896903 -0
    outer loop
      vertex 7.77541 28.1436 25
      vertex 7.4 28.3287 27.4
      vertex 7.77541 28.1436 27.4
    endloop
  endfacet
  facet normal 0.442228 0.896903 0
    outer loop
      vertex 7.4 28.3287 27.4
      vertex 7.77541 28.1436 25
      vertex 7.4 28.3287 25
    endloop
  endfacet
  facet normal 0.751833 -0.659353 0
    outer loop
      vertex 6.46127 33.048 27.4
      vertex 6.73726 33.3627 25
      vertex 6.73726 33.3627 27.4
    endloop
  endfacet
  facet normal 0.751833 -0.659353 0
    outer loop
      vertex 6.73726 33.3627 25
      vertex 6.46127 33.048 27.4
      vertex 6.46127 33.048 25
    endloop
  endfacet
  facet normal 0.997859 0.0654091 0
    outer loop
      vertex 5.82738 46.1823 27.4
      vertex 5.8 46.6 25
      vertex 5.8 46.6 27.4
    endloop
  endfacet
  facet normal 0.997859 0.0654091 0
    outer loop
      vertex 5.8 46.6 25
      vertex 5.82738 46.1823 27.4
      vertex 5.82738 46.1823 25
    endloop
  endfacet
  facet normal -0.98081 -0.194967 0
    outer loop
      vertex 12.1726 47.0177 25
      vertex 12.091 47.4282 27.4
      vertex 12.091 47.4282 25
    endloop
  endfacet
  facet normal -0.98081 -0.194967 0
    outer loop
      vertex 12.091 47.4282 27.4
      vertex 12.1726 47.0177 25
      vertex 12.1726 47.0177 27.4
    endloop
  endfacet
  facet normal -0.997855 -0.0654566 0
    outer loop
      vertex 12.2 46.6 25
      vertex 12.1726 47.0177 27.4
      vertex 12.1726 47.0177 25
    endloop
  endfacet
  facet normal -0.997855 -0.0654566 0
    outer loop
      vertex 12.1726 47.0177 27.4
      vertex 12.2 46.6 25
      vertex 12.2 46.6 27.4
    endloop
  endfacet
  facet normal -0.831388 0.555692 0
    outer loop
      vertex 11.5387 44.652 25
      vertex 11.7713 45 27.4
      vertex 11.7713 45 25
    endloop
  endfacet
  facet normal -0.831388 0.555692 0
    outer loop
      vertex 11.7713 45 27.4
      vertex 11.5387 44.652 25
      vertex 11.5387 44.652 27.4
    endloop
  endfacet
  facet normal 0.194949 -0.980813 0
    outer loop
      vertex 8.17178 49.691 25
      vertex 8.58232 49.7726 27.4
      vertex 8.17178 49.691 27.4
    endloop
  endfacet
  facet normal 0.194949 -0.980813 0
    outer loop
      vertex 8.58232 49.7726 27.4
      vertex 8.17178 49.691 25
      vertex 8.58232 49.7726 25
    endloop
  endfacet
  facet normal -0.659367 -0.751821 0
    outer loop
      vertex 10.948 49.1387 25
      vertex 11.2627 48.8627 27.4
      vertex 10.948 49.1387 27.4
    endloop
  endfacet
  facet normal -0.659367 -0.751821 -0
    outer loop
      vertex 11.2627 48.8627 27.4
      vertex 10.948 49.1387 25
      vertex 11.2627 48.8627 25
    endloop
  endfacet
  facet normal -0.0654598 -0.997855 0
    outer loop
      vertex 9 49.8 25
      vertex 9.41768 49.7726 27.4
      vertex 9 49.8 27.4
    endloop
  endfacet
  facet normal -0.0654598 -0.997855 -0
    outer loop
      vertex 9.41768 49.7726 27.4
      vertex 9 49.8 25
      vertex 9.41768 49.7726 25
    endloop
  endfacet
  facet normal -0.946901 0.321526 0
    outer loop
      vertex 11.9564 45.3754 25
      vertex 12.091 45.7718 27.4
      vertex 12.091 45.7718 25
    endloop
  endfacet
  facet normal -0.946901 0.321526 0
    outer loop
      vertex 12.091 45.7718 27.4
      vertex 11.9564 45.3754 25
      vertex 11.9564 45.3754 27.4
    endloop
  endfacet
  facet normal -0.751821 0.659367 0
    outer loop
      vertex 11.2627 44.3373 25
      vertex 11.5387 44.652 27.4
      vertex 11.5387 44.652 25
    endloop
  endfacet
  facet normal -0.751821 0.659367 0
    outer loop
      vertex 11.5387 44.652 27.4
      vertex 11.2627 44.3373 25
      vertex 11.2627 44.3373 27.4
    endloop
  endfacet
  facet normal 0.555648 -0.831418 0
    outer loop
      vertex 7.05196 49.1387 25
      vertex 7.4 49.3713 27.4
      vertex 7.05196 49.1387 27.4
    endloop
  endfacet
  facet normal 0.555648 -0.831418 0
    outer loop
      vertex 7.4 49.3713 27.4
      vertex 7.05196 49.1387 25
      vertex 7.4 49.3713 25
    endloop
  endfacet
  facet normal 0.194949 0.980813 -0
    outer loop
      vertex 8.58232 43.4274 25
      vertex 8.17178 43.509 27.4
      vertex 8.58232 43.4274 27.4
    endloop
  endfacet
  facet normal 0.194949 0.980813 0
    outer loop
      vertex 8.17178 43.509 27.4
      vertex 8.58232 43.4274 25
      vertex 8.17178 43.509 25
    endloop
  endfacet
  facet normal 0.831443 -0.55561 0
    outer loop
      vertex 6.22872 48.2 27.4
      vertex 6.46127 48.548 25
      vertex 6.46127 48.548 27.4
    endloop
  endfacet
  facet normal 0.831443 -0.55561 0
    outer loop
      vertex 6.46127 48.548 25
      vertex 6.22872 48.2 27.4
      vertex 6.22872 48.2 25
    endloop
  endfacet
  facet normal -0.194949 -0.980813 0
    outer loop
      vertex 9.41768 49.7726 25
      vertex 9.82822 49.691 27.4
      vertex 9.41768 49.7726 27.4
    endloop
  endfacet
  facet normal -0.194949 -0.980813 -0
    outer loop
      vertex 9.82822 49.691 27.4
      vertex 9.41768 49.7726 25
      vertex 9.82822 49.691 25
    endloop
  endfacet
  facet normal 0.980782 -0.195105 0
    outer loop
      vertex 5.82738 47.0177 27.4
      vertex 5.90904 47.4282 25
      vertex 5.90904 47.4282 27.4
    endloop
  endfacet
  facet normal 0.980782 -0.195105 0
    outer loop
      vertex 5.90904 47.4282 25
      vertex 5.82738 47.0177 27.4
      vertex 5.82738 47.0177 25
    endloop
  endfacet
  facet normal -0.831388 -0.555692 0
    outer loop
      vertex 11.7713 48.2 25
      vertex 11.5387 48.548 27.4
      vertex 11.5387 48.548 25
    endloop
  endfacet
  facet normal -0.831388 -0.555692 0
    outer loop
      vertex 11.5387 48.548 27.4
      vertex 11.7713 48.2 25
      vertex 11.7713 48.2 27.4
    endloop
  endfacet
  facet normal 0.659367 -0.751821 0
    outer loop
      vertex 6.73726 48.8627 25
      vertex 7.05196 49.1387 27.4
      vertex 6.73726 48.8627 27.4
    endloop
  endfacet
  facet normal 0.659367 -0.751821 0
    outer loop
      vertex 7.05196 49.1387 27.4
      vertex 6.73726 48.8627 25
      vertex 7.05196 49.1387 25
    endloop
  endfacet
  facet normal -0.442237 0.896898 0
    outer loop
      vertex 10.6 43.8287 25
      vertex 10.2246 43.6436 27.4
      vertex 10.6 43.8287 27.4
    endloop
  endfacet
  facet normal -0.442237 0.896898 0
    outer loop
      vertex 10.2246 43.6436 27.4
      vertex 10.6 43.8287 25
      vertex 10.2246 43.6436 25
    endloop
  endfacet
  facet normal -0.896898 -0.442237 0
    outer loop
      vertex 11.9564 47.8246 25
      vertex 11.7713 48.2 27.4
      vertex 11.7713 48.2 25
    endloop
  endfacet
  facet normal -0.896898 -0.442237 0
    outer loop
      vertex 11.7713 48.2 27.4
      vertex 11.9564 47.8246 25
      vertex 11.9564 47.8246 27.4
    endloop
  endfacet
  facet normal -0.896898 0.442237 0
    outer loop
      vertex 11.7713 45 25
      vertex 11.9564 45.3754 27.4
      vertex 11.9564 45.3754 25
    endloop
  endfacet
  facet normal -0.896898 0.442237 0
    outer loop
      vertex 11.9564 45.3754 27.4
      vertex 11.7713 45 25
      vertex 11.7713 45 27.4
    endloop
  endfacet
  facet normal 0.89686 -0.442314 0
    outer loop
      vertex 6.04358 47.8246 27.4
      vertex 6.22872 48.2 25
      vertex 6.22872 48.2 27.4
    endloop
  endfacet
  facet normal 0.89686 -0.442314 0
    outer loop
      vertex 6.22872 48.2 25
      vertex 6.04358 47.8246 27.4
      vertex 6.04358 47.8246 25
    endloop
  endfacet
  facet normal 0.555648 0.831418 -0
    outer loop
      vertex 7.4 43.8287 25
      vertex 7.05196 44.0613 27.4
      vertex 7.4 43.8287 27.4
    endloop
  endfacet
  facet normal 0.555648 0.831418 0
    outer loop
      vertex 7.05196 44.0613 27.4
      vertex 7.4 43.8287 25
      vertex 7.05196 44.0613 25
    endloop
  endfacet
  facet normal -0.555692 -0.831388 0
    outer loop
      vertex 10.6 49.3713 25
      vertex 10.948 49.1387 27.4
      vertex 10.6 49.3713 27.4
    endloop
  endfacet
  facet normal -0.555692 -0.831388 -0
    outer loop
      vertex 10.948 49.1387 27.4
      vertex 10.6 49.3713 25
      vertex 10.948 49.1387 25
    endloop
  endfacet
  facet normal -0.997855 0.0654566 0
    outer loop
      vertex 12.1726 46.1823 25
      vertex 12.2 46.6 27.4
      vertex 12.2 46.6 25
    endloop
  endfacet
  facet normal -0.997855 0.0654566 0
    outer loop
      vertex 12.2 46.6 27.4
      vertex 12.1726 46.1823 25
      vertex 12.1726 46.1823 27.4
    endloop
  endfacet
  facet normal 0.997859 -0.0654091 0
    outer loop
      vertex 5.8 46.6 27.4
      vertex 5.82738 47.0177 25
      vertex 5.82738 47.0177 27.4
    endloop
  endfacet
  facet normal 0.997859 -0.0654091 0
    outer loop
      vertex 5.82738 47.0177 25
      vertex 5.8 46.6 27.4
      vertex 5.8 46.6 25
    endloop
  endfacet
  facet normal 0.442228 -0.896903 0
    outer loop
      vertex 7.4 49.3713 25
      vertex 7.77541 49.5564 27.4
      vertex 7.4 49.3713 27.4
    endloop
  endfacet
  facet normal 0.442228 -0.896903 0
    outer loop
      vertex 7.77541 49.5564 27.4
      vertex 7.4 49.3713 25
      vertex 7.77541 49.5564 25
    endloop
  endfacet
  facet normal 0.980782 0.195105 0
    outer loop
      vertex 5.90904 45.7718 27.4
      vertex 5.82738 46.1823 25
      vertex 5.82738 46.1823 27.4
    endloop
  endfacet
  facet normal 0.980782 0.195105 0
    outer loop
      vertex 5.82738 46.1823 25
      vertex 5.90904 45.7718 27.4
      vertex 5.90904 45.7718 25
    endloop
  endfacet
  facet normal -0.442237 -0.896898 0
    outer loop
      vertex 10.2246 49.5564 25
      vertex 10.6 49.3713 27.4
      vertex 10.2246 49.5564 27.4
    endloop
  endfacet
  facet normal -0.442237 -0.896898 -0
    outer loop
      vertex 10.6 49.3713 27.4
      vertex 10.2246 49.5564 25
      vertex 10.6 49.3713 25
    endloop
  endfacet
  facet normal -0.98081 0.194967 0
    outer loop
      vertex 12.091 45.7718 25
      vertex 12.1726 46.1823 27.4
      vertex 12.1726 46.1823 25
    endloop
  endfacet
  facet normal -0.98081 0.194967 0
    outer loop
      vertex 12.1726 46.1823 27.4
      vertex 12.091 45.7718 25
      vertex 12.091 45.7718 27.4
    endloop
  endfacet
  facet normal 0.0654598 0.997855 -0
    outer loop
      vertex 9 43.4 25
      vertex 8.58232 43.4274 27.4
      vertex 9 43.4 27.4
    endloop
  endfacet
  facet normal 0.0654598 0.997855 0
    outer loop
      vertex 8.58232 43.4274 27.4
      vertex 9 43.4 25
      vertex 8.58232 43.4274 25
    endloop
  endfacet
  facet normal -0.0654598 0.997855 0
    outer loop
      vertex 9.41768 43.4274 25
      vertex 9 43.4 27.4
      vertex 9.41768 43.4274 27.4
    endloop
  endfacet
  facet normal -0.0654598 0.997855 0
    outer loop
      vertex 9 43.4 27.4
      vertex 9.41768 43.4274 25
      vertex 9 43.4 25
    endloop
  endfacet
  facet normal -0.32154 -0.946896 0
    outer loop
      vertex 9.82822 49.691 25
      vertex 10.2246 49.5564 27.4
      vertex 9.82822 49.691 27.4
    endloop
  endfacet
  facet normal -0.32154 -0.946896 -0
    outer loop
      vertex 10.2246 49.5564 27.4
      vertex 9.82822 49.691 25
      vertex 10.2246 49.5564 25
    endloop
  endfacet
  facet normal 0.946944 -0.321397 0
    outer loop
      vertex 5.90904 47.4282 27.4
      vertex 6.04358 47.8246 25
      vertex 6.04358 47.8246 27.4
    endloop
  endfacet
  facet normal 0.946944 -0.321397 0
    outer loop
      vertex 6.04358 47.8246 25
      vertex 5.90904 47.4282 27.4
      vertex 5.90904 47.4282 25
    endloop
  endfacet
  facet normal -0.194949 0.980813 0
    outer loop
      vertex 9.82822 43.509 25
      vertex 9.41768 43.4274 27.4
      vertex 9.82822 43.509 27.4
    endloop
  endfacet
  facet normal -0.194949 0.980813 0
    outer loop
      vertex 9.41768 43.4274 27.4
      vertex 9.82822 43.509 25
      vertex 9.41768 43.4274 25
    endloop
  endfacet
  facet normal 0.946944 0.321397 0
    outer loop
      vertex 6.04358 45.3754 27.4
      vertex 5.90904 45.7718 25
      vertex 5.90904 45.7718 27.4
    endloop
  endfacet
  facet normal 0.946944 0.321397 0
    outer loop
      vertex 5.90904 45.7718 25
      vertex 6.04358 45.3754 27.4
      vertex 6.04358 45.3754 25
    endloop
  endfacet
  facet normal 0.659367 0.751821 -0
    outer loop
      vertex 7.05196 44.0613 25
      vertex 6.73726 44.3373 27.4
      vertex 7.05196 44.0613 27.4
    endloop
  endfacet
  facet normal 0.659367 0.751821 0
    outer loop
      vertex 6.73726 44.3373 27.4
      vertex 7.05196 44.0613 25
      vertex 6.73726 44.3373 25
    endloop
  endfacet
  facet normal 0.751833 0.659353 0
    outer loop
      vertex 6.73726 44.3373 27.4
      vertex 6.46127 44.652 25
      vertex 6.46127 44.652 27.4
    endloop
  endfacet
  facet normal 0.751833 0.659353 0
    outer loop
      vertex 6.46127 44.652 25
      vertex 6.73726 44.3373 27.4
      vertex 6.73726 44.3373 25
    endloop
  endfacet
  facet normal -0.32154 0.946896 0
    outer loop
      vertex 10.2246 43.6436 25
      vertex 9.82822 43.509 27.4
      vertex 10.2246 43.6436 27.4
    endloop
  endfacet
  facet normal -0.32154 0.946896 0
    outer loop
      vertex 9.82822 43.509 27.4
      vertex 10.2246 43.6436 25
      vertex 9.82822 43.509 25
    endloop
  endfacet
  facet normal -0.751821 -0.659367 0
    outer loop
      vertex 11.5387 48.548 25
      vertex 11.2627 48.8627 27.4
      vertex 11.2627 48.8627 25
    endloop
  endfacet
  facet normal -0.751821 -0.659367 0
    outer loop
      vertex 11.2627 48.8627 27.4
      vertex 11.5387 48.548 25
      vertex 11.5387 48.548 27.4
    endloop
  endfacet
  facet normal 0.321548 -0.946893 0
    outer loop
      vertex 7.77541 49.5564 25
      vertex 8.17178 49.691 27.4
      vertex 7.77541 49.5564 27.4
    endloop
  endfacet
  facet normal 0.321548 -0.946893 0
    outer loop
      vertex 8.17178 49.691 27.4
      vertex 7.77541 49.5564 25
      vertex 8.17178 49.691 25
    endloop
  endfacet
  facet normal -0.946901 -0.321526 0
    outer loop
      vertex 12.091 47.4282 25
      vertex 11.9564 47.8246 27.4
      vertex 11.9564 47.8246 25
    endloop
  endfacet
  facet normal -0.946901 -0.321526 0
    outer loop
      vertex 11.9564 47.8246 27.4
      vertex 12.091 47.4282 25
      vertex 12.091 47.4282 27.4
    endloop
  endfacet
  facet normal 0.831443 0.55561 0
    outer loop
      vertex 6.46127 44.652 27.4
      vertex 6.22872 45 25
      vertex 6.22872 45 27.4
    endloop
  endfacet
  facet normal 0.831443 0.55561 0
    outer loop
      vertex 6.22872 45 25
      vertex 6.46127 44.652 27.4
      vertex 6.46127 44.652 25
    endloop
  endfacet
  facet normal -0.555692 0.831388 0
    outer loop
      vertex 10.948 44.0613 25
      vertex 10.6 43.8287 27.4
      vertex 10.948 44.0613 27.4
    endloop
  endfacet
  facet normal -0.555692 0.831388 0
    outer loop
      vertex 10.6 43.8287 27.4
      vertex 10.948 44.0613 25
      vertex 10.6 43.8287 25
    endloop
  endfacet
  facet normal 0.89686 0.442314 0
    outer loop
      vertex 6.22872 45 27.4
      vertex 6.04358 45.3754 25
      vertex 6.04358 45.3754 27.4
    endloop
  endfacet
  facet normal 0.89686 0.442314 0
    outer loop
      vertex 6.04358 45.3754 25
      vertex 6.22872 45 27.4
      vertex 6.22872 45 25
    endloop
  endfacet
  facet normal -0.659367 0.751821 0
    outer loop
      vertex 11.2627 44.3373 25
      vertex 10.948 44.0613 27.4
      vertex 11.2627 44.3373 27.4
    endloop
  endfacet
  facet normal -0.659367 0.751821 0
    outer loop
      vertex 10.948 44.0613 27.4
      vertex 11.2627 44.3373 25
      vertex 10.948 44.0613 25
    endloop
  endfacet
  facet normal 0.321548 0.946893 -0
    outer loop
      vertex 8.17178 43.509 25
      vertex 7.77541 43.6436 27.4
      vertex 8.17178 43.509 27.4
    endloop
  endfacet
  facet normal 0.321548 0.946893 0
    outer loop
      vertex 7.77541 43.6436 27.4
      vertex 8.17178 43.509 25
      vertex 7.77541 43.6436 25
    endloop
  endfacet
  facet normal 0.0654598 -0.997855 0
    outer loop
      vertex 8.58232 49.7726 25
      vertex 9 49.8 27.4
      vertex 8.58232 49.7726 27.4
    endloop
  endfacet
  facet normal 0.0654598 -0.997855 0
    outer loop
      vertex 9 49.8 27.4
      vertex 8.58232 49.7726 25
      vertex 9 49.8 25
    endloop
  endfacet
  facet normal 0.442228 0.896903 -0
    outer loop
      vertex 7.77541 43.6436 25
      vertex 7.4 43.8287 27.4
      vertex 7.77541 43.6436 27.4
    endloop
  endfacet
  facet normal 0.442228 0.896903 0
    outer loop
      vertex 7.4 43.8287 27.4
      vertex 7.77541 43.6436 25
      vertex 7.4 43.8287 25
    endloop
  endfacet
  facet normal 0.751833 -0.659353 0
    outer loop
      vertex 6.46127 48.548 27.4
      vertex 6.73726 48.8627 25
      vertex 6.73726 48.8627 27.4
    endloop
  endfacet
  facet normal 0.751833 -0.659353 0
    outer loop
      vertex 6.73726 48.8627 25
      vertex 6.46127 48.548 27.4
      vertex 6.46127 48.548 25
    endloop
  endfacet
  facet normal -1 0 0
    outer loop
      vertex 4.1 31.85 25
      vertex 4.1 43.85 25.1
      vertex 4.1 43.85 25
    endloop
  endfacet
  facet normal -1 -0 0
    outer loop
      vertex 4.1 43.85 25.1
      vertex 4.1 31.85 25
      vertex 4.1 31.85 25.1
    endloop
  endfacet
  facet normal 0 0 -1
    outer loop
      vertex 0 31.85 25.1
      vertex 4.1 43.85 25.1
      vertex 4.1 31.85 25.1
    endloop
  endfacet
  facet normal -0 0 -1
    outer loop
      vertex 4.1 43.85 25.1
      vertex 0 31.85 25.1
      vertex 0 43.85 25.1
    endloop
  endfacet
  facet normal 0 -1 0
    outer loop
      vertex 2.2 43.85 22
      vertex 3.8 43.85 25
      vertex 2.2 43.85 25
    endloop
  endfacet
  facet normal 0 -1 -0
    outer loop
      vertex 3.8 43.85 25
      vertex 2.2 43.85 22
      vertex 3.8 43.85 22
    endloop
  endfacet
  facet normal 0 -1 0
    outer loop
      vertex 2.2 43.85 25
      vertex 0 43.85 25.1
      vertex 0 43.85 25
    endloop
  endfacet
  facet normal 0 -1 0
    outer loop
      vertex 0 43.85 25.1
      vertex 2.2 43.85 25
      vertex 4.1 43.85 25.1
    endloop
  endfacet
  facet normal 0 -1 0
    outer loop
      vertex 3.8 43.85 25
      vertex 4.1 43.85 25.1
      vertex 2.2 43.85 25
    endloop
  endfacet
  facet normal 0 -1 -0
    outer loop
      vertex 4.1 43.85 25.1
      vertex 3.8 43.85 25
      vertex 4.1 43.85 25
    endloop
  endfacet
  facet normal 0 1 -0
    outer loop
      vertex 3.8 31.85 22
      vertex 2.2 31.85 25
      vertex 3.8 31.85 25
    endloop
  endfacet
  facet normal 0 1 0
    outer loop
      vertex 2.2 31.85 25
      vertex 3.8 31.85 22
      vertex 2.2 31.85 22
    endloop
  endfacet
  facet normal 0 1 0
    outer loop
      vertex 3.8 31.85 25
      vertex 4.1 31.85 25.1
      vertex 4.1 31.85 25
    endloop
  endfacet
  facet normal 0 1 0
    outer loop
      vertex 2.2 31.85 25
      vertex 4.1 31.85 25.1
      vertex 3.8 31.85 25
    endloop
  endfacet
  facet normal 0 1 0
    outer loop
      vertex 4.1 31.85 25.1
      vertex 2.2 31.85 25
      vertex 0 31.85 25.1
    endloop
  endfacet
  facet normal 0 1 0
    outer loop
      vertex 0 31.85 25.1
      vertex 2.2 31.85 25
      vertex 0 31.85 25
    endloop
  endfacet
  facet normal 1 -0 0
    outer loop
      vertex 71.6 8.34879 25.1
      vertex 71.6 20.5 25
      vertex 71.6 20.5 25.1
    endloop
  endfacet
  facet normal 1 0 0
    outer loop
      vertex 71.6 20.5 25
      vertex 71.6 8.34879 25.1
      vertex 71.6 8.34879 25
    endloop
  endfacet
  facet normal 0 -1 0
    outer loop
      vertex 71.8 20.5 22
      vertex 73.4 20.5 25
      vertex 71.8 20.5 25
    endloop
  endfacet
  facet normal 0 -1 -0
    outer loop
      vertex 73.4 20.5 25
      vertex 71.8 20.5 22
      vertex 73.4 20.5 22
    endloop
  endfacet
  facet normal 0 -1 0
    outer loop
      vertex 71.8 20.5 25
      vertex 71.6 20.5 25.1
      vertex 71.6 20.5 25
    endloop
  endfacet
  facet normal 0 -1 0
    outer loop
      vertex 73.4 20.5 25
      vertex 71.6 20.5 25.1
      vertex 71.8 20.5 25
    endloop
  endfacet
  facet normal 0 -1 0
    outer loop
      vertex 71.6 20.5 25.1
      vertex 73.4 20.5 25
      vertex 75.6 20.5 25.1
    endloop
  endfacet
  facet normal 0 -1 -0
    outer loop
      vertex 75.6 20.5 25.1
      vertex 73.4 20.5 25
      vertex 75.6 20.5 25
    endloop
  endfacet
  facet normal 0 1 0
    outer loop
      vertex 73.4 7.5 25
      vertex 75.6 7.5 25.1
      vertex 75.6 7.5 25
    endloop
  endfacet
  facet normal 0 1 0
    outer loop
      vertex 75.6 7.5 25.1
      vertex 73.4 7.5 25
      vertex 73.0462 7.5 25.1
    endloop
  endfacet
  facet normal 0 1 0
    outer loop
      vertex 73.0462 7.5 22
      vertex 73.4 7.5 25
      vertex 73.4 7.5 22
    endloop
  endfacet
  facet normal 0 1 0
    outer loop
      vertex 73.4 7.5 25
      vertex 73.0462 7.5 22
      vertex 73.0462 7.5 25.1
    endloop
  endfacet
  facet normal -1 0 0
    outer loop
      vertex 48.2 33.35 25
      vertex 48.2 46.35 27.4
      vertex 48.2 46.35 25
    endloop
  endfacet
  facet normal -1 -0 0
    outer loop
      vertex 48.2 46.35 27.4
      vertex 48.2 33.35 25
      vertex 48.2 33.35 27.4
    endloop
  endfacet
  facet normal 1 -0 0
    outer loop
      vertex 24.5 33.35 27.4
      vertex 24.5 46.35 25
      vertex 24.5 46.35 27.4
    endloop
  endfacet
  facet normal 1 0 0
    outer loop
      vertex 24.5 46.35 25
      vertex 24.5 33.35 27.4
      vertex 24.5 33.35 25
    endloop
  endfacet
  facet normal 0 -1 0
    outer loop
      vertex 24.5 46.35 25
      vertex 48.2 46.35 27.4
      vertex 24.5 46.35 27.4
    endloop
  endfacet
  facet normal 0 -1 -0
    outer loop
      vertex 48.2 46.35 27.4
      vertex 24.5 46.35 25
      vertex 48.2 46.35 25
    endloop
  endfacet
  facet normal 0 1 -0
    outer loop
      vertex 48.2 33.35 25
      vertex 24.5 33.35 27.4
      vertex 48.2 33.35 27.4
    endloop
  endfacet
  facet normal 0 1 0
    outer loop
      vertex 24.5 33.35 27.4
      vertex 48.2 33.35 25
      vertex 24.5 33.35 25
    endloop
  endfacet
endsolid OpenSCAD_Model
