solid OpenSCAD_Model
  facet normal 0.751865 -0.659317 0
    outer loop
      vertex 74.8678 0.732232 25
      vertex 75.0834 0.978096 0
      vertex 75.0834 0.978096 25
    endloop
  endfacet
  facet normal 0.751865 -0.659317 0
    outer loop
      vertex 75.0834 0.978096 0
      vertex 74.8678 0.732232 25
      vertex 74.8678 0.732232 0
    endloop
  endfacet
  facet normal -0.896878 0.442277 0
    outer loop
      vertex 0.190301 61.1567 0
      vertex 0.334936 61.45 25
      vertex 0.334936 61.45 0
    endloop
  endfacet
  facet normal -0.896878 0.442277 0
    outer loop
      vertex 0.334936 61.45 25
      vertex 0.190301 61.1567 0
      vertex 0.190301 61.1567 25
    endloop
  endfacet
  facet normal 0.0654039 -0.997859 0
    outer loop
      vertex 73.1 0 0
      vertex 73.4263 0.0213871 25
      vertex 73.1 0 25
    endloop
  endfacet
  facet normal 0.0654039 -0.997859 0
    outer loop
      vertex 73.4263 0.0213871 25
      vertex 73.1 0 0
      vertex 73.4263 0.0213871 0
    endloop
  endfacet
  facet normal 0.19511 -0.980781 0
    outer loop
      vertex 73.4263 0.0213871 0
      vertex 73.747 0.0851851 25
      vertex 73.4263 0.0213871 25
    endloop
  endfacet
  facet normal 0.19511 -0.980781 0
    outer loop
      vertex 73.747 0.0851851 25
      vertex 73.4263 0.0213871 0
      vertex 73.747 0.0851851 0
    endloop
  endfacet
  facet normal -0.195093 -0.980785 0
    outer loop
      vertex 1.85295 0.0851851 0
      vertex 2.17368 0.0213871 25
      vertex 1.85295 0.0851851 25
    endloop
  endfacet
  facet normal -0.195093 -0.980785 -0
    outer loop
      vertex 2.17368 0.0213871 25
      vertex 1.85295 0.0851851 0
      vertex 2.17368 0.0213871 0
    endloop
  endfacet
  facet normal -0.0654392 0.997857 0
    outer loop
      vertex 2.5 62.7 0
      vertex 2.17368 62.6786 25
      vertex 2.5 62.7 25
    endloop
  endfacet
  facet normal -0.0654392 0.997857 0
    outer loop
      vertex 2.17368 62.6786 25
      vertex 2.5 62.7 0
      vertex 2.17368 62.6786 0
    endloop
  endfacet
  facet normal -0.321397 0.946944 0
    outer loop
      vertex 1.85295 62.6148 0
      vertex 1.54329 62.5097 25
      vertex 1.85295 62.6148 25
    endloop
  endfacet
  facet normal -0.321397 0.946944 0
    outer loop
      vertex 1.54329 62.5097 25
      vertex 1.85295 62.6148 0
      vertex 1.54329 62.5097 0
    endloop
  endfacet
  facet normal -0.751841 -0.659344 0
    outer loop
      vertex 0.732232 0.732232 0
      vertex 0.516616 0.978096 25
      vertex 0.516616 0.978096 0
    endloop
  endfacet
  facet normal -0.751841 -0.659344 0
    outer loop
      vertex 0.516616 0.978096 25
      vertex 0.732232 0.732232 0
      vertex 0.732232 0.732232 25
    endloop
  endfacet
  facet normal -0.980785 -0.195093 0
    outer loop
      vertex 0.0851851 1.85295 0
      vertex 0.0213871 2.17368 25
      vertex 0.0213871 2.17368 0
    endloop
  endfacet
  facet normal -0.980785 -0.195093 0
    outer loop
      vertex 0.0213871 2.17368 25
      vertex 0.0851851 1.85295 0
      vertex 0.0851851 1.85295 25
    endloop
  endfacet
  facet normal 0.0654432 0.997856 -0
    outer loop
      vertex 73.4263 62.6786 0
      vertex 73.1 62.7 25
      vertex 73.4263 62.6786 25
    endloop
  endfacet
  facet normal 0.0654432 0.997856 0
    outer loop
      vertex 73.1 62.7 25
      vertex 73.4263 62.6786 0
      vertex 73.1 62.7 0
    endloop
  endfacet
  facet normal 0 -1 0
    outer loop
      vertex 42.4 0 13
      vertex 44.2 0 20
      vertex 42.4 0 20
    endloop
  endfacet
  facet normal 0 -1 -0
    outer loop
      vertex 44.2 0 20
      vertex 42.4 0 13
      vertex 44.2 0 13
    endloop
  endfacet
  facet normal 0 -1 0
    outer loop
      vertex 39.2 0 13
      vertex 41 0 20
      vertex 39.2 0 20
    endloop
  endfacet
  facet normal 0 -1 -0
    outer loop
      vertex 41 0 20
      vertex 39.2 0 13
      vertex 41 0 13
    endloop
  endfacet
  facet normal 0 -1 0
    outer loop
      vertex 36 0 13
      vertex 37.8 0 20
      vertex 36 0 20
    endloop
  endfacet
  facet normal 0 -1 -0
    outer loop
      vertex 37.8 0 20
      vertex 36 0 13
      vertex 37.8 0 13
    endloop
  endfacet
  facet normal 0 -1 0
    outer loop
      vertex 32.8 0 13
      vertex 34.6 0 20
      vertex 32.8 0 20
    endloop
  endfacet
  facet normal 0 -1 -0
    outer loop
      vertex 34.6 0 20
      vertex 32.8 0 13
      vertex 34.6 0 13
    endloop
  endfacet
  facet normal 0 -1 0
    outer loop
      vertex 29.6 0 13
      vertex 31.4 0 20
      vertex 29.6 0 20
    endloop
  endfacet
  facet normal 0 -1 -0
    outer loop
      vertex 31.4 0 20
      vertex 29.6 0 13
      vertex 31.4 0 13
    endloop
  endfacet
  facet normal 0 -1 0
    outer loop
      vertex 26.4 0 13
      vertex 28.2 0 20
      vertex 26.4 0 20
    endloop
  endfacet
  facet normal 0 -1 -0
    outer loop
      vertex 28.2 0 20
      vertex 26.4 0 13
      vertex 28.2 0 13
    endloop
  endfacet
  facet normal 0 -1 0
    outer loop
      vertex 26.4 0 20
      vertex 2.5 0 25
      vertex 25 0 20
    endloop
  endfacet
  facet normal 0 -1 0
    outer loop
      vertex 2.5 0 25
      vertex 25 0 13
      vertex 25 0 20
    endloop
  endfacet
  facet normal 0 -1 0
    outer loop
      vertex 2.5 0 0
      vertex 26.4 0 13
      vertex 25 0 13
    endloop
  endfacet
  facet normal 0 -1 -0
    outer loop
      vertex 26.4 0 13
      vertex 2.5 0 0
      vertex 28.2 0 13
    endloop
  endfacet
  facet normal 0 -1 -0
    outer loop
      vertex 28.2 0 13
      vertex 2.5 0 0
      vertex 29.6 0 13
    endloop
  endfacet
  facet normal 0 -1 -0
    outer loop
      vertex 29.6 0 13
      vertex 2.5 0 0
      vertex 31.4 0 13
    endloop
  endfacet
  facet normal 0 -1 -0
    outer loop
      vertex 31.4 0 13
      vertex 2.5 0 0
      vertex 32.8 0 13
    endloop
  endfacet
  facet normal 0 -1 -0
    outer loop
      vertex 32.8 0 13
      vertex 2.5 0 0
      vertex 34.6 0 13
    endloop
  endfacet
  facet normal 0 -1 -0
    outer loop
      vertex 34.6 0 13
      vertex 2.5 0 0
      vertex 36 0 13
    endloop
  endfacet
  facet normal 0 -1 -0
    outer loop
      vertex 36 0 13
      vertex 2.5 0 0
      vertex 37.8 0 13
    endloop
  endfacet
  facet normal 0 -1 0
    outer loop
      vertex 73.1 0 0
      vertex 37.8 0 13
      vertex 2.5 0 0
    endloop
  endfacet
  facet normal 0 -1 0
    outer loop
      vertex 37.8 0 13
      vertex 73.1 0 0
      vertex 39.2 0 13
    endloop
  endfacet
  facet normal 0 -1 0
    outer loop
      vertex 39.2 0 13
      vertex 73.1 0 0
      vertex 41 0 13
    endloop
  endfacet
  facet normal 0 -1 0
    outer loop
      vertex 41 0 13
      vertex 73.1 0 0
      vertex 42.4 0 13
    endloop
  endfacet
  facet normal 0 -1 0
    outer loop
      vertex 42.4 0 13
      vertex 73.1 0 0
      vertex 44.2 0 13
    endloop
  endfacet
  facet normal 0 -1 0
    outer loop
      vertex 2.5 0 0
      vertex 25 0 13
      vertex 2.5 0 25
    endloop
  endfacet
  facet normal 0 -1 0
    outer loop
      vertex 28.2 0 20
      vertex 2.5 0 25
      vertex 26.4 0 20
    endloop
  endfacet
  facet normal 0 -1 0
    outer loop
      vertex 29.6 0 20
      vertex 2.5 0 25
      vertex 28.2 0 20
    endloop
  endfacet
  facet normal 0 -1 0
    outer loop
      vertex 31.4 0 20
      vertex 2.5 0 25
      vertex 29.6 0 20
    endloop
  endfacet
  facet normal 0 -1 0
    outer loop
      vertex 32.8 0 20
      vertex 2.5 0 25
      vertex 31.4 0 20
    endloop
  endfacet
  facet normal 0 -1 0
    outer loop
      vertex 34.6 0 20
      vertex 2.5 0 25
      vertex 32.8 0 20
    endloop
  endfacet
  facet normal 0 -1 0
    outer loop
      vertex 36 0 20
      vertex 2.5 0 25
      vertex 34.6 0 20
    endloop
  endfacet
  facet normal 0 -1 0
    outer loop
      vertex 2.5 0 25
      vertex 36 0 20
      vertex 73.1 0 25
    endloop
  endfacet
  facet normal 0 -1 0
    outer loop
      vertex 37.8 0 20
      vertex 73.1 0 25
      vertex 36 0 20
    endloop
  endfacet
  facet normal 0 -1 0
    outer loop
      vertex 39.2 0 20
      vertex 73.1 0 25
      vertex 37.8 0 20
    endloop
  endfacet
  facet normal 0 -1 0
    outer loop
      vertex 41 0 20
      vertex 73.1 0 25
      vertex 39.2 0 20
    endloop
  endfacet
  facet normal 0 -1 0
    outer loop
      vertex 42.4 0 20
      vertex 73.1 0 25
      vertex 41 0 20
    endloop
  endfacet
  facet normal 0 -1 0
    outer loop
      vertex 44.2 0 20
      vertex 73.1 0 25
      vertex 42.4 0 20
    endloop
  endfacet
  facet normal 0 -1 0
    outer loop
      vertex 45.6 0 20
      vertex 73.1 0 25
      vertex 44.2 0 20
    endloop
  endfacet
  facet normal 0 -1 0
    outer loop
      vertex 45.6 0 13
      vertex 73.1 0 25
      vertex 45.6 0 20
    endloop
  endfacet
  facet normal 0 -1 0
    outer loop
      vertex 45.6 0 13
      vertex 73.1 0 0
      vertex 73.1 0 25
    endloop
  endfacet
  facet normal 0 -1 0
    outer loop
      vertex 44.2 0 13
      vertex 73.1 0 0
      vertex 45.6 0 13
    endloop
  endfacet
  facet normal 0.980784 -0.195099 0
    outer loop
      vertex 75.5148 1.85295 25
      vertex 75.5786 2.17368 0
      vertex 75.5786 2.17368 25
    endloop
  endfacet
  facet normal 0.980784 -0.195099 0
    outer loop
      vertex 75.5786 2.17368 0
      vertex 75.5148 1.85295 25
      vertex 75.5148 1.85295 0
    endloop
  endfacet
  facet normal -0.659317 0.751865 0
    outer loop
      vertex 0.978096 62.1834 0
      vertex 0.732232 61.9678 25
      vertex 0.978096 62.1834 25
    endloop
  endfacet
  facet normal -0.659317 0.751865 0
    outer loop
      vertex 0.732232 61.9678 25
      vertex 0.978096 62.1834 0
      vertex 0.732232 61.9678 0
    endloop
  endfacet
  facet normal 0.195116 0.98078 -0
    outer loop
      vertex 73.747 62.6148 0
      vertex 73.4263 62.6786 25
      vertex 73.747 62.6148 25
    endloop
  endfacet
  facet normal 0.195116 0.98078 0
    outer loop
      vertex 73.4263 62.6786 25
      vertex 73.747 62.6148 0
      vertex 73.4263 62.6786 0
    endloop
  endfacet
  facet normal 0 1 -0
    outer loop
      vertex 28.2 62.7 13
      vertex 26.4 62.7 20
      vertex 28.2 62.7 20
    endloop
  endfacet
  facet normal 0 1 0
    outer loop
      vertex 26.4 62.7 20
      vertex 28.2 62.7 13
      vertex 26.4 62.7 13
    endloop
  endfacet
  facet normal 0 1 -0
    outer loop
      vertex 31.4 62.7 13
      vertex 29.6 62.7 20
      vertex 31.4 62.7 20
    endloop
  endfacet
  facet normal 0 1 0
    outer loop
      vertex 29.6 62.7 20
      vertex 31.4 62.7 13
      vertex 29.6 62.7 13
    endloop
  endfacet
  facet normal 0 1 -0
    outer loop
      vertex 34.6 62.7 13
      vertex 32.8 62.7 20
      vertex 34.6 62.7 20
    endloop
  endfacet
  facet normal 0 1 0
    outer loop
      vertex 32.8 62.7 20
      vertex 34.6 62.7 13
      vertex 32.8 62.7 13
    endloop
  endfacet
  facet normal 0 1 -0
    outer loop
      vertex 37.8 62.7 13
      vertex 36 62.7 20
      vertex 37.8 62.7 20
    endloop
  endfacet
  facet normal 0 1 0
    outer loop
      vertex 36 62.7 20
      vertex 37.8 62.7 13
      vertex 36 62.7 13
    endloop
  endfacet
  facet normal 0 1 -0
    outer loop
      vertex 41 62.7 13
      vertex 39.2 62.7 20
      vertex 41 62.7 20
    endloop
  endfacet
  facet normal 0 1 0
    outer loop
      vertex 39.2 62.7 20
      vertex 41 62.7 13
      vertex 39.2 62.7 13
    endloop
  endfacet
  facet normal 0 1 -0
    outer loop
      vertex 44.2 62.7 13
      vertex 42.4 62.7 20
      vertex 44.2 62.7 20
    endloop
  endfacet
  facet normal 0 1 0
    outer loop
      vertex 42.4 62.7 20
      vertex 44.2 62.7 13
      vertex 42.4 62.7 13
    endloop
  endfacet
  facet normal 0 1 0
    outer loop
      vertex 44.2 62.7 20
      vertex 73.1 62.7 25
      vertex 45.6 62.7 20
    endloop
  endfacet
  facet normal 0 1 0
    outer loop
      vertex 73.1 62.7 25
      vertex 45.6 62.7 13
      vertex 45.6 62.7 20
    endloop
  endfacet
  facet normal 0 1 0
    outer loop
      vertex 73.1 62.7 0
      vertex 44.2 62.7 13
      vertex 45.6 62.7 13
    endloop
  endfacet
  facet normal 0 1 0
    outer loop
      vertex 44.2 62.7 13
      vertex 73.1 62.7 0
      vertex 42.4 62.7 13
    endloop
  endfacet
  facet normal 0 1 0
    outer loop
      vertex 42.4 62.7 13
      vertex 73.1 62.7 0
      vertex 41 62.7 13
    endloop
  endfacet
  facet normal 0 1 0
    outer loop
      vertex 41 62.7 13
      vertex 73.1 62.7 0
      vertex 39.2 62.7 13
    endloop
  endfacet
  facet normal 0 1 0
    outer loop
      vertex 39.2 62.7 13
      vertex 73.1 62.7 0
      vertex 37.8 62.7 13
    endloop
  endfacet
  facet normal 0 1 0
    outer loop
      vertex 2.5 62.7 0
      vertex 37.8 62.7 13
      vertex 73.1 62.7 0
    endloop
  endfacet
  facet normal 0 1 0
    outer loop
      vertex 37.8 62.7 13
      vertex 2.5 62.7 0
      vertex 36 62.7 13
    endloop
  endfacet
  facet normal 0 1 0
    outer loop
      vertex 36 62.7 13
      vertex 2.5 62.7 0
      vertex 34.6 62.7 13
    endloop
  endfacet
  facet normal 0 1 0
    outer loop
      vertex 34.6 62.7 13
      vertex 2.5 62.7 0
      vertex 32.8 62.7 13
    endloop
  endfacet
  facet normal 0 1 0
    outer loop
      vertex 31.4 62.7 13
      vertex 2.5 62.7 0
      vertex 29.6 62.7 13
    endloop
  endfacet
  facet normal 0 1 0
    outer loop
      vertex 29.6 62.7 13
      vertex 2.5 62.7 0
      vertex 28.2 62.7 13
    endloop
  endfacet
  facet normal 0 1 0
    outer loop
      vertex 28.2 62.7 13
      vertex 2.5 62.7 0
      vertex 26.4 62.7 13
    endloop
  endfacet
  facet normal 0 1 0
    outer loop
      vertex 32.8 62.7 13
      vertex 2.5 62.7 0
      vertex 31.4 62.7 13
    endloop
  endfacet
  facet normal 0 1 -0
    outer loop
      vertex 73.1 62.7 0
      vertex 45.6 62.7 13
      vertex 73.1 62.7 25
    endloop
  endfacet
  facet normal 0 1 0
    outer loop
      vertex 42.4 62.7 20
      vertex 73.1 62.7 25
      vertex 44.2 62.7 20
    endloop
  endfacet
  facet normal 0 1 0
    outer loop
      vertex 41 62.7 20
      vertex 73.1 62.7 25
      vertex 42.4 62.7 20
    endloop
  endfacet
  facet normal 0 1 0
    outer loop
      vertex 39.2 62.7 20
      vertex 73.1 62.7 25
      vertex 41 62.7 20
    endloop
  endfacet
  facet normal 0 1 0
    outer loop
      vertex 73.1 62.7 25
      vertex 39.2 62.7 20
      vertex 2.5 62.7 25
    endloop
  endfacet
  facet normal 0 1 -0
    outer loop
      vertex 37.8 62.7 20
      vertex 2.5 62.7 25
      vertex 39.2 62.7 20
    endloop
  endfacet
  facet normal 0 1 -0
    outer loop
      vertex 36 62.7 20
      vertex 2.5 62.7 25
      vertex 37.8 62.7 20
    endloop
  endfacet
  facet normal 0 1 -0
    outer loop
      vertex 34.6 62.7 20
      vertex 2.5 62.7 25
      vertex 36 62.7 20
    endloop
  endfacet
  facet normal 0 1 -0
    outer loop
      vertex 32.8 62.7 20
      vertex 2.5 62.7 25
      vertex 34.6 62.7 20
    endloop
  endfacet
  facet normal 0 1 -0
    outer loop
      vertex 31.4 62.7 20
      vertex 2.5 62.7 25
      vertex 32.8 62.7 20
    endloop
  endfacet
  facet normal 0 1 -0
    outer loop
      vertex 29.6 62.7 20
      vertex 2.5 62.7 25
      vertex 31.4 62.7 20
    endloop
  endfacet
  facet normal 0 1 -0
    outer loop
      vertex 28.2 62.7 20
      vertex 2.5 62.7 25
      vertex 29.6 62.7 20
    endloop
  endfacet
  facet normal 0 1 -0
    outer loop
      vertex 26.4 62.7 20
      vertex 2.5 62.7 25
      vertex 28.2 62.7 20
    endloop
  endfacet
  facet normal 0 1 -0
    outer loop
      vertex 25 62.7 20
      vertex 2.5 62.7 25
      vertex 26.4 62.7 20
    endloop
  endfacet
  facet normal 0 1 -0
    outer loop
      vertex 25 62.7 13
      vertex 2.5 62.7 25
      vertex 25 62.7 20
    endloop
  endfacet
  facet normal 0 1 0
    outer loop
      vertex 25 62.7 13
      vertex 2.5 62.7 0
      vertex 2.5 62.7 25
    endloop
  endfacet
  facet normal 0 1 0
    outer loop
      vertex 26.4 62.7 13
      vertex 2.5 62.7 0
      vertex 25 62.7 13
    endloop
  endfacet
  facet normal 0.442191 0.896921 -0
    outer loop
      vertex 74.35 62.3651 0
      vertex 74.0567 62.5097 25
      vertex 74.35 62.3651 25
    endloop
  endfacet
  facet normal 0.442191 0.896921 0
    outer loop
      vertex 74.0567 62.5097 25
      vertex 74.35 62.3651 0
      vertex 74.0567 62.5097 0
    endloop
  endfacet
  facet normal -0.555612 0.831442 0
    outer loop
      vertex 1.25 62.3651 0
      vertex 0.978096 62.1834 25
      vertex 1.25 62.3651 25
    endloop
  endfacet
  facet normal -0.555612 0.831442 0
    outer loop
      vertex 0.978096 62.1834 25
      vertex 1.25 62.3651 0
      vertex 0.978096 62.1834 0
    endloop
  endfacet
  facet normal 0.831438 0.555617 0
    outer loop
      vertex 75.2651 61.45 25
      vertex 75.0834 61.7219 0
      vertex 75.0834 61.7219 25
    endloop
  endfacet
  facet normal 0.831438 0.555617 0
    outer loop
      vertex 75.0834 61.7219 0
      vertex 75.2651 61.45 25
      vertex 75.2651 61.45 0
    endloop
  endfacet
  facet normal -0.44229 -0.896872 0
    outer loop
      vertex 1.25 0.334936 0
      vertex 1.54329 0.190301 25
      vertex 1.25 0.334936 25
    endloop
  endfacet
  facet normal -0.44229 -0.896872 -0
    outer loop
      vertex 1.54329 0.190301 25
      vertex 1.25 0.334936 0
      vertex 1.54329 0.190301 0
    endloop
  endfacet
  facet normal 0.65929 -0.751889 0
    outer loop
      vertex 74.6219 0.516616 0
      vertex 74.8678 0.732232 25
      vertex 74.6219 0.516616 25
    endloop
  endfacet
  facet normal 0.65929 -0.751889 0
    outer loop
      vertex 74.8678 0.732232 25
      vertex 74.6219 0.516616 0
      vertex 74.8678 0.732232 0
    endloop
  endfacet
  facet normal 1 -0 0
    outer loop
      vertex 75.6 41.9893 9.84116
      vertex 75.6 60.2 0
      vertex 75.6 60.2 25
    endloop
  endfacet
  facet normal 1 0 0
    outer loop
      vertex 75.6 60.2 0
      vertex 75.6 42.0722 9.42421
      vertex 75.6 42.1 9
    endloop
  endfacet
  facet normal 1 0 0
    outer loop
      vertex 75.6 60.2 0
      vertex 75.6 41.9893 9.84116
      vertex 75.6 42.0722 9.42421
    endloop
  endfacet
  facet normal 1 0 0
    outer loop
      vertex 75.6 60.2 25
      vertex 75.6 41.8526 10.2437
      vertex 75.6 41.9893 9.84116
    endloop
  endfacet
  facet normal 1 0 0
    outer loop
      vertex 75.6 60.2 25
      vertex 75.6 41.6646 10.625
      vertex 75.6 41.8526 10.2437
    endloop
  endfacet
  facet normal 1 0 0
    outer loop
      vertex 75.6 60.2 25
      vertex 75.6 41.4284 10.9785
      vertex 75.6 41.6646 10.625
    endloop
  endfacet
  facet normal 1 0 0
    outer loop
      vertex 75.6 60.2 25
      vertex 75.6 41.1481 11.2981
      vertex 75.6 41.4284 10.9785
    endloop
  endfacet
  facet normal 1 0 0
    outer loop
      vertex 75.6 60.2 25
      vertex 75.6 40.8285 11.5784
      vertex 75.6 41.1481 11.2981
    endloop
  endfacet
  facet normal 1 0 0
    outer loop
      vertex 75.6 60.2 25
      vertex 75.6 40.475 11.8146
      vertex 75.6 40.8285 11.5784
    endloop
  endfacet
  facet normal 1 0 0
    outer loop
      vertex 75.6 60.2 25
      vertex 75.6 40.0937 12.0026
      vertex 75.6 40.475 11.8146
    endloop
  endfacet
  facet normal 1 0 0
    outer loop
      vertex 75.6 60.2 25
      vertex 75.6 39.6912 12.1393
      vertex 75.6 40.0937 12.0026
    endloop
  endfacet
  facet normal 1 0 0
    outer loop
      vertex 75.6 60.2 25
      vertex 75.6 39.2742 12.2222
      vertex 75.6 39.6912 12.1393
    endloop
  endfacet
  facet normal 1 0 0
    outer loop
      vertex 75.6 60.2 25
      vertex 75.6 38.85 12.25
      vertex 75.6 39.2742 12.2222
    endloop
  endfacet
  facet normal 1 0 0
    outer loop
      vertex 75.6 60.2 25
      vertex 75.6 38.4258 12.2222
      vertex 75.6 38.85 12.25
    endloop
  endfacet
  facet normal 1 -0 0
    outer loop
      vertex 75.6 16.709 17.5304
      vertex 75.6 38.4258 12.2222
      vertex 75.6 60.2 25
    endloop
  endfacet
  facet normal 1 0 0
    outer loop
      vertex 75.6 38.4258 12.2222
      vertex 75.6 16.709 17.5304
      vertex 75.6 38.0088 12.1393
    endloop
  endfacet
  facet normal 1 -0 -0
    outer loop
      vertex 75.6 17.1466 17.1466
      vertex 75.6 38.0088 12.1393
      vertex 75.6 16.709 17.5304
    endloop
  endfacet
  facet normal 1 0 0
    outer loop
      vertex 75.6 35.7107 9.84116
      vertex 75.6 18.1 12.2742
      vertex 75.6 35.6278 9.42421
    endloop
  endfacet
  facet normal 1 0 0
    outer loop
      vertex 75.6 35.8474 10.2437
      vertex 75.6 18.1 12.2742
      vertex 75.6 35.7107 9.84116
    endloop
  endfacet
  facet normal 1 -0 0
    outer loop
      vertex 75.6 18.1 12.2742
      vertex 75.6 35.8474 10.2437
      vertex 75.6 18.1 15.7258
    endloop
  endfacet
  facet normal 1 0 0
    outer loop
      vertex 75.6 36.0354 10.625
      vertex 75.6 18.1 15.7258
      vertex 75.6 35.8474 10.2437
    endloop
  endfacet
  facet normal 1 0 0
    outer loop
      vertex 75.6 36.2716 10.9785
      vertex 75.6 18.1 15.7258
      vertex 75.6 36.0354 10.625
    endloop
  endfacet
  facet normal 1 0 0
    outer loop
      vertex 75.6 36.5519 11.2981
      vertex 75.6 18.1 15.7258
      vertex 75.6 36.2716 10.9785
    endloop
  endfacet
  facet normal 1 0 0
    outer loop
      vertex 75.6 36.8715 11.5784
      vertex 75.6 18.1 15.7258
      vertex 75.6 36.5519 11.2981
    endloop
  endfacet
  facet normal 1 0 0
    outer loop
      vertex 75.6 17.8538 16.225
      vertex 75.6 36.8715 11.5784
      vertex 75.6 37.225 11.8146
    endloop
  endfacet
  facet normal 1 0 0
    outer loop
      vertex 75.6 38.0088 12.1393
      vertex 75.6 17.1466 17.1466
      vertex 75.6 37.6063 12.0026
    endloop
  endfacet
  facet normal 1 0 0
    outer loop
      vertex 75.6 36.8715 11.5784
      vertex 75.6 17.8538 16.225
      vertex 75.6 18.1 15.7258
    endloop
  endfacet
  facet normal 1 0 0
    outer loop
      vertex 75.6 37.225 11.8146
      vertex 75.6 17.5304 16.709
      vertex 75.6 17.8538 16.225
    endloop
  endfacet
  facet normal 1 0 0
    outer loop
      vertex 75.6 37.6063 12.0026
      vertex 75.6 17.5304 16.709
      vertex 75.6 37.225 11.8146
    endloop
  endfacet
  facet normal 1 -0 -0
    outer loop
      vertex 75.6 17.5304 16.709
      vertex 75.6 37.6063 12.0026
      vertex 75.6 17.1466 17.1466
    endloop
  endfacet
  facet normal 1 0 0
    outer loop
      vertex 75.6 60.2 25
      vertex 75.6 16.225 17.8538
      vertex 75.6 16.709 17.5304
    endloop
  endfacet
  facet normal 1 0 0
    outer loop
      vertex 75.6 60.2 25
      vertex 75.6 15.7029 18.1113
      vertex 75.6 16.225 17.8538
    endloop
  endfacet
  facet normal 1 0 0
    outer loop
      vertex 75.6 60.2 25
      vertex 75.6 15.1517 18.2984
      vertex 75.6 15.7029 18.1113
    endloop
  endfacet
  facet normal 1 -0 0
    outer loop
      vertex 75.6 2.5 25
      vertex 75.6 15.1517 18.2984
      vertex 75.6 60.2 25
    endloop
  endfacet
  facet normal 1 0 0
    outer loop
      vertex 75.6 15.1517 18.2984
      vertex 75.6 2.5 25
      vertex 75.6 14.5808 18.4119
    endloop
  endfacet
  facet normal 1 0 0
    outer loop
      vertex 75.6 14.5808 18.4119
      vertex 75.6 2.5 25
      vertex 75.6 14 18.45
    endloop
  endfacet
  facet normal 1 0 0
    outer loop
      vertex 75.6 9.9 15.7258
      vertex 75.6 2.5 25
      vertex 75.6 9.9 12.2742
    endloop
  endfacet
  facet normal 1 0 0
    outer loop
      vertex 75.6 10.1462 16.225
      vertex 75.6 2.5 25
      vertex 75.6 9.9 15.7258
    endloop
  endfacet
  facet normal 1 0 0
    outer loop
      vertex 75.6 10.4696 16.709
      vertex 75.6 2.5 25
      vertex 75.6 10.1462 16.225
    endloop
  endfacet
  facet normal 1 0 0
    outer loop
      vertex 75.6 10.8534 17.1466
      vertex 75.6 2.5 25
      vertex 75.6 10.4696 16.709
    endloop
  endfacet
  facet normal 1 0 0
    outer loop
      vertex 75.6 11.291 17.5304
      vertex 75.6 2.5 25
      vertex 75.6 10.8534 17.1466
    endloop
  endfacet
  facet normal 1 0 0
    outer loop
      vertex 75.6 11.775 17.8538
      vertex 75.6 2.5 25
      vertex 75.6 11.291 17.5304
    endloop
  endfacet
  facet normal 1 0 0
    outer loop
      vertex 75.6 12.2971 18.1113
      vertex 75.6 2.5 25
      vertex 75.6 11.775 17.8538
    endloop
  endfacet
  facet normal 1 0 0
    outer loop
      vertex 75.6 12.8483 18.2984
      vertex 75.6 2.5 25
      vertex 75.6 12.2971 18.1113
    endloop
  endfacet
  facet normal 1 0 0
    outer loop
      vertex 75.6 13.4192 18.4119
      vertex 75.6 2.5 25
      vertex 75.6 12.8483 18.2984
    endloop
  endfacet
  facet normal 1 0 0
    outer loop
      vertex 75.6 14 18.45
      vertex 75.6 2.5 25
      vertex 75.6 13.4192 18.4119
    endloop
  endfacet
  facet normal 1 -0 0
    outer loop
      vertex 75.6 42.0722 8.57579
      vertex 75.6 60.2 0
      vertex 75.6 42.1 9
    endloop
  endfacet
  facet normal 1 -0 0
    outer loop
      vertex 75.6 41.9893 8.15884
      vertex 75.6 60.2 0
      vertex 75.6 42.0722 8.57579
    endloop
  endfacet
  facet normal 1 -0 0
    outer loop
      vertex 75.6 41.8526 7.75628
      vertex 75.6 60.2 0
      vertex 75.6 41.9893 8.15884
    endloop
  endfacet
  facet normal 1 -0 0
    outer loop
      vertex 75.6 41.6646 7.375
      vertex 75.6 60.2 0
      vertex 75.6 41.8526 7.75628
    endloop
  endfacet
  facet normal 1 -0 0
    outer loop
      vertex 75.6 41.4284 7.02152
      vertex 75.6 60.2 0
      vertex 75.6 41.6646 7.375
    endloop
  endfacet
  facet normal 1 -0 0
    outer loop
      vertex 75.6 41.1481 6.7019
      vertex 75.6 60.2 0
      vertex 75.6 41.4284 7.02152
    endloop
  endfacet
  facet normal 1 -0 0
    outer loop
      vertex 75.6 40.8285 6.4216
      vertex 75.6 60.2 0
      vertex 75.6 41.1481 6.7019
    endloop
  endfacet
  facet normal 1 -0 0
    outer loop
      vertex 75.6 40.7213 6.35
      vertex 75.6 60.2 0
      vertex 75.6 40.8285 6.4216
    endloop
  endfacet
  facet normal 1 -0 0
    outer loop
      vertex 75.6 36.9787 6.35
      vertex 75.6 60.2 0
      vertex 75.6 40.7213 6.35
    endloop
  endfacet
  facet normal 1 0 0
    outer loop
      vertex 75.6 35.6278 9.42421
      vertex 75.6 18.1 12.2742
      vertex 75.6 35.6 9
    endloop
  endfacet
  facet normal 1 0 0
    outer loop
      vertex 75.6 35.6 9
      vertex 75.6 18.1 12.2742
      vertex 75.6 35.6278 8.57579
    endloop
  endfacet
  facet normal 1 -0 0
    outer loop
      vertex 75.6 17.8538 11.775
      vertex 75.6 35.6278 8.57579
      vertex 75.6 18.1 12.2742
    endloop
  endfacet
  facet normal 1 0 0
    outer loop
      vertex 75.6 35.6278 8.57579
      vertex 75.6 17.8538 11.775
      vertex 75.6 35.7107 8.15884
    endloop
  endfacet
  facet normal 1 -0 0
    outer loop
      vertex 75.6 17.5304 11.291
      vertex 75.6 35.7107 8.15884
      vertex 75.6 17.8538 11.775
    endloop
  endfacet
  facet normal 1 0 0
    outer loop
      vertex 75.6 35.7107 8.15884
      vertex 75.6 17.5304 11.291
      vertex 75.6 35.8474 7.75628
    endloop
  endfacet
  facet normal 1 -0 0
    outer loop
      vertex 75.6 17.1466 10.8534
      vertex 75.6 35.8474 7.75628
      vertex 75.6 17.5304 11.291
    endloop
  endfacet
  facet normal 1 0 0
    outer loop
      vertex 75.6 35.8474 7.75628
      vertex 75.6 17.1466 10.8534
      vertex 75.6 36.0354 7.375
    endloop
  endfacet
  facet normal 1 -0 0
    outer loop
      vertex 75.6 16.709 10.4696
      vertex 75.6 36.0354 7.375
      vertex 75.6 17.1466 10.8534
    endloop
  endfacet
  facet normal 1 0 0
    outer loop
      vertex 75.6 36.0354 7.375
      vertex 75.6 16.709 10.4696
      vertex 75.6 36.2716 7.02152
    endloop
  endfacet
  facet normal 1 -0 0
    outer loop
      vertex 75.6 16.225 10.1462
      vertex 75.6 36.2716 7.02152
      vertex 75.6 16.709 10.4696
    endloop
  endfacet
  facet normal 1 0 0
    outer loop
      vertex 75.6 36.2716 7.02152
      vertex 75.6 16.225 10.1462
      vertex 75.6 36.5519 6.7019
    endloop
  endfacet
  facet normal 1 -0 0
    outer loop
      vertex 75.6 15.7029 9.88874
      vertex 75.6 36.5519 6.7019
      vertex 75.6 16.225 10.1462
    endloop
  endfacet
  facet normal 1 0 0
    outer loop
      vertex 75.6 36.5519 6.7019
      vertex 75.6 15.7029 9.88874
      vertex 75.6 36.8715 6.4216
    endloop
  endfacet
  facet normal 1 -0 0
    outer loop
      vertex 75.6 15.1517 9.70163
      vertex 75.6 36.8715 6.4216
      vertex 75.6 15.7029 9.88874
    endloop
  endfacet
  facet normal 1 0 0
    outer loop
      vertex 75.6 2.5 0
      vertex 75.6 36.8715 6.4216
      vertex 75.6 15.1517 9.70163
    endloop
  endfacet
  facet normal 1 0 0
    outer loop
      vertex 75.6 36.8715 6.4216
      vertex 75.6 2.5 0
      vertex 75.6 36.9787 6.35
    endloop
  endfacet
  facet normal 1 0 0
    outer loop
      vertex 75.6 2.5 0
      vertex 75.6 15.1517 9.70163
      vertex 75.6 14.5808 9.58807
    endloop
  endfacet
  facet normal 1 0 0
    outer loop
      vertex 75.6 2.5 0
      vertex 75.6 14.5808 9.58807
      vertex 75.6 14 9.55
    endloop
  endfacet
  facet normal 1 0 0
    outer loop
      vertex 75.6 2.5 0
      vertex 75.6 14 9.55
      vertex 75.6 13.4192 9.58807
    endloop
  endfacet
  facet normal 1 0 0
    outer loop
      vertex 75.6 2.5 0
      vertex 75.6 13.4192 9.58807
      vertex 75.6 12.8483 9.70163
    endloop
  endfacet
  facet normal 1 0 0
    outer loop
      vertex 75.6 2.5 0
      vertex 75.6 9.9 12.2742
      vertex 75.6 2.5 25
    endloop
  endfacet
  facet normal 1 0 0
    outer loop
      vertex 75.6 36.9787 6.35
      vertex 75.6 2.5 0
      vertex 75.6 60.2 0
    endloop
  endfacet
  facet normal 1 0 0
    outer loop
      vertex 75.6 12.2971 9.88874
      vertex 75.6 2.5 0
      vertex 75.6 12.8483 9.70163
    endloop
  endfacet
  facet normal 1 0 0
    outer loop
      vertex 75.6 11.775 10.1462
      vertex 75.6 2.5 0
      vertex 75.6 12.2971 9.88874
    endloop
  endfacet
  facet normal 1 0 0
    outer loop
      vertex 75.6 11.291 10.4696
      vertex 75.6 2.5 0
      vertex 75.6 11.775 10.1462
    endloop
  endfacet
  facet normal 1 0 0
    outer loop
      vertex 75.6 10.8534 10.8534
      vertex 75.6 2.5 0
      vertex 75.6 11.291 10.4696
    endloop
  endfacet
  facet normal 1 0 0
    outer loop
      vertex 75.6 10.4696 11.291
      vertex 75.6 2.5 0
      vertex 75.6 10.8534 10.8534
    endloop
  endfacet
  facet normal 1 0 0
    outer loop
      vertex 75.6 10.1462 11.775
      vertex 75.6 2.5 0
      vertex 75.6 10.4696 11.291
    endloop
  endfacet
  facet normal 1 0 0
    outer loop
      vertex 75.6 9.9 12.2742
      vertex 75.6 2.5 0
      vertex 75.6 10.1462 11.775
    endloop
  endfacet
  facet normal -0 0 1
    outer loop
      vertex 0 30.85 25
      vertex 2 5 25
      vertex 0.9 30.85 25
    endloop
  endfacet
  facet normal 0 0 1
    outer loop
      vertex 2 5 25
      vertex 0 2.5 25
      vertex 0.978096 0.516616 25
    endloop
  endfacet
  facet normal 0 0 1
    outer loop
      vertex 0.978096 0.516616 25
      vertex 0 2.5 25
      vertex 0.732232 0.732232 25
    endloop
  endfacet
  facet normal 0 0 1
    outer loop
      vertex 0.732232 0.732232 25
      vertex 0 2.5 25
      vertex 0.516616 0.978096 25
    endloop
  endfacet
  facet normal 0 0 1
    outer loop
      vertex 0.516616 0.978096 25
      vertex 0 2.5 25
      vertex 0.334936 1.25 25
    endloop
  endfacet
  facet normal 0 0 1
    outer loop
      vertex 0.334936 1.25 25
      vertex 0 2.5 25
      vertex 0.190301 1.54329 25
    endloop
  endfacet
  facet normal 0 0 1
    outer loop
      vertex 0.190301 1.54329 25
      vertex 0 2.5 25
      vertex 0.0851851 1.85295 25
    endloop
  endfacet
  facet normal 0 0 1
    outer loop
      vertex 2 5 25
      vertex 0 30.85 25
      vertex 0 2.5 25
    endloop
  endfacet
  facet normal 0 0 1
    outer loop
      vertex 0.0851851 1.85295 25
      vertex 0 2.5 25
      vertex 0.0213871 2.17368 25
    endloop
  endfacet
  facet normal 0 0 1
    outer loop
      vertex 73.6 60.7 25
      vertex 75.6 60.2 25
      vertex 75.5786 60.5263 25
    endloop
  endfacet
  facet normal 0 0 1
    outer loop
      vertex 75.6 60.2 25
      vertex 73.6 57.7 25
      vertex 75.6 2.5 25
    endloop
  endfacet
  facet normal -0 0 1
    outer loop
      vertex 73.6 60.7 25
      vertex 75.5786 60.5263 25
      vertex 75.5148 60.847 25
    endloop
  endfacet
  facet normal -0 0 1
    outer loop
      vertex 73.6 5 25
      vertex 75.6 2.5 25
      vertex 73.6 57.7 25
    endloop
  endfacet
  facet normal 0 0 1
    outer loop
      vertex 73.6 60.7 25
      vertex 75.5148 60.847 25
      vertex 75.4097 61.1567 25
    endloop
  endfacet
  facet normal 0 0 1
    outer loop
      vertex 73.6 2 25
      vertex 75.6 2.5 25
      vertex 73.6 5 25
    endloop
  endfacet
  facet normal 0 0 1
    outer loop
      vertex 73.6 60.7 25
      vertex 75.4097 61.1567 25
      vertex 75.2651 61.45 25
    endloop
  endfacet
  facet normal 0 0 1
    outer loop
      vertex 75.6 2.5 25
      vertex 73.6 2 25
      vertex 75.5786 2.17368 25
    endloop
  endfacet
  facet normal 0 0 1
    outer loop
      vertex 73.6 60.7 25
      vertex 75.2651 61.45 25
      vertex 75.0834 61.7219 25
    endloop
  endfacet
  facet normal 0 0 1
    outer loop
      vertex 75.5786 2.17368 25
      vertex 73.6 2 25
      vertex 75.5148 1.85295 25
    endloop
  endfacet
  facet normal 0 0 1
    outer loop
      vertex 73.6 60.7 25
      vertex 75.0834 61.7219 25
      vertex 74.8678 61.9678 25
    endloop
  endfacet
  facet normal 0 0 1
    outer loop
      vertex 75.5148 1.85295 25
      vertex 73.6 2 25
      vertex 75.4097 1.54329 25
    endloop
  endfacet
  facet normal 0 0 1
    outer loop
      vertex 73.6 60.7 25
      vertex 74.8678 61.9678 25
      vertex 74.6219 62.1834 25
    endloop
  endfacet
  facet normal 0 0 1
    outer loop
      vertex 75.4097 1.54329 25
      vertex 73.6 2 25
      vertex 75.2651 1.25 25
    endloop
  endfacet
  facet normal 0 0 1
    outer loop
      vertex 73.6 60.7 25
      vertex 74.6219 62.1834 25
      vertex 74.35 62.3651 25
    endloop
  endfacet
  facet normal 0 0 1
    outer loop
      vertex 75.2651 1.25 25
      vertex 73.6 2 25
      vertex 75.0834 0.978096 25
    endloop
  endfacet
  facet normal 0 0 1
    outer loop
      vertex 73.6 60.7 25
      vertex 74.35 62.3651 25
      vertex 74.0567 62.5097 25
    endloop
  endfacet
  facet normal 0 0 1
    outer loop
      vertex 75.0834 0.978096 25
      vertex 73.6 2 25
      vertex 74.8678 0.732232 25
    endloop
  endfacet
  facet normal 0 0 1
    outer loop
      vertex 73.6 60.7 25
      vertex 74.0567 62.5097 25
      vertex 73.747 62.6148 25
    endloop
  endfacet
  facet normal 0 0 1
    outer loop
      vertex 74.8678 0.732232 25
      vertex 73.6 2 25
      vertex 74.6219 0.516616 25
    endloop
  endfacet
  facet normal 0 0 1
    outer loop
      vertex 75.6 60.2 25
      vertex 73.6 60.7 25
      vertex 73.6 57.7 25
    endloop
  endfacet
  facet normal 0 0 1
    outer loop
      vertex 73.4263 62.6786 25
      vertex 73.6 60.7 25
      vertex 73.747 62.6148 25
    endloop
  endfacet
  facet normal 0 0 1
    outer loop
      vertex 73.1 62.7 25
      vertex 73.6 60.7 25
      vertex 73.4263 62.6786 25
    endloop
  endfacet
  facet normal 0 0 1
    outer loop
      vertex 73.1 62.7 25
      vertex 70.6 60.7 25
      vertex 73.6 60.7 25
    endloop
  endfacet
  facet normal 0 0 1
    outer loop
      vertex 73.1 62.7 25
      vertex 5 60.7 25
      vertex 70.6 60.7 25
    endloop
  endfacet
  facet normal -0 0 1
    outer loop
      vertex 2.5 62.7 25
      vertex 5 60.7 25
      vertex 73.1 62.7 25
    endloop
  endfacet
  facet normal 0 0 1
    outer loop
      vertex 2 60.7 25
      vertex 2.5 62.7 25
      vertex 2.17368 62.6786 25
    endloop
  endfacet
  facet normal 0 0 1
    outer loop
      vertex 2.5 62.7 25
      vertex 2 60.7 25
      vertex 5 60.7 25
    endloop
  endfacet
  facet normal -0 0 1
    outer loop
      vertex 0 60.2 25
      vertex 2 57.7 25
      vertex 2 60.7 25
    endloop
  endfacet
  facet normal 0 0 1
    outer loop
      vertex 0.9 30.85 25
      vertex 2 57.7 25
      vertex 0.9 44.85 25
    endloop
  endfacet
  facet normal -0 0 1
    outer loop
      vertex 1.54329 62.5097 25
      vertex 2 60.7 25
      vertex 1.85295 62.6148 25
    endloop
  endfacet
  facet normal -0 0 1
    outer loop
      vertex 1.85295 62.6148 25
      vertex 2 60.7 25
      vertex 2.17368 62.6786 25
    endloop
  endfacet
  facet normal 0 0 1
    outer loop
      vertex 74.6219 0.516616 25
      vertex 73.6 2 25
      vertex 74.35 0.334936 25
    endloop
  endfacet
  facet normal 0 0 1
    outer loop
      vertex 74.35 0.334936 25
      vertex 73.6 2 25
      vertex 74.0567 0.190301 25
    endloop
  endfacet
  facet normal 0 0 1
    outer loop
      vertex 74.0567 0.190301 25
      vertex 73.6 2 25
      vertex 73.747 0.0851851 25
    endloop
  endfacet
  facet normal 0 0 1
    outer loop
      vertex 73.6 2 25
      vertex 73.4263 0.0213871 25
      vertex 73.747 0.0851851 25
    endloop
  endfacet
  facet normal 0 0 1
    outer loop
      vertex 73.6 2 25
      vertex 73.1 0 25
      vertex 73.4263 0.0213871 25
    endloop
  endfacet
  facet normal -0 0 1
    outer loop
      vertex 70.6 2 25
      vertex 73.1 0 25
      vertex 73.6 2 25
    endloop
  endfacet
  facet normal -0 0 1
    outer loop
      vertex 5 2 25
      vertex 73.1 0 25
      vertex 70.6 2 25
    endloop
  endfacet
  facet normal 0 0 1
    outer loop
      vertex 5 2 25
      vertex 2.5 0 25
      vertex 73.1 0 25
    endloop
  endfacet
  facet normal -0 0 1
    outer loop
      vertex 2 2 25
      vertex 2.5 0 25
      vertex 5 2 25
    endloop
  endfacet
  facet normal 0 0 1
    outer loop
      vertex 2.5 0 25
      vertex 2 2 25
      vertex 2.17368 0.0213871 25
    endloop
  endfacet
  facet normal 0 0 1
    outer loop
      vertex 2 2 25
      vertex 1.85295 0.0851851 25
      vertex 2.17368 0.0213871 25
    endloop
  endfacet
  facet normal 0 0 1
    outer loop
      vertex 2 57.7 25
      vertex 0.9 30.85 25
      vertex 2 5 25
    endloop
  endfacet
  facet normal -0 0 1
    outer loop
      vertex 1.25 62.3651 25
      vertex 2 60.7 25
      vertex 1.54329 62.5097 25
    endloop
  endfacet
  facet normal 0 0 1
    outer loop
      vertex 2 5 25
      vertex 0.978096 0.516616 25
      vertex 2 2 25
    endloop
  endfacet
  facet normal -0 0 1
    outer loop
      vertex 0.978096 62.1834 25
      vertex 2 60.7 25
      vertex 1.25 62.3651 25
    endloop
  endfacet
  facet normal 0 -0 1
    outer loop
      vertex 1.25 0.334936 25
      vertex 2 2 25
      vertex 0.978096 0.516616 25
    endloop
  endfacet
  facet normal -0 0 1
    outer loop
      vertex 0.732232 61.9678 25
      vertex 2 60.7 25
      vertex 0.978096 62.1834 25
    endloop
  endfacet
  facet normal 0 0 1
    outer loop
      vertex 2 2 25
      vertex 1.54329 0.190301 25
      vertex 1.85295 0.0851851 25
    endloop
  endfacet
  facet normal 0 0 1
    outer loop
      vertex 2 2 25
      vertex 1.25 0.334936 25
      vertex 1.54329 0.190301 25
    endloop
  endfacet
  facet normal -0 0 1
    outer loop
      vertex 0.516616 61.7219 25
      vertex 2 60.7 25
      vertex 0.732232 61.9678 25
    endloop
  endfacet
  facet normal -0 0 1
    outer loop
      vertex 0.334936 61.45 25
      vertex 2 60.7 25
      vertex 0.516616 61.7219 25
    endloop
  endfacet
  facet normal -0 0 1
    outer loop
      vertex 0.190301 61.1567 25
      vertex 2 60.7 25
      vertex 0.334936 61.45 25
    endloop
  endfacet
  facet normal -0 0 1
    outer loop
      vertex 0.0851851 60.847 25
      vertex 2 60.7 25
      vertex 0.190301 61.1567 25
    endloop
  endfacet
  facet normal 0 0 1
    outer loop
      vertex 0.0213871 60.5263 25
      vertex 2 60.7 25
      vertex 0.0851851 60.847 25
    endloop
  endfacet
  facet normal 0 0 1
    outer loop
      vertex 2 60.7 25
      vertex 0.0213871 60.5263 25
      vertex 0 60.2 25
    endloop
  endfacet
  facet normal 0 0 1
    outer loop
      vertex 0 44.85 25
      vertex 2 57.7 25
      vertex 0 60.2 25
    endloop
  endfacet
  facet normal 0 0 1
    outer loop
      vertex 2 57.7 25
      vertex 0 44.85 25
      vertex 0.9 44.85 25
    endloop
  endfacet
  facet normal 0.831442 -0.555612 0
    outer loop
      vertex 75.0834 0.978096 25
      vertex 75.2651 1.25 0
      vertex 75.2651 1.25 25
    endloop
  endfacet
  facet normal 0.831442 -0.555612 0
    outer loop
      vertex 75.2651 1.25 0
      vertex 75.0834 0.978096 25
      vertex 75.0834 0.978096 0
    endloop
  endfacet
  facet normal -1 0 0
    outer loop
      vertex 0 60.2 0
      vertex 0 44.85 16.1
      vertex 0 60.2 25
    endloop
  endfacet
  facet normal -1 0 0
    outer loop
      vertex 0 60.2 0
      vertex 0 30.85 16.1
      vertex 0 44.85 16.1
    endloop
  endfacet
  facet normal -1 0 0
    outer loop
      vertex 0 2.5 0
      vertex 0 30.85 16.1
      vertex 0 60.2 0
    endloop
  endfacet
  facet normal -1 0 0
    outer loop
      vertex 0 2.5 25
      vertex 0 30.85 16.1
      vertex 0 2.5 0
    endloop
  endfacet
  facet normal -1 0 0
    outer loop
      vertex 0 30.85 16.1
      vertex 0 2.5 25
      vertex 0 30.85 25
    endloop
  endfacet
  facet normal -1 -0 0
    outer loop
      vertex 0 60.2 25
      vertex 0 44.85 16.1
      vertex 0 44.85 25
    endloop
  endfacet
  facet normal -0.997859 0.0654039 0
    outer loop
      vertex 0 60.2 0
      vertex 0.0213871 60.5263 25
      vertex 0.0213871 60.5263 0
    endloop
  endfacet
  facet normal -0.997859 0.0654039 0
    outer loop
      vertex 0.0213871 60.5263 25
      vertex 0 60.2 0
      vertex 0 60.2 25
    endloop
  endfacet
  facet normal 0.321404 -0.946942 0
    outer loop
      vertex 73.747 0.0851851 0
      vertex 74.0567 0.190301 25
      vertex 73.747 0.0851851 25
    endloop
  endfacet
  facet normal 0.321404 -0.946942 0
    outer loop
      vertex 74.0567 0.190301 25
      vertex 73.747 0.0851851 0
      vertex 74.0567 0.190301 0
    endloop
  endfacet
  facet normal 0.32136 0.946957 -0
    outer loop
      vertex 74.0567 62.5097 0
      vertex 73.747 62.6148 25
      vertex 74.0567 62.5097 25
    endloop
  endfacet
  facet normal 0.32136 0.946957 0
    outer loop
      vertex 73.747 62.6148 25
      vertex 74.0567 62.5097 0
      vertex 73.747 62.6148 0
    endloop
  endfacet
  facet normal -0.751889 0.65929 0
    outer loop
      vertex 0.516616 61.7219 0
      vertex 0.732232 61.9678 25
      vertex 0.732232 61.9678 0
    endloop
  endfacet
  facet normal -0.751889 0.65929 0
    outer loop
      vertex 0.732232 61.9678 25
      vertex 0.516616 61.7219 0
      vertex 0.516616 61.7219 25
    endloop
  endfacet
  facet normal -0.555569 -0.83147 0
    outer loop
      vertex 0.978096 0.516616 0
      vertex 1.25 0.334936 25
      vertex 0.978096 0.516616 25
    endloop
  endfacet
  facet normal -0.555569 -0.83147 -0
    outer loop
      vertex 1.25 0.334936 25
      vertex 0.978096 0.516616 0
      vertex 1.25 0.334936 0
    endloop
  endfacet
  facet normal 0.997856 0.0654432 0
    outer loop
      vertex 75.6 60.2 25
      vertex 75.5786 60.5263 0
      vertex 75.5786 60.5263 25
    endloop
  endfacet
  facet normal 0.997856 0.0654432 0
    outer loop
      vertex 75.5786 60.5263 0
      vertex 75.6 60.2 25
      vertex 75.6 60.2 0
    endloop
  endfacet
  facet normal -0.195099 0.980784 0
    outer loop
      vertex 2.17368 62.6786 0
      vertex 1.85295 62.6148 25
      vertex 2.17368 62.6786 25
    endloop
  endfacet
  facet normal -0.195099 0.980784 0
    outer loop
      vertex 1.85295 62.6148 25
      vertex 2.17368 62.6786 0
      vertex 1.85295 62.6148 0
    endloop
  endfacet
  facet normal -0.659344 -0.751841 0
    outer loop
      vertex 0.732232 0.732232 0
      vertex 0.978096 0.516616 25
      vertex 0.732232 0.732232 25
    endloop
  endfacet
  facet normal -0.659344 -0.751841 -0
    outer loop
      vertex 0.978096 0.516616 25
      vertex 0.732232 0.732232 0
      vertex 0.978096 0.516616 0
    endloop
  endfacet
  facet normal -0.997859 -0.0654 0
    outer loop
      vertex 0.0213871 2.17368 0
      vertex 0 2.5 25
      vertex 0 2.5 0
    endloop
  endfacet
  facet normal -0.997859 -0.0654 0
    outer loop
      vertex 0 2.5 25
      vertex 0.0213871 2.17368 0
      vertex 0.0213871 2.17368 25
    endloop
  endfacet
  facet normal 0.946944 -0.321397 0
    outer loop
      vertex 75.4097 1.54329 25
      vertex 75.5148 1.85295 0
      vertex 75.5148 1.85295 25
    endloop
  endfacet
  facet normal 0.946944 -0.321397 0
    outer loop
      vertex 75.5148 1.85295 0
      vertex 75.4097 1.54329 25
      vertex 75.4097 1.54329 0
    endloop
  endfacet
  facet normal 0.555575 -0.831466 0
    outer loop
      vertex 74.35 0.334936 0
      vertex 74.6219 0.516616 25
      vertex 74.35 0.334936 25
    endloop
  endfacet
  facet normal 0.555575 -0.831466 0
    outer loop
      vertex 74.6219 0.516616 25
      vertex 74.35 0.334936 0
      vertex 74.6219 0.516616 0
    endloop
  endfacet
  facet normal -0.0654 -0.997859 0
    outer loop
      vertex 2.17368 0.0213871 0
      vertex 2.5 0 25
      vertex 2.17368 0.0213871 25
    endloop
  endfacet
  facet normal -0.0654 -0.997859 -0
    outer loop
      vertex 2.5 0 25
      vertex 2.17368 0.0213871 0
      vertex 2.5 0 0
    endloop
  endfacet
  facet normal -0.321441 -0.94693 0
    outer loop
      vertex 1.54329 0.190301 0
      vertex 1.85295 0.0851851 25
      vertex 1.54329 0.190301 25
    endloop
  endfacet
  facet normal -0.321441 -0.94693 -0
    outer loop
      vertex 1.85295 0.0851851 25
      vertex 1.54329 0.190301 0
      vertex 1.85295 0.0851851 0
    endloop
  endfacet
  facet normal 0.896915 -0.442204 0
    outer loop
      vertex 75.2651 1.25 25
      vertex 75.4097 1.54329 0
      vertex 75.4097 1.54329 25
    endloop
  endfacet
  facet normal 0.896915 -0.442204 0
    outer loop
      vertex 75.4097 1.54329 0
      vertex 75.2651 1.25 25
      vertex 75.2651 1.25 0
    endloop
  endfacet
  facet normal 0.946957 0.32136 0
    outer loop
      vertex 75.5148 60.847 25
      vertex 75.4097 61.1567 0
      vertex 75.4097 61.1567 25
    endloop
  endfacet
  facet normal 0.946957 0.32136 0
    outer loop
      vertex 75.4097 61.1567 0
      vertex 75.5148 60.847 25
      vertex 75.5148 60.847 0
    endloop
  endfacet
  facet normal -0.442204 0.896915 0
    outer loop
      vertex 1.54329 62.5097 0
      vertex 1.25 62.3651 25
      vertex 1.54329 62.5097 25
    endloop
  endfacet
  facet normal -0.442204 0.896915 0
    outer loop
      vertex 1.25 62.3651 25
      vertex 1.54329 62.5097 0
      vertex 1.25 62.3651 0
    endloop
  endfacet
  facet normal -0.980781 0.19511 0
    outer loop
      vertex 0.0213871 60.5263 0
      vertex 0.0851851 60.847 25
      vertex 0.0851851 60.847 0
    endloop
  endfacet
  facet normal -0.980781 0.19511 0
    outer loop
      vertex 0.0851851 60.847 25
      vertex 0.0213871 60.5263 0
      vertex 0.0213871 60.5263 25
    endloop
  endfacet
  facet normal -0.831466 0.555575 0
    outer loop
      vertex 0.334936 61.45 0
      vertex 0.516616 61.7219 25
      vertex 0.516616 61.7219 0
    endloop
  endfacet
  facet normal -0.831466 0.555575 0
    outer loop
      vertex 0.516616 61.7219 25
      vertex 0.334936 61.45 0
      vertex 0.334936 61.45 25
    endloop
  endfacet
  facet normal 0.98078 0.195116 0
    outer loop
      vertex 75.5786 60.5263 25
      vertex 75.5148 60.847 0
      vertex 75.5148 60.847 25
    endloop
  endfacet
  facet normal 0.98078 0.195116 0
    outer loop
      vertex 75.5148 60.847 0
      vertex 75.5786 60.5263 25
      vertex 75.5786 60.5263 0
    endloop
  endfacet
  facet normal -0.94693 -0.321441 0
    outer loop
      vertex 0.190301 1.54329 0
      vertex 0.0851851 1.85295 25
      vertex 0.0851851 1.85295 0
    endloop
  endfacet
  facet normal -0.94693 -0.321441 0
    outer loop
      vertex 0.0851851 1.85295 25
      vertex 0.190301 1.54329 0
      vertex 0.190301 1.54329 25
    endloop
  endfacet
  facet normal 0.896921 0.442191 0
    outer loop
      vertex 75.4097 61.1567 25
      vertex 75.2651 61.45 0
      vertex 75.2651 61.45 25
    endloop
  endfacet
  facet normal 0.896921 0.442191 0
    outer loop
      vertex 75.2651 61.45 0
      vertex 75.4097 61.1567 25
      vertex 75.4097 61.1567 0
    endloop
  endfacet
  facet normal 0 0 -1
    outer loop
      vertex 73.1 0 0
      vertex 75.6 2.5 0
      vertex 75.5786 2.17368 0
    endloop
  endfacet
  facet normal -0 0 -1
    outer loop
      vertex 75.6 2.5 0
      vertex 73.1 0 0
      vertex 75.6 60.2 0
    endloop
  endfacet
  facet normal 0 0 -1
    outer loop
      vertex 73.1 0 0
      vertex 75.5786 2.17368 0
      vertex 75.5148 1.85295 0
    endloop
  endfacet
  facet normal 0 0 -1
    outer loop
      vertex 73.1 62.7 0
      vertex 75.6 60.2 0
      vertex 73.1 0 0
    endloop
  endfacet
  facet normal 0 0 -1
    outer loop
      vertex 73.1 0 0
      vertex 75.5148 1.85295 0
      vertex 75.4097 1.54329 0
    endloop
  endfacet
  facet normal 0 0 -1
    outer loop
      vertex 75.6 60.2 0
      vertex 73.1 62.7 0
      vertex 75.5786 60.5263 0
    endloop
  endfacet
  facet normal 0 0 -1
    outer loop
      vertex 73.1 0 0
      vertex 75.4097 1.54329 0
      vertex 75.2651 1.25 0
    endloop
  endfacet
  facet normal 0 0 -1
    outer loop
      vertex 75.5786 60.5263 0
      vertex 73.1 62.7 0
      vertex 75.5148 60.847 0
    endloop
  endfacet
  facet normal 0 0 -1
    outer loop
      vertex 73.1 0 0
      vertex 75.2651 1.25 0
      vertex 75.0834 0.978096 0
    endloop
  endfacet
  facet normal 0 0 -1
    outer loop
      vertex 75.5148 60.847 0
      vertex 73.1 62.7 0
      vertex 75.4097 61.1567 0
    endloop
  endfacet
  facet normal 0 0 -1
    outer loop
      vertex 73.1 0 0
      vertex 75.0834 0.978096 0
      vertex 74.8678 0.732232 0
    endloop
  endfacet
  facet normal 0 0 -1
    outer loop
      vertex 75.4097 61.1567 0
      vertex 73.1 62.7 0
      vertex 75.2651 61.45 0
    endloop
  endfacet
  facet normal 0 0 -1
    outer loop
      vertex 73.1 0 0
      vertex 74.8678 0.732232 0
      vertex 74.6219 0.516616 0
    endloop
  endfacet
  facet normal 0 0 -1
    outer loop
      vertex 75.2651 61.45 0
      vertex 73.1 62.7 0
      vertex 75.0834 61.7219 0
    endloop
  endfacet
  facet normal 0 0 -1
    outer loop
      vertex 73.1 0 0
      vertex 74.6219 0.516616 0
      vertex 74.35 0.334936 0
    endloop
  endfacet
  facet normal 0 0 -1
    outer loop
      vertex 75.0834 61.7219 0
      vertex 73.1 62.7 0
      vertex 74.8678 61.9678 0
    endloop
  endfacet
  facet normal 0 0 -1
    outer loop
      vertex 73.1 0 0
      vertex 74.35 0.334936 0
      vertex 74.0567 0.190301 0
    endloop
  endfacet
  facet normal 0 0 -1
    outer loop
      vertex 74.8678 61.9678 0
      vertex 73.1 62.7 0
      vertex 74.6219 62.1834 0
    endloop
  endfacet
  facet normal 0 0 -1
    outer loop
      vertex 73.1 0 0
      vertex 74.0567 0.190301 0
      vertex 73.747 0.0851851 0
    endloop
  endfacet
  facet normal 0 0 -1
    outer loop
      vertex 74.6219 62.1834 0
      vertex 73.1 62.7 0
      vertex 74.35 62.3651 0
    endloop
  endfacet
  facet normal 0 0 -1
    outer loop
      vertex 73.1 0 0
      vertex 73.747 0.0851851 0
      vertex 73.4263 0.0213871 0
    endloop
  endfacet
  facet normal 0 0 -1
    outer loop
      vertex 74.35 62.3651 0
      vertex 73.1 62.7 0
      vertex 74.0567 62.5097 0
    endloop
  endfacet
  facet normal 0 0 -1
    outer loop
      vertex 74.0567 62.5097 0
      vertex 73.1 62.7 0
      vertex 73.747 62.6148 0
    endloop
  endfacet
  facet normal 0 0 -1
    outer loop
      vertex 73.747 62.6148 0
      vertex 73.1 62.7 0
      vertex 73.4263 62.6786 0
    endloop
  endfacet
  facet normal 0 0 -1
    outer loop
      vertex 2.5 0 0
      vertex 73.1 62.7 0
      vertex 73.1 0 0
    endloop
  endfacet
  facet normal 0 0 -1
    outer loop
      vertex 2.5 0 0
      vertex 2.5 62.7 0
      vertex 73.1 62.7 0
    endloop
  endfacet
  facet normal 0 0 -1
    outer loop
      vertex 0 2.5 0
      vertex 2.5 0 0
      vertex 2.17368 0.0213871 0
    endloop
  endfacet
  facet normal 0 0 -1
    outer loop
      vertex 2.5 0 0
      vertex 0 2.5 0
      vertex 2.5 62.7 0
    endloop
  endfacet
  facet normal 0 0 -1
    outer loop
      vertex 0 2.5 0
      vertex 2.17368 0.0213871 0
      vertex 1.85295 0.0851851 0
    endloop
  endfacet
  facet normal 0 0 -1
    outer loop
      vertex 0 60.2 0
      vertex 2.5 62.7 0
      vertex 0 2.5 0
    endloop
  endfacet
  facet normal 0 0 -1
    outer loop
      vertex 0 2.5 0
      vertex 1.85295 0.0851851 0
      vertex 1.54329 0.190301 0
    endloop
  endfacet
  facet normal 0 0 -1
    outer loop
      vertex 2.5 62.7 0
      vertex 0 60.2 0
      vertex 2.17368 62.6786 0
    endloop
  endfacet
  facet normal 0 0 -1
    outer loop
      vertex 0 2.5 0
      vertex 1.54329 0.190301 0
      vertex 1.25 0.334936 0
    endloop
  endfacet
  facet normal 0 0 -1
    outer loop
      vertex 2.17368 62.6786 0
      vertex 0 60.2 0
      vertex 1.85295 62.6148 0
    endloop
  endfacet
  facet normal 0 0 -1
    outer loop
      vertex 0 2.5 0
      vertex 1.25 0.334936 0
      vertex 0.978096 0.516616 0
    endloop
  endfacet
  facet normal 0 0 -1
    outer loop
      vertex 1.85295 62.6148 0
      vertex 0 60.2 0
      vertex 1.54329 62.5097 0
    endloop
  endfacet
  facet normal 0 0 -1
    outer loop
      vertex 0 2.5 0
      vertex 0.978096 0.516616 0
      vertex 0.732232 0.732232 0
    endloop
  endfacet
  facet normal 0 0 -1
    outer loop
      vertex 1.54329 62.5097 0
      vertex 0 60.2 0
      vertex 1.25 62.3651 0
    endloop
  endfacet
  facet normal 0 0 -1
    outer loop
      vertex 0 2.5 0
      vertex 0.732232 0.732232 0
      vertex 0.516616 0.978096 0
    endloop
  endfacet
  facet normal 0 0 -1
    outer loop
      vertex 1.25 62.3651 0
      vertex 0 60.2 0
      vertex 0.978096 62.1834 0
    endloop
  endfacet
  facet normal 0 0 -1
    outer loop
      vertex 0 2.5 0
      vertex 0.516616 0.978096 0
      vertex 0.334936 1.25 0
    endloop
  endfacet
  facet normal 0 0 -1
    outer loop
      vertex 0.978096 62.1834 0
      vertex 0 60.2 0
      vertex 0.732232 61.9678 0
    endloop
  endfacet
  facet normal 0 0 -1
    outer loop
      vertex 0 2.5 0
      vertex 0.334936 1.25 0
      vertex 0.190301 1.54329 0
    endloop
  endfacet
  facet normal 0 0 -1
    outer loop
      vertex 0.732232 61.9678 0
      vertex 0 60.2 0
      vertex 0.516616 61.7219 0
    endloop
  endfacet
  facet normal 0 0 -1
    outer loop
      vertex 0 2.5 0
      vertex 0.190301 1.54329 0
      vertex 0.0851851 1.85295 0
    endloop
  endfacet
  facet normal 0 0 -1
    outer loop
      vertex 0.516616 61.7219 0
      vertex 0 60.2 0
      vertex 0.334936 61.45 0
    endloop
  endfacet
  facet normal 0 0 -1
    outer loop
      vertex 0 2.5 0
      vertex 0.0851851 1.85295 0
      vertex 0.0213871 2.17368 0
    endloop
  endfacet
  facet normal 0 0 -1
    outer loop
      vertex 0.334936 61.45 0
      vertex 0 60.2 0
      vertex 0.190301 61.1567 0
    endloop
  endfacet
  facet normal 0 0 -1
    outer loop
      vertex 0.190301 61.1567 0
      vertex 0 60.2 0
      vertex 0.0851851 60.847 0
    endloop
  endfacet
  facet normal 0 0 -1
    outer loop
      vertex 0.0851851 60.847 0
      vertex 0 60.2 0
      vertex 0.0213871 60.5263 0
    endloop
  endfacet
  facet normal 0.751913 0.659262 0
    outer loop
      vertex 75.0834 61.7219 25
      vertex 74.8678 61.9678 0
      vertex 74.8678 61.9678 25
    endloop
  endfacet
  facet normal 0.751913 0.659262 0
    outer loop
      vertex 74.8678 61.9678 0
      vertex 75.0834 61.7219 25
      vertex 75.0834 61.7219 0
    endloop
  endfacet
  facet normal -0.83147 -0.555569 0
    outer loop
      vertex 0.516616 0.978096 0
      vertex 0.334936 1.25 25
      vertex 0.334936 1.25 0
    endloop
  endfacet
  facet normal -0.83147 -0.555569 0
    outer loop
      vertex 0.334936 1.25 25
      vertex 0.516616 0.978096 0
      vertex 0.516616 0.978096 25
    endloop
  endfacet
  facet normal -0.896872 -0.44229 0
    outer loop
      vertex 0.334936 1.25 0
      vertex 0.190301 1.54329 25
      vertex 0.190301 1.54329 0
    endloop
  endfacet
  facet normal -0.896872 -0.44229 0
    outer loop
      vertex 0.190301 1.54329 25
      vertex 0.334936 1.25 0
      vertex 0.334936 1.25 25
    endloop
  endfacet
  facet normal 0.997857 -0.0654392 0
    outer loop
      vertex 75.5786 2.17368 25
      vertex 75.6 2.5 0
      vertex 75.6 2.5 25
    endloop
  endfacet
  facet normal 0.997857 -0.0654392 0
    outer loop
      vertex 75.6 2.5 0
      vertex 75.5786 2.17368 25
      vertex 75.5786 2.17368 0
    endloop
  endfacet
  facet normal 0.659262 0.751913 -0
    outer loop
      vertex 74.8678 61.9678 0
      vertex 74.6219 62.1834 25
      vertex 74.8678 61.9678 25
    endloop
  endfacet
  facet normal 0.659262 0.751913 0
    outer loop
      vertex 74.6219 62.1834 25
      vertex 74.8678 61.9678 0
      vertex 74.6219 62.1834 0
    endloop
  endfacet
  facet normal 0.442277 -0.896878 0
    outer loop
      vertex 74.0567 0.190301 0
      vertex 74.35 0.334936 25
      vertex 74.0567 0.190301 25
    endloop
  endfacet
  facet normal 0.442277 -0.896878 0
    outer loop
      vertex 74.35 0.334936 25
      vertex 74.0567 0.190301 0
      vertex 74.35 0.334936 0
    endloop
  endfacet
  facet normal -0.946942 0.321404 0
    outer loop
      vertex 0.0851851 60.847 0
      vertex 0.190301 61.1567 25
      vertex 0.190301 61.1567 0
    endloop
  endfacet
  facet normal -0.946942 0.321404 0
    outer loop
      vertex 0.190301 61.1567 25
      vertex 0.0851851 60.847 0
      vertex 0.0851851 60.847 25
    endloop
  endfacet
  facet normal 0.555617 0.831438 -0
    outer loop
      vertex 74.6219 62.1834 0
      vertex 74.35 62.3651 25
      vertex 74.6219 62.1834 25
    endloop
  endfacet
  facet normal 0.555617 0.831438 0
    outer loop
      vertex 74.35 62.3651 25
      vertex 74.6219 62.1834 0
      vertex 74.35 62.3651 0
    endloop
  endfacet
  facet normal -1 0 0
    outer loop
      vertex 73.6 42.0722 9.42421
      vertex 73.6 57.7 2
      vertex 73.6 42.1 9
    endloop
  endfacet
  facet normal -1 0 0
    outer loop
      vertex 73.6 57.7 2
      vertex 73.6 42.0722 8.57579
      vertex 73.6 42.1 9
    endloop
  endfacet
  facet normal -1 0 0
    outer loop
      vertex 73.6 57.7 2
      vertex 73.6 41.9893 8.15884
      vertex 73.6 42.0722 8.57579
    endloop
  endfacet
  facet normal -1 0 0
    outer loop
      vertex 73.6 57.7 2
      vertex 73.6 41.8526 7.75628
      vertex 73.6 41.9893 8.15884
    endloop
  endfacet
  facet normal -1 0 0
    outer loop
      vertex 73.6 57.7 2
      vertex 73.6 41.6646 7.375
      vertex 73.6 41.8526 7.75628
    endloop
  endfacet
  facet normal -1 0 0
    outer loop
      vertex 73.6 57.7 2
      vertex 73.6 41.4284 7.02152
      vertex 73.6 41.6646 7.375
    endloop
  endfacet
  facet normal -1 0 0
    outer loop
      vertex 73.6 57.7 2
      vertex 73.6 41.1481 6.7019
      vertex 73.6 41.4284 7.02152
    endloop
  endfacet
  facet normal -1 0 0
    outer loop
      vertex 73.6 57.7 2
      vertex 73.6 40.8285 6.4216
      vertex 73.6 41.1481 6.7019
    endloop
  endfacet
  facet normal -1 0 0
    outer loop
      vertex 73.6 57.7 2
      vertex 73.6 40.7213 6.35
      vertex 73.6 40.8285 6.4216
    endloop
  endfacet
  facet normal -1 0 0
    outer loop
      vertex 73.6 57.7 2
      vertex 73.6 36.9787 6.35
      vertex 73.6 40.7213 6.35
    endloop
  endfacet
  facet normal -1 0 0
    outer loop
      vertex 73.6 35.6278 8.57579
      vertex 73.6 18.1 12.2742
      vertex 73.6 35.6 9
    endloop
  endfacet
  facet normal -1 0 0
    outer loop
      vertex 73.6 17.8538 11.775
      vertex 73.6 35.6278 8.57579
      vertex 73.6 35.7107 8.15884
    endloop
  endfacet
  facet normal -1 0 0
    outer loop
      vertex 73.6 17.5304 11.291
      vertex 73.6 35.7107 8.15884
      vertex 73.6 35.8474 7.75628
    endloop
  endfacet
  facet normal -1 0 0
    outer loop
      vertex 73.6 17.1466 10.8534
      vertex 73.6 35.8474 7.75628
      vertex 73.6 36.0354 7.375
    endloop
  endfacet
  facet normal -1 0 0
    outer loop
      vertex 73.6 16.709 10.4696
      vertex 73.6 36.0354 7.375
      vertex 73.6 36.2716 7.02152
    endloop
  endfacet
  facet normal -1 0 0
    outer loop
      vertex 73.6 16.225 10.1462
      vertex 73.6 36.2716 7.02152
      vertex 73.6 36.5519 6.7019
    endloop
  endfacet
  facet normal -1 0 0
    outer loop
      vertex 73.6 15.7029 9.88874
      vertex 73.6 36.5519 6.7019
      vertex 73.6 36.8715 6.4216
    endloop
  endfacet
  facet normal -1 0 0
    outer loop
      vertex 73.6 5 2
      vertex 73.6 36.8715 6.4216
      vertex 73.6 36.9787 6.35
    endloop
  endfacet
  facet normal -1 0 0
    outer loop
      vertex 73.6 35.6278 8.57579
      vertex 73.6 17.8538 11.775
      vertex 73.6 18.1 12.2742
    endloop
  endfacet
  facet normal -1 0 0
    outer loop
      vertex 73.6 35.7107 8.15884
      vertex 73.6 17.5304 11.291
      vertex 73.6 17.8538 11.775
    endloop
  endfacet
  facet normal -1 0 0
    outer loop
      vertex 73.6 35.8474 7.75628
      vertex 73.6 17.1466 10.8534
      vertex 73.6 17.5304 11.291
    endloop
  endfacet
  facet normal -1 0 0
    outer loop
      vertex 73.6 36.0354 7.375
      vertex 73.6 16.709 10.4696
      vertex 73.6 17.1466 10.8534
    endloop
  endfacet
  facet normal -1 0 0
    outer loop
      vertex 73.6 5 2
      vertex 73.6 36.9787 6.35
      vertex 73.6 57.7 2
    endloop
  endfacet
  facet normal -1 0 0
    outer loop
      vertex 73.6 36.2716 7.02152
      vertex 73.6 16.225 10.1462
      vertex 73.6 16.709 10.4696
    endloop
  endfacet
  facet normal -1 0 0
    outer loop
      vertex 73.6 36.5519 6.7019
      vertex 73.6 15.7029 9.88874
      vertex 73.6 16.225 10.1462
    endloop
  endfacet
  facet normal -1 -0 0
    outer loop
      vertex 73.6 36.8715 6.4216
      vertex 73.6 5 2
      vertex 73.6 15.7029 9.88874
    endloop
  endfacet
  facet normal -1 0 0
    outer loop
      vertex 73.6 15.7029 9.88874
      vertex 73.6 5 2
      vertex 73.6 15.1517 9.70163
    endloop
  endfacet
  facet normal -1 0 0
    outer loop
      vertex 73.6 15.1517 9.70163
      vertex 73.6 5 2
      vertex 73.6 14.5808 9.58807
    endloop
  endfacet
  facet normal -1 0 0
    outer loop
      vertex 73.6 14.5808 9.58807
      vertex 73.6 5 2
      vertex 73.6 14 9.55
    endloop
  endfacet
  facet normal -1 0 0
    outer loop
      vertex 73.6 5 25
      vertex 73.6 9.9 12.2742
      vertex 73.6 5 2
    endloop
  endfacet
  facet normal -1 -0 0
    outer loop
      vertex 73.6 10.1462 11.775
      vertex 73.6 5 2
      vertex 73.6 9.9 12.2742
    endloop
  endfacet
  facet normal -1 -0 0
    outer loop
      vertex 73.6 10.4696 11.291
      vertex 73.6 5 2
      vertex 73.6 10.1462 11.775
    endloop
  endfacet
  facet normal -1 -0 0
    outer loop
      vertex 73.6 10.8534 10.8534
      vertex 73.6 5 2
      vertex 73.6 10.4696 11.291
    endloop
  endfacet
  facet normal -1 -0 0
    outer loop
      vertex 73.6 11.291 10.4696
      vertex 73.6 5 2
      vertex 73.6 10.8534 10.8534
    endloop
  endfacet
  facet normal -1 -0 0
    outer loop
      vertex 73.6 11.775 10.1462
      vertex 73.6 5 2
      vertex 73.6 11.291 10.4696
    endloop
  endfacet
  facet normal -1 -0 0
    outer loop
      vertex 73.6 12.2971 9.88874
      vertex 73.6 5 2
      vertex 73.6 11.775 10.1462
    endloop
  endfacet
  facet normal -1 -0 0
    outer loop
      vertex 73.6 12.8483 9.70163
      vertex 73.6 5 2
      vertex 73.6 12.2971 9.88874
    endloop
  endfacet
  facet normal -1 -0 0
    outer loop
      vertex 73.6 13.4192 9.58807
      vertex 73.6 5 2
      vertex 73.6 12.8483 9.70163
    endloop
  endfacet
  facet normal -1 -0 0
    outer loop
      vertex 73.6 14 9.55
      vertex 73.6 5 2
      vertex 73.6 13.4192 9.58807
    endloop
  endfacet
  facet normal -1 0 0
    outer loop
      vertex 73.6 41.9893 9.84116
      vertex 73.6 57.7 2
      vertex 73.6 42.0722 9.42421
    endloop
  endfacet
  facet normal -1 0 0
    outer loop
      vertex 73.6 57.7 2
      vertex 73.6 41.9893 9.84116
      vertex 73.6 57.7 25
    endloop
  endfacet
  facet normal -1 0 0
    outer loop
      vertex 73.6 41.8526 10.2437
      vertex 73.6 57.7 25
      vertex 73.6 41.9893 9.84116
    endloop
  endfacet
  facet normal -1 0 0
    outer loop
      vertex 73.6 41.6646 10.625
      vertex 73.6 57.7 25
      vertex 73.6 41.8526 10.2437
    endloop
  endfacet
  facet normal -1 0 0
    outer loop
      vertex 73.6 41.4284 10.9785
      vertex 73.6 57.7 25
      vertex 73.6 41.6646 10.625
    endloop
  endfacet
  facet normal -1 0 0
    outer loop
      vertex 73.6 41.1481 11.2981
      vertex 73.6 57.7 25
      vertex 73.6 41.4284 10.9785
    endloop
  endfacet
  facet normal -1 0 0
    outer loop
      vertex 73.6 40.8285 11.5784
      vertex 73.6 57.7 25
      vertex 73.6 41.1481 11.2981
    endloop
  endfacet
  facet normal -1 0 0
    outer loop
      vertex 73.6 40.475 11.8146
      vertex 73.6 57.7 25
      vertex 73.6 40.8285 11.5784
    endloop
  endfacet
  facet normal -1 0 0
    outer loop
      vertex 73.6 40.0937 12.0026
      vertex 73.6 57.7 25
      vertex 73.6 40.475 11.8146
    endloop
  endfacet
  facet normal -1 0 0
    outer loop
      vertex 73.6 39.6912 12.1393
      vertex 73.6 57.7 25
      vertex 73.6 40.0937 12.0026
    endloop
  endfacet
  facet normal -1 0 0
    outer loop
      vertex 73.6 39.2742 12.2222
      vertex 73.6 57.7 25
      vertex 73.6 39.6912 12.1393
    endloop
  endfacet
  facet normal -1 0 0
    outer loop
      vertex 73.6 38.85 12.25
      vertex 73.6 57.7 25
      vertex 73.6 39.2742 12.2222
    endloop
  endfacet
  facet normal -1 0 0
    outer loop
      vertex 73.6 38.4258 12.2222
      vertex 73.6 57.7 25
      vertex 73.6 38.85 12.25
    endloop
  endfacet
  facet normal -1 0 0
    outer loop
      vertex 73.6 16.709 17.5304
      vertex 73.6 38.4258 12.2222
      vertex 73.6 38.0088 12.1393
    endloop
  endfacet
  facet normal -1 0 0
    outer loop
      vertex 73.6 17.1466 17.1466
      vertex 73.6 38.0088 12.1393
      vertex 73.6 37.6063 12.0026
    endloop
  endfacet
  facet normal -1 0 0
    outer loop
      vertex 73.6 17.5304 16.709
      vertex 73.6 37.6063 12.0026
      vertex 73.6 37.225 11.8146
    endloop
  endfacet
  facet normal -1 0 0
    outer loop
      vertex 73.6 18.1 12.2742
      vertex 73.6 35.6278 9.42421
      vertex 73.6 35.6 9
    endloop
  endfacet
  facet normal -1 0 0
    outer loop
      vertex 73.6 18.1 12.2742
      vertex 73.6 35.7107 9.84116
      vertex 73.6 35.6278 9.42421
    endloop
  endfacet
  facet normal -1 0 0
    outer loop
      vertex 73.6 18.1 12.2742
      vertex 73.6 35.8474 10.2437
      vertex 73.6 35.7107 9.84116
    endloop
  endfacet
  facet normal -1 0 0
    outer loop
      vertex 73.6 18.1 15.7258
      vertex 73.6 35.8474 10.2437
      vertex 73.6 18.1 12.2742
    endloop
  endfacet
  facet normal -1 0 0
    outer loop
      vertex 73.6 35.8474 10.2437
      vertex 73.6 18.1 15.7258
      vertex 73.6 36.0354 10.625
    endloop
  endfacet
  facet normal -1 0 0
    outer loop
      vertex 73.6 36.0354 10.625
      vertex 73.6 18.1 15.7258
      vertex 73.6 36.2716 10.9785
    endloop
  endfacet
  facet normal -1 0 0
    outer loop
      vertex 73.6 36.2716 10.9785
      vertex 73.6 18.1 15.7258
      vertex 73.6 36.5519 11.2981
    endloop
  endfacet
  facet normal -1 0 0
    outer loop
      vertex 73.6 36.5519 11.2981
      vertex 73.6 18.1 15.7258
      vertex 73.6 36.8715 11.5784
    endloop
  endfacet
  facet normal -1 0 0
    outer loop
      vertex 73.6 17.8538 16.225
      vertex 73.6 36.8715 11.5784
      vertex 73.6 18.1 15.7258
    endloop
  endfacet
  facet normal -1 0 0
    outer loop
      vertex 73.6 36.8715 11.5784
      vertex 73.6 17.8538 16.225
      vertex 73.6 37.225 11.8146
    endloop
  endfacet
  facet normal -1 0 0
    outer loop
      vertex 73.6 17.5304 16.709
      vertex 73.6 37.225 11.8146
      vertex 73.6 17.8538 16.225
    endloop
  endfacet
  facet normal -1 0 0
    outer loop
      vertex 73.6 37.6063 12.0026
      vertex 73.6 17.5304 16.709
      vertex 73.6 17.1466 17.1466
    endloop
  endfacet
  facet normal -1 0 0
    outer loop
      vertex 73.6 38.0088 12.1393
      vertex 73.6 17.1466 17.1466
      vertex 73.6 16.709 17.5304
    endloop
  endfacet
  facet normal -1 0 0
    outer loop
      vertex 73.6 38.4258 12.2222
      vertex 73.6 16.709 17.5304
      vertex 73.6 57.7 25
    endloop
  endfacet
  facet normal -1 0 0
    outer loop
      vertex 73.6 16.225 17.8538
      vertex 73.6 57.7 25
      vertex 73.6 16.709 17.5304
    endloop
  endfacet
  facet normal -1 0 0
    outer loop
      vertex 73.6 15.7029 18.1113
      vertex 73.6 57.7 25
      vertex 73.6 16.225 17.8538
    endloop
  endfacet
  facet normal -1 0 0
    outer loop
      vertex 73.6 5 25
      vertex 73.6 15.7029 18.1113
      vertex 73.6 15.1517 18.2984
    endloop
  endfacet
  facet normal -1 0 0
    outer loop
      vertex 73.6 5 25
      vertex 73.6 15.1517 18.2984
      vertex 73.6 14.5808 18.4119
    endloop
  endfacet
  facet normal -1 0 0
    outer loop
      vertex 73.6 5 25
      vertex 73.6 14.5808 18.4119
      vertex 73.6 14 18.45
    endloop
  endfacet
  facet normal -1 0 0
    outer loop
      vertex 73.6 5 25
      vertex 73.6 14 18.45
      vertex 73.6 13.4192 18.4119
    endloop
  endfacet
  facet normal -1 0 0
    outer loop
      vertex 73.6 15.7029 18.1113
      vertex 73.6 5 25
      vertex 73.6 57.7 25
    endloop
  endfacet
  facet normal -1 0 0
    outer loop
      vertex 73.6 12.8483 18.2984
      vertex 73.6 5 25
      vertex 73.6 13.4192 18.4119
    endloop
  endfacet
  facet normal -1 0 0
    outer loop
      vertex 73.6 12.2971 18.1113
      vertex 73.6 5 25
      vertex 73.6 12.8483 18.2984
    endloop
  endfacet
  facet normal -1 0 0
    outer loop
      vertex 73.6 11.775 17.8538
      vertex 73.6 5 25
      vertex 73.6 12.2971 18.1113
    endloop
  endfacet
  facet normal -1 0 0
    outer loop
      vertex 73.6 11.291 17.5304
      vertex 73.6 5 25
      vertex 73.6 11.775 17.8538
    endloop
  endfacet
  facet normal -1 0 0
    outer loop
      vertex 73.6 10.8534 17.1466
      vertex 73.6 5 25
      vertex 73.6 11.291 17.5304
    endloop
  endfacet
  facet normal -1 0 0
    outer loop
      vertex 73.6 10.4696 16.709
      vertex 73.6 5 25
      vertex 73.6 10.8534 17.1466
    endloop
  endfacet
  facet normal -1 0 0
    outer loop
      vertex 73.6 10.1462 16.225
      vertex 73.6 5 25
      vertex 73.6 10.4696 16.709
    endloop
  endfacet
  facet normal -1 0 0
    outer loop
      vertex 73.6 9.9 15.7258
      vertex 73.6 5 25
      vertex 73.6 10.1462 16.225
    endloop
  endfacet
  facet normal -1 0 0
    outer loop
      vertex 73.6 9.9 12.2742
      vertex 73.6 5 25
      vertex 73.6 9.9 15.7258
    endloop
  endfacet
  facet normal -1 0 0
    outer loop
      vertex 73.6 57.7 2
      vertex 73.6 60.7 25
      vertex 73.6 60.7 2
    endloop
  endfacet
  facet normal -1 -0 0
    outer loop
      vertex 73.6 60.7 25
      vertex 73.6 57.7 2
      vertex 73.6 57.7 25
    endloop
  endfacet
  facet normal -1 0 0
    outer loop
      vertex 73.6 2 2
      vertex 73.6 5 25
      vertex 73.6 5 2
    endloop
  endfacet
  facet normal -1 -0 0
    outer loop
      vertex 73.6 5 25
      vertex 73.6 2 2
      vertex 73.6 2 25
    endloop
  endfacet
  facet normal -0 0 1
    outer loop
      vertex 4 48.1 2
      vertex 7 29.6 2
      vertex 7 48.1 2
    endloop
  endfacet
  facet normal 0 0 1
    outer loop
      vertex 7 29.6 2
      vertex 4 48.1 2
      vertex 4 29.6 2
    endloop
  endfacet
  facet normal 0 0 1
    outer loop
      vertex 14.2765 9.89778 2
      vertex 13.5 24 2
      vertex 13.8916 9.97433 2
    endloop
  endfacet
  facet normal 0 0 1
    outer loop
      vertex 13.5 24 2
      vertex 13.5 10 2
      vertex 13.8916 9.97433 2
    endloop
  endfacet
  facet normal 0 0 1
    outer loop
      vertex 13.5 24 2
      vertex 13.1084 9.97433 2
      vertex 13.5 10 2
    endloop
  endfacet
  facet normal 0 0 1
    outer loop
      vertex 13.5 24 2
      vertex 12.7235 9.89778 2
      vertex 13.1084 9.97433 2
    endloop
  endfacet
  facet normal 0 0 1
    outer loop
      vertex 13.5 24 2
      vertex 12.3519 9.77164 2
      vertex 12.7235 9.89778 2
    endloop
  endfacet
  facet normal 0 0 1
    outer loop
      vertex 13.5 24 2
      vertex 12 9.59808 2
      vertex 12.3519 9.77164 2
    endloop
  endfacet
  facet normal -0 0 1
    outer loop
      vertex 2 24 2
      vertex 12 9.59808 2
      vertex 13.5 24 2
    endloop
  endfacet
  facet normal 0 0 1
    outer loop
      vertex 12 9.59808 2
      vertex 2 24 2
      vertex 11.6737 9.38006 2
    endloop
  endfacet
  facet normal 0 -0 1
    outer loop
      vertex 5.39158 7.97433 2
      vertex 11.6737 9.38006 2
      vertex 2 24 2
    endloop
  endfacet
  facet normal 0 -0 1
    outer loop
      vertex 5.77646 7.89778 2
      vertex 11.6737 9.38006 2
      vertex 5.39158 7.97433 2
    endloop
  endfacet
  facet normal 0 0 1
    outer loop
      vertex 11.6737 9.38006 2
      vertex 5.77646 7.89778 2
      vertex 11.3787 9.12132 2
    endloop
  endfacet
  facet normal 0 -0 1
    outer loop
      vertex 6.5 7.59808 2
      vertex 11.1199 8.82628 2
      vertex 6.14805 7.77164 2
    endloop
  endfacet
  facet normal 0 0 1
    outer loop
      vertex 11.1199 8.82628 2
      vertex 6.5 7.59808 2
      vertex 10.9019 8.5 2
    endloop
  endfacet
  facet normal 0 0 1
    outer loop
      vertex 7.59808 6.5 2
      vertex 10.5 7 2
      vertex 10.5257 7.39158 2
    endloop
  endfacet
  facet normal 0 0 1
    outer loop
      vertex 10.9019 8.5 2
      vertex 6.82628 7.38006 2
      vertex 10.7284 8.14805 2
    endloop
  endfacet
  facet normal 0 0 1
    outer loop
      vertex 10.5 7 2
      vertex 7.97433 5.39158 2
      vertex 8 5 2
    endloop
  endfacet
  facet normal 0 0 1
    outer loop
      vertex 10.5 7 2
      vertex 7.89778 5.77646 2
      vertex 7.97433 5.39158 2
    endloop
  endfacet
  facet normal 0 0 1
    outer loop
      vertex 10.5 7 2
      vertex 7.77164 6.14805 2
      vertex 7.89778 5.77646 2
    endloop
  endfacet
  facet normal 0 0 1
    outer loop
      vertex 10.5 7 2
      vertex 7.59808 6.5 2
      vertex 7.77164 6.14805 2
    endloop
  endfacet
  facet normal 0 0 1
    outer loop
      vertex 10.5257 7.39158 2
      vertex 7.38006 6.82628 2
      vertex 7.59808 6.5 2
    endloop
  endfacet
  facet normal 0 0 1
    outer loop
      vertex 10.6022 7.77646 2
      vertex 7.38006 6.82628 2
      vertex 10.5257 7.39158 2
    endloop
  endfacet
  facet normal 0 -0 1
    outer loop
      vertex 7.38006 6.82628 2
      vertex 10.6022 7.77646 2
      vertex 7.12132 7.12132 2
    endloop
  endfacet
  facet normal 0 0 1
    outer loop
      vertex 10.7284 8.14805 2
      vertex 7.12132 7.12132 2
      vertex 10.6022 7.77646 2
    endloop
  endfacet
  facet normal 0 -0 1
    outer loop
      vertex 7.12132 7.12132 2
      vertex 10.7284 8.14805 2
      vertex 6.82628 7.38006 2
    endloop
  endfacet
  facet normal 0 -0 1
    outer loop
      vertex 6.82628 7.38006 2
      vertex 10.9019 8.5 2
      vertex 6.5 7.59808 2
    endloop
  endfacet
  facet normal 0 0 1
    outer loop
      vertex 11.3787 9.12132 2
      vertex 6.14805 7.77164 2
      vertex 11.1199 8.82628 2
    endloop
  endfacet
  facet normal 0 -0 1
    outer loop
      vertex 6.14805 7.77164 2
      vertex 11.3787 9.12132 2
      vertex 5.77646 7.89778 2
    endloop
  endfacet
  facet normal 0 0 1
    outer loop
      vertex 5.39158 7.97433 2
      vertex 2 24 2
      vertex 5 8 2
    endloop
  endfacet
  facet normal 0 0 1
    outer loop
      vertex 5 8 2
      vertex 2 24 2
      vertex 4.60842 7.97433 2
    endloop
  endfacet
  facet normal 0 0 1
    outer loop
      vertex 4.60842 7.97433 2
      vertex 2 24 2
      vertex 4.22354 7.89778 2
    endloop
  endfacet
  facet normal 0 0 1
    outer loop
      vertex 4.22354 7.89778 2
      vertex 2 24 2
      vertex 3.85195 7.77164 2
    endloop
  endfacet
  facet normal 0 0 1
    outer loop
      vertex 3.85195 7.77164 2
      vertex 2 24 2
      vertex 3.5 7.59808 2
    endloop
  endfacet
  facet normal 0 0 1
    outer loop
      vertex 3.5 7.59808 2
      vertex 2 24 2
      vertex 3.17372 7.38006 2
    endloop
  endfacet
  facet normal 0 0 1
    outer loop
      vertex 3.17372 7.38006 2
      vertex 2 24 2
      vertex 2.87868 7.12132 2
    endloop
  endfacet
  facet normal 0 0 1
    outer loop
      vertex 2.87868 7.12132 2
      vertex 2 24 2
      vertex 2.61994 6.82628 2
    endloop
  endfacet
  facet normal 0 0 1
    outer loop
      vertex 2.61994 6.82628 2
      vertex 2 24 2
      vertex 2.40192 6.5 2
    endloop
  endfacet
  facet normal 0 0 1
    outer loop
      vertex 2 24 2
      vertex 2.22836 6.14805 2
      vertex 2.40192 6.5 2
    endloop
  endfacet
  facet normal 0 0 1
    outer loop
      vertex 2 24 2
      vertex 2.10222 5.77646 2
      vertex 2.22836 6.14805 2
    endloop
  endfacet
  facet normal 0 0 1
    outer loop
      vertex 2 24 2
      vertex 2.02567 5.39158 2
      vertex 2.10222 5.77646 2
    endloop
  endfacet
  facet normal 0 0 1
    outer loop
      vertex 2.02567 5.39158 2
      vertex 2 24 2
      vertex 2 5 2
    endloop
  endfacet
  facet normal -0 0 1
    outer loop
      vertex 7.97433 57.3084 2
      vertex 52 53.7 2
      vertex 8 57.7 2
    endloop
  endfacet
  facet normal -0 0 1
    outer loop
      vertex 7.89778 56.9235 2
      vertex 52 53.7 2
      vertex 7.97433 57.3084 2
    endloop
  endfacet
  facet normal -0 0 1
    outer loop
      vertex 7.77164 56.5519 2
      vertex 52 53.7 2
      vertex 7.89778 56.9235 2
    endloop
  endfacet
  facet normal -0 0 1
    outer loop
      vertex 7.59808 56.2 2
      vertex 52 53.7 2
      vertex 7.77164 56.5519 2
    endloop
  endfacet
  facet normal -0 0 1
    outer loop
      vertex 7.38006 55.8737 2
      vertex 52 53.7 2
      vertex 7.59808 56.2 2
    endloop
  endfacet
  facet normal -0 0 1
    outer loop
      vertex 7.12132 55.5787 2
      vertex 52 53.7 2
      vertex 7.38006 55.8737 2
    endloop
  endfacet
  facet normal -0 0 1
    outer loop
      vertex 6.82628 55.3199 2
      vertex 52 53.7 2
      vertex 7.12132 55.5787 2
    endloop
  endfacet
  facet normal -0 0 1
    outer loop
      vertex 6.5 55.1019 2
      vertex 52 53.7 2
      vertex 6.82628 55.3199 2
    endloop
  endfacet
  facet normal -0 0 1
    outer loop
      vertex 6.14805 54.9284 2
      vertex 52 53.7 2
      vertex 6.5 55.1019 2
    endloop
  endfacet
  facet normal -0 0 1
    outer loop
      vertex 5.77646 54.8022 2
      vertex 52 53.7 2
      vertex 6.14805 54.9284 2
    endloop
  endfacet
  facet normal 0 0 1
    outer loop
      vertex 2 53.7 2
      vertex 5.77646 54.8022 2
      vertex 5.39158 54.7257 2
    endloop
  endfacet
  facet normal 0 0 1
    outer loop
      vertex 2 53.7 2
      vertex 5.39158 54.7257 2
      vertex 5 54.7 2
    endloop
  endfacet
  facet normal 0 0 1
    outer loop
      vertex 5.77646 54.8022 2
      vertex 2 53.7 2
      vertex 52 53.7 2
    endloop
  endfacet
  facet normal 0 0 1
    outer loop
      vertex 4.60842 54.7257 2
      vertex 2 53.7 2
      vertex 5 54.7 2
    endloop
  endfacet
  facet normal 0 0 1
    outer loop
      vertex 4.22354 54.8022 2
      vertex 2 53.7 2
      vertex 4.60842 54.7257 2
    endloop
  endfacet
  facet normal 0 0 1
    outer loop
      vertex 3.85195 54.9284 2
      vertex 2 53.7 2
      vertex 4.22354 54.8022 2
    endloop
  endfacet
  facet normal 0 0 1
    outer loop
      vertex 3.5 55.1019 2
      vertex 2 53.7 2
      vertex 3.85195 54.9284 2
    endloop
  endfacet
  facet normal 0 0 1
    outer loop
      vertex 3.17372 55.3199 2
      vertex 2 53.7 2
      vertex 3.5 55.1019 2
    endloop
  endfacet
  facet normal 0 0 1
    outer loop
      vertex 2.87868 55.5787 2
      vertex 2 53.7 2
      vertex 3.17372 55.3199 2
    endloop
  endfacet
  facet normal 0 0 1
    outer loop
      vertex 2.61994 55.8737 2
      vertex 2 53.7 2
      vertex 2.87868 55.5787 2
    endloop
  endfacet
  facet normal 0 0 1
    outer loop
      vertex 2.40192 56.2 2
      vertex 2 53.7 2
      vertex 2.61994 55.8737 2
    endloop
  endfacet
  facet normal 0 0 1
    outer loop
      vertex 2.22836 56.5519 2
      vertex 2 53.7 2
      vertex 2.40192 56.2 2
    endloop
  endfacet
  facet normal 0 0 1
    outer loop
      vertex 2.10222 56.9235 2
      vertex 2 53.7 2
      vertex 2.22836 56.5519 2
    endloop
  endfacet
  facet normal 0 0 1
    outer loop
      vertex 2.02567 57.3084 2
      vertex 2 53.7 2
      vertex 2.10222 56.9235 2
    endloop
  endfacet
  facet normal 0 0 1
    outer loop
      vertex 2 53.7 2
      vertex 2.02567 57.3084 2
      vertex 2 57.7 2
    endloop
  endfacet
  facet normal 0 0 1
    outer loop
      vertex 67.7022 5.77646 2
      vertex 46.4743 7.39158 2
      vertex 46.5 7 2
    endloop
  endfacet
  facet normal 0 0 1
    outer loop
      vertex 68.0019 6.5 2
      vertex 46.3978 7.77646 2
      vertex 46.4743 7.39158 2
    endloop
  endfacet
  facet normal 0 0 1
    outer loop
      vertex 68.0019 6.5 2
      vertex 46.2716 8.14805 2
      vertex 46.3978 7.77646 2
    endloop
  endfacet
  facet normal 0 0 1
    outer loop
      vertex 52 24 2
      vertex 46.0981 8.5 2
      vertex 46.2716 8.14805 2
    endloop
  endfacet
  facet normal 0 0 1
    outer loop
      vertex 52 24 2
      vertex 45.8801 8.82628 2
      vertex 46.0981 8.5 2
    endloop
  endfacet
  facet normal 0 0 1
    outer loop
      vertex 52 24 2
      vertex 45.6213 9.12132 2
      vertex 45.8801 8.82628 2
    endloop
  endfacet
  facet normal 0 0 1
    outer loop
      vertex 52 24 2
      vertex 45.3263 9.38006 2
      vertex 45.6213 9.12132 2
    endloop
  endfacet
  facet normal 0 0 1
    outer loop
      vertex 52 24 2
      vertex 45 9.59808 2
      vertex 45.3263 9.38006 2
    endloop
  endfacet
  facet normal 0 0 1
    outer loop
      vertex 52 24 2
      vertex 44.648 9.77164 2
      vertex 45 9.59808 2
    endloop
  endfacet
  facet normal 0 0 1
    outer loop
      vertex 52 24 2
      vertex 44.2765 9.89778 2
      vertex 44.648 9.77164 2
    endloop
  endfacet
  facet normal 0 0 1
    outer loop
      vertex 52 24 2
      vertex 43.8916 9.97433 2
      vertex 44.2765 9.89778 2
    endloop
  endfacet
  facet normal 0 0 1
    outer loop
      vertex 52 24 2
      vertex 43.5 10 2
      vertex 43.8916 9.97433 2
    endloop
  endfacet
  facet normal 0 0 1
    outer loop
      vertex 52 24 2
      vertex 43.1084 9.97433 2
      vertex 43.5 10 2
    endloop
  endfacet
  facet normal 0 0 1
    outer loop
      vertex 52 24 2
      vertex 42.7235 9.89778 2
      vertex 43.1084 9.97433 2
    endloop
  endfacet
  facet normal -0 0 1
    outer loop
      vertex 25.5 24 2
      vertex 42.7235 9.89778 2
      vertex 52 24 2
    endloop
  endfacet
  facet normal 0 0 1
    outer loop
      vertex 42.7235 9.89778 2
      vertex 25.5 24 2
      vertex 42.352 9.77164 2
    endloop
  endfacet
  facet normal 0 0 1
    outer loop
      vertex 42.352 9.77164 2
      vertex 25.5 24 2
      vertex 42 9.59808 2
    endloop
  endfacet
  facet normal 0 0 1
    outer loop
      vertex 42 9.59808 2
      vertex 25.5 24 2
      vertex 41.6737 9.38006 2
    endloop
  endfacet
  facet normal 0 0 1
    outer loop
      vertex 41.6737 9.38006 2
      vertex 25.5 24 2
      vertex 41.3787 9.12132 2
    endloop
  endfacet
  facet normal 0 0 1
    outer loop
      vertex 40.6022 7.77646 2
      vertex 16.3978 7.77646 2
      vertex 40.5257 7.39158 2
    endloop
  endfacet
  facet normal 0 0 1
    outer loop
      vertex 16.3978 7.77646 2
      vertex 40.6022 7.77646 2
      vertex 25.5 24 2
    endloop
  endfacet
  facet normal 0 0 1
    outer loop
      vertex 40.7284 8.14805 2
      vertex 25.5 24 2
      vertex 40.6022 7.77646 2
    endloop
  endfacet
  facet normal 0 0 1
    outer loop
      vertex 40.9019 8.5 2
      vertex 25.5 24 2
      vertex 40.7284 8.14805 2
    endloop
  endfacet
  facet normal 0 0 1
    outer loop
      vertex 41.1199 8.82628 2
      vertex 25.5 24 2
      vertex 40.9019 8.5 2
    endloop
  endfacet
  facet normal 0 0 1
    outer loop
      vertex 41.3787 9.12132 2
      vertex 25.5 24 2
      vertex 41.1199 8.82628 2
    endloop
  endfacet
  facet normal 0 0 1
    outer loop
      vertex 7 48.1 2
      vertex 49 48.1 2
      vertex 49 52.1 2
    endloop
  endfacet
  facet normal 0 0 1
    outer loop
      vertex 49 48.1 2
      vertex 25.5 25.6 2
      vertex 49 29.6 2
    endloop
  endfacet
  facet normal 0 0 1
    outer loop
      vertex 49 29.6 2
      vertex 25.5 25.6 2
      vertex 49 25.6 2
    endloop
  endfacet
  facet normal -0 0 1
    outer loop
      vertex 13.5 25.6 2
      vertex 25.5 24 2
      vertex 25.5 25.6 2
    endloop
  endfacet
  facet normal 0 0 1
    outer loop
      vertex 40.5257 7.39158 2
      vertex 16.4743 7.39158 2
      vertex 16.5 7 2
    endloop
  endfacet
  facet normal 0 0 1
    outer loop
      vertex 40.5257 7.39158 2
      vertex 16.3978 7.77646 2
      vertex 16.4743 7.39158 2
    endloop
  endfacet
  facet normal 0 0 1
    outer loop
      vertex 25.5 24 2
      vertex 16.2716 8.14805 2
      vertex 16.3978 7.77646 2
    endloop
  endfacet
  facet normal 0 0 1
    outer loop
      vertex 25.5 24 2
      vertex 16.0981 8.5 2
      vertex 16.2716 8.14805 2
    endloop
  endfacet
  facet normal 0 0 1
    outer loop
      vertex 25.5 24 2
      vertex 15.8801 8.82628 2
      vertex 16.0981 8.5 2
    endloop
  endfacet
  facet normal 0 0 1
    outer loop
      vertex 25.5 24 2
      vertex 15.6213 9.12132 2
      vertex 15.8801 8.82628 2
    endloop
  endfacet
  facet normal 0 0 1
    outer loop
      vertex 25.5 24 2
      vertex 15.3263 9.38006 2
      vertex 15.6213 9.12132 2
    endloop
  endfacet
  facet normal 0 0 1
    outer loop
      vertex 25.5 24 2
      vertex 15 9.59808 2
      vertex 15.3263 9.38006 2
    endloop
  endfacet
  facet normal 0 0 1
    outer loop
      vertex 13.5 24 2
      vertex 25.5 24 2
      vertex 13.5 25.6 2
    endloop
  endfacet
  facet normal -0 0 1
    outer loop
      vertex 13.5 24 2
      vertex 15 9.59808 2
      vertex 25.5 24 2
    endloop
  endfacet
  facet normal 0 0 1
    outer loop
      vertex 15 9.59808 2
      vertex 13.5 24 2
      vertex 14.648 9.77164 2
    endloop
  endfacet
  facet normal 0 0 1
    outer loop
      vertex 14.648 9.77164 2
      vertex 13.5 24 2
      vertex 14.2765 9.89778 2
    endloop
  endfacet
  facet normal 0 0 1
    outer loop
      vertex 49 48.1 2
      vertex 7 48.1 2
      vertex 25.5 25.6 2
    endloop
  endfacet
  facet normal 0 0 1
    outer loop
      vertex 7 48.1 2
      vertex 49 52.1 2
      vertex 7 52.1 2
    endloop
  endfacet
  facet normal 0 0 1
    outer loop
      vertex 25.5 25.6 2
      vertex 7 48.1 2
      vertex 13.5 25.6 2
    endloop
  endfacet
  facet normal -0 0 1
    outer loop
      vertex 7 29.6 2
      vertex 13.5 25.6 2
      vertex 7 48.1 2
    endloop
  endfacet
  facet normal 0 0 1
    outer loop
      vertex 13.5 25.6 2
      vertex 7 29.6 2
      vertex 7 25.6 2
    endloop
  endfacet
  facet normal -0 0 1
    outer loop
      vertex 49 48.1 2
      vertex 52 47.85 2
      vertex 52 48.1 2
    endloop
  endfacet
  facet normal 0 0 1
    outer loop
      vertex 52 47.85 2
      vertex 49 48.1 2
      vertex 52 29.85 2
    endloop
  endfacet
  facet normal 0 0 1
    outer loop
      vertex 49 29.6 2
      vertex 52 29.85 2
      vertex 49 48.1 2
    endloop
  endfacet
  facet normal 0 0 1
    outer loop
      vertex 52 29.85 2
      vertex 49 29.6 2
      vertex 52 29.6 2
    endloop
  endfacet
  facet normal -0 0 1
    outer loop
      vertex 52 47.85 2
      vertex 53.6 29.85 2
      vertex 53.6 47.85 2
    endloop
  endfacet
  facet normal 0 0 1
    outer loop
      vertex 53.6 29.85 2
      vertex 52 47.85 2
      vertex 52 29.85 2
    endloop
  endfacet
  facet normal 0 0 1
    outer loop
      vertex 68.2199 6.82628 2
      vertex 52 24 2
      vertex 68.0019 6.5 2
    endloop
  endfacet
  facet normal 0 0 1
    outer loop
      vertex 67.6257 58.0916 2
      vertex 53.6 52.1 2
      vertex 67.6 57.7 2
    endloop
  endfacet
  facet normal 0 0 1
    outer loop
      vertex 52 53.7 2
      vertex 67.6257 58.0916 2
      vertex 67.7022 58.4765 2
    endloop
  endfacet
  facet normal 0 0 1
    outer loop
      vertex 52 53.7 2
      vertex 67.7022 58.4765 2
      vertex 67.8284 58.848 2
    endloop
  endfacet
  facet normal 0 0 1
    outer loop
      vertex 52 53.7 2
      vertex 67.8284 58.848 2
      vertex 68.0019 59.2 2
    endloop
  endfacet
  facet normal 0 0 1
    outer loop
      vertex 52 53.7 2
      vertex 68.0019 59.2 2
      vertex 68.2199 59.5263 2
    endloop
  endfacet
  facet normal 0 0 1
    outer loop
      vertex 52 53.7 2
      vertex 68.2199 59.5263 2
      vertex 68.4787 59.8213 2
    endloop
  endfacet
  facet normal 0 0 1
    outer loop
      vertex 52 53.7 2
      vertex 68.4787 59.8213 2
      vertex 68.7737 60.0801 2
    endloop
  endfacet
  facet normal 0 0 1
    outer loop
      vertex 52 53.7 2
      vertex 68.7737 60.0801 2
      vertex 69.1 60.2981 2
    endloop
  endfacet
  facet normal 0 0 1
    outer loop
      vertex 67.6257 58.0916 2
      vertex 52 53.7 2
      vertex 53.6 52.1 2
    endloop
  endfacet
  facet normal 0 0 1
    outer loop
      vertex 6.5 60.2981 2
      vertex 69.1 60.2981 2
      vertex 69.452 60.4716 2
    endloop
  endfacet
  facet normal 0 0 1
    outer loop
      vertex 69.1 60.2981 2
      vertex 6.5 60.2981 2
      vertex 52 53.7 2
    endloop
  endfacet
  facet normal 0 0 1
    outer loop
      vertex 6.14805 60.4716 2
      vertex 69.452 60.4716 2
      vertex 69.8235 60.5978 2
    endloop
  endfacet
  facet normal 0 0 1
    outer loop
      vertex 5.77646 60.5978 2
      vertex 69.8235 60.5978 2
      vertex 70.2084 60.6743 2
    endloop
  endfacet
  facet normal 0 0 1
    outer loop
      vertex 5.39158 60.6743 2
      vertex 70.2084 60.6743 2
      vertex 70.6 60.7 2
    endloop
  endfacet
  facet normal 0 0 1
    outer loop
      vertex 52 53.7 2
      vertex 7.97433 58.0916 2
      vertex 8 57.7 2
    endloop
  endfacet
  facet normal 0 0 1
    outer loop
      vertex 52 53.7 2
      vertex 7.89778 58.4765 2
      vertex 7.97433 58.0916 2
    endloop
  endfacet
  facet normal 0 0 1
    outer loop
      vertex 52 53.7 2
      vertex 7.77164 58.848 2
      vertex 7.89778 58.4765 2
    endloop
  endfacet
  facet normal 0 0 1
    outer loop
      vertex 52 53.7 2
      vertex 7.59808 59.2 2
      vertex 7.77164 58.848 2
    endloop
  endfacet
  facet normal 0 0 1
    outer loop
      vertex 52 53.7 2
      vertex 7.38006 59.5263 2
      vertex 7.59808 59.2 2
    endloop
  endfacet
  facet normal 0 0 1
    outer loop
      vertex 52 53.7 2
      vertex 7.12132 59.8213 2
      vertex 7.38006 59.5263 2
    endloop
  endfacet
  facet normal 0 0 1
    outer loop
      vertex 52 53.7 2
      vertex 6.82628 60.0801 2
      vertex 7.12132 59.8213 2
    endloop
  endfacet
  facet normal 0 0 1
    outer loop
      vertex 52 53.7 2
      vertex 6.5 60.2981 2
      vertex 6.82628 60.0801 2
    endloop
  endfacet
  facet normal 0 0 1
    outer loop
      vertex 69.452 60.4716 2
      vertex 6.14805 60.4716 2
      vertex 6.5 60.2981 2
    endloop
  endfacet
  facet normal 0 0 1
    outer loop
      vertex 69.8235 60.5978 2
      vertex 5.77646 60.5978 2
      vertex 6.14805 60.4716 2
    endloop
  endfacet
  facet normal 0 0 1
    outer loop
      vertex 70.2084 60.6743 2
      vertex 5.39158 60.6743 2
      vertex 5.77646 60.5978 2
    endloop
  endfacet
  facet normal 0 -0 1
    outer loop
      vertex 5.39158 60.6743 2
      vertex 70.6 60.7 2
      vertex 5 60.7 2
    endloop
  endfacet
  facet normal -0 0 1
    outer loop
      vertex 73.5743 57.3084 2
      vertex 73.6 5 2
      vertex 73.6 57.7 2
    endloop
  endfacet
  facet normal 0 0 1
    outer loop
      vertex 73.5743 57.3084 2
      vertex 73.5743 5.39158 2
      vertex 73.6 5 2
    endloop
  endfacet
  facet normal -0 0 1
    outer loop
      vertex 73.4978 56.9235 2
      vertex 73.5743 5.39158 2
      vertex 73.5743 57.3084 2
    endloop
  endfacet
  facet normal 0 0 1
    outer loop
      vertex 73.4978 56.9235 2
      vertex 73.4978 5.77646 2
      vertex 73.5743 5.39158 2
    endloop
  endfacet
  facet normal -0 0 1
    outer loop
      vertex 73.3716 56.5519 2
      vertex 73.4978 5.77646 2
      vertex 73.4978 56.9235 2
    endloop
  endfacet
  facet normal 0 0 1
    outer loop
      vertex 73.3716 56.5519 2
      vertex 73.3716 6.14805 2
      vertex 73.4978 5.77646 2
    endloop
  endfacet
  facet normal -0 0 1
    outer loop
      vertex 73.1981 56.2 2
      vertex 73.3716 6.14805 2
      vertex 73.3716 56.5519 2
    endloop
  endfacet
  facet normal 0 0 1
    outer loop
      vertex 73.1981 56.2 2
      vertex 73.1981 6.5 2
      vertex 73.3716 6.14805 2
    endloop
  endfacet
  facet normal -0 0 1
    outer loop
      vertex 72.9801 55.8737 2
      vertex 73.1981 6.5 2
      vertex 73.1981 56.2 2
    endloop
  endfacet
  facet normal 0 0 1
    outer loop
      vertex 72.9801 55.8737 2
      vertex 72.9801 6.82628 2
      vertex 73.1981 6.5 2
    endloop
  endfacet
  facet normal -0 0 1
    outer loop
      vertex 72.7213 55.5787 2
      vertex 72.9801 6.82628 2
      vertex 72.9801 55.8737 2
    endloop
  endfacet
  facet normal 0 0 1
    outer loop
      vertex 72.7213 55.5787 2
      vertex 72.7213 7.12132 2
      vertex 72.9801 6.82628 2
    endloop
  endfacet
  facet normal -0 0 1
    outer loop
      vertex 72.4263 55.3199 2
      vertex 72.7213 7.12132 2
      vertex 72.7213 55.5787 2
    endloop
  endfacet
  facet normal 0 0 1
    outer loop
      vertex 72.4263 55.3199 2
      vertex 72.4263 7.38006 2
      vertex 72.7213 7.12132 2
    endloop
  endfacet
  facet normal -0 0 1
    outer loop
      vertex 72.1 55.1019 2
      vertex 72.4263 7.38006 2
      vertex 72.4263 55.3199 2
    endloop
  endfacet
  facet normal 0 0 1
    outer loop
      vertex 72.1 55.1019 2
      vertex 72.1 7.59808 2
      vertex 72.4263 7.38006 2
    endloop
  endfacet
  facet normal -0 0 1
    outer loop
      vertex 71.748 54.9284 2
      vertex 72.1 7.59808 2
      vertex 72.1 55.1019 2
    endloop
  endfacet
  facet normal 0 0 1
    outer loop
      vertex 71.748 54.9284 2
      vertex 71.748 7.77164 2
      vertex 72.1 7.59808 2
    endloop
  endfacet
  facet normal -0 0 1
    outer loop
      vertex 71.3765 54.8022 2
      vertex 71.748 7.77164 2
      vertex 71.748 54.9284 2
    endloop
  endfacet
  facet normal 0 0 1
    outer loop
      vertex 71.3765 54.8022 2
      vertex 71.3765 7.89778 2
      vertex 71.748 7.77164 2
    endloop
  endfacet
  facet normal 0 0 1
    outer loop
      vertex 53.6 29.85 2
      vertex 71.3765 54.8022 2
      vertex 70.9916 54.7257 2
    endloop
  endfacet
  facet normal 0 0 1
    outer loop
      vertex 71.3765 54.8022 2
      vertex 53.6 29.85 2
      vertex 71.3765 7.89778 2
    endloop
  endfacet
  facet normal 0 0 1
    outer loop
      vertex 53.6 29.85 2
      vertex 70.9916 54.7257 2
      vertex 70.6 54.7 2
    endloop
  endfacet
  facet normal 0 0 1
    outer loop
      vertex 71.3765 7.89778 2
      vertex 53.6 29.85 2
      vertex 70.9916 7.97433 2
    endloop
  endfacet
  facet normal 0 0 1
    outer loop
      vertex 53.6 29.85 2
      vertex 70.2084 54.7257 2
      vertex 53.6 47.85 2
    endloop
  endfacet
  facet normal 0 0 1
    outer loop
      vertex 70.2084 54.7257 2
      vertex 53.6 29.85 2
      vertex 70.6 54.7 2
    endloop
  endfacet
  facet normal 0 0 1
    outer loop
      vertex 53.6 47.85 2
      vertex 70.2084 54.7257 2
      vertex 69.8235 54.8022 2
    endloop
  endfacet
  facet normal -0 0 1
    outer loop
      vertex 53.6 25.6 2
      vertex 70.9916 7.97433 2
      vertex 53.6 29.85 2
    endloop
  endfacet
  facet normal 0 0 1
    outer loop
      vertex 69.1 55.1019 2
      vertex 53.6 47.85 2
      vertex 69.452 54.9284 2
    endloop
  endfacet
  facet normal 0 0 1
    outer loop
      vertex 69.452 54.9284 2
      vertex 53.6 47.85 2
      vertex 69.8235 54.8022 2
    endloop
  endfacet
  facet normal 0 0 1
    outer loop
      vertex 68.7737 55.3199 2
      vertex 53.6 47.85 2
      vertex 69.1 55.1019 2
    endloop
  endfacet
  facet normal 0 0 1
    outer loop
      vertex 70.9916 7.97433 2
      vertex 53.6 25.6 2
      vertex 70.6 8 2
    endloop
  endfacet
  facet normal 0 0 1
    outer loop
      vertex 68.4787 55.5787 2
      vertex 53.6 47.85 2
      vertex 68.7737 55.3199 2
    endloop
  endfacet
  facet normal 0 0 1
    outer loop
      vertex 70.6 8 2
      vertex 53.6 25.6 2
      vertex 70.2084 7.97433 2
    endloop
  endfacet
  facet normal 0 0 1
    outer loop
      vertex 53.6 47.85 2
      vertex 68.4787 55.5787 2
      vertex 53.6 52.1 2
    endloop
  endfacet
  facet normal 0 0 1
    outer loop
      vertex 70.2084 7.97433 2
      vertex 53.6 25.6 2
      vertex 69.8235 7.89778 2
    endloop
  endfacet
  facet normal 0 0 1
    outer loop
      vertex 53.6 52.1 2
      vertex 68.4787 55.5787 2
      vertex 68.2199 55.8737 2
    endloop
  endfacet
  facet normal 0 0 1
    outer loop
      vertex 69.8235 7.89778 2
      vertex 53.6 25.6 2
      vertex 69.452 7.77164 2
    endloop
  endfacet
  facet normal 0 0 1
    outer loop
      vertex 53.6 52.1 2
      vertex 68.2199 55.8737 2
      vertex 68.0019 56.2 2
    endloop
  endfacet
  facet normal 0 0 1
    outer loop
      vertex 69.452 7.77164 2
      vertex 53.6 25.6 2
      vertex 69.1 7.59808 2
    endloop
  endfacet
  facet normal 0 0 1
    outer loop
      vertex 53.6 52.1 2
      vertex 68.0019 56.2 2
      vertex 67.8284 56.5519 2
    endloop
  endfacet
  facet normal 0 0 1
    outer loop
      vertex 69.1 7.59808 2
      vertex 53.6 25.6 2
      vertex 68.7737 7.38006 2
    endloop
  endfacet
  facet normal 0 0 1
    outer loop
      vertex 53.6 52.1 2
      vertex 67.8284 56.5519 2
      vertex 67.7022 56.9235 2
    endloop
  endfacet
  facet normal -0 0 1
    outer loop
      vertex 52 24 2
      vertex 68.7737 7.38006 2
      vertex 53.6 25.6 2
    endloop
  endfacet
  facet normal 0 0 1
    outer loop
      vertex 53.6 52.1 2
      vertex 67.7022 56.9235 2
      vertex 67.6257 57.3084 2
    endloop
  endfacet
  facet normal 0 0 1
    outer loop
      vertex 68.7737 7.38006 2
      vertex 52 24 2
      vertex 68.4787 7.12132 2
    endloop
  endfacet
  facet normal 0 0 1
    outer loop
      vertex 53.6 52.1 2
      vertex 67.6257 57.3084 2
      vertex 67.6 57.7 2
    endloop
  endfacet
  facet normal 0 0 1
    outer loop
      vertex 68.4787 7.12132 2
      vertex 52 24 2
      vertex 68.2199 6.82628 2
    endloop
  endfacet
  facet normal -0 0 1
    outer loop
      vertex 46.2716 8.14805 2
      vertex 68.0019 6.5 2
      vertex 52 24 2
    endloop
  endfacet
  facet normal 0 0 1
    outer loop
      vertex 46.4743 7.39158 2
      vertex 67.8284 6.14805 2
      vertex 68.0019 6.5 2
    endloop
  endfacet
  facet normal 0 0 1
    outer loop
      vertex 46.4743 7.39158 2
      vertex 67.7022 5.77646 2
      vertex 67.8284 6.14805 2
    endloop
  endfacet
  facet normal 0 0 1
    outer loop
      vertex 67.7022 5.77646 2
      vertex 46.5 7 2
      vertex 67.6257 5.39158 2
    endloop
  endfacet
  facet normal -0 0 1
    outer loop
      vertex 46.4743 6.60842 2
      vertex 67.6257 5.39158 2
      vertex 46.5 7 2
    endloop
  endfacet
  facet normal 0 0 1
    outer loop
      vertex 67.6257 5.39158 2
      vertex 46.4743 6.60842 2
      vertex 67.6 5 2
    endloop
  endfacet
  facet normal -0 0 1
    outer loop
      vertex 46.3978 6.22354 2
      vertex 67.6 5 2
      vertex 46.4743 6.60842 2
    endloop
  endfacet
  facet normal 0 0 1
    outer loop
      vertex 52 24 2
      vertex 53.6 25.6 2
      vertex 52 25.6 2
    endloop
  endfacet
  facet normal 0 0 1
    outer loop
      vertex 67.6 5 2
      vertex 46.3978 6.22354 2
      vertex 67.6257 4.60842 2
    endloop
  endfacet
  facet normal -0 0 1
    outer loop
      vertex 46.2716 5.85195 2
      vertex 67.6257 4.60842 2
      vertex 46.3978 6.22354 2
    endloop
  endfacet
  facet normal 0 0 1
    outer loop
      vertex 67.6257 4.60842 2
      vertex 46.2716 5.85195 2
      vertex 67.7022 4.22354 2
    endloop
  endfacet
  facet normal -0 0 1
    outer loop
      vertex 46.0981 5.5 2
      vertex 67.7022 4.22354 2
      vertex 46.2716 5.85195 2
    endloop
  endfacet
  facet normal 0 0 1
    outer loop
      vertex 67.7022 4.22354 2
      vertex 46.0981 5.5 2
      vertex 67.8284 3.85195 2
    endloop
  endfacet
  facet normal -0 0 1
    outer loop
      vertex 45.8801 5.17372 2
      vertex 67.8284 3.85195 2
      vertex 46.0981 5.5 2
    endloop
  endfacet
  facet normal 0 0 1
    outer loop
      vertex 67.8284 3.85195 2
      vertex 45.8801 5.17372 2
      vertex 68.0019 3.5 2
    endloop
  endfacet
  facet normal -0 0 1
    outer loop
      vertex 45.6213 4.87868 2
      vertex 68.0019 3.5 2
      vertex 45.8801 5.17372 2
    endloop
  endfacet
  facet normal 0 0 1
    outer loop
      vertex 68.0019 3.5 2
      vertex 45.6213 4.87868 2
      vertex 68.2199 3.17372 2
    endloop
  endfacet
  facet normal -0 0 1
    outer loop
      vertex 45.3263 4.61994 2
      vertex 68.2199 3.17372 2
      vertex 45.6213 4.87868 2
    endloop
  endfacet
  facet normal 0 0 1
    outer loop
      vertex 68.2199 3.17372 2
      vertex 45.3263 4.61994 2
      vertex 68.4787 2.87868 2
    endloop
  endfacet
  facet normal -0 0 1
    outer loop
      vertex 45 4.40192 2
      vertex 68.4787 2.87868 2
      vertex 45.3263 4.61994 2
    endloop
  endfacet
  facet normal 0 0 1
    outer loop
      vertex 68.4787 2.87868 2
      vertex 45 4.40192 2
      vertex 68.7737 2.61994 2
    endloop
  endfacet
  facet normal -0 0 1
    outer loop
      vertex 44.648 4.22836 2
      vertex 68.7737 2.61994 2
      vertex 45 4.40192 2
    endloop
  endfacet
  facet normal 0 0 1
    outer loop
      vertex 68.7737 2.61994 2
      vertex 44.648 4.22836 2
      vertex 69.1 2.40192 2
    endloop
  endfacet
  facet normal -0 0 1
    outer loop
      vertex 44.2765 4.10222 2
      vertex 69.1 2.40192 2
      vertex 44.648 4.22836 2
    endloop
  endfacet
  facet normal 0 0 1
    outer loop
      vertex 69.1 2.40192 2
      vertex 44.2765 4.10222 2
      vertex 69.452 2.22836 2
    endloop
  endfacet
  facet normal -0 0 1
    outer loop
      vertex 43.8916 4.02567 2
      vertex 69.452 2.22836 2
      vertex 44.2765 4.10222 2
    endloop
  endfacet
  facet normal 0 0 1
    outer loop
      vertex 69.452 2.22836 2
      vertex 43.8916 4.02567 2
      vertex 69.8235 2.10222 2
    endloop
  endfacet
  facet normal -0 0 1
    outer loop
      vertex 43.5 4 2
      vertex 69.8235 2.10222 2
      vertex 43.8916 4.02567 2
    endloop
  endfacet
  facet normal 0 0 1
    outer loop
      vertex 69.8235 2.10222 2
      vertex 43.5 4 2
      vertex 70.2084 2.02567 2
    endloop
  endfacet
  facet normal 0 0 1
    outer loop
      vertex 5.39158 2.02567 2
      vertex 43.5 4 2
      vertex 43.1084 4.02567 2
    endloop
  endfacet
  facet normal 0 0 1
    outer loop
      vertex 40.5257 7.39158 2
      vertex 16.5 7 2
      vertex 40.5 7 2
    endloop
  endfacet
  facet normal 0 0 1
    outer loop
      vertex 40.5 7 2
      vertex 16.5 7 2
      vertex 40.5257 6.60842 2
    endloop
  endfacet
  facet normal 0 0 1
    outer loop
      vertex 16.4743 6.60842 2
      vertex 40.5257 6.60842 2
      vertex 16.5 7 2
    endloop
  endfacet
  facet normal 0 0 1
    outer loop
      vertex 40.5257 6.60842 2
      vertex 16.4743 6.60842 2
      vertex 40.6022 6.22354 2
    endloop
  endfacet
  facet normal 0 0 1
    outer loop
      vertex 16.3978 6.22354 2
      vertex 40.6022 6.22354 2
      vertex 16.4743 6.60842 2
    endloop
  endfacet
  facet normal 0 0 1
    outer loop
      vertex 40.6022 6.22354 2
      vertex 16.3978 6.22354 2
      vertex 40.7284 5.85195 2
    endloop
  endfacet
  facet normal 0 0 1
    outer loop
      vertex 16.2716 5.85195 2
      vertex 40.7284 5.85195 2
      vertex 16.3978 6.22354 2
    endloop
  endfacet
  facet normal 0 0 1
    outer loop
      vertex 40.7284 5.85195 2
      vertex 16.2716 5.85195 2
      vertex 40.9019 5.5 2
    endloop
  endfacet
  facet normal 0 0 1
    outer loop
      vertex 16.0981 5.5 2
      vertex 40.9019 5.5 2
      vertex 16.2716 5.85195 2
    endloop
  endfacet
  facet normal 0 0 1
    outer loop
      vertex 40.9019 5.5 2
      vertex 16.0981 5.5 2
      vertex 41.1199 5.17372 2
    endloop
  endfacet
  facet normal 0 0 1
    outer loop
      vertex 15.8801 5.17372 2
      vertex 41.1199 5.17372 2
      vertex 16.0981 5.5 2
    endloop
  endfacet
  facet normal 0 0 1
    outer loop
      vertex 41.1199 5.17372 2
      vertex 15.8801 5.17372 2
      vertex 41.3787 4.87868 2
    endloop
  endfacet
  facet normal 0 0 1
    outer loop
      vertex 15.6213 4.87868 2
      vertex 41.3787 4.87868 2
      vertex 15.8801 5.17372 2
    endloop
  endfacet
  facet normal 0 0 1
    outer loop
      vertex 41.3787 4.87868 2
      vertex 15.6213 4.87868 2
      vertex 41.6737 4.61994 2
    endloop
  endfacet
  facet normal 0 0 1
    outer loop
      vertex 15.3263 4.61994 2
      vertex 41.6737 4.61994 2
      vertex 15.6213 4.87868 2
    endloop
  endfacet
  facet normal 0 0 1
    outer loop
      vertex 41.6737 4.61994 2
      vertex 15.3263 4.61994 2
      vertex 42 4.40192 2
    endloop
  endfacet
  facet normal 0 0 1
    outer loop
      vertex 15 4.40192 2
      vertex 42 4.40192 2
      vertex 15.3263 4.61994 2
    endloop
  endfacet
  facet normal 0 0 1
    outer loop
      vertex 42 4.40192 2
      vertex 15 4.40192 2
      vertex 42.352 4.22836 2
    endloop
  endfacet
  facet normal 0 0 1
    outer loop
      vertex 14.648 4.22836 2
      vertex 42.352 4.22836 2
      vertex 15 4.40192 2
    endloop
  endfacet
  facet normal 0 0 1
    outer loop
      vertex 42.352 4.22836 2
      vertex 14.648 4.22836 2
      vertex 42.7235 4.10222 2
    endloop
  endfacet
  facet normal 0 0 1
    outer loop
      vertex 14.2765 4.10222 2
      vertex 42.7235 4.10222 2
      vertex 14.648 4.22836 2
    endloop
  endfacet
  facet normal 0 0 1
    outer loop
      vertex 42.7235 4.10222 2
      vertex 14.2765 4.10222 2
      vertex 43.1084 4.02567 2
    endloop
  endfacet
  facet normal 0 0 1
    outer loop
      vertex 13.8916 4.02567 2
      vertex 43.1084 4.02567 2
      vertex 14.2765 4.10222 2
    endloop
  endfacet
  facet normal 0 0 1
    outer loop
      vertex 5.77646 2.10222 2
      vertex 43.1084 4.02567 2
      vertex 13.8916 4.02567 2
    endloop
  endfacet
  facet normal 0 0 1
    outer loop
      vertex 5.39158 2.02567 2
      vertex 43.1084 4.02567 2
      vertex 5.77646 2.10222 2
    endloop
  endfacet
  facet normal 0 0 1
    outer loop
      vertex 6.14805 2.22836 2
      vertex 13.8916 4.02567 2
      vertex 13.5 4 2
    endloop
  endfacet
  facet normal 0 0 1
    outer loop
      vertex 8 5 2
      vertex 10.5257 6.60842 2
      vertex 10.5 7 2
    endloop
  endfacet
  facet normal 0 0 1
    outer loop
      vertex 8 5 2
      vertex 10.6022 6.22354 2
      vertex 10.5257 6.60842 2
    endloop
  endfacet
  facet normal 0 0 1
    outer loop
      vertex 8 5 2
      vertex 10.7284 5.85195 2
      vertex 10.6022 6.22354 2
    endloop
  endfacet
  facet normal 0 0 1
    outer loop
      vertex 8 5 2
      vertex 10.9019 5.5 2
      vertex 10.7284 5.85195 2
    endloop
  endfacet
  facet normal 0 0 1
    outer loop
      vertex 7.97433 4.60842 2
      vertex 10.9019 5.5 2
      vertex 8 5 2
    endloop
  endfacet
  facet normal 0 0 1
    outer loop
      vertex 10.9019 5.5 2
      vertex 7.97433 4.60842 2
      vertex 11.1199 5.17372 2
    endloop
  endfacet
  facet normal 0 0 1
    outer loop
      vertex 7.89778 4.22354 2
      vertex 11.1199 5.17372 2
      vertex 7.97433 4.60842 2
    endloop
  endfacet
  facet normal 0 0 1
    outer loop
      vertex 11.1199 5.17372 2
      vertex 7.89778 4.22354 2
      vertex 11.3787 4.87868 2
    endloop
  endfacet
  facet normal 0 0 1
    outer loop
      vertex 7.77164 3.85195 2
      vertex 11.3787 4.87868 2
      vertex 7.89778 4.22354 2
    endloop
  endfacet
  facet normal 0 0 1
    outer loop
      vertex 11.3787 4.87868 2
      vertex 7.77164 3.85195 2
      vertex 11.6737 4.61994 2
    endloop
  endfacet
  facet normal 0 0 1
    outer loop
      vertex 7.59808 3.5 2
      vertex 11.6737 4.61994 2
      vertex 7.77164 3.85195 2
    endloop
  endfacet
  facet normal 0 0 1
    outer loop
      vertex 11.6737 4.61994 2
      vertex 7.59808 3.5 2
      vertex 12 4.40192 2
    endloop
  endfacet
  facet normal 0 0 1
    outer loop
      vertex 7.38006 3.17372 2
      vertex 12 4.40192 2
      vertex 7.59808 3.5 2
    endloop
  endfacet
  facet normal 0 0 1
    outer loop
      vertex 12 4.40192 2
      vertex 7.38006 3.17372 2
      vertex 12.3519 4.22836 2
    endloop
  endfacet
  facet normal 0 0 1
    outer loop
      vertex 7.12132 2.87868 2
      vertex 12.3519 4.22836 2
      vertex 7.38006 3.17372 2
    endloop
  endfacet
  facet normal 0 0 1
    outer loop
      vertex 12.3519 4.22836 2
      vertex 7.12132 2.87868 2
      vertex 12.7235 4.10222 2
    endloop
  endfacet
  facet normal 0 0 1
    outer loop
      vertex 6.82628 2.61994 2
      vertex 12.7235 4.10222 2
      vertex 7.12132 2.87868 2
    endloop
  endfacet
  facet normal 0 0 1
    outer loop
      vertex 12.7235 4.10222 2
      vertex 6.82628 2.61994 2
      vertex 13.1084 4.02567 2
    endloop
  endfacet
  facet normal 0 0 1
    outer loop
      vertex 6.5 2.40192 2
      vertex 13.1084 4.02567 2
      vertex 6.82628 2.61994 2
    endloop
  endfacet
  facet normal 0 0 1
    outer loop
      vertex 13.1084 4.02567 2
      vertex 6.5 2.40192 2
      vertex 13.5 4 2
    endloop
  endfacet
  facet normal 0 0 1
    outer loop
      vertex 6.14805 2.22836 2
      vertex 13.5 4 2
      vertex 6.5 2.40192 2
    endloop
  endfacet
  facet normal 0 0 1
    outer loop
      vertex 13.8916 4.02567 2
      vertex 6.14805 2.22836 2
      vertex 5.77646 2.10222 2
    endloop
  endfacet
  facet normal 0 0 1
    outer loop
      vertex 43.5 4 2
      vertex 5.39158 2.02567 2
      vertex 70.2084 2.02567 2
    endloop
  endfacet
  facet normal 0 0 1
    outer loop
      vertex 70.2084 2.02567 2
      vertex 5.39158 2.02567 2
      vertex 70.6 2 2
    endloop
  endfacet
  facet normal 0 0 1
    outer loop
      vertex 70.6 2 2
      vertex 5.39158 2.02567 2
      vertex 5 2 2
    endloop
  endfacet
  facet normal 0 0 1
    outer loop
      vertex 53.6 52.1 2
      vertex 52 53.7 2
      vertex 52 52.1 2
    endloop
  endfacet
  facet normal 0 0 1
    outer loop
      vertex 4.60842 2.02567 2
      vertex 2 2 2
      vertex 5 2 2
    endloop
  endfacet
  facet normal 0 0 1
    outer loop
      vertex 4.22354 2.10222 2
      vertex 2 2 2
      vertex 4.60842 2.02567 2
    endloop
  endfacet
  facet normal 0 0 1
    outer loop
      vertex 3.85195 2.22836 2
      vertex 2 2 2
      vertex 4.22354 2.10222 2
    endloop
  endfacet
  facet normal 0 0 1
    outer loop
      vertex 3.5 2.40192 2
      vertex 2 2 2
      vertex 3.85195 2.22836 2
    endloop
  endfacet
  facet normal 0 0 1
    outer loop
      vertex 3.17372 2.61994 2
      vertex 2 2 2
      vertex 3.5 2.40192 2
    endloop
  endfacet
  facet normal 0 0 1
    outer loop
      vertex 2.87868 2.87868 2
      vertex 2 2 2
      vertex 3.17372 2.61994 2
    endloop
  endfacet
  facet normal 0 0 1
    outer loop
      vertex 2.61994 3.17372 2
      vertex 2 2 2
      vertex 2.87868 2.87868 2
    endloop
  endfacet
  facet normal 0 0 1
    outer loop
      vertex 2.40192 3.5 2
      vertex 2 2 2
      vertex 2.61994 3.17372 2
    endloop
  endfacet
  facet normal 0 0 1
    outer loop
      vertex 2.22836 3.85195 2
      vertex 2 2 2
      vertex 2.40192 3.5 2
    endloop
  endfacet
  facet normal 0 0 1
    outer loop
      vertex 2.10222 4.22354 2
      vertex 2 2 2
      vertex 2.22836 3.85195 2
    endloop
  endfacet
  facet normal 0 0 1
    outer loop
      vertex 2.02567 4.60842 2
      vertex 2 2 2
      vertex 2.10222 4.22354 2
    endloop
  endfacet
  facet normal 0 0 1
    outer loop
      vertex 2 2 2
      vertex 2.02567 4.60842 2
      vertex 2 5 2
    endloop
  endfacet
  facet normal -0 0 1
    outer loop
      vertex 2 60.7 2
      vertex 4.60842 60.6743 2
      vertex 5 60.7 2
    endloop
  endfacet
  facet normal 0 0 1
    outer loop
      vertex 2 60.7 2
      vertex 4.22354 60.5978 2
      vertex 4.60842 60.6743 2
    endloop
  endfacet
  facet normal 0 0 1
    outer loop
      vertex 2 60.7 2
      vertex 3.85195 60.4716 2
      vertex 4.22354 60.5978 2
    endloop
  endfacet
  facet normal 0 0 1
    outer loop
      vertex 2 60.7 2
      vertex 3.5 60.2981 2
      vertex 3.85195 60.4716 2
    endloop
  endfacet
  facet normal 0 0 1
    outer loop
      vertex 2 60.7 2
      vertex 3.17372 60.0801 2
      vertex 3.5 60.2981 2
    endloop
  endfacet
  facet normal 0 0 1
    outer loop
      vertex 2 60.7 2
      vertex 2.87868 59.8213 2
      vertex 3.17372 60.0801 2
    endloop
  endfacet
  facet normal 0 0 1
    outer loop
      vertex 2 60.7 2
      vertex 2.61994 59.5263 2
      vertex 2.87868 59.8213 2
    endloop
  endfacet
  facet normal 0 0 1
    outer loop
      vertex 2 60.7 2
      vertex 2.40192 59.2 2
      vertex 2.61994 59.5263 2
    endloop
  endfacet
  facet normal 0 0 1
    outer loop
      vertex 2 60.7 2
      vertex 2.22836 58.848 2
      vertex 2.40192 59.2 2
    endloop
  endfacet
  facet normal 0 0 1
    outer loop
      vertex 2 60.7 2
      vertex 2.10222 58.4765 2
      vertex 2.22836 58.848 2
    endloop
  endfacet
  facet normal 0 0 1
    outer loop
      vertex 2 60.7 2
      vertex 2.02567 58.0916 2
      vertex 2.10222 58.4765 2
    endloop
  endfacet
  facet normal 0 0 1
    outer loop
      vertex 2.02567 58.0916 2
      vertex 2 60.7 2
      vertex 2 57.7 2
    endloop
  endfacet
  facet normal 0 0 1
    outer loop
      vertex 73.6 60.7 2
      vertex 73.5743 58.0916 2
      vertex 73.6 57.7 2
    endloop
  endfacet
  facet normal 0 0 1
    outer loop
      vertex 73.6 60.7 2
      vertex 73.4978 58.4765 2
      vertex 73.5743 58.0916 2
    endloop
  endfacet
  facet normal 0 0 1
    outer loop
      vertex 73.6 60.7 2
      vertex 73.3716 58.848 2
      vertex 73.4978 58.4765 2
    endloop
  endfacet
  facet normal 0 0 1
    outer loop
      vertex 73.6 60.7 2
      vertex 73.1981 59.2 2
      vertex 73.3716 58.848 2
    endloop
  endfacet
  facet normal 0 0 1
    outer loop
      vertex 73.6 60.7 2
      vertex 72.9801 59.5263 2
      vertex 73.1981 59.2 2
    endloop
  endfacet
  facet normal 0 0 1
    outer loop
      vertex 73.6 60.7 2
      vertex 72.7213 59.8213 2
      vertex 72.9801 59.5263 2
    endloop
  endfacet
  facet normal 0 0 1
    outer loop
      vertex 73.6 60.7 2
      vertex 72.4263 60.0801 2
      vertex 72.7213 59.8213 2
    endloop
  endfacet
  facet normal 0 0 1
    outer loop
      vertex 73.6 60.7 2
      vertex 72.1 60.2981 2
      vertex 72.4263 60.0801 2
    endloop
  endfacet
  facet normal 0 0 1
    outer loop
      vertex 73.6 60.7 2
      vertex 71.748 60.4716 2
      vertex 72.1 60.2981 2
    endloop
  endfacet
  facet normal 0 0 1
    outer loop
      vertex 73.6 60.7 2
      vertex 71.3765 60.5978 2
      vertex 71.748 60.4716 2
    endloop
  endfacet
  facet normal 0 0 1
    outer loop
      vertex 73.6 60.7 2
      vertex 70.9916 60.6743 2
      vertex 71.3765 60.5978 2
    endloop
  endfacet
  facet normal 0 -0 1
    outer loop
      vertex 70.9916 60.6743 2
      vertex 73.6 60.7 2
      vertex 70.6 60.7 2
    endloop
  endfacet
  facet normal -0 0 1
    outer loop
      vertex 73.5743 4.60842 2
      vertex 73.6 2 2
      vertex 73.6 5 2
    endloop
  endfacet
  facet normal -0 0 1
    outer loop
      vertex 73.4978 4.22354 2
      vertex 73.6 2 2
      vertex 73.5743 4.60842 2
    endloop
  endfacet
  facet normal -0 0 1
    outer loop
      vertex 73.3716 3.85195 2
      vertex 73.6 2 2
      vertex 73.4978 4.22354 2
    endloop
  endfacet
  facet normal -0 0 1
    outer loop
      vertex 73.1981 3.5 2
      vertex 73.6 2 2
      vertex 73.3716 3.85195 2
    endloop
  endfacet
  facet normal -0 0 1
    outer loop
      vertex 72.9801 3.17372 2
      vertex 73.6 2 2
      vertex 73.1981 3.5 2
    endloop
  endfacet
  facet normal -0 0 1
    outer loop
      vertex 72.7213 2.87868 2
      vertex 73.6 2 2
      vertex 72.9801 3.17372 2
    endloop
  endfacet
  facet normal -0 0 1
    outer loop
      vertex 72.4263 2.61994 2
      vertex 73.6 2 2
      vertex 72.7213 2.87868 2
    endloop
  endfacet
  facet normal -0 0 1
    outer loop
      vertex 72.1 2.40192 2
      vertex 73.6 2 2
      vertex 72.4263 2.61994 2
    endloop
  endfacet
  facet normal -0 0 1
    outer loop
      vertex 71.748 2.22836 2
      vertex 73.6 2 2
      vertex 72.1 2.40192 2
    endloop
  endfacet
  facet normal -0 0 1
    outer loop
      vertex 71.3765 2.10222 2
      vertex 73.6 2 2
      vertex 71.748 2.22836 2
    endloop
  endfacet
  facet normal -0 0 1
    outer loop
      vertex 70.9916 2.02567 2
      vertex 73.6 2 2
      vertex 71.3765 2.10222 2
    endloop
  endfacet
  facet normal 0 0 1
    outer loop
      vertex 73.6 2 2
      vertex 70.9916 2.02567 2
      vertex 70.6 2 2
    endloop
  endfacet
  facet normal 1 -0 0
    outer loop
      vertex 2 2 25
      vertex 2 5 2
      vertex 2 5 25
    endloop
  endfacet
  facet normal 1 0 0
    outer loop
      vertex 2 5 2
      vertex 2 2 25
      vertex 2 2 2
    endloop
  endfacet
  facet normal 1 0 0
    outer loop
      vertex 2 57.7 25
      vertex 2 53.7 22.5
      vertex 2 57.7 2
    endloop
  endfacet
  facet normal 1 0 0
    outer loop
      vertex 2 57.7 25
      vertex 2 52.1 22.5
      vertex 2 53.7 22.5
    endloop
  endfacet
  facet normal 1 0 0
    outer loop
      vertex 2 43.85 21
      vertex 2 52.1 22.5
      vertex 2 43.85 24.1
    endloop
  endfacet
  facet normal 1 0 0
    outer loop
      vertex 2 57.7 25
      vertex 2 43.85 24.1
      vertex 2 52.1 22.5
    endloop
  endfacet
  facet normal 1 0 0
    outer loop
      vertex 2 57.7 25
      vertex 2 31.85 24.1
      vertex 2 43.85 24.1
    endloop
  endfacet
  facet normal 1 0 0
    outer loop
      vertex 2 31.85 24.1
      vertex 2 24 21
      vertex 2 31.85 21
    endloop
  endfacet
  facet normal 1 -0 0
    outer loop
      vertex 2 5 25
      vertex 2 31.85 24.1
      vertex 2 57.7 25
    endloop
  endfacet
  facet normal 1 0 0
    outer loop
      vertex 2 5 25
      vertex 2 24 21
      vertex 2 31.85 24.1
    endloop
  endfacet
  facet normal 1 0 0
    outer loop
      vertex 2 5 2
      vertex 2 24 21
      vertex 2 5 25
    endloop
  endfacet
  facet normal 1 0 0
    outer loop
      vertex 2 24 21
      vertex 2 5 2
      vertex 2 24 2
    endloop
  endfacet
  facet normal 1 0 0
    outer loop
      vertex 2 57.7 2
      vertex 2 53.7 22.5
      vertex 2 53.7 2
    endloop
  endfacet
  facet normal 1 0 0
    outer loop
      vertex 2 52.1 22.5
      vertex 2 43.85 21
      vertex 2 52.1 21
    endloop
  endfacet
  facet normal 1 -0 0
    outer loop
      vertex 2 57.7 25
      vertex 2 60.7 2
      vertex 2 60.7 25
    endloop
  endfacet
  facet normal 1 0 0
    outer loop
      vertex 2 60.7 2
      vertex 2 57.7 25
      vertex 2 57.7 2
    endloop
  endfacet
  facet normal 0 -1 0
    outer loop
      vertex 42.4 60.7 13
      vertex 44.2 60.7 20
      vertex 42.4 60.7 20
    endloop
  endfacet
  facet normal 0 -1 -0
    outer loop
      vertex 44.2 60.7 20
      vertex 42.4 60.7 13
      vertex 44.2 60.7 13
    endloop
  endfacet
  facet normal 0 -1 0
    outer loop
      vertex 39.2 60.7 13
      vertex 41 60.7 20
      vertex 39.2 60.7 20
    endloop
  endfacet
  facet normal 0 -1 -0
    outer loop
      vertex 41 60.7 20
      vertex 39.2 60.7 13
      vertex 41 60.7 13
    endloop
  endfacet
  facet normal 0 -1 0
    outer loop
      vertex 36 60.7 13
      vertex 37.8 60.7 20
      vertex 36 60.7 20
    endloop
  endfacet
  facet normal 0 -1 -0
    outer loop
      vertex 37.8 60.7 20
      vertex 36 60.7 13
      vertex 37.8 60.7 13
    endloop
  endfacet
  facet normal 0 -1 0
    outer loop
      vertex 32.8 60.7 13
      vertex 34.6 60.7 20
      vertex 32.8 60.7 20
    endloop
  endfacet
  facet normal 0 -1 -0
    outer loop
      vertex 34.6 60.7 20
      vertex 32.8 60.7 13
      vertex 34.6 60.7 13
    endloop
  endfacet
  facet normal 0 -1 0
    outer loop
      vertex 29.6 60.7 13
      vertex 31.4 60.7 20
      vertex 29.6 60.7 20
    endloop
  endfacet
  facet normal 0 -1 -0
    outer loop
      vertex 31.4 60.7 20
      vertex 29.6 60.7 13
      vertex 31.4 60.7 13
    endloop
  endfacet
  facet normal 0 -1 0
    outer loop
      vertex 26.4 60.7 13
      vertex 28.2 60.7 20
      vertex 26.4 60.7 20
    endloop
  endfacet
  facet normal 0 -1 -0
    outer loop
      vertex 28.2 60.7 20
      vertex 26.4 60.7 13
      vertex 28.2 60.7 13
    endloop
  endfacet
  facet normal 0 -1 0
    outer loop
      vertex 26.4 60.7 20
      vertex 5 60.7 25
      vertex 25 60.7 20
    endloop
  endfacet
  facet normal 0 -1 0
    outer loop
      vertex 5 60.7 25
      vertex 25 60.7 13
      vertex 25 60.7 20
    endloop
  endfacet
  facet normal 0 -1 0
    outer loop
      vertex 5 60.7 2
      vertex 26.4 60.7 13
      vertex 25 60.7 13
    endloop
  endfacet
  facet normal 0 -1 -0
    outer loop
      vertex 26.4 60.7 13
      vertex 5 60.7 2
      vertex 28.2 60.7 13
    endloop
  endfacet
  facet normal 0 -1 -0
    outer loop
      vertex 28.2 60.7 13
      vertex 5 60.7 2
      vertex 29.6 60.7 13
    endloop
  endfacet
  facet normal 0 -1 -0
    outer loop
      vertex 29.6 60.7 13
      vertex 5 60.7 2
      vertex 31.4 60.7 13
    endloop
  endfacet
  facet normal 0 -1 -0
    outer loop
      vertex 31.4 60.7 13
      vertex 5 60.7 2
      vertex 32.8 60.7 13
    endloop
  endfacet
  facet normal 0 -1 -0
    outer loop
      vertex 32.8 60.7 13
      vertex 5 60.7 2
      vertex 34.6 60.7 13
    endloop
  endfacet
  facet normal 0 -1 -0
    outer loop
      vertex 34.6 60.7 13
      vertex 5 60.7 2
      vertex 36 60.7 13
    endloop
  endfacet
  facet normal 0 -1 -0
    outer loop
      vertex 36 60.7 13
      vertex 5 60.7 2
      vertex 37.8 60.7 13
    endloop
  endfacet
  facet normal 0 -1 0
    outer loop
      vertex 70.6 60.7 2
      vertex 37.8 60.7 13
      vertex 5 60.7 2
    endloop
  endfacet
  facet normal 0 -1 0
    outer loop
      vertex 37.8 60.7 13
      vertex 70.6 60.7 2
      vertex 39.2 60.7 13
    endloop
  endfacet
  facet normal 0 -1 0
    outer loop
      vertex 39.2 60.7 13
      vertex 70.6 60.7 2
      vertex 41 60.7 13
    endloop
  endfacet
  facet normal 0 -1 0
    outer loop
      vertex 41 60.7 13
      vertex 70.6 60.7 2
      vertex 42.4 60.7 13
    endloop
  endfacet
  facet normal 0 -1 0
    outer loop
      vertex 42.4 60.7 13
      vertex 70.6 60.7 2
      vertex 44.2 60.7 13
    endloop
  endfacet
  facet normal 0 -1 0
    outer loop
      vertex 5 60.7 2
      vertex 25 60.7 13
      vertex 5 60.7 25
    endloop
  endfacet
  facet normal 0 -1 0
    outer loop
      vertex 28.2 60.7 20
      vertex 5 60.7 25
      vertex 26.4 60.7 20
    endloop
  endfacet
  facet normal 0 -1 0
    outer loop
      vertex 29.6 60.7 20
      vertex 5 60.7 25
      vertex 28.2 60.7 20
    endloop
  endfacet
  facet normal 0 -1 0
    outer loop
      vertex 31.4 60.7 20
      vertex 5 60.7 25
      vertex 29.6 60.7 20
    endloop
  endfacet
  facet normal 0 -1 0
    outer loop
      vertex 32.8 60.7 20
      vertex 5 60.7 25
      vertex 31.4 60.7 20
    endloop
  endfacet
  facet normal 0 -1 0
    outer loop
      vertex 34.6 60.7 20
      vertex 5 60.7 25
      vertex 32.8 60.7 20
    endloop
  endfacet
  facet normal 0 -1 0
    outer loop
      vertex 36 60.7 20
      vertex 5 60.7 25
      vertex 34.6 60.7 20
    endloop
  endfacet
  facet normal 0 -1 0
    outer loop
      vertex 5 60.7 25
      vertex 36 60.7 20
      vertex 70.6 60.7 25
    endloop
  endfacet
  facet normal 0 -1 0
    outer loop
      vertex 37.8 60.7 20
      vertex 70.6 60.7 25
      vertex 36 60.7 20
    endloop
  endfacet
  facet normal 0 -1 0
    outer loop
      vertex 39.2 60.7 20
      vertex 70.6 60.7 25
      vertex 37.8 60.7 20
    endloop
  endfacet
  facet normal 0 -1 0
    outer loop
      vertex 41 60.7 20
      vertex 70.6 60.7 25
      vertex 39.2 60.7 20
    endloop
  endfacet
  facet normal 0 -1 0
    outer loop
      vertex 42.4 60.7 20
      vertex 70.6 60.7 25
      vertex 41 60.7 20
    endloop
  endfacet
  facet normal 0 -1 0
    outer loop
      vertex 44.2 60.7 20
      vertex 70.6 60.7 25
      vertex 42.4 60.7 20
    endloop
  endfacet
  facet normal 0 -1 0
    outer loop
      vertex 45.6 60.7 20
      vertex 70.6 60.7 25
      vertex 44.2 60.7 20
    endloop
  endfacet
  facet normal 0 -1 0
    outer loop
      vertex 45.6 60.7 13
      vertex 70.6 60.7 25
      vertex 45.6 60.7 20
    endloop
  endfacet
  facet normal 0 -1 0
    outer loop
      vertex 45.6 60.7 13
      vertex 70.6 60.7 2
      vertex 70.6 60.7 25
    endloop
  endfacet
  facet normal 0 -1 0
    outer loop
      vertex 44.2 60.7 13
      vertex 70.6 60.7 2
      vertex 45.6 60.7 13
    endloop
  endfacet
  facet normal 0 -1 0
    outer loop
      vertex 2 60.7 2
      vertex 5 60.7 25
      vertex 2 60.7 25
    endloop
  endfacet
  facet normal 0 -1 -0
    outer loop
      vertex 5 60.7 25
      vertex 2 60.7 2
      vertex 5 60.7 2
    endloop
  endfacet
  facet normal 0 -1 0
    outer loop
      vertex 70.6 60.7 2
      vertex 73.6 60.7 25
      vertex 70.6 60.7 25
    endloop
  endfacet
  facet normal 0 -1 -0
    outer loop
      vertex 73.6 60.7 25
      vertex 70.6 60.7 2
      vertex 73.6 60.7 2
    endloop
  endfacet
  facet normal 0 1 -0
    outer loop
      vertex 28.2 2 13
      vertex 26.4 2 20
      vertex 28.2 2 20
    endloop
  endfacet
  facet normal 0 1 0
    outer loop
      vertex 26.4 2 20
      vertex 28.2 2 13
      vertex 26.4 2 13
    endloop
  endfacet
  facet normal 0 1 -0
    outer loop
      vertex 31.4 2 13
      vertex 29.6 2 20
      vertex 31.4 2 20
    endloop
  endfacet
  facet normal 0 1 0
    outer loop
      vertex 29.6 2 20
      vertex 31.4 2 13
      vertex 29.6 2 13
    endloop
  endfacet
  facet normal 0 1 -0
    outer loop
      vertex 34.6 2 13
      vertex 32.8 2 20
      vertex 34.6 2 20
    endloop
  endfacet
  facet normal 0 1 0
    outer loop
      vertex 32.8 2 20
      vertex 34.6 2 13
      vertex 32.8 2 13
    endloop
  endfacet
  facet normal 0 1 -0
    outer loop
      vertex 37.8 2 13
      vertex 36 2 20
      vertex 37.8 2 20
    endloop
  endfacet
  facet normal 0 1 0
    outer loop
      vertex 36 2 20
      vertex 37.8 2 13
      vertex 36 2 13
    endloop
  endfacet
  facet normal 0 1 -0
    outer loop
      vertex 41 2 13
      vertex 39.2 2 20
      vertex 41 2 20
    endloop
  endfacet
  facet normal 0 1 0
    outer loop
      vertex 39.2 2 20
      vertex 41 2 13
      vertex 39.2 2 13
    endloop
  endfacet
  facet normal 0 1 -0
    outer loop
      vertex 44.2 2 13
      vertex 42.4 2 20
      vertex 44.2 2 20
    endloop
  endfacet
  facet normal 0 1 0
    outer loop
      vertex 42.4 2 20
      vertex 44.2 2 13
      vertex 42.4 2 13
    endloop
  endfacet
  facet normal 0 1 0
    outer loop
      vertex 44.2 2 20
      vertex 70.6 2 25
      vertex 45.6 2 20
    endloop
  endfacet
  facet normal 0 1 0
    outer loop
      vertex 70.6 2 25
      vertex 45.6 2 13
      vertex 45.6 2 20
    endloop
  endfacet
  facet normal 0 1 0
    outer loop
      vertex 70.6 2 2
      vertex 44.2 2 13
      vertex 45.6 2 13
    endloop
  endfacet
  facet normal 0 1 0
    outer loop
      vertex 44.2 2 13
      vertex 70.6 2 2
      vertex 42.4 2 13
    endloop
  endfacet
  facet normal 0 1 0
    outer loop
      vertex 42.4 2 13
      vertex 70.6 2 2
      vertex 41 2 13
    endloop
  endfacet
  facet normal 0 1 0
    outer loop
      vertex 41 2 13
      vertex 70.6 2 2
      vertex 39.2 2 13
    endloop
  endfacet
  facet normal 0 1 0
    outer loop
      vertex 39.2 2 13
      vertex 70.6 2 2
      vertex 37.8 2 13
    endloop
  endfacet
  facet normal 0 1 0
    outer loop
      vertex 5 2 2
      vertex 37.8 2 13
      vertex 70.6 2 2
    endloop
  endfacet
  facet normal 0 1 0
    outer loop
      vertex 37.8 2 13
      vertex 5 2 2
      vertex 36 2 13
    endloop
  endfacet
  facet normal 0 1 0
    outer loop
      vertex 36 2 13
      vertex 5 2 2
      vertex 34.6 2 13
    endloop
  endfacet
  facet normal 0 1 0
    outer loop
      vertex 34.6 2 13
      vertex 5 2 2
      vertex 32.8 2 13
    endloop
  endfacet
  facet normal 0 1 0
    outer loop
      vertex 31.4 2 13
      vertex 5 2 2
      vertex 29.6 2 13
    endloop
  endfacet
  facet normal 0 1 0
    outer loop
      vertex 29.6 2 13
      vertex 5 2 2
      vertex 28.2 2 13
    endloop
  endfacet
  facet normal 0 1 0
    outer loop
      vertex 28.2 2 13
      vertex 5 2 2
      vertex 26.4 2 13
    endloop
  endfacet
  facet normal 0 1 0
    outer loop
      vertex 32.8 2 13
      vertex 5 2 2
      vertex 31.4 2 13
    endloop
  endfacet
  facet normal 0 1 -0
    outer loop
      vertex 70.6 2 2
      vertex 45.6 2 13
      vertex 70.6 2 25
    endloop
  endfacet
  facet normal 0 1 0
    outer loop
      vertex 42.4 2 20
      vertex 70.6 2 25
      vertex 44.2 2 20
    endloop
  endfacet
  facet normal 0 1 0
    outer loop
      vertex 41 2 20
      vertex 70.6 2 25
      vertex 42.4 2 20
    endloop
  endfacet
  facet normal 0 1 0
    outer loop
      vertex 39.2 2 20
      vertex 70.6 2 25
      vertex 41 2 20
    endloop
  endfacet
  facet normal 0 1 0
    outer loop
      vertex 70.6 2 25
      vertex 39.2 2 20
      vertex 5 2 25
    endloop
  endfacet
  facet normal 0 1 -0
    outer loop
      vertex 37.8 2 20
      vertex 5 2 25
      vertex 39.2 2 20
    endloop
  endfacet
  facet normal 0 1 -0
    outer loop
      vertex 36 2 20
      vertex 5 2 25
      vertex 37.8 2 20
    endloop
  endfacet
  facet normal 0 1 -0
    outer loop
      vertex 34.6 2 20
      vertex 5 2 25
      vertex 36 2 20
    endloop
  endfacet
  facet normal 0 1 -0
    outer loop
      vertex 32.8 2 20
      vertex 5 2 25
      vertex 34.6 2 20
    endloop
  endfacet
  facet normal 0 1 -0
    outer loop
      vertex 31.4 2 20
      vertex 5 2 25
      vertex 32.8 2 20
    endloop
  endfacet
  facet normal 0 1 -0
    outer loop
      vertex 29.6 2 20
      vertex 5 2 25
      vertex 31.4 2 20
    endloop
  endfacet
  facet normal 0 1 -0
    outer loop
      vertex 28.2 2 20
      vertex 5 2 25
      vertex 29.6 2 20
    endloop
  endfacet
  facet normal 0 1 -0
    outer loop
      vertex 26.4 2 20
      vertex 5 2 25
      vertex 28.2 2 20
    endloop
  endfacet
  facet normal 0 1 -0
    outer loop
      vertex 25 2 20
      vertex 5 2 25
      vertex 26.4 2 20
    endloop
  endfacet
  facet normal 0 1 -0
    outer loop
      vertex 25 2 13
      vertex 5 2 25
      vertex 25 2 20
    endloop
  endfacet
  facet normal 0 1 0
    outer loop
      vertex 25 2 13
      vertex 5 2 2
      vertex 5 2 25
    endloop
  endfacet
  facet normal 0 1 0
    outer loop
      vertex 26.4 2 13
      vertex 5 2 2
      vertex 25 2 13
    endloop
  endfacet
  facet normal 0 1 -0
    outer loop
      vertex 5 2 2
      vertex 2 2 25
      vertex 5 2 25
    endloop
  endfacet
  facet normal 0 1 0
    outer loop
      vertex 2 2 25
      vertex 5 2 2
      vertex 2 2 2
    endloop
  endfacet
  facet normal 0 1 -0
    outer loop
      vertex 73.6 2 2
      vertex 70.6 2 25
      vertex 73.6 2 25
    endloop
  endfacet
  facet normal 0 1 0
    outer loop
      vertex 70.6 2 25
      vertex 73.6 2 2
      vertex 70.6 2 2
    endloop
  endfacet
  facet normal 0 0 -1
    outer loop
      vertex 18 50.8 20.8
      vertex 22 52.1 20.8
      vertex 22 50.8 20.8
    endloop
  endfacet
  facet normal -0 0 -1
    outer loop
      vertex 22 52.1 20.8
      vertex 18 50.8 20.8
      vertex 18 52.1 20.8
    endloop
  endfacet
  facet normal 0 1 0
    outer loop
      vertex 52 53.7 22.5
      vertex 49.8 53.7 6
      vertex 49.8 53.7 22.5
    endloop
  endfacet
  facet normal 0 1 0
    outer loop
      vertex 52 53.7 2
      vertex 48 53.7 6
      vertex 49.8 53.7 6
    endloop
  endfacet
  facet normal 0 1 0
    outer loop
      vertex 48 53.7 6
      vertex 52 53.7 2
      vertex 40 53.7 6
    endloop
  endfacet
  facet normal 0 1 0
    outer loop
      vertex 40 53.7 6
      vertex 52 53.7 2
      vertex 38.2 53.7 6
    endloop
  endfacet
  facet normal 0 1 0
    outer loop
      vertex 38.2 53.7 6
      vertex 52 53.7 2
      vertex 25.8 53.7 6
    endloop
  endfacet
  facet normal 0 1 0
    outer loop
      vertex 2 53.7 2
      vertex 25.8 53.7 6
      vertex 52 53.7 2
    endloop
  endfacet
  facet normal 0 1 0
    outer loop
      vertex 25.8 53.7 6
      vertex 2 53.7 2
      vertex 24 53.7 6
    endloop
  endfacet
  facet normal 0 1 0
    outer loop
      vertex 24 53.7 6
      vertex 2 53.7 2
      vertex 16 53.7 6
    endloop
  endfacet
  facet normal 0 1 -0
    outer loop
      vertex 52 53.7 2
      vertex 49.8 53.7 6
      vertex 52 53.7 22.5
    endloop
  endfacet
  facet normal 0 1 -0
    outer loop
      vertex 48 53.7 6
      vertex 40 53.7 22.5
      vertex 48 53.7 22.5
    endloop
  endfacet
  facet normal 0 1 0
    outer loop
      vertex 40 53.7 22.5
      vertex 48 53.7 6
      vertex 40 53.7 6
    endloop
  endfacet
  facet normal 0 1 -0
    outer loop
      vertex 38.2 53.7 6
      vertex 25.8 53.7 22.5
      vertex 38.2 53.7 22.5
    endloop
  endfacet
  facet normal 0 1 0
    outer loop
      vertex 25.8 53.7 22.5
      vertex 38.2 53.7 6
      vertex 25.8 53.7 6
    endloop
  endfacet
  facet normal 0 1 -0
    outer loop
      vertex 24 53.7 6
      vertex 16 53.7 22.5
      vertex 24 53.7 22.5
    endloop
  endfacet
  facet normal 0 1 0
    outer loop
      vertex 16 53.7 22.5
      vertex 24 53.7 6
      vertex 16 53.7 6
    endloop
  endfacet
  facet normal 0 1 -0
    outer loop
      vertex 14.2 53.7 6
      vertex 2 53.7 22.5
      vertex 14.2 53.7 22.5
    endloop
  endfacet
  facet normal 0 1 0
    outer loop
      vertex 14.2 53.7 6
      vertex 2 53.7 2
      vertex 2 53.7 22.5
    endloop
  endfacet
  facet normal 0 1 0
    outer loop
      vertex 16 53.7 6
      vertex 2 53.7 2
      vertex 14.2 53.7 6
    endloop
  endfacet
  facet normal 0 -0.67828 0.734803
    outer loop
      vertex 18 52.1 22.1
      vertex 22 50.8 20.9
      vertex 22 52.1 22.1
    endloop
  endfacet
  facet normal 0 -0.67828 0.734803
    outer loop
      vertex 22 50.8 20.9
      vertex 18 52.1 22.1
      vertex 18 50.8 20.9
    endloop
  endfacet
  facet normal -1 0 0
    outer loop
      vertex 18 50.8 20.9
      vertex 18 52.1 20.8
      vertex 18 50.8 20.8
    endloop
  endfacet
  facet normal -1 0 0
    outer loop
      vertex 18 52.1 20.8
      vertex 18 50.8 20.9
      vertex 18 52.1 22.1
    endloop
  endfacet
  facet normal 0 -1 0
    outer loop
      vertex 18 50.8 20.8
      vertex 22 50.8 20.9
      vertex 18 50.8 20.9
    endloop
  endfacet
  facet normal 0 -1 -0
    outer loop
      vertex 22 50.8 20.9
      vertex 18 50.8 20.8
      vertex 22 50.8 20.8
    endloop
  endfacet
  facet normal 1 -0 0
    outer loop
      vertex 22 50.8 20.9
      vertex 22 52.1 20.8
      vertex 22 52.1 22.1
    endloop
  endfacet
  facet normal 1 0 0
    outer loop
      vertex 22 52.1 20.8
      vertex 22 50.8 20.9
      vertex 22 50.8 20.8
    endloop
  endfacet
  facet normal 0 0 -1
    outer loop
      vertex 42 50.8 20.8
      vertex 46 52.1 20.8
      vertex 46 50.8 20.8
    endloop
  endfacet
  facet normal -0 0 -1
    outer loop
      vertex 46 52.1 20.8
      vertex 42 50.8 20.8
      vertex 42 52.1 20.8
    endloop
  endfacet
  facet normal 0 -0.67828 0.734803
    outer loop
      vertex 42 52.1 22.1
      vertex 46 50.8 20.9
      vertex 46 52.1 22.1
    endloop
  endfacet
  facet normal 0 -0.67828 0.734803
    outer loop
      vertex 46 50.8 20.9
      vertex 42 52.1 22.1
      vertex 42 50.8 20.9
    endloop
  endfacet
  facet normal -1 0 0
    outer loop
      vertex 42 50.8 20.9
      vertex 42 52.1 20.8
      vertex 42 50.8 20.8
    endloop
  endfacet
  facet normal -1 0 0
    outer loop
      vertex 42 52.1 20.8
      vertex 42 50.8 20.9
      vertex 42 52.1 22.1
    endloop
  endfacet
  facet normal 0 -1 0
    outer loop
      vertex 42 50.8 20.8
      vertex 46 50.8 20.9
      vertex 42 50.8 20.9
    endloop
  endfacet
  facet normal 0 -1 -0
    outer loop
      vertex 46 50.8 20.9
      vertex 42 50.8 20.8
      vertex 46 50.8 20.8
    endloop
  endfacet
  facet normal 1 -0 0
    outer loop
      vertex 46 50.8 20.9
      vertex 46 52.1 20.8
      vertex 46 52.1 22.1
    endloop
  endfacet
  facet normal 1 0 0
    outer loop
      vertex 46 52.1 20.8
      vertex 46 50.8 20.9
      vertex 46 50.8 20.8
    endloop
  endfacet
  facet normal -1 0 0
    outer loop
      vertex 52 29.6 18
      vertex 52 25.61 19.5
      vertex 52 26.8 20.7
    endloop
  endfacet
  facet normal -1 0 0
    outer loop
      vertex 52 25.6 18
      vertex 52 25.61 19.5
      vertex 52 29.6 18
    endloop
  endfacet
  facet normal -1 -0 0
    outer loop
      vertex 52 25.61 19.5
      vertex 52 25.6 18
      vertex 52 25.6 19.5
    endloop
  endfacet
  facet normal -1 0 0
    outer loop
      vertex 52 29.6 18
      vertex 52 29.85 2
      vertex 52 29.6 2
    endloop
  endfacet
  facet normal -1 0 0
    outer loop
      vertex 52 29.85 2
      vertex 52 29.6 18
      vertex 52 29.85 21
    endloop
  endfacet
  facet normal -1 0 0
    outer loop
      vertex 52 26.8 20.7
      vertex 52 29.85 21
      vertex 52 29.6 18
    endloop
  endfacet
  facet normal -1 -0 0
    outer loop
      vertex 52 29.85 21
      vertex 52 26.8 20.7
      vertex 52 26.8 21
    endloop
  endfacet
  facet normal 1 -0 0
    outer loop
      vertex 52 24 21
      vertex 52 25.6 19.5
      vertex 52 25.6 21
    endloop
  endfacet
  facet normal 1 0 0
    outer loop
      vertex 52 25.6 19.5
      vertex 52 24 21
      vertex 52 25.6 18
    endloop
  endfacet
  facet normal 1 0 0
    outer loop
      vertex 52 24 2
      vertex 52 25.6 18
      vertex 52 24 21
    endloop
  endfacet
  facet normal 1 0 0
    outer loop
      vertex 52 25.6 18
      vertex 52 24 2
      vertex 52 25.6 2
    endloop
  endfacet
  facet normal -0 0 1
    outer loop
      vertex 2 52.1 21
      vertex 4 43.85 21
      vertex 4 52.1 21
    endloop
  endfacet
  facet normal 0 0 1
    outer loop
      vertex 4 43.85 21
      vertex 2 52.1 21
      vertex 2 43.85 21
    endloop
  endfacet
  facet normal 0 0 1
    outer loop
      vertex 52 26.8 21
      vertex 53.6 29.85 21
      vertex 52 29.85 21
    endloop
  endfacet
  facet normal 0 0 1
    outer loop
      vertex 53.6 29.85 21
      vertex 52 26.8 21
      vertex 53.6 25.6 21
    endloop
  endfacet
  facet normal 0 0 1
    outer loop
      vertex 52 26.8 21
      vertex 52 25.6 21
      vertex 53.6 25.6 21
    endloop
  endfacet
  facet normal -0 0 1
    outer loop
      vertex 25.5 26.8 21
      vertex 52 25.6 21
      vertex 52 26.8 21
    endloop
  endfacet
  facet normal 0 0 1
    outer loop
      vertex 25.5 24 21
      vertex 52 25.6 21
      vertex 25.5 26.8 21
    endloop
  endfacet
  facet normal 0 0 1
    outer loop
      vertex 52 25.6 21
      vertex 25.5 24 21
      vertex 52 24 21
    endloop
  endfacet
  facet normal 0 0 1
    outer loop
      vertex 4 31.85 21
      vertex 2 31.85 21
      vertex 4 26.8 21
    endloop
  endfacet
  facet normal -0 0 1
    outer loop
      vertex 4 26.8 21
      vertex 13.5 24 21
      vertex 13.5 26.8 21
    endloop
  endfacet
  facet normal 0 0 1
    outer loop
      vertex 4 26.8 21
      vertex 2 24 21
      vertex 13.5 24 21
    endloop
  endfacet
  facet normal 0 0 1
    outer loop
      vertex 2 24 21
      vertex 4 26.8 21
      vertex 2 31.85 21
    endloop
  endfacet
  facet normal 0 -1 0
    outer loop
      vertex 52 25.6 19.5
      vertex 53.6 25.6 21
      vertex 52 25.6 21
    endloop
  endfacet
  facet normal 0 -1 0
    outer loop
      vertex 52 25.6 18
      vertex 53.6 25.6 21
      vertex 52 25.6 19.5
    endloop
  endfacet
  facet normal 0 -1 0
    outer loop
      vertex 53.6 25.6 2
      vertex 52 25.6 18
      vertex 52 25.6 2
    endloop
  endfacet
  facet normal 0 -1 0
    outer loop
      vertex 52 25.6 18
      vertex 53.6 25.6 2
      vertex 53.6 25.6 21
    endloop
  endfacet
  facet normal 0 1 0
    outer loop
      vertex 13.5 25.6 19.5
      vertex 7 25.6 18
      vertex 4 25.6 19.5
    endloop
  endfacet
  facet normal 0 1 -0
    outer loop
      vertex 13.5 25.6 2
      vertex 7 25.6 18
      vertex 13.5 25.6 19.5
    endloop
  endfacet
  facet normal 0 1 0
    outer loop
      vertex 7 25.6 18
      vertex 13.5 25.6 2
      vertex 7 25.6 2
    endloop
  endfacet
  facet normal 0 1 0
    outer loop
      vertex 4 25.6 19.5
      vertex 7 25.6 18
      vertex 4 25.6 18
    endloop
  endfacet
  facet normal 0 1 0
    outer loop
      vertex 49 25.6 18
      vertex 52 25.6 19.5
      vertex 52 25.6 18
    endloop
  endfacet
  facet normal 0 1 0
    outer loop
      vertex 52 25.6 19.5
      vertex 49 25.6 18
      vertex 25.5 25.6 19.5
    endloop
  endfacet
  facet normal 0 1 0
    outer loop
      vertex 25.5 25.6 2
      vertex 49 25.6 18
      vertex 49 25.6 2
    endloop
  endfacet
  facet normal 0 1 0
    outer loop
      vertex 49 25.6 18
      vertex 25.5 25.6 2
      vertex 25.5 25.6 19.5
    endloop
  endfacet
  facet normal 0 -1 0
    outer loop
      vertex 25.5 24 2
      vertex 52 24 21
      vertex 25.5 24 21
    endloop
  endfacet
  facet normal 0 -1 -0
    outer loop
      vertex 52 24 21
      vertex 25.5 24 2
      vertex 52 24 2
    endloop
  endfacet
  facet normal 0 -1 0
    outer loop
      vertex 2 24 2
      vertex 13.5 24 21
      vertex 2 24 21
    endloop
  endfacet
  facet normal 0 -1 -0
    outer loop
      vertex 13.5 24 21
      vertex 2 24 2
      vertex 13.5 24 2
    endloop
  endfacet
  facet normal 1 0 0
    outer loop
      vertex 52 52.1 21
      vertex 52 53.7 22.5
      vertex 52 52.1 22.5
    endloop
  endfacet
  facet normal 1 0 0
    outer loop
      vertex 52 52.1 18
      vertex 52 53.7 22.5
      vertex 52 52.1 21
    endloop
  endfacet
  facet normal 1 0 0
    outer loop
      vertex 52 53.7 22.5
      vertex 52 52.1 18
      vertex 52 53.7 2
    endloop
  endfacet
  facet normal 1 0 0
    outer loop
      vertex 52 53.7 2
      vertex 52 52.1 18
      vertex 52 52.1 2
    endloop
  endfacet
  facet normal -0 0 1
    outer loop
      vertex 2 53.7 22.5
      vertex 14.2 52.1 22.5
      vertex 14.2 53.7 22.5
    endloop
  endfacet
  facet normal 0 0 1
    outer loop
      vertex 14.2 52.1 22.5
      vertex 2 53.7 22.5
      vertex 2 52.1 22.5
    endloop
  endfacet
  facet normal -0 0 1
    outer loop
      vertex 49.8 53.7 22.5
      vertex 52 52.1 22.5
      vertex 52 53.7 22.5
    endloop
  endfacet
  facet normal 0 0 1
    outer loop
      vertex 52 52.1 22.5
      vertex 49.8 53.7 22.5
      vertex 49.8 52.1 22.5
    endloop
  endfacet
  facet normal -0 0 1
    outer loop
      vertex 16 53.7 22.5
      vertex 24 52.1 22.5
      vertex 24 53.7 22.5
    endloop
  endfacet
  facet normal 0 0 1
    outer loop
      vertex 24 52.1 22.5
      vertex 16 53.7 22.5
      vertex 16 52.1 22.5
    endloop
  endfacet
  facet normal -0 0 1
    outer loop
      vertex 25.8 53.7 22.5
      vertex 38.2 52.1 22.5
      vertex 38.2 53.7 22.5
    endloop
  endfacet
  facet normal 0 0 1
    outer loop
      vertex 38.2 52.1 22.5
      vertex 25.8 53.7 22.5
      vertex 25.8 52.1 22.5
    endloop
  endfacet
  facet normal -0 0 1
    outer loop
      vertex 40 53.7 22.5
      vertex 48 52.1 22.5
      vertex 48 53.7 22.5
    endloop
  endfacet
  facet normal 0 0 1
    outer loop
      vertex 48 52.1 22.5
      vertex 40 53.7 22.5
      vertex 40 52.1 22.5
    endloop
  endfacet
  facet normal 0 1 0
    outer loop
      vertex 53.6 52.1 21
      vertex 52 52.1 18
      vertex 52 52.1 21
    endloop
  endfacet
  facet normal 0 1 -0
    outer loop
      vertex 53.6 52.1 2
      vertex 52 52.1 18
      vertex 53.6 52.1 21
    endloop
  endfacet
  facet normal 0 1 0
    outer loop
      vertex 52 52.1 18
      vertex 53.6 52.1 2
      vertex 52 52.1 2
    endloop
  endfacet
  facet normal 0 -1 0
    outer loop
      vertex 49.8 52.1 22.5
      vertex 52 52.1 21
      vertex 52 52.1 22.5
    endloop
  endfacet
  facet normal 0 -1 0
    outer loop
      vertex 49.8 52.1 18
      vertex 52 52.1 21
      vertex 49.8 52.1 22.5
    endloop
  endfacet
  facet normal 0 -1 -0
    outer loop
      vertex 52 52.1 21
      vertex 49.8 52.1 18
      vertex 52 52.1 18
    endloop
  endfacet
  facet normal 0 -1 0
    outer loop
      vertex 4 52.1 21
      vertex 2 52.1 22.5
      vertex 2 52.1 21
    endloop
  endfacet
  facet normal 0 -1 0
    outer loop
      vertex 2 52.1 22.5
      vertex 4 52.1 21
      vertex 14.2 52.1 22.5
    endloop
  endfacet
  facet normal 0 -1 0
    outer loop
      vertex 7 52.1 18
      vertex 4 52.1 21
      vertex 4 52.1 18
    endloop
  endfacet
  facet normal 0 -1 0
    outer loop
      vertex 4 52.1 21
      vertex 7 52.1 18
      vertex 14.2 52.1 22.5
    endloop
  endfacet
  facet normal 0 -1 0
    outer loop
      vertex 7 52.1 18
      vertex 14.2 52.1 6
      vertex 14.2 52.1 22.5
    endloop
  endfacet
  facet normal 0 -1 0
    outer loop
      vertex 7 52.1 2
      vertex 16 52.1 6
      vertex 14.2 52.1 6
    endloop
  endfacet
  facet normal 0 -1 -0
    outer loop
      vertex 16 52.1 6
      vertex 7 52.1 2
      vertex 24 52.1 6
    endloop
  endfacet
  facet normal 0 -1 -0
    outer loop
      vertex 24 52.1 6
      vertex 7 52.1 2
      vertex 25.8 52.1 6
    endloop
  endfacet
  facet normal 0 -1 0
    outer loop
      vertex 49 52.1 2
      vertex 25.8 52.1 6
      vertex 7 52.1 2
    endloop
  endfacet
  facet normal 0 -1 0
    outer loop
      vertex 25.8 52.1 6
      vertex 49 52.1 2
      vertex 38.2 52.1 6
    endloop
  endfacet
  facet normal 0 -1 0
    outer loop
      vertex 40 52.1 6
      vertex 49 52.1 2
      vertex 48 52.1 6
    endloop
  endfacet
  facet normal 0 -1 0
    outer loop
      vertex 7 52.1 2
      vertex 14.2 52.1 6
      vertex 7 52.1 18
    endloop
  endfacet
  facet normal 0 -1 0
    outer loop
      vertex 38.2 52.1 6
      vertex 49 52.1 2
      vertex 40 52.1 6
    endloop
  endfacet
  facet normal 0 -1 0
    outer loop
      vertex 48 52.1 6
      vertex 49 52.1 2
      vertex 49 52.1 6
    endloop
  endfacet
  facet normal 0 -1 0
    outer loop
      vertex 25.8 52.1 6
      vertex 38.2 52.1 22.5
      vertex 25.8 52.1 22.5
    endloop
  endfacet
  facet normal 0 -1 -0
    outer loop
      vertex 38.2 52.1 22.5
      vertex 25.8 52.1 6
      vertex 38.2 52.1 6
    endloop
  endfacet
  facet normal 0 -1 0
    outer loop
      vertex 16 52.1 22.5
      vertex 18 52.1 22.1
      vertex 24 52.1 22.5
    endloop
  endfacet
  facet normal 0 -1 0
    outer loop
      vertex 16 52.1 22.5
      vertex 18 52.1 20.8
      vertex 18 52.1 22.1
    endloop
  endfacet
  facet normal 0 -1 -0
    outer loop
      vertex 18 52.1 20.8
      vertex 16 52.1 6
      vertex 22 52.1 20.8
    endloop
  endfacet
  facet normal 0 -1 0
    outer loop
      vertex 16 52.1 6
      vertex 18 52.1 20.8
      vertex 16 52.1 22.5
    endloop
  endfacet
  facet normal 0 -1 0
    outer loop
      vertex 22 52.1 22.1
      vertex 24 52.1 22.5
      vertex 18 52.1 22.1
    endloop
  endfacet
  facet normal 0 -1 0
    outer loop
      vertex 22 52.1 20.8
      vertex 24 52.1 22.5
      vertex 22 52.1 22.1
    endloop
  endfacet
  facet normal 0 -1 0
    outer loop
      vertex 24 52.1 6
      vertex 22 52.1 20.8
      vertex 16 52.1 6
    endloop
  endfacet
  facet normal 0 -1 0
    outer loop
      vertex 22 52.1 20.8
      vertex 24 52.1 6
      vertex 24 52.1 22.5
    endloop
  endfacet
  facet normal 0 -1 0
    outer loop
      vertex 40 52.1 22.5
      vertex 42 52.1 22.1
      vertex 48 52.1 22.5
    endloop
  endfacet
  facet normal 0 -1 0
    outer loop
      vertex 40 52.1 22.5
      vertex 42 52.1 20.8
      vertex 42 52.1 22.1
    endloop
  endfacet
  facet normal 0 -1 -0
    outer loop
      vertex 42 52.1 20.8
      vertex 40 52.1 6
      vertex 46 52.1 20.8
    endloop
  endfacet
  facet normal 0 -1 0
    outer loop
      vertex 40 52.1 6
      vertex 42 52.1 20.8
      vertex 40 52.1 22.5
    endloop
  endfacet
  facet normal 0 -1 0
    outer loop
      vertex 46 52.1 22.1
      vertex 48 52.1 22.5
      vertex 42 52.1 22.1
    endloop
  endfacet
  facet normal 0 -1 0
    outer loop
      vertex 46 52.1 20.8
      vertex 48 52.1 22.5
      vertex 46 52.1 22.1
    endloop
  endfacet
  facet normal 0 -1 0
    outer loop
      vertex 48 52.1 6
      vertex 46 52.1 20.8
      vertex 40 52.1 6
    endloop
  endfacet
  facet normal 0 -1 0
    outer loop
      vertex 46 52.1 20.8
      vertex 48 52.1 6
      vertex 48 52.1 22.5
    endloop
  endfacet
  facet normal 0 1 -0
    outer loop
      vertex 49.8 52.1 6
      vertex 49 52.1 18
      vertex 49.8 52.1 18
    endloop
  endfacet
  facet normal 0 1 0
    outer loop
      vertex 49 52.1 18
      vertex 49.8 52.1 6
      vertex 49 52.1 6
    endloop
  endfacet
  facet normal 0 0 -1
    outer loop
      vertex 4 25.6 19.5
      vertex 13.5 25.61 19.5
      vertex 13.5 25.6 19.5
    endloop
  endfacet
  facet normal -0 0 -1
    outer loop
      vertex 13.5 25.61 19.5
      vertex 4 25.6 19.5
      vertex 4 25.61 19.5
    endloop
  endfacet
  facet normal 0 0 -1
    outer loop
      vertex 25.5 25.6 19.5
      vertex 52 25.61 19.5
      vertex 52 25.6 19.5
    endloop
  endfacet
  facet normal -0 0 -1
    outer loop
      vertex 52 25.61 19.5
      vertex 25.5 25.6 19.5
      vertex 25.5 25.61 19.5
    endloop
  endfacet
  facet normal 0 0.710059 -0.704142
    outer loop
      vertex 13.5 25.61 19.5
      vertex 4 26.8 20.7
      vertex 13.5 26.8 20.7
    endloop
  endfacet
  facet normal 0 0.710059 -0.704142
    outer loop
      vertex 4 26.8 20.7
      vertex 13.5 25.61 19.5
      vertex 4 25.61 19.5
    endloop
  endfacet
  facet normal 0 0.710059 -0.704142
    outer loop
      vertex 52 25.61 19.5
      vertex 25.5 26.8 20.7
      vertex 52 26.8 20.7
    endloop
  endfacet
  facet normal 0 0.710059 -0.704142
    outer loop
      vertex 25.5 26.8 20.7
      vertex 52 25.61 19.5
      vertex 25.5 25.61 19.5
    endloop
  endfacet
  facet normal 1 0 0
    outer loop
      vertex 4 31.85 21
      vertex 4 29.6 18
      vertex 4 31.85 17.1
    endloop
  endfacet
  facet normal 1 0 0
    outer loop
      vertex 4 26.8 20.7
      vertex 4 31.85 21
      vertex 4 26.8 21
    endloop
  endfacet
  facet normal 1 0 0
    outer loop
      vertex 4 31.85 21
      vertex 4 26.8 20.7
      vertex 4 29.6 18
    endloop
  endfacet
  facet normal 1 -0 0
    outer loop
      vertex 4 25.61 19.5
      vertex 4 29.6 18
      vertex 4 26.8 20.7
    endloop
  endfacet
  facet normal 1 0 0
    outer loop
      vertex 4 25.6 18
      vertex 4 25.61 19.5
      vertex 4 25.6 19.5
    endloop
  endfacet
  facet normal 1 0 0
    outer loop
      vertex 4 25.61 19.5
      vertex 4 25.6 18
      vertex 4 29.6 18
    endloop
  endfacet
  facet normal 1 0 0
    outer loop
      vertex 4 52.1 21
      vertex 4 48.1 18
      vertex 4 52.1 18
    endloop
  endfacet
  facet normal 1 -0 0
    outer loop
      vertex 4 43.85 21
      vertex 4 48.1 18
      vertex 4 52.1 21
    endloop
  endfacet
  facet normal 1 0 0
    outer loop
      vertex 4 43.85 17.1
      vertex 4 48.1 18
      vertex 4 43.85 21
    endloop
  endfacet
  facet normal 1 0 0
    outer loop
      vertex 4 48.1 18
      vertex 4 43.85 17.1
      vertex 4 48.1 2
    endloop
  endfacet
  facet normal 1 0 0
    outer loop
      vertex 4 29.6 2
      vertex 4 43.85 17.1
      vertex 4 31.85 17.1
    endloop
  endfacet
  facet normal 1 0 0
    outer loop
      vertex 4 29.6 2
      vertex 4 31.85 17.1
      vertex 4 29.6 18
    endloop
  endfacet
  facet normal 1 0 0
    outer loop
      vertex 4 43.85 17.1
      vertex 4 29.6 2
      vertex 4 48.1 2
    endloop
  endfacet
  facet normal 0 1 -0
    outer loop
      vertex 13.5 26.8 20.7
      vertex 4 26.8 21
      vertex 13.5 26.8 21
    endloop
  endfacet
  facet normal 0 1 0
    outer loop
      vertex 4 26.8 21
      vertex 13.5 26.8 20.7
      vertex 4 26.8 20.7
    endloop
  endfacet
  facet normal 0 1 -0
    outer loop
      vertex 52 26.8 20.7
      vertex 25.5 26.8 21
      vertex 52 26.8 21
    endloop
  endfacet
  facet normal 0 1 0
    outer loop
      vertex 25.5 26.8 21
      vertex 52 26.8 20.7
      vertex 25.5 26.8 20.7
    endloop
  endfacet
  facet normal -1 0 0
    outer loop
      vertex 16 52.1 6
      vertex 16 53.7 22.5
      vertex 16 53.7 6
    endloop
  endfacet
  facet normal -1 -0 0
    outer loop
      vertex 16 53.7 22.5
      vertex 16 52.1 6
      vertex 16 52.1 22.5
    endloop
  endfacet
  facet normal -0 0 1
    outer loop
      vertex 14.2 53.7 6
      vertex 16 52.1 6
      vertex 16 53.7 6
    endloop
  endfacet
  facet normal 0 0 1
    outer loop
      vertex 16 52.1 6
      vertex 14.2 53.7 6
      vertex 14.2 52.1 6
    endloop
  endfacet
  facet normal 1 -0 0
    outer loop
      vertex 14.2 52.1 22.5
      vertex 14.2 53.7 6
      vertex 14.2 53.7 22.5
    endloop
  endfacet
  facet normal 1 0 0
    outer loop
      vertex 14.2 53.7 6
      vertex 14.2 52.1 22.5
      vertex 14.2 52.1 6
    endloop
  endfacet
  facet normal -1 0 0
    outer loop
      vertex 25.8 52.1 6
      vertex 25.8 53.7 22.5
      vertex 25.8 53.7 6
    endloop
  endfacet
  facet normal -1 -0 0
    outer loop
      vertex 25.8 53.7 22.5
      vertex 25.8 52.1 6
      vertex 25.8 52.1 22.5
    endloop
  endfacet
  facet normal -0 0 1
    outer loop
      vertex 24 53.7 6
      vertex 25.8 52.1 6
      vertex 25.8 53.7 6
    endloop
  endfacet
  facet normal 0 0 1
    outer loop
      vertex 25.8 52.1 6
      vertex 24 53.7 6
      vertex 24 52.1 6
    endloop
  endfacet
  facet normal 1 -0 0
    outer loop
      vertex 24 52.1 22.5
      vertex 24 53.7 6
      vertex 24 53.7 22.5
    endloop
  endfacet
  facet normal 1 0 0
    outer loop
      vertex 24 53.7 6
      vertex 24 52.1 22.5
      vertex 24 52.1 6
    endloop
  endfacet
  facet normal -1 0 0
    outer loop
      vertex 40 52.1 6
      vertex 40 53.7 22.5
      vertex 40 53.7 6
    endloop
  endfacet
  facet normal -1 -0 0
    outer loop
      vertex 40 53.7 22.5
      vertex 40 52.1 6
      vertex 40 52.1 22.5
    endloop
  endfacet
  facet normal -0 0 1
    outer loop
      vertex 38.2 53.7 6
      vertex 40 52.1 6
      vertex 40 53.7 6
    endloop
  endfacet
  facet normal 0 0 1
    outer loop
      vertex 40 52.1 6
      vertex 38.2 53.7 6
      vertex 38.2 52.1 6
    endloop
  endfacet
  facet normal 1 -0 0
    outer loop
      vertex 38.2 52.1 22.5
      vertex 38.2 53.7 6
      vertex 38.2 53.7 22.5
    endloop
  endfacet
  facet normal 1 0 0
    outer loop
      vertex 38.2 53.7 6
      vertex 38.2 52.1 22.5
      vertex 38.2 52.1 6
    endloop
  endfacet
  facet normal -1 0 0
    outer loop
      vertex 49.8 52.1 18
      vertex 49.8 53.7 6
      vertex 49.8 52.1 6
    endloop
  endfacet
  facet normal -1 0 0
    outer loop
      vertex 49.8 53.7 6
      vertex 49.8 52.1 18
      vertex 49.8 53.7 22.5
    endloop
  endfacet
  facet normal -1 -0 0
    outer loop
      vertex 49.8 53.7 22.5
      vertex 49.8 52.1 18
      vertex 49.8 52.1 22.5
    endloop
  endfacet
  facet normal 0 0 1
    outer loop
      vertex 49.8 53.7 6
      vertex 49 52.1 6
      vertex 49.8 52.1 6
    endloop
  endfacet
  facet normal -0 0 1
    outer loop
      vertex 48 53.7 6
      vertex 49 52.1 6
      vertex 49.8 53.7 6
    endloop
  endfacet
  facet normal 0 0 1
    outer loop
      vertex 49 52.1 6
      vertex 48 53.7 6
      vertex 48 52.1 6
    endloop
  endfacet
  facet normal 1 -0 0
    outer loop
      vertex 48 52.1 22.5
      vertex 48 53.7 6
      vertex 48 53.7 22.5
    endloop
  endfacet
  facet normal 1 0 0
    outer loop
      vertex 48 53.7 6
      vertex 48 52.1 22.5
      vertex 48 52.1 6
    endloop
  endfacet
  facet normal 1 -0 0
    outer loop
      vertex 7 25.6 18
      vertex 7 29.6 2
      vertex 7 29.6 18
    endloop
  endfacet
  facet normal 1 0 0
    outer loop
      vertex 7 29.6 2
      vertex 7 25.6 18
      vertex 7 25.6 2
    endloop
  endfacet
  facet normal -0 0 1
    outer loop
      vertex 4 29.6 18
      vertex 7 25.6 18
      vertex 7 29.6 18
    endloop
  endfacet
  facet normal 0 0 1
    outer loop
      vertex 7 25.6 18
      vertex 4 29.6 18
      vertex 4 25.6 18
    endloop
  endfacet
  facet normal 0 1 -0
    outer loop
      vertex 7 29.6 2
      vertex 4 29.6 18
      vertex 7 29.6 18
    endloop
  endfacet
  facet normal 0 1 0
    outer loop
      vertex 4 29.6 18
      vertex 7 29.6 2
      vertex 4 29.6 2
    endloop
  endfacet
  facet normal -0 0 1
    outer loop
      vertex 49 29.6 18
      vertex 52 25.6 18
      vertex 52 29.6 18
    endloop
  endfacet
  facet normal 0 0 1
    outer loop
      vertex 52 25.6 18
      vertex 49 29.6 18
      vertex 49 25.6 18
    endloop
  endfacet
  facet normal -1 0 0
    outer loop
      vertex 49 25.6 2
      vertex 49 29.6 18
      vertex 49 29.6 2
    endloop
  endfacet
  facet normal -1 -0 0
    outer loop
      vertex 49 29.6 18
      vertex 49 25.6 2
      vertex 49 25.6 18
    endloop
  endfacet
  facet normal 0 1 -0
    outer loop
      vertex 52 29.6 2
      vertex 49 29.6 18
      vertex 52 29.6 18
    endloop
  endfacet
  facet normal 0 1 0
    outer loop
      vertex 49 29.6 18
      vertex 52 29.6 2
      vertex 49 29.6 2
    endloop
  endfacet
  facet normal 1 -0 0
    outer loop
      vertex 7 48.1 18
      vertex 7 52.1 2
      vertex 7 52.1 18
    endloop
  endfacet
  facet normal 1 0 0
    outer loop
      vertex 7 52.1 2
      vertex 7 48.1 18
      vertex 7 48.1 2
    endloop
  endfacet
  facet normal -0 0 1
    outer loop
      vertex 4 52.1 18
      vertex 7 48.1 18
      vertex 7 52.1 18
    endloop
  endfacet
  facet normal 0 0 1
    outer loop
      vertex 7 48.1 18
      vertex 4 52.1 18
      vertex 4 48.1 18
    endloop
  endfacet
  facet normal 0 -1 0
    outer loop
      vertex 4 48.1 2
      vertex 7 48.1 18
      vertex 4 48.1 18
    endloop
  endfacet
  facet normal 0 -1 -0
    outer loop
      vertex 7 48.1 18
      vertex 4 48.1 2
      vertex 7 48.1 2
    endloop
  endfacet
  facet normal -1 0 0
    outer loop
      vertex 52 48.1 2
      vertex 52 47.85 2
      vertex 52 48.1 18
    endloop
  endfacet
  facet normal -1 0 0
    outer loop
      vertex 52 48.1 18
      vertex 52 52.1 21
      vertex 52 52.1 18
    endloop
  endfacet
  facet normal -1 0 0
    outer loop
      vertex 52 48.1 18
      vertex 52 47.85 21
      vertex 52 52.1 21
    endloop
  endfacet
  facet normal -1 0 0
    outer loop
      vertex 52 47.85 21
      vertex 52 48.1 18
      vertex 52 47.85 2
    endloop
  endfacet
  facet normal -0 0 1
    outer loop
      vertex 49.8 52.1 18
      vertex 52 48.1 18
      vertex 52 52.1 18
    endloop
  endfacet
  facet normal 0 0 1
    outer loop
      vertex 49 48.1 18
      vertex 49.8 52.1 18
      vertex 49 52.1 18
    endloop
  endfacet
  facet normal 0 0 1
    outer loop
      vertex 49.8 52.1 18
      vertex 49 48.1 18
      vertex 52 48.1 18
    endloop
  endfacet
  facet normal -1 0 0
    outer loop
      vertex 49 48.1 2
      vertex 49 52.1 6
      vertex 49 52.1 2
    endloop
  endfacet
  facet normal -1 0 0
    outer loop
      vertex 49 48.1 18
      vertex 49 52.1 6
      vertex 49 48.1 2
    endloop
  endfacet
  facet normal -1 0 0
    outer loop
      vertex 49 52.1 6
      vertex 49 48.1 18
      vertex 49 52.1 18
    endloop
  endfacet
  facet normal 0 -1 0
    outer loop
      vertex 49 48.1 2
      vertex 52 48.1 18
      vertex 49 48.1 18
    endloop
  endfacet
  facet normal 0 -1 -0
    outer loop
      vertex 52 48.1 18
      vertex 49 48.1 2
      vertex 52 48.1 2
    endloop
  endfacet
  facet normal -0.442283 0.896875 0
    outer loop
      vertex 3.85195 7.77164 2
      vertex 3.5 7.59808 25
      vertex 3.85195 7.77164 25
    endloop
  endfacet
  facet normal -0.442283 0.896875 0
    outer loop
      vertex 3.5 7.59808 25
      vertex 3.85195 7.77164 2
      vertex 3.5 7.59808 2
    endloop
  endfacet
  facet normal 0.831462 0.555582 0
    outer loop
      vertex 7.59808 6.5 25
      vertex 7.38006 6.82628 2
      vertex 7.38006 6.82628 25
    endloop
  endfacet
  facet normal 0.831462 0.555582 0
    outer loop
      vertex 7.38006 6.82628 2
      vertex 7.59808 6.5 25
      vertex 7.59808 6.5 2
    endloop
  endfacet
  facet normal 0.980789 0.195072 0
    outer loop
      vertex 7.97433 5.39158 25
      vertex 7.89778 5.77646 2
      vertex 7.89778 5.77646 25
    endloop
  endfacet
  facet normal 0.980789 0.195072 0
    outer loop
      vertex 7.89778 5.77646 2
      vertex 7.97433 5.39158 25
      vertex 7.97433 5.39158 2
    endloop
  endfacet
  facet normal -0.195072 -0.980789 0
    outer loop
      vertex 4.22354 2.10222 2
      vertex 4.60842 2.02567 25
      vertex 4.22354 2.10222 25
    endloop
  endfacet
  facet normal -0.195072 -0.980789 -0
    outer loop
      vertex 4.60842 2.02567 25
      vertex 4.22354 2.10222 2
      vertex 4.60842 2.02567 2
    endloop
  endfacet
  facet normal 0.442283 -0.896875 0
    outer loop
      vertex 6.14805 2.22836 2
      vertex 6.5 2.40192 25
      vertex 6.14805 2.22836 25
    endloop
  endfacet
  facet normal 0.442283 -0.896875 0
    outer loop
      vertex 6.5 2.40192 25
      vertex 6.14805 2.22836 2
      vertex 6.5 2.40192 2
    endloop
  endfacet
  facet normal 0.555582 0.831462 -0
    outer loop
      vertex 6.82628 7.38006 2
      vertex 6.5 7.59808 25
      vertex 6.82628 7.38006 25
    endloop
  endfacet
  facet normal 0.555582 0.831462 0
    outer loop
      vertex 6.5 7.59808 25
      vertex 6.82628 7.38006 2
      vertex 6.5 7.59808 2
    endloop
  endfacet
  facet normal 0.442283 0.896875 -0
    outer loop
      vertex 6.5 7.59808 2
      vertex 6.14805 7.77164 25
      vertex 6.5 7.59808 25
    endloop
  endfacet
  facet normal 0.442283 0.896875 0
    outer loop
      vertex 6.14805 7.77164 25
      vertex 6.5 7.59808 2
      vertex 6.14805 7.77164 2
    endloop
  endfacet
  facet normal 0.659341 0.751844 -0
    outer loop
      vertex 7.12132 7.12132 2
      vertex 6.82628 7.38006 25
      vertex 7.12132 7.12132 25
    endloop
  endfacet
  facet normal 0.659341 0.751844 0
    outer loop
      vertex 6.82628 7.38006 25
      vertex 7.12132 7.12132 2
      vertex 6.82628 7.38006 2
    endloop
  endfacet
  facet normal 0.195072 -0.980789 0
    outer loop
      vertex 5.39158 2.02567 2
      vertex 5.77646 2.10222 25
      vertex 5.39158 2.02567 25
    endloop
  endfacet
  facet normal 0.195072 -0.980789 0
    outer loop
      vertex 5.77646 2.10222 25
      vertex 5.39158 2.02567 2
      vertex 5.77646 2.10222 2
    endloop
  endfacet
  facet normal -0.980789 -0.195072 0
    outer loop
      vertex 2.10222 4.22354 2
      vertex 2.02567 4.60842 25
      vertex 2.02567 4.60842 2
    endloop
  endfacet
  facet normal -0.980789 -0.195072 0
    outer loop
      vertex 2.02567 4.60842 25
      vertex 2.10222 4.22354 2
      vertex 2.10222 4.22354 25
    endloop
  endfacet
  facet normal 0.946928 0.321444 0
    outer loop
      vertex 7.89778 5.77646 25
      vertex 7.77164 6.14805 2
      vertex 7.77164 6.14805 25
    endloop
  endfacet
  facet normal 0.946928 0.321444 0
    outer loop
      vertex 7.77164 6.14805 2
      vertex 7.89778 5.77646 25
      vertex 7.89778 5.77646 2
    endloop
  endfacet
  facet normal -0.896875 -0.442283 0
    outer loop
      vertex 2.40192 3.5 2
      vertex 2.22836 3.85195 25
      vertex 2.22836 3.85195 2
    endloop
  endfacet
  facet normal -0.896875 -0.442283 0
    outer loop
      vertex 2.22836 3.85195 25
      vertex 2.40192 3.5 2
      vertex 2.40192 3.5 25
    endloop
  endfacet
  facet normal 0.555582 -0.831462 0
    outer loop
      vertex 6.5 2.40192 2
      vertex 6.82628 2.61994 25
      vertex 6.5 2.40192 25
    endloop
  endfacet
  facet normal 0.555582 -0.831462 0
    outer loop
      vertex 6.82628 2.61994 25
      vertex 6.5 2.40192 2
      vertex 6.82628 2.61994 2
    endloop
  endfacet
  facet normal 0.997858 0.0654145 0
    outer loop
      vertex 8 5 25
      vertex 7.97433 5.39158 2
      vertex 7.97433 5.39158 25
    endloop
  endfacet
  facet normal 0.997858 0.0654145 0
    outer loop
      vertex 7.97433 5.39158 2
      vertex 8 5 25
      vertex 8 5 2
    endloop
  endfacet
  facet normal 0.0654145 0.997858 -0
    outer loop
      vertex 5.39158 7.97433 2
      vertex 5 8 25
      vertex 5.39158 7.97433 25
    endloop
  endfacet
  facet normal 0.0654145 0.997858 0
    outer loop
      vertex 5 8 25
      vertex 5.39158 7.97433 2
      vertex 5 8 2
    endloop
  endfacet
  facet normal 0.831462 -0.555582 0
    outer loop
      vertex 7.38006 3.17372 25
      vertex 7.59808 3.5 2
      vertex 7.59808 3.5 25
    endloop
  endfacet
  facet normal 0.831462 -0.555582 0
    outer loop
      vertex 7.59808 3.5 2
      vertex 7.38006 3.17372 25
      vertex 7.38006 3.17372 2
    endloop
  endfacet
  facet normal 0.751844 0.659341 0
    outer loop
      vertex 7.38006 6.82628 25
      vertex 7.12132 7.12132 2
      vertex 7.12132 7.12132 25
    endloop
  endfacet
  facet normal 0.751844 0.659341 0
    outer loop
      vertex 7.12132 7.12132 2
      vertex 7.38006 6.82628 25
      vertex 7.38006 6.82628 2
    endloop
  endfacet
  facet normal 0.751844 -0.659341 0
    outer loop
      vertex 7.12132 2.87868 25
      vertex 7.38006 3.17372 2
      vertex 7.38006 3.17372 25
    endloop
  endfacet
  facet normal 0.751844 -0.659341 0
    outer loop
      vertex 7.38006 3.17372 2
      vertex 7.12132 2.87868 25
      vertex 7.12132 2.87868 2
    endloop
  endfacet
  facet normal -0.0654145 -0.997858 0
    outer loop
      vertex 4.60842 2.02567 2
      vertex 5 2 25
      vertex 4.60842 2.02567 25
    endloop
  endfacet
  facet normal -0.0654145 -0.997858 -0
    outer loop
      vertex 5 2 25
      vertex 4.60842 2.02567 2
      vertex 5 2 2
    endloop
  endfacet
  facet normal -0.946928 -0.321444 0
    outer loop
      vertex 2.22836 3.85195 2
      vertex 2.10222 4.22354 25
      vertex 2.10222 4.22354 2
    endloop
  endfacet
  facet normal -0.946928 -0.321444 0
    outer loop
      vertex 2.10222 4.22354 25
      vertex 2.22836 3.85195 2
      vertex 2.22836 3.85195 25
    endloop
  endfacet
  facet normal -0.997858 0.0654145 0
    outer loop
      vertex 2 5 2
      vertex 2.02567 5.39158 25
      vertex 2.02567 5.39158 2
    endloop
  endfacet
  facet normal -0.997858 0.0654145 0
    outer loop
      vertex 2.02567 5.39158 25
      vertex 2 5 2
      vertex 2 5 25
    endloop
  endfacet
  facet normal -0.321444 0.946928 0
    outer loop
      vertex 4.22354 7.89778 2
      vertex 3.85195 7.77164 25
      vertex 4.22354 7.89778 25
    endloop
  endfacet
  facet normal -0.321444 0.946928 0
    outer loop
      vertex 3.85195 7.77164 25
      vertex 4.22354 7.89778 2
      vertex 3.85195 7.77164 2
    endloop
  endfacet
  facet normal -0.195072 0.980789 0
    outer loop
      vertex 4.60842 7.97433 2
      vertex 4.22354 7.89778 25
      vertex 4.60842 7.97433 25
    endloop
  endfacet
  facet normal -0.195072 0.980789 0
    outer loop
      vertex 4.22354 7.89778 25
      vertex 4.60842 7.97433 2
      vertex 4.22354 7.89778 2
    endloop
  endfacet
  facet normal -0.831462 -0.555582 0
    outer loop
      vertex 2.61994 3.17372 2
      vertex 2.40192 3.5 25
      vertex 2.40192 3.5 2
    endloop
  endfacet
  facet normal -0.831462 -0.555582 0
    outer loop
      vertex 2.40192 3.5 25
      vertex 2.61994 3.17372 2
      vertex 2.61994 3.17372 25
    endloop
  endfacet
  facet normal -0.751844 0.659341 0
    outer loop
      vertex 2.61994 6.82628 2
      vertex 2.87868 7.12132 25
      vertex 2.87868 7.12132 2
    endloop
  endfacet
  facet normal -0.751844 0.659341 0
    outer loop
      vertex 2.87868 7.12132 25
      vertex 2.61994 6.82628 2
      vertex 2.61994 6.82628 25
    endloop
  endfacet
  facet normal 0.0654145 -0.997858 0
    outer loop
      vertex 5 2 2
      vertex 5.39158 2.02567 25
      vertex 5 2 25
    endloop
  endfacet
  facet normal 0.0654145 -0.997858 0
    outer loop
      vertex 5.39158 2.02567 25
      vertex 5 2 2
      vertex 5.39158 2.02567 2
    endloop
  endfacet
  facet normal 0.321444 0.946928 -0
    outer loop
      vertex 6.14805 7.77164 2
      vertex 5.77646 7.89778 25
      vertex 6.14805 7.77164 25
    endloop
  endfacet
  facet normal 0.321444 0.946928 0
    outer loop
      vertex 5.77646 7.89778 25
      vertex 6.14805 7.77164 2
      vertex 5.77646 7.89778 2
    endloop
  endfacet
  facet normal 0.896875 -0.442283 0
    outer loop
      vertex 7.59808 3.5 25
      vertex 7.77164 3.85195 2
      vertex 7.77164 3.85195 25
    endloop
  endfacet
  facet normal 0.896875 -0.442283 0
    outer loop
      vertex 7.77164 3.85195 2
      vertex 7.59808 3.5 25
      vertex 7.59808 3.5 2
    endloop
  endfacet
  facet normal 0.946928 -0.321444 0
    outer loop
      vertex 7.77164 3.85195 25
      vertex 7.89778 4.22354 2
      vertex 7.89778 4.22354 25
    endloop
  endfacet
  facet normal 0.946928 -0.321444 0
    outer loop
      vertex 7.89778 4.22354 2
      vertex 7.77164 3.85195 25
      vertex 7.77164 3.85195 2
    endloop
  endfacet
  facet normal -0.896875 0.442283 0
    outer loop
      vertex 2.22836 6.14805 2
      vertex 2.40192 6.5 25
      vertex 2.40192 6.5 2
    endloop
  endfacet
  facet normal -0.896875 0.442283 0
    outer loop
      vertex 2.40192 6.5 25
      vertex 2.22836 6.14805 2
      vertex 2.22836 6.14805 25
    endloop
  endfacet
  facet normal -0.980789 0.195072 0
    outer loop
      vertex 2.02567 5.39158 2
      vertex 2.10222 5.77646 25
      vertex 2.10222 5.77646 2
    endloop
  endfacet
  facet normal -0.980789 0.195072 0
    outer loop
      vertex 2.10222 5.77646 25
      vertex 2.02567 5.39158 2
      vertex 2.02567 5.39158 25
    endloop
  endfacet
  facet normal 0.896875 0.442283 0
    outer loop
      vertex 7.77164 6.14805 25
      vertex 7.59808 6.5 2
      vertex 7.59808 6.5 25
    endloop
  endfacet
  facet normal 0.896875 0.442283 0
    outer loop
      vertex 7.59808 6.5 2
      vertex 7.77164 6.14805 25
      vertex 7.77164 6.14805 2
    endloop
  endfacet
  facet normal 0.997858 -0.0654145 0
    outer loop
      vertex 7.97433 4.60842 25
      vertex 8 5 2
      vertex 8 5 25
    endloop
  endfacet
  facet normal 0.997858 -0.0654145 0
    outer loop
      vertex 8 5 2
      vertex 7.97433 4.60842 25
      vertex 7.97433 4.60842 2
    endloop
  endfacet
  facet normal -0.555582 0.831462 0
    outer loop
      vertex 3.5 7.59808 2
      vertex 3.17372 7.38006 25
      vertex 3.5 7.59808 25
    endloop
  endfacet
  facet normal -0.555582 0.831462 0
    outer loop
      vertex 3.17372 7.38006 25
      vertex 3.5 7.59808 2
      vertex 3.17372 7.38006 2
    endloop
  endfacet
  facet normal 0.195072 0.980789 -0
    outer loop
      vertex 5.77646 7.89778 2
      vertex 5.39158 7.97433 25
      vertex 5.77646 7.89778 25
    endloop
  endfacet
  facet normal 0.195072 0.980789 0
    outer loop
      vertex 5.39158 7.97433 25
      vertex 5.77646 7.89778 2
      vertex 5.39158 7.97433 2
    endloop
  endfacet
  facet normal -0.997858 -0.0654145 0
    outer loop
      vertex 2.02567 4.60842 2
      vertex 2 5 25
      vertex 2 5 2
    endloop
  endfacet
  facet normal -0.997858 -0.0654145 0
    outer loop
      vertex 2 5 25
      vertex 2.02567 4.60842 2
      vertex 2.02567 4.60842 25
    endloop
  endfacet
  facet normal -0.659341 -0.751844 0
    outer loop
      vertex 2.87868 2.87868 2
      vertex 3.17372 2.61994 25
      vertex 2.87868 2.87868 25
    endloop
  endfacet
  facet normal -0.659341 -0.751844 -0
    outer loop
      vertex 3.17372 2.61994 25
      vertex 2.87868 2.87868 2
      vertex 3.17372 2.61994 2
    endloop
  endfacet
  facet normal -0.946928 0.321444 0
    outer loop
      vertex 2.10222 5.77646 2
      vertex 2.22836 6.14805 25
      vertex 2.22836 6.14805 2
    endloop
  endfacet
  facet normal -0.946928 0.321444 0
    outer loop
      vertex 2.22836 6.14805 25
      vertex 2.10222 5.77646 2
      vertex 2.10222 5.77646 25
    endloop
  endfacet
  facet normal 0.980789 -0.195072 0
    outer loop
      vertex 7.89778 4.22354 25
      vertex 7.97433 4.60842 2
      vertex 7.97433 4.60842 25
    endloop
  endfacet
  facet normal 0.980789 -0.195072 0
    outer loop
      vertex 7.97433 4.60842 2
      vertex 7.89778 4.22354 25
      vertex 7.89778 4.22354 2
    endloop
  endfacet
  facet normal -0.831462 0.555582 0
    outer loop
      vertex 2.40192 6.5 2
      vertex 2.61994 6.82628 25
      vertex 2.61994 6.82628 2
    endloop
  endfacet
  facet normal -0.831462 0.555582 0
    outer loop
      vertex 2.61994 6.82628 25
      vertex 2.40192 6.5 2
      vertex 2.40192 6.5 25
    endloop
  endfacet
  facet normal -0.659341 0.751844 0
    outer loop
      vertex 3.17372 7.38006 2
      vertex 2.87868 7.12132 25
      vertex 3.17372 7.38006 25
    endloop
  endfacet
  facet normal -0.659341 0.751844 0
    outer loop
      vertex 2.87868 7.12132 25
      vertex 3.17372 7.38006 2
      vertex 2.87868 7.12132 2
    endloop
  endfacet
  facet normal -0.0654145 0.997858 0
    outer loop
      vertex 5 8 2
      vertex 4.60842 7.97433 25
      vertex 5 8 25
    endloop
  endfacet
  facet normal -0.0654145 0.997858 0
    outer loop
      vertex 4.60842 7.97433 25
      vertex 5 8 2
      vertex 4.60842 7.97433 2
    endloop
  endfacet
  facet normal 0.321444 -0.946928 0
    outer loop
      vertex 5.77646 2.10222 2
      vertex 6.14805 2.22836 25
      vertex 5.77646 2.10222 25
    endloop
  endfacet
  facet normal 0.321444 -0.946928 0
    outer loop
      vertex 6.14805 2.22836 25
      vertex 5.77646 2.10222 2
      vertex 6.14805 2.22836 2
    endloop
  endfacet
  facet normal -0.555582 -0.831462 0
    outer loop
      vertex 3.17372 2.61994 2
      vertex 3.5 2.40192 25
      vertex 3.17372 2.61994 25
    endloop
  endfacet
  facet normal -0.555582 -0.831462 -0
    outer loop
      vertex 3.5 2.40192 25
      vertex 3.17372 2.61994 2
      vertex 3.5 2.40192 2
    endloop
  endfacet
  facet normal -0.751844 -0.659341 0
    outer loop
      vertex 2.87868 2.87868 2
      vertex 2.61994 3.17372 25
      vertex 2.61994 3.17372 2
    endloop
  endfacet
  facet normal -0.751844 -0.659341 0
    outer loop
      vertex 2.61994 3.17372 25
      vertex 2.87868 2.87868 2
      vertex 2.87868 2.87868 25
    endloop
  endfacet
  facet normal 0 0 1
    outer loop
      vertex 5.85 5 25
      vertex 8 5 25
      vertex 7.97433 5.39158 25
    endloop
  endfacet
  facet normal 0 0 1
    outer loop
      vertex 5.84273 5.11095 25
      vertex 7.97433 5.39158 25
      vertex 7.89778 5.77646 25
    endloop
  endfacet
  facet normal 0 0 1
    outer loop
      vertex 8 5 25
      vertex 5.85 5 25
      vertex 7.97433 4.60842 25
    endloop
  endfacet
  facet normal 0 0 1
    outer loop
      vertex 5.82104 5.22 25
      vertex 7.89778 5.77646 25
      vertex 7.77164 6.14805 25
    endloop
  endfacet
  facet normal -0 0 1
    outer loop
      vertex 5.84273 4.88905 25
      vertex 7.97433 4.60842 25
      vertex 5.85 5 25
    endloop
  endfacet
  facet normal 0 0 1
    outer loop
      vertex 5.7853 5.32528 25
      vertex 7.77164 6.14805 25
      vertex 7.59808 6.5 25
    endloop
  endfacet
  facet normal 0 0 1
    outer loop
      vertex 7.97433 4.60842 25
      vertex 5.84273 4.88905 25
      vertex 7.89778 4.22354 25
    endloop
  endfacet
  facet normal 0 0 1
    outer loop
      vertex 5.73612 5.425 25
      vertex 7.59808 6.5 25
      vertex 7.38006 6.82628 25
    endloop
  endfacet
  facet normal -0 0 1
    outer loop
      vertex 5.82104 4.78 25
      vertex 7.89778 4.22354 25
      vertex 5.84273 4.88905 25
    endloop
  endfacet
  facet normal 0 0 1
    outer loop
      vertex 5.67435 5.51745 25
      vertex 7.38006 6.82628 25
      vertex 7.12132 7.12132 25
    endloop
  endfacet
  facet normal 0 0 1
    outer loop
      vertex 7.89778 4.22354 25
      vertex 5.82104 4.78 25
      vertex 7.77164 3.85195 25
    endloop
  endfacet
  facet normal 0 0 1
    outer loop
      vertex 5.60104 5.60104 25
      vertex 7.12132 7.12132 25
      vertex 6.82628 7.38006 25
    endloop
  endfacet
  facet normal -0 0 1
    outer loop
      vertex 5.7853 4.67472 25
      vertex 7.77164 3.85195 25
      vertex 5.82104 4.78 25
    endloop
  endfacet
  facet normal 0 0 1
    outer loop
      vertex 5.51745 5.67435 25
      vertex 6.82628 7.38006 25
      vertex 6.5 7.59808 25
    endloop
  endfacet
  facet normal 0 0 1
    outer loop
      vertex 7.77164 3.85195 25
      vertex 5.7853 4.67472 25
      vertex 7.59808 3.5 25
    endloop
  endfacet
  facet normal 0 0 1
    outer loop
      vertex 5.425 5.73612 25
      vertex 6.5 7.59808 25
      vertex 6.14805 7.77164 25
    endloop
  endfacet
  facet normal -0 0 1
    outer loop
      vertex 5.73612 4.575 25
      vertex 7.59808 3.5 25
      vertex 5.7853 4.67472 25
    endloop
  endfacet
  facet normal 0 0 1
    outer loop
      vertex 7.59808 3.5 25
      vertex 5.73612 4.575 25
      vertex 7.38006 3.17372 25
    endloop
  endfacet
  facet normal 0 0 1
    outer loop
      vertex 7.97433 5.39158 25
      vertex 5.84273 5.11095 25
      vertex 5.85 5 25
    endloop
  endfacet
  facet normal 0 0 1
    outer loop
      vertex 7.89778 5.77646 25
      vertex 5.82104 5.22 25
      vertex 5.84273 5.11095 25
    endloop
  endfacet
  facet normal 0 0 1
    outer loop
      vertex 7.77164 6.14805 25
      vertex 5.7853 5.32528 25
      vertex 5.82104 5.22 25
    endloop
  endfacet
  facet normal 0 0 1
    outer loop
      vertex 5.32528 5.7853 25
      vertex 6.14805 7.77164 25
      vertex 5.77646 7.89778 25
    endloop
  endfacet
  facet normal 0 0 1
    outer loop
      vertex 7.59808 6.5 25
      vertex 5.73612 5.425 25
      vertex 5.7853 5.32528 25
    endloop
  endfacet
  facet normal 0 0 1
    outer loop
      vertex 7.38006 6.82628 25
      vertex 5.67435 5.51745 25
      vertex 5.73612 5.425 25
    endloop
  endfacet
  facet normal 0 0 1
    outer loop
      vertex 7.12132 7.12132 25
      vertex 5.60104 5.60104 25
      vertex 5.67435 5.51745 25
    endloop
  endfacet
  facet normal 0 0 1
    outer loop
      vertex 6.82628 7.38006 25
      vertex 5.51745 5.67435 25
      vertex 5.60104 5.60104 25
    endloop
  endfacet
  facet normal 0 0 1
    outer loop
      vertex 6.5 7.59808 25
      vertex 5.425 5.73612 25
      vertex 5.51745 5.67435 25
    endloop
  endfacet
  facet normal 0 0 1
    outer loop
      vertex 5.22 5.82104 25
      vertex 5.77646 7.89778 25
      vertex 5.39158 7.97433 25
    endloop
  endfacet
  facet normal 0 0 1
    outer loop
      vertex 6.14805 7.77164 25
      vertex 5.32528 5.7853 25
      vertex 5.425 5.73612 25
    endloop
  endfacet
  facet normal 0 0 1
    outer loop
      vertex 5.77646 7.89778 25
      vertex 5.22 5.82104 25
      vertex 5.32528 5.7853 25
    endloop
  endfacet
  facet normal 0 0 1
    outer loop
      vertex 5.39158 7.97433 25
      vertex 5.11095 5.84273 25
      vertex 5.22 5.82104 25
    endloop
  endfacet
  facet normal 0 0 1
    outer loop
      vertex 5 8 25
      vertex 5.11095 5.84273 25
      vertex 5.39158 7.97433 25
    endloop
  endfacet
  facet normal 0 0 1
    outer loop
      vertex 5 8 25
      vertex 5 5.85 25
      vertex 5.11095 5.84273 25
    endloop
  endfacet
  facet normal 0 0 1
    outer loop
      vertex 5 8 25
      vertex 4.88905 5.84273 25
      vertex 5 5.85 25
    endloop
  endfacet
  facet normal -0 0 1
    outer loop
      vertex 4.60842 7.97433 25
      vertex 4.88905 5.84273 25
      vertex 5 8 25
    endloop
  endfacet
  facet normal 0 0 1
    outer loop
      vertex 4.88905 5.84273 25
      vertex 4.60842 7.97433 25
      vertex 4.78 5.82104 25
    endloop
  endfacet
  facet normal -0 0 1
    outer loop
      vertex 4.22354 7.89778 25
      vertex 4.78 5.82104 25
      vertex 4.60842 7.97433 25
    endloop
  endfacet
  facet normal 0 0 1
    outer loop
      vertex 4.78 5.82104 25
      vertex 4.22354 7.89778 25
      vertex 4.67472 5.7853 25
    endloop
  endfacet
  facet normal -0 0 1
    outer loop
      vertex 3.85195 7.77164 25
      vertex 4.67472 5.7853 25
      vertex 4.22354 7.89778 25
    endloop
  endfacet
  facet normal 0 0 1
    outer loop
      vertex 4.67472 5.7853 25
      vertex 3.85195 7.77164 25
      vertex 4.575 5.73612 25
    endloop
  endfacet
  facet normal -0 0 1
    outer loop
      vertex 3.5 7.59808 25
      vertex 4.575 5.73612 25
      vertex 3.85195 7.77164 25
    endloop
  endfacet
  facet normal 0 0 1
    outer loop
      vertex 4.575 5.73612 25
      vertex 3.5 7.59808 25
      vertex 4.48255 5.67435 25
    endloop
  endfacet
  facet normal -0 0 1
    outer loop
      vertex 3.17372 7.38006 25
      vertex 4.48255 5.67435 25
      vertex 3.5 7.59808 25
    endloop
  endfacet
  facet normal 0 0 1
    outer loop
      vertex 4.48255 5.67435 25
      vertex 3.17372 7.38006 25
      vertex 4.39896 5.60104 25
    endloop
  endfacet
  facet normal -0 0 1
    outer loop
      vertex 2.87868 7.12132 25
      vertex 4.39896 5.60104 25
      vertex 3.17372 7.38006 25
    endloop
  endfacet
  facet normal 0 0 1
    outer loop
      vertex 4.39896 5.60104 25
      vertex 2.87868 7.12132 25
      vertex 4.32565 5.51745 25
    endloop
  endfacet
  facet normal -0 0 1
    outer loop
      vertex 2.61994 6.82628 25
      vertex 4.32565 5.51745 25
      vertex 2.87868 7.12132 25
    endloop
  endfacet
  facet normal 0 0 1
    outer loop
      vertex 4.32565 5.51745 25
      vertex 2.61994 6.82628 25
      vertex 4.26388 5.425 25
    endloop
  endfacet
  facet normal -0 0 1
    outer loop
      vertex 5.67435 4.48255 25
      vertex 7.38006 3.17372 25
      vertex 5.73612 4.575 25
    endloop
  endfacet
  facet normal 0 0 1
    outer loop
      vertex 7.38006 3.17372 25
      vertex 5.67435 4.48255 25
      vertex 7.12132 2.87868 25
    endloop
  endfacet
  facet normal -0 0 1
    outer loop
      vertex 5.60104 4.39896 25
      vertex 7.12132 2.87868 25
      vertex 5.67435 4.48255 25
    endloop
  endfacet
  facet normal 0 0 1
    outer loop
      vertex 7.12132 2.87868 25
      vertex 5.60104 4.39896 25
      vertex 6.82628 2.61994 25
    endloop
  endfacet
  facet normal -0 0 1
    outer loop
      vertex 5.51745 4.32565 25
      vertex 6.82628 2.61994 25
      vertex 5.60104 4.39896 25
    endloop
  endfacet
  facet normal 0 0 1
    outer loop
      vertex 6.82628 2.61994 25
      vertex 5.51745 4.32565 25
      vertex 6.5 2.40192 25
    endloop
  endfacet
  facet normal -0 0 1
    outer loop
      vertex 5.425 4.26388 25
      vertex 6.5 2.40192 25
      vertex 5.51745 4.32565 25
    endloop
  endfacet
  facet normal 0 0 1
    outer loop
      vertex 6.5 2.40192 25
      vertex 5.425 4.26388 25
      vertex 6.14805 2.22836 25
    endloop
  endfacet
  facet normal -0 0 1
    outer loop
      vertex 5.32528 4.2147 25
      vertex 6.14805 2.22836 25
      vertex 5.425 4.26388 25
    endloop
  endfacet
  facet normal 0 0 1
    outer loop
      vertex 6.14805 2.22836 25
      vertex 5.32528 4.2147 25
      vertex 5.77646 2.10222 25
    endloop
  endfacet
  facet normal -0 0 1
    outer loop
      vertex 5.22 4.17896 25
      vertex 5.77646 2.10222 25
      vertex 5.32528 4.2147 25
    endloop
  endfacet
  facet normal 0 0 1
    outer loop
      vertex 5.77646 2.10222 25
      vertex 5.22 4.17896 25
      vertex 5.39158 2.02567 25
    endloop
  endfacet
  facet normal -0 0 1
    outer loop
      vertex 5.11095 4.15727 25
      vertex 5.39158 2.02567 25
      vertex 5.22 4.17896 25
    endloop
  endfacet
  facet normal -0 0 1
    outer loop
      vertex 5 4.15 25
      vertex 5.39158 2.02567 25
      vertex 5.11095 4.15727 25
    endloop
  endfacet
  facet normal 0 0 1
    outer loop
      vertex 5 4.15 25
      vertex 5 2 25
      vertex 5.39158 2.02567 25
    endloop
  endfacet
  facet normal 0 0 1
    outer loop
      vertex 4.88905 4.15727 25
      vertex 5 2 25
      vertex 5 4.15 25
    endloop
  endfacet
  facet normal 0 0 1
    outer loop
      vertex 4.60842 2.02567 25
      vertex 4.88905 4.15727 25
      vertex 4.78 4.17896 25
    endloop
  endfacet
  facet normal 0 0 1
    outer loop
      vertex 4.22354 2.10222 25
      vertex 4.78 4.17896 25
      vertex 4.67472 4.2147 25
    endloop
  endfacet
  facet normal 0 0 1
    outer loop
      vertex 4.88905 4.15727 25
      vertex 4.60842 2.02567 25
      vertex 5 2 25
    endloop
  endfacet
  facet normal 0 0 1
    outer loop
      vertex 3.85195 2.22836 25
      vertex 4.67472 4.2147 25
      vertex 4.575 4.26388 25
    endloop
  endfacet
  facet normal 0 0 1
    outer loop
      vertex 3.5 2.40192 25
      vertex 4.575 4.26388 25
      vertex 4.48255 4.32565 25
    endloop
  endfacet
  facet normal 0 0 1
    outer loop
      vertex 3.17372 2.61994 25
      vertex 4.48255 4.32565 25
      vertex 4.39896 4.39896 25
    endloop
  endfacet
  facet normal 0 0 1
    outer loop
      vertex 2.87868 2.87868 25
      vertex 4.39896 4.39896 25
      vertex 4.32565 4.48255 25
    endloop
  endfacet
  facet normal 0 0 1
    outer loop
      vertex 2.61994 3.17372 25
      vertex 4.32565 4.48255 25
      vertex 4.26388 4.575 25
    endloop
  endfacet
  facet normal 0 0 1
    outer loop
      vertex 4.78 4.17896 25
      vertex 4.22354 2.10222 25
      vertex 4.60842 2.02567 25
    endloop
  endfacet
  facet normal 0 0 1
    outer loop
      vertex 2.40192 3.5 25
      vertex 4.26388 4.575 25
      vertex 4.2147 4.67472 25
    endloop
  endfacet
  facet normal 0 0 1
    outer loop
      vertex 2.22836 3.85195 25
      vertex 4.2147 4.67472 25
      vertex 4.17896 4.78 25
    endloop
  endfacet
  facet normal 0 0 1
    outer loop
      vertex 2.10222 4.22354 25
      vertex 4.17896 4.78 25
      vertex 4.15727 4.88905 25
    endloop
  endfacet
  facet normal 0 0 1
    outer loop
      vertex 2.02567 4.60842 25
      vertex 4.15727 4.88905 25
      vertex 4.15 5 25
    endloop
  endfacet
  facet normal -0 0 1
    outer loop
      vertex 2.40192 6.5 25
      vertex 4.26388 5.425 25
      vertex 2.61994 6.82628 25
    endloop
  endfacet
  facet normal 0 0 1
    outer loop
      vertex 4.67472 4.2147 25
      vertex 3.85195 2.22836 25
      vertex 4.22354 2.10222 25
    endloop
  endfacet
  facet normal 0 0 1
    outer loop
      vertex 4.26388 5.425 25
      vertex 2.40192 6.5 25
      vertex 4.2147 5.32528 25
    endloop
  endfacet
  facet normal 0 0 1
    outer loop
      vertex 4.575 4.26388 25
      vertex 3.5 2.40192 25
      vertex 3.85195 2.22836 25
    endloop
  endfacet
  facet normal -0 0 1
    outer loop
      vertex 2.22836 6.14805 25
      vertex 4.2147 5.32528 25
      vertex 2.40192 6.5 25
    endloop
  endfacet
  facet normal 0 0 1
    outer loop
      vertex 4.48255 4.32565 25
      vertex 3.17372 2.61994 25
      vertex 3.5 2.40192 25
    endloop
  endfacet
  facet normal 0 0 1
    outer loop
      vertex 4.2147 5.32528 25
      vertex 2.22836 6.14805 25
      vertex 4.17896 5.22 25
    endloop
  endfacet
  facet normal 0 0 1
    outer loop
      vertex 4.39896 4.39896 25
      vertex 2.87868 2.87868 25
      vertex 3.17372 2.61994 25
    endloop
  endfacet
  facet normal -0 0 1
    outer loop
      vertex 2.10222 5.77646 25
      vertex 4.17896 5.22 25
      vertex 2.22836 6.14805 25
    endloop
  endfacet
  facet normal 0 0 1
    outer loop
      vertex 4.32565 4.48255 25
      vertex 2.61994 3.17372 25
      vertex 2.87868 2.87868 25
    endloop
  endfacet
  facet normal 0 0 1
    outer loop
      vertex 4.17896 5.22 25
      vertex 2.10222 5.77646 25
      vertex 4.15727 5.11095 25
    endloop
  endfacet
  facet normal 0 0 1
    outer loop
      vertex 4.26388 4.575 25
      vertex 2.40192 3.5 25
      vertex 2.61994 3.17372 25
    endloop
  endfacet
  facet normal -0 0 1
    outer loop
      vertex 2.02567 5.39158 25
      vertex 4.15727 5.11095 25
      vertex 2.10222 5.77646 25
    endloop
  endfacet
  facet normal 0 0 1
    outer loop
      vertex 4.2147 4.67472 25
      vertex 2.22836 3.85195 25
      vertex 2.40192 3.5 25
    endloop
  endfacet
  facet normal 0 0 1
    outer loop
      vertex 4.15727 5.11095 25
      vertex 2.02567 5.39158 25
      vertex 4.15 5 25
    endloop
  endfacet
  facet normal 0 0 1
    outer loop
      vertex 4.17896 4.78 25
      vertex 2.10222 4.22354 25
      vertex 2.22836 3.85195 25
    endloop
  endfacet
  facet normal 0 0 1
    outer loop
      vertex 2 5 25
      vertex 4.15 5 25
      vertex 2.02567 5.39158 25
    endloop
  endfacet
  facet normal 0 0 1
    outer loop
      vertex 4.15727 4.88905 25
      vertex 2.02567 4.60842 25
      vertex 2.10222 4.22354 25
    endloop
  endfacet
  facet normal 0 0 1
    outer loop
      vertex 4.15 5 25
      vertex 2 5 25
      vertex 2.02567 4.60842 25
    endloop
  endfacet
  facet normal 0.659341 -0.751844 0
    outer loop
      vertex 6.82628 2.61994 2
      vertex 7.12132 2.87868 25
      vertex 6.82628 2.61994 25
    endloop
  endfacet
  facet normal 0.659341 -0.751844 0
    outer loop
      vertex 7.12132 2.87868 25
      vertex 6.82628 2.61994 2
      vertex 7.12132 2.87868 2
    endloop
  endfacet
  facet normal -0.321444 -0.946928 0
    outer loop
      vertex 3.85195 2.22836 2
      vertex 4.22354 2.10222 25
      vertex 3.85195 2.22836 25
    endloop
  endfacet
  facet normal -0.321444 -0.946928 -0
    outer loop
      vertex 4.22354 2.10222 25
      vertex 3.85195 2.22836 2
      vertex 4.22354 2.10222 2
    endloop
  endfacet
  facet normal -0.442283 -0.896875 0
    outer loop
      vertex 3.5 2.40192 2
      vertex 3.85195 2.22836 25
      vertex 3.5 2.40192 25
    endloop
  endfacet
  facet normal -0.442283 -0.896875 -0
    outer loop
      vertex 3.85195 2.22836 25
      vertex 3.5 2.40192 2
      vertex 3.85195 2.22836 2
    endloop
  endfacet
  facet normal 0.19495 0.980813 -0
    outer loop
      vertex 5.77646 60.5978 2
      vertex 5.39158 60.6743 25
      vertex 5.77646 60.5978 25
    endloop
  endfacet
  facet normal 0.19495 0.980813 0
    outer loop
      vertex 5.39158 60.6743 25
      vertex 5.77646 60.5978 2
      vertex 5.39158 60.6743 2
    endloop
  endfacet
  facet normal -0.555547 0.831485 0
    outer loop
      vertex 3.5 60.2981 2
      vertex 3.17372 60.0801 25
      vertex 3.5 60.2981 25
    endloop
  endfacet
  facet normal -0.555547 0.831485 0
    outer loop
      vertex 3.17372 60.0801 25
      vertex 3.5 60.2981 2
      vertex 3.17372 60.0801 2
    endloop
  endfacet
  facet normal 0.980791 0.195062 0
    outer loop
      vertex 7.97433 58.0916 25
      vertex 7.89778 58.4765 2
      vertex 7.89778 58.4765 25
    endloop
  endfacet
  facet normal 0.980791 0.195062 0
    outer loop
      vertex 7.89778 58.4765 2
      vertex 7.97433 58.0916 25
      vertex 7.97433 58.0916 2
    endloop
  endfacet
  facet normal -0.89685 -0.442334 0
    outer loop
      vertex 2.40192 56.2 2
      vertex 2.22836 56.5519 25
      vertex 2.22836 56.5519 2
    endloop
  endfacet
  facet normal -0.89685 -0.442334 0
    outer loop
      vertex 2.22836 56.5519 25
      vertex 2.40192 56.2 2
      vertex 2.40192 56.2 25
    endloop
  endfacet
  facet normal 0.659428 0.751768 -0
    outer loop
      vertex 7.12132 59.8213 2
      vertex 6.82628 60.0801 25
      vertex 7.12132 59.8213 25
    endloop
  endfacet
  facet normal 0.659428 0.751768 0
    outer loop
      vertex 6.82628 60.0801 25
      vertex 7.12132 59.8213 2
      vertex 6.82628 60.0801 2
    endloop
  endfacet
  facet normal -0.946905 0.321514 0
    outer loop
      vertex 2.10222 58.4765 2
      vertex 2.22836 58.848 25
      vertex 2.22836 58.848 2
    endloop
  endfacet
  facet normal -0.946905 0.321514 0
    outer loop
      vertex 2.22836 58.848 25
      vertex 2.10222 58.4765 2
      vertex 2.10222 58.4765 25
    endloop
  endfacet
  facet normal 0.831477 -0.555558 0
    outer loop
      vertex 7.38006 55.8737 25
      vertex 7.59808 56.2 2
      vertex 7.59808 56.2 25
    endloop
  endfacet
  facet normal 0.831477 -0.555558 0
    outer loop
      vertex 7.59808 56.2 2
      vertex 7.38006 55.8737 25
      vertex 7.38006 55.8737 2
    endloop
  endfacet
  facet normal -0.980791 -0.195062 0
    outer loop
      vertex 2.10222 56.9235 2
      vertex 2.02567 57.3084 25
      vertex 2.02567 57.3084 2
    endloop
  endfacet
  facet normal -0.980791 -0.195062 0
    outer loop
      vertex 2.02567 57.3084 25
      vertex 2.10222 56.9235 2
      vertex 2.10222 56.9235 25
    endloop
  endfacet
  facet normal 0.555547 0.831485 -0
    outer loop
      vertex 6.82628 60.0801 2
      vertex 6.5 60.2981 25
      vertex 6.82628 60.0801 25
    endloop
  endfacet
  facet normal 0.555547 0.831485 0
    outer loop
      vertex 6.5 60.2981 25
      vertex 6.82628 60.0801 2
      vertex 6.5 60.2981 2
    endloop
  endfacet
  facet normal 0.19495 -0.980813 0
    outer loop
      vertex 5.39158 54.7257 2
      vertex 5.77646 54.8022 25
      vertex 5.39158 54.7257 25
    endloop
  endfacet
  facet normal 0.19495 -0.980813 0
    outer loop
      vertex 5.77646 54.8022 25
      vertex 5.39158 54.7257 2
      vertex 5.77646 54.8022 2
    endloop
  endfacet
  facet normal 0.44216 -0.896936 0
    outer loop
      vertex 6.14805 54.9284 2
      vertex 6.5 55.1019 25
      vertex 6.14805 54.9284 25
    endloop
  endfacet
  facet normal 0.44216 -0.896936 0
    outer loop
      vertex 6.5 55.1019 25
      vertex 6.14805 54.9284 2
      vertex 6.5 55.1019 2
    endloop
  endfacet
  facet normal 0.997858 0.0654112 0
    outer loop
      vertex 8 57.7 25
      vertex 7.97433 58.0916 2
      vertex 7.97433 58.0916 25
    endloop
  endfacet
  facet normal 0.997858 0.0654112 0
    outer loop
      vertex 7.97433 58.0916 2
      vertex 8 57.7 25
      vertex 8 57.7 2
    endloop
  endfacet
  facet normal -0.19495 0.980813 0
    outer loop
      vertex 4.60842 60.6743 2
      vertex 4.22354 60.5978 25
      vertex 4.60842 60.6743 25
    endloop
  endfacet
  facet normal -0.19495 0.980813 0
    outer loop
      vertex 4.22354 60.5978 25
      vertex 4.60842 60.6743 2
      vertex 4.22354 60.5978 2
    endloop
  endfacet
  facet normal 0.831477 0.555558 0
    outer loop
      vertex 7.59808 59.2 25
      vertex 7.38006 59.5263 2
      vertex 7.38006 59.5263 25
    endloop
  endfacet
  facet normal 0.831477 0.555558 0
    outer loop
      vertex 7.38006 59.5263 2
      vertex 7.59808 59.2 25
      vertex 7.59808 59.2 2
    endloop
  endfacet
  facet normal 0.8969 0.442233 0
    outer loop
      vertex 7.77164 58.848 25
      vertex 7.59808 59.2 2
      vertex 7.59808 59.2 25
    endloop
  endfacet
  facet normal 0.8969 0.442233 0
    outer loop
      vertex 7.59808 59.2 2
      vertex 7.77164 58.848 25
      vertex 7.77164 58.848 2
    endloop
  endfacet
  facet normal -0.321582 -0.946882 0
    outer loop
      vertex 3.85195 54.9284 2
      vertex 4.22354 54.8022 25
      vertex 3.85195 54.9284 25
    endloop
  endfacet
  facet normal -0.321582 -0.946882 -0
    outer loop
      vertex 4.22354 54.8022 25
      vertex 3.85195 54.9284 2
      vertex 4.22354 54.8022 2
    endloop
  endfacet
  facet normal 0.321582 0.946882 -0
    outer loop
      vertex 6.14805 60.4716 2
      vertex 5.77646 60.5978 25
      vertex 6.14805 60.4716 25
    endloop
  endfacet
  facet normal 0.321582 0.946882 0
    outer loop
      vertex 5.77646 60.5978 25
      vertex 6.14805 60.4716 2
      vertex 5.77646 60.5978 2
    endloop
  endfacet
  facet normal -0.831477 0.555558 0
    outer loop
      vertex 2.40192 59.2 2
      vertex 2.61994 59.5263 25
      vertex 2.61994 59.5263 2
    endloop
  endfacet
  facet normal -0.831477 0.555558 0
    outer loop
      vertex 2.61994 59.5263 25
      vertex 2.40192 59.2 2
      vertex 2.40192 59.2 25
    endloop
  endfacet
  facet normal 0.997858 -0.0654112 0
    outer loop
      vertex 7.97433 57.3084 25
      vertex 8 57.7 2
      vertex 8 57.7 25
    endloop
  endfacet
  facet normal 0.997858 -0.0654112 0
    outer loop
      vertex 8 57.7 2
      vertex 7.97433 57.3084 25
      vertex 7.97433 57.3084 2
    endloop
  endfacet
  facet normal -0.44216 -0.896936 0
    outer loop
      vertex 3.5 55.1019 2
      vertex 3.85195 54.9284 25
      vertex 3.5 55.1019 25
    endloop
  endfacet
  facet normal -0.44216 -0.896936 -0
    outer loop
      vertex 3.85195 54.9284 25
      vertex 3.5 55.1019 2
      vertex 3.85195 54.9284 2
    endloop
  endfacet
  facet normal -0.659428 0.751768 0
    outer loop
      vertex 3.17372 60.0801 2
      vertex 2.87868 59.8213 25
      vertex 3.17372 60.0801 25
    endloop
  endfacet
  facet normal -0.659428 0.751768 0
    outer loop
      vertex 2.87868 59.8213 25
      vertex 3.17372 60.0801 2
      vertex 2.87868 59.8213 2
    endloop
  endfacet
  facet normal 0.751799 -0.659392 0
    outer loop
      vertex 7.12132 55.5787 25
      vertex 7.38006 55.8737 2
      vertex 7.38006 55.8737 25
    endloop
  endfacet
  facet normal 0.751799 -0.659392 0
    outer loop
      vertex 7.38006 55.8737 2
      vertex 7.12132 55.5787 25
      vertex 7.12132 55.5787 2
    endloop
  endfacet
  facet normal 0.946905 0.321514 0
    outer loop
      vertex 7.89778 58.4765 25
      vertex 7.77164 58.848 2
      vertex 7.77164 58.848 25
    endloop
  endfacet
  facet normal 0.946905 0.321514 0
    outer loop
      vertex 7.77164 58.848 2
      vertex 7.89778 58.4765 25
      vertex 7.89778 58.4765 2
    endloop
  endfacet
  facet normal -0.946931 -0.321437 0
    outer loop
      vertex 2.22836 56.5519 2
      vertex 2.10222 56.9235 25
      vertex 2.10222 56.9235 2
    endloop
  endfacet
  facet normal -0.946931 -0.321437 0
    outer loop
      vertex 2.10222 56.9235 25
      vertex 2.22836 56.5519 2
      vertex 2.22836 56.5519 25
    endloop
  endfacet
  facet normal 0.89685 -0.442334 0
    outer loop
      vertex 7.59808 56.2 25
      vertex 7.77164 56.5519 2
      vertex 7.77164 56.5519 25
    endloop
  endfacet
  facet normal 0.89685 -0.442334 0
    outer loop
      vertex 7.77164 56.5519 2
      vertex 7.59808 56.2 25
      vertex 7.59808 56.2 2
    endloop
  endfacet
  facet normal 0.946931 -0.321437 0
    outer loop
      vertex 7.77164 56.5519 25
      vertex 7.89778 56.9235 2
      vertex 7.89778 56.9235 25
    endloop
  endfacet
  facet normal 0.946931 -0.321437 0
    outer loop
      vertex 7.89778 56.9235 2
      vertex 7.77164 56.5519 25
      vertex 7.77164 56.5519 2
    endloop
  endfacet
  facet normal 0.0654906 -0.997853 0
    outer loop
      vertex 5 54.7 2
      vertex 5.39158 54.7257 25
      vertex 5 54.7 25
    endloop
  endfacet
  facet normal 0.0654906 -0.997853 0
    outer loop
      vertex 5.39158 54.7257 25
      vertex 5 54.7 2
      vertex 5.39158 54.7257 2
    endloop
  endfacet
  facet normal -0.19495 -0.980813 0
    outer loop
      vertex 4.22354 54.8022 2
      vertex 4.60842 54.7257 25
      vertex 4.22354 54.8022 25
    endloop
  endfacet
  facet normal -0.19495 -0.980813 -0
    outer loop
      vertex 4.60842 54.7257 25
      vertex 4.22354 54.8022 2
      vertex 4.60842 54.7257 2
    endloop
  endfacet
  facet normal -0.0654906 0.997853 0
    outer loop
      vertex 5 60.7 2
      vertex 4.60842 60.6743 25
      vertex 5 60.7 25
    endloop
  endfacet
  facet normal -0.0654906 0.997853 0
    outer loop
      vertex 4.60842 60.6743 25
      vertex 5 60.7 2
      vertex 4.60842 60.6743 2
    endloop
  endfacet
  facet normal 0.0654906 0.997853 -0
    outer loop
      vertex 5.39158 60.6743 2
      vertex 5 60.7 25
      vertex 5.39158 60.6743 25
    endloop
  endfacet
  facet normal 0.0654906 0.997853 0
    outer loop
      vertex 5 60.7 25
      vertex 5.39158 60.6743 2
      vertex 5 60.7 2
    endloop
  endfacet
  facet normal -0.980791 0.195062 0
    outer loop
      vertex 2.02567 58.0916 2
      vertex 2.10222 58.4765 25
      vertex 2.10222 58.4765 2
    endloop
  endfacet
  facet normal -0.980791 0.195062 0
    outer loop
      vertex 2.10222 58.4765 25
      vertex 2.02567 58.0916 2
      vertex 2.02567 58.0916 25
    endloop
  endfacet
  facet normal 0.321582 -0.946882 0
    outer loop
      vertex 5.77646 54.8022 2
      vertex 6.14805 54.9284 25
      vertex 5.77646 54.8022 25
    endloop
  endfacet
  facet normal 0.321582 -0.946882 0
    outer loop
      vertex 6.14805 54.9284 25
      vertex 5.77646 54.8022 2
      vertex 6.14805 54.9284 2
    endloop
  endfacet
  facet normal -0.751799 0.659392 0
    outer loop
      vertex 2.61994 59.5263 2
      vertex 2.87868 59.8213 25
      vertex 2.87868 59.8213 2
    endloop
  endfacet
  facet normal -0.751799 0.659392 0
    outer loop
      vertex 2.87868 59.8213 25
      vertex 2.61994 59.5263 2
      vertex 2.61994 59.5263 25
    endloop
  endfacet
  facet normal 0.555547 -0.831485 0
    outer loop
      vertex 6.5 55.1019 2
      vertex 6.82628 55.3199 25
      vertex 6.5 55.1019 25
    endloop
  endfacet
  facet normal 0.555547 -0.831485 0
    outer loop
      vertex 6.82628 55.3199 25
      vertex 6.5 55.1019 2
      vertex 6.82628 55.3199 2
    endloop
  endfacet
  facet normal 0.659428 -0.751768 0
    outer loop
      vertex 6.82628 55.3199 2
      vertex 7.12132 55.5787 25
      vertex 6.82628 55.3199 25
    endloop
  endfacet
  facet normal 0.659428 -0.751768 0
    outer loop
      vertex 7.12132 55.5787 25
      vertex 6.82628 55.3199 2
      vertex 7.12132 55.5787 2
    endloop
  endfacet
  facet normal 0.751799 0.659392 0
    outer loop
      vertex 7.38006 59.5263 25
      vertex 7.12132 59.8213 2
      vertex 7.12132 59.8213 25
    endloop
  endfacet
  facet normal 0.751799 0.659392 0
    outer loop
      vertex 7.12132 59.8213 2
      vertex 7.38006 59.5263 25
      vertex 7.38006 59.5263 2
    endloop
  endfacet
  facet normal -0.555547 -0.831485 0
    outer loop
      vertex 3.17372 55.3199 2
      vertex 3.5 55.1019 25
      vertex 3.17372 55.3199 25
    endloop
  endfacet
  facet normal -0.555547 -0.831485 -0
    outer loop
      vertex 3.5 55.1019 25
      vertex 3.17372 55.3199 2
      vertex 3.5 55.1019 2
    endloop
  endfacet
  facet normal -0.659428 -0.751768 0
    outer loop
      vertex 2.87868 55.5787 2
      vertex 3.17372 55.3199 25
      vertex 2.87868 55.5787 25
    endloop
  endfacet
  facet normal -0.659428 -0.751768 -0
    outer loop
      vertex 3.17372 55.3199 25
      vertex 2.87868 55.5787 2
      vertex 3.17372 55.3199 2
    endloop
  endfacet
  facet normal 0 0 1
    outer loop
      vertex 5.85 57.7 25
      vertex 8 57.7 25
      vertex 7.97433 58.0916 25
    endloop
  endfacet
  facet normal 0 0 1
    outer loop
      vertex 5.84273 57.8109 25
      vertex 7.97433 58.0916 25
      vertex 7.89778 58.4765 25
    endloop
  endfacet
  facet normal 0 0 1
    outer loop
      vertex 8 57.7 25
      vertex 5.85 57.7 25
      vertex 7.97433 57.3084 25
    endloop
  endfacet
  facet normal 0 0 1
    outer loop
      vertex 5.82104 57.92 25
      vertex 7.89778 58.4765 25
      vertex 7.77164 58.848 25
    endloop
  endfacet
  facet normal -0 0 1
    outer loop
      vertex 5.84273 57.5891 25
      vertex 7.97433 57.3084 25
      vertex 5.85 57.7 25
    endloop
  endfacet
  facet normal 0 0 1
    outer loop
      vertex 5.7853 58.0253 25
      vertex 7.77164 58.848 25
      vertex 7.59808 59.2 25
    endloop
  endfacet
  facet normal 0 0 1
    outer loop
      vertex 7.97433 57.3084 25
      vertex 5.84273 57.5891 25
      vertex 7.89778 56.9235 25
    endloop
  endfacet
  facet normal 0 0 1
    outer loop
      vertex 5.73612 58.125 25
      vertex 7.59808 59.2 25
      vertex 7.38006 59.5263 25
    endloop
  endfacet
  facet normal -0 0 1
    outer loop
      vertex 5.82104 57.48 25
      vertex 7.89778 56.9235 25
      vertex 5.84273 57.5891 25
    endloop
  endfacet
  facet normal 0 0 1
    outer loop
      vertex 5.67435 58.2174 25
      vertex 7.38006 59.5263 25
      vertex 7.12132 59.8213 25
    endloop
  endfacet
  facet normal 0 0 1
    outer loop
      vertex 7.89778 56.9235 25
      vertex 5.82104 57.48 25
      vertex 7.77164 56.5519 25
    endloop
  endfacet
  facet normal 0 0 1
    outer loop
      vertex 5.60104 58.301 25
      vertex 7.12132 59.8213 25
      vertex 6.82628 60.0801 25
    endloop
  endfacet
  facet normal -0 0 1
    outer loop
      vertex 5.7853 57.3747 25
      vertex 7.77164 56.5519 25
      vertex 5.82104 57.48 25
    endloop
  endfacet
  facet normal 0 0 1
    outer loop
      vertex 5.51745 58.3744 25
      vertex 6.82628 60.0801 25
      vertex 6.5 60.2981 25
    endloop
  endfacet
  facet normal 0 0 1
    outer loop
      vertex 7.77164 56.5519 25
      vertex 5.7853 57.3747 25
      vertex 7.59808 56.2 25
    endloop
  endfacet
  facet normal 0 0 1
    outer loop
      vertex 5.425 58.4361 25
      vertex 6.5 60.2981 25
      vertex 6.14805 60.4716 25
    endloop
  endfacet
  facet normal -0 0 1
    outer loop
      vertex 5.73612 57.275 25
      vertex 7.59808 56.2 25
      vertex 5.7853 57.3747 25
    endloop
  endfacet
  facet normal 0 0 1
    outer loop
      vertex 7.59808 56.2 25
      vertex 5.73612 57.275 25
      vertex 7.38006 55.8737 25
    endloop
  endfacet
  facet normal 0 0 1
    outer loop
      vertex 7.97433 58.0916 25
      vertex 5.84273 57.8109 25
      vertex 5.85 57.7 25
    endloop
  endfacet
  facet normal 0 0 1
    outer loop
      vertex 7.89778 58.4765 25
      vertex 5.82104 57.92 25
      vertex 5.84273 57.8109 25
    endloop
  endfacet
  facet normal 0 0 1
    outer loop
      vertex 7.77164 58.848 25
      vertex 5.7853 58.0253 25
      vertex 5.82104 57.92 25
    endloop
  endfacet
  facet normal 0 0 1
    outer loop
      vertex 5.32528 58.4853 25
      vertex 6.14805 60.4716 25
      vertex 5.77646 60.5978 25
    endloop
  endfacet
  facet normal 0 0 1
    outer loop
      vertex 7.59808 59.2 25
      vertex 5.73612 58.125 25
      vertex 5.7853 58.0253 25
    endloop
  endfacet
  facet normal 0 0 1
    outer loop
      vertex 7.38006 59.5263 25
      vertex 5.67435 58.2174 25
      vertex 5.73612 58.125 25
    endloop
  endfacet
  facet normal 0 0 1
    outer loop
      vertex 7.12132 59.8213 25
      vertex 5.60104 58.301 25
      vertex 5.67435 58.2174 25
    endloop
  endfacet
  facet normal 0 0 1
    outer loop
      vertex 6.82628 60.0801 25
      vertex 5.51745 58.3744 25
      vertex 5.60104 58.301 25
    endloop
  endfacet
  facet normal 0 0 1
    outer loop
      vertex 6.5 60.2981 25
      vertex 5.425 58.4361 25
      vertex 5.51745 58.3744 25
    endloop
  endfacet
  facet normal 0 0 1
    outer loop
      vertex 5.22 58.521 25
      vertex 5.77646 60.5978 25
      vertex 5.39158 60.6743 25
    endloop
  endfacet
  facet normal 0 0 1
    outer loop
      vertex 6.14805 60.4716 25
      vertex 5.32528 58.4853 25
      vertex 5.425 58.4361 25
    endloop
  endfacet
  facet normal 0 0 1
    outer loop
      vertex 5.77646 60.5978 25
      vertex 5.22 58.521 25
      vertex 5.32528 58.4853 25
    endloop
  endfacet
  facet normal 0 0 1
    outer loop
      vertex 5.39158 60.6743 25
      vertex 5.11095 58.5427 25
      vertex 5.22 58.521 25
    endloop
  endfacet
  facet normal 0 0 1
    outer loop
      vertex 5 60.7 25
      vertex 5.11095 58.5427 25
      vertex 5.39158 60.6743 25
    endloop
  endfacet
  facet normal 0 0 1
    outer loop
      vertex 5 60.7 25
      vertex 5 58.55 25
      vertex 5.11095 58.5427 25
    endloop
  endfacet
  facet normal 0 0 1
    outer loop
      vertex 5 60.7 25
      vertex 4.88905 58.5427 25
      vertex 5 58.55 25
    endloop
  endfacet
  facet normal -0 0 1
    outer loop
      vertex 4.60842 60.6743 25
      vertex 4.88905 58.5427 25
      vertex 5 60.7 25
    endloop
  endfacet
  facet normal 0 0 1
    outer loop
      vertex 4.88905 58.5427 25
      vertex 4.60842 60.6743 25
      vertex 4.78 58.521 25
    endloop
  endfacet
  facet normal -0 0 1
    outer loop
      vertex 4.22354 60.5978 25
      vertex 4.78 58.521 25
      vertex 4.60842 60.6743 25
    endloop
  endfacet
  facet normal 0 0 1
    outer loop
      vertex 4.78 58.521 25
      vertex 4.22354 60.5978 25
      vertex 4.67472 58.4853 25
    endloop
  endfacet
  facet normal -0 0 1
    outer loop
      vertex 3.85195 60.4716 25
      vertex 4.67472 58.4853 25
      vertex 4.22354 60.5978 25
    endloop
  endfacet
  facet normal 0 0 1
    outer loop
      vertex 4.67472 58.4853 25
      vertex 3.85195 60.4716 25
      vertex 4.575 58.4361 25
    endloop
  endfacet
  facet normal -0 0 1
    outer loop
      vertex 3.5 60.2981 25
      vertex 4.575 58.4361 25
      vertex 3.85195 60.4716 25
    endloop
  endfacet
  facet normal 0 0 1
    outer loop
      vertex 4.575 58.4361 25
      vertex 3.5 60.2981 25
      vertex 4.48255 58.3744 25
    endloop
  endfacet
  facet normal -0 0 1
    outer loop
      vertex 3.17372 60.0801 25
      vertex 4.48255 58.3744 25
      vertex 3.5 60.2981 25
    endloop
  endfacet
  facet normal 0 0 1
    outer loop
      vertex 4.48255 58.3744 25
      vertex 3.17372 60.0801 25
      vertex 4.39896 58.301 25
    endloop
  endfacet
  facet normal -0 0 1
    outer loop
      vertex 2.87868 59.8213 25
      vertex 4.39896 58.301 25
      vertex 3.17372 60.0801 25
    endloop
  endfacet
  facet normal 0 0 1
    outer loop
      vertex 4.39896 58.301 25
      vertex 2.87868 59.8213 25
      vertex 4.32565 58.2174 25
    endloop
  endfacet
  facet normal -0 0 1
    outer loop
      vertex 2.61994 59.5263 25
      vertex 4.32565 58.2174 25
      vertex 2.87868 59.8213 25
    endloop
  endfacet
  facet normal 0 0 1
    outer loop
      vertex 4.32565 58.2174 25
      vertex 2.61994 59.5263 25
      vertex 4.26388 58.125 25
    endloop
  endfacet
  facet normal -0 0 1
    outer loop
      vertex 5.67435 57.1826 25
      vertex 7.38006 55.8737 25
      vertex 5.73612 57.275 25
    endloop
  endfacet
  facet normal 0 0 1
    outer loop
      vertex 7.38006 55.8737 25
      vertex 5.67435 57.1826 25
      vertex 7.12132 55.5787 25
    endloop
  endfacet
  facet normal -0 0 1
    outer loop
      vertex 5.60104 57.099 25
      vertex 7.12132 55.5787 25
      vertex 5.67435 57.1826 25
    endloop
  endfacet
  facet normal 0 0 1
    outer loop
      vertex 7.12132 55.5787 25
      vertex 5.60104 57.099 25
      vertex 6.82628 55.3199 25
    endloop
  endfacet
  facet normal -0 0 1
    outer loop
      vertex 5.51745 57.0257 25
      vertex 6.82628 55.3199 25
      vertex 5.60104 57.099 25
    endloop
  endfacet
  facet normal 0 0 1
    outer loop
      vertex 6.82628 55.3199 25
      vertex 5.51745 57.0257 25
      vertex 6.5 55.1019 25
    endloop
  endfacet
  facet normal -0 0 1
    outer loop
      vertex 5.425 56.9639 25
      vertex 6.5 55.1019 25
      vertex 5.51745 57.0257 25
    endloop
  endfacet
  facet normal 0 0 1
    outer loop
      vertex 6.5 55.1019 25
      vertex 5.425 56.9639 25
      vertex 6.14805 54.9284 25
    endloop
  endfacet
  facet normal -0 0 1
    outer loop
      vertex 5.32528 56.9147 25
      vertex 6.14805 54.9284 25
      vertex 5.425 56.9639 25
    endloop
  endfacet
  facet normal 0 0 1
    outer loop
      vertex 6.14805 54.9284 25
      vertex 5.32528 56.9147 25
      vertex 5.77646 54.8022 25
    endloop
  endfacet
  facet normal -0 0 1
    outer loop
      vertex 5.22 56.879 25
      vertex 5.77646 54.8022 25
      vertex 5.32528 56.9147 25
    endloop
  endfacet
  facet normal 0 0 1
    outer loop
      vertex 5.77646 54.8022 25
      vertex 5.22 56.879 25
      vertex 5.39158 54.7257 25
    endloop
  endfacet
  facet normal -0 0 1
    outer loop
      vertex 5.11095 56.8573 25
      vertex 5.39158 54.7257 25
      vertex 5.22 56.879 25
    endloop
  endfacet
  facet normal -0 0 1
    outer loop
      vertex 5 56.85 25
      vertex 5.39158 54.7257 25
      vertex 5.11095 56.8573 25
    endloop
  endfacet
  facet normal 0 0 1
    outer loop
      vertex 5 56.85 25
      vertex 5 54.7 25
      vertex 5.39158 54.7257 25
    endloop
  endfacet
  facet normal 0 0 1
    outer loop
      vertex 4.88905 56.8573 25
      vertex 5 54.7 25
      vertex 5 56.85 25
    endloop
  endfacet
  facet normal 0 0 1
    outer loop
      vertex 4.60842 54.7257 25
      vertex 4.88905 56.8573 25
      vertex 4.78 56.879 25
    endloop
  endfacet
  facet normal 0 0 1
    outer loop
      vertex 4.22354 54.8022 25
      vertex 4.78 56.879 25
      vertex 4.67472 56.9147 25
    endloop
  endfacet
  facet normal 0 0 1
    outer loop
      vertex 4.88905 56.8573 25
      vertex 4.60842 54.7257 25
      vertex 5 54.7 25
    endloop
  endfacet
  facet normal 0 0 1
    outer loop
      vertex 3.85195 54.9284 25
      vertex 4.67472 56.9147 25
      vertex 4.575 56.9639 25
    endloop
  endfacet
  facet normal 0 0 1
    outer loop
      vertex 3.5 55.1019 25
      vertex 4.575 56.9639 25
      vertex 4.48255 57.0257 25
    endloop
  endfacet
  facet normal 0 0 1
    outer loop
      vertex 3.17372 55.3199 25
      vertex 4.48255 57.0257 25
      vertex 4.39896 57.099 25
    endloop
  endfacet
  facet normal 0 0 1
    outer loop
      vertex 2.87868 55.5787 25
      vertex 4.39896 57.099 25
      vertex 4.32565 57.1826 25
    endloop
  endfacet
  facet normal 0 0 1
    outer loop
      vertex 2.61994 55.8737 25
      vertex 4.32565 57.1826 25
      vertex 4.26388 57.275 25
    endloop
  endfacet
  facet normal 0 0 1
    outer loop
      vertex 4.78 56.879 25
      vertex 4.22354 54.8022 25
      vertex 4.60842 54.7257 25
    endloop
  endfacet
  facet normal 0 0 1
    outer loop
      vertex 2.40192 56.2 25
      vertex 4.26388 57.275 25
      vertex 4.2147 57.3747 25
    endloop
  endfacet
  facet normal 0 0 1
    outer loop
      vertex 2.22836 56.5519 25
      vertex 4.2147 57.3747 25
      vertex 4.17896 57.48 25
    endloop
  endfacet
  facet normal 0 0 1
    outer loop
      vertex 2.10222 56.9235 25
      vertex 4.17896 57.48 25
      vertex 4.15727 57.5891 25
    endloop
  endfacet
  facet normal 0 0 1
    outer loop
      vertex 2.02567 57.3084 25
      vertex 4.15727 57.5891 25
      vertex 4.15 57.7 25
    endloop
  endfacet
  facet normal -0 0 1
    outer loop
      vertex 2.40192 59.2 25
      vertex 4.26388 58.125 25
      vertex 2.61994 59.5263 25
    endloop
  endfacet
  facet normal 0 0 1
    outer loop
      vertex 4.67472 56.9147 25
      vertex 3.85195 54.9284 25
      vertex 4.22354 54.8022 25
    endloop
  endfacet
  facet normal 0 0 1
    outer loop
      vertex 4.26388 58.125 25
      vertex 2.40192 59.2 25
      vertex 4.2147 58.0253 25
    endloop
  endfacet
  facet normal 0 0 1
    outer loop
      vertex 4.575 56.9639 25
      vertex 3.5 55.1019 25
      vertex 3.85195 54.9284 25
    endloop
  endfacet
  facet normal -0 0 1
    outer loop
      vertex 2.22836 58.848 25
      vertex 4.2147 58.0253 25
      vertex 2.40192 59.2 25
    endloop
  endfacet
  facet normal 0 0 1
    outer loop
      vertex 4.48255 57.0257 25
      vertex 3.17372 55.3199 25
      vertex 3.5 55.1019 25
    endloop
  endfacet
  facet normal 0 0 1
    outer loop
      vertex 4.2147 58.0253 25
      vertex 2.22836 58.848 25
      vertex 4.17896 57.92 25
    endloop
  endfacet
  facet normal 0 0 1
    outer loop
      vertex 4.39896 57.099 25
      vertex 2.87868 55.5787 25
      vertex 3.17372 55.3199 25
    endloop
  endfacet
  facet normal -0 0 1
    outer loop
      vertex 2.10222 58.4765 25
      vertex 4.17896 57.92 25
      vertex 2.22836 58.848 25
    endloop
  endfacet
  facet normal 0 0 1
    outer loop
      vertex 4.32565 57.1826 25
      vertex 2.61994 55.8737 25
      vertex 2.87868 55.5787 25
    endloop
  endfacet
  facet normal 0 0 1
    outer loop
      vertex 4.17896 57.92 25
      vertex 2.10222 58.4765 25
      vertex 4.15727 57.8109 25
    endloop
  endfacet
  facet normal 0 0 1
    outer loop
      vertex 4.26388 57.275 25
      vertex 2.40192 56.2 25
      vertex 2.61994 55.8737 25
    endloop
  endfacet
  facet normal -0 0 1
    outer loop
      vertex 2.02567 58.0916 25
      vertex 4.15727 57.8109 25
      vertex 2.10222 58.4765 25
    endloop
  endfacet
  facet normal 0 0 1
    outer loop
      vertex 4.2147 57.3747 25
      vertex 2.22836 56.5519 25
      vertex 2.40192 56.2 25
    endloop
  endfacet
  facet normal 0 0 1
    outer loop
      vertex 4.15727 57.8109 25
      vertex 2.02567 58.0916 25
      vertex 4.15 57.7 25
    endloop
  endfacet
  facet normal 0 0 1
    outer loop
      vertex 4.17896 57.48 25
      vertex 2.10222 56.9235 25
      vertex 2.22836 56.5519 25
    endloop
  endfacet
  facet normal 0 0 1
    outer loop
      vertex 2 57.7 25
      vertex 4.15 57.7 25
      vertex 2.02567 58.0916 25
    endloop
  endfacet
  facet normal 0 0 1
    outer loop
      vertex 4.15727 57.5891 25
      vertex 2.02567 57.3084 25
      vertex 2.10222 56.9235 25
    endloop
  endfacet
  facet normal 0 0 1
    outer loop
      vertex 4.15 57.7 25
      vertex 2 57.7 25
      vertex 2.02567 57.3084 25
    endloop
  endfacet
  facet normal -0.321582 0.946882 0
    outer loop
      vertex 4.22354 60.5978 2
      vertex 3.85195 60.4716 25
      vertex 4.22354 60.5978 25
    endloop
  endfacet
  facet normal -0.321582 0.946882 0
    outer loop
      vertex 3.85195 60.4716 25
      vertex 4.22354 60.5978 2
      vertex 3.85195 60.4716 2
    endloop
  endfacet
  facet normal 0.980791 -0.195062 0
    outer loop
      vertex 7.89778 56.9235 25
      vertex 7.97433 57.3084 2
      vertex 7.97433 57.3084 25
    endloop
  endfacet
  facet normal 0.980791 -0.195062 0
    outer loop
      vertex 7.97433 57.3084 2
      vertex 7.89778 56.9235 25
      vertex 7.89778 56.9235 2
    endloop
  endfacet
  facet normal -0.997858 0.0654112 0
    outer loop
      vertex 2 57.7 2
      vertex 2.02567 58.0916 25
      vertex 2.02567 58.0916 2
    endloop
  endfacet
  facet normal -0.997858 0.0654112 0
    outer loop
      vertex 2.02567 58.0916 25
      vertex 2 57.7 2
      vertex 2 57.7 25
    endloop
  endfacet
  facet normal -0.831477 -0.555558 0
    outer loop
      vertex 2.61994 55.8737 2
      vertex 2.40192 56.2 25
      vertex 2.40192 56.2 2
    endloop
  endfacet
  facet normal -0.831477 -0.555558 0
    outer loop
      vertex 2.40192 56.2 25
      vertex 2.61994 55.8737 2
      vertex 2.61994 55.8737 25
    endloop
  endfacet
  facet normal 0.44216 0.896936 -0
    outer loop
      vertex 6.5 60.2981 2
      vertex 6.14805 60.4716 25
      vertex 6.5 60.2981 25
    endloop
  endfacet
  facet normal 0.44216 0.896936 0
    outer loop
      vertex 6.14805 60.4716 25
      vertex 6.5 60.2981 2
      vertex 6.14805 60.4716 2
    endloop
  endfacet
  facet normal -0.8969 0.442233 0
    outer loop
      vertex 2.22836 58.848 2
      vertex 2.40192 59.2 25
      vertex 2.40192 59.2 2
    endloop
  endfacet
  facet normal -0.8969 0.442233 0
    outer loop
      vertex 2.40192 59.2 25
      vertex 2.22836 58.848 2
      vertex 2.22836 58.848 25
    endloop
  endfacet
  facet normal -0.751799 -0.659392 0
    outer loop
      vertex 2.87868 55.5787 2
      vertex 2.61994 55.8737 25
      vertex 2.61994 55.8737 2
    endloop
  endfacet
  facet normal -0.751799 -0.659392 0
    outer loop
      vertex 2.61994 55.8737 25
      vertex 2.87868 55.5787 2
      vertex 2.87868 55.5787 25
    endloop
  endfacet
  facet normal -0.0654906 -0.997853 0
    outer loop
      vertex 4.60842 54.7257 2
      vertex 5 54.7 25
      vertex 4.60842 54.7257 25
    endloop
  endfacet
  facet normal -0.0654906 -0.997853 -0
    outer loop
      vertex 5 54.7 25
      vertex 4.60842 54.7257 2
      vertex 5 54.7 2
    endloop
  endfacet
  facet normal -0.44216 0.896936 0
    outer loop
      vertex 3.85195 60.4716 2
      vertex 3.5 60.2981 25
      vertex 3.85195 60.4716 25
    endloop
  endfacet
  facet normal -0.44216 0.896936 0
    outer loop
      vertex 3.5 60.2981 25
      vertex 3.85195 60.4716 2
      vertex 3.5 60.2981 2
    endloop
  endfacet
  facet normal -0.997858 -0.0654112 0
    outer loop
      vertex 2.02567 57.3084 2
      vertex 2 57.7 25
      vertex 2 57.7 2
    endloop
  endfacet
  facet normal -0.997858 -0.0654112 0
    outer loop
      vertex 2 57.7 25
      vertex 2.02567 57.3084 2
      vertex 2.02567 57.3084 25
    endloop
  endfacet
  facet normal 0.980813 -0.19495 0
    outer loop
      vertex 73.4978 4.22354 25
      vertex 73.5743 4.60842 2
      vertex 73.5743 4.60842 25
    endloop
  endfacet
  facet normal 0.980813 -0.19495 0
    outer loop
      vertex 73.5743 4.60842 2
      vertex 73.4978 4.22354 25
      vertex 73.4978 4.22354 2
    endloop
  endfacet
  facet normal -0.555558 0.831477 0
    outer loop
      vertex 69.1 7.59808 2
      vertex 68.7737 7.38006 25
      vertex 69.1 7.59808 25
    endloop
  endfacet
  facet normal -0.555558 0.831477 0
    outer loop
      vertex 68.7737 7.38006 25
      vertex 69.1 7.59808 2
      vertex 68.7737 7.38006 2
    endloop
  endfacet
  facet normal 0.980813 0.19495 0
    outer loop
      vertex 73.5743 5.39158 25
      vertex 73.4978 5.77646 2
      vertex 73.4978 5.77646 25
    endloop
  endfacet
  facet normal 0.980813 0.19495 0
    outer loop
      vertex 73.4978 5.77646 2
      vertex 73.5743 5.39158 25
      vertex 73.5743 5.39158 2
    endloop
  endfacet
  facet normal -0.980813 0.19495 0
    outer loop
      vertex 67.6257 5.39158 2
      vertex 67.7022 5.77646 25
      vertex 67.7022 5.77646 2
    endloop
  endfacet
  facet normal -0.980813 0.19495 0
    outer loop
      vertex 67.7022 5.77646 25
      vertex 67.6257 5.39158 2
      vertex 67.6257 5.39158 25
    endloop
  endfacet
  facet normal 0.0654112 0.997858 -0
    outer loop
      vertex 70.9916 7.97433 2
      vertex 70.6 8 25
      vertex 70.9916 7.97433 25
    endloop
  endfacet
  facet normal 0.0654112 0.997858 0
    outer loop
      vertex 70.6 8 25
      vertex 70.9916 7.97433 2
      vertex 70.6 8 2
    endloop
  endfacet
  facet normal 0.831485 -0.555547 0
    outer loop
      vertex 72.9801 3.17372 25
      vertex 73.1981 3.5 2
      vertex 73.1981 3.5 25
    endloop
  endfacet
  facet normal 0.831485 -0.555547 0
    outer loop
      vertex 73.1981 3.5 2
      vertex 72.9801 3.17372 25
      vertex 72.9801 3.17372 2
    endloop
  endfacet
  facet normal 0.659392 0.751799 -0
    outer loop
      vertex 72.7213 7.12132 2
      vertex 72.4263 7.38006 25
      vertex 72.7213 7.12132 25
    endloop
  endfacet
  facet normal 0.659392 0.751799 0
    outer loop
      vertex 72.4263 7.38006 25
      vertex 72.7213 7.12132 2
      vertex 72.4263 7.38006 2
    endloop
  endfacet
  facet normal 0.831485 0.555547 0
    outer loop
      vertex 73.1981 6.5 25
      vertex 72.9801 6.82628 2
      vertex 72.9801 6.82628 25
    endloop
  endfacet
  facet normal 0.831485 0.555547 0
    outer loop
      vertex 72.9801 6.82628 2
      vertex 73.1981 6.5 25
      vertex 73.1981 6.5 2
    endloop
  endfacet
  facet normal 0.195062 -0.980791 0
    outer loop
      vertex 70.9916 2.02567 2
      vertex 71.3765 2.10222 25
      vertex 70.9916 2.02567 25
    endloop
  endfacet
  facet normal 0.195062 -0.980791 0
    outer loop
      vertex 71.3765 2.10222 25
      vertex 70.9916 2.02567 2
      vertex 71.3765 2.10222 2
    endloop
  endfacet
  facet normal 0.659392 -0.751799 0
    outer loop
      vertex 72.4263 2.61994 2
      vertex 72.7213 2.87868 25
      vertex 72.4263 2.61994 25
    endloop
  endfacet
  facet normal 0.659392 -0.751799 0
    outer loop
      vertex 72.7213 2.87868 25
      vertex 72.4263 2.61994 2
      vertex 72.7213 2.87868 2
    endloop
  endfacet
  facet normal 0.896936 0.44216 0
    outer loop
      vertex 73.3716 6.14805 25
      vertex 73.1981 6.5 2
      vertex 73.1981 6.5 25
    endloop
  endfacet
  facet normal 0.896936 0.44216 0
    outer loop
      vertex 73.1981 6.5 2
      vertex 73.3716 6.14805 25
      vertex 73.3716 6.14805 2
    endloop
  endfacet
  facet normal 0.321514 0.946905 -0
    outer loop
      vertex 71.748 7.77164 2
      vertex 71.3765 7.89778 25
      vertex 71.748 7.77164 25
    endloop
  endfacet
  facet normal 0.321514 0.946905 0
    outer loop
      vertex 71.3765 7.89778 25
      vertex 71.748 7.77164 2
      vertex 71.3765 7.89778 2
    endloop
  endfacet
  facet normal 0.751768 -0.659428 0
    outer loop
      vertex 72.7213 2.87868 25
      vertex 72.9801 3.17372 2
      vertex 72.9801 3.17372 25
    endloop
  endfacet
  facet normal 0.751768 -0.659428 0
    outer loop
      vertex 72.9801 3.17372 2
      vertex 72.7213 2.87868 25
      vertex 72.7213 2.87868 2
    endloop
  endfacet
  facet normal 0.946882 -0.321582 0
    outer loop
      vertex 73.3716 3.85195 25
      vertex 73.4978 4.22354 2
      vertex 73.4978 4.22354 25
    endloop
  endfacet
  facet normal 0.946882 -0.321582 0
    outer loop
      vertex 73.4978 4.22354 2
      vertex 73.3716 3.85195 25
      vertex 73.3716 3.85195 2
    endloop
  endfacet
  facet normal 0.997853 0.0654906 0
    outer loop
      vertex 73.6 5 25
      vertex 73.5743 5.39158 2
      vertex 73.5743 5.39158 25
    endloop
  endfacet
  facet normal 0.997853 0.0654906 0
    outer loop
      vertex 73.5743 5.39158 2
      vertex 73.6 5 25
      vertex 73.6 5 2
    endloop
  endfacet
  facet normal -0.659392 0.751799 0
    outer loop
      vertex 68.7737 7.38006 2
      vertex 68.4787 7.12132 25
      vertex 68.7737 7.38006 25
    endloop
  endfacet
  facet normal -0.659392 0.751799 0
    outer loop
      vertex 68.4787 7.12132 25
      vertex 68.7737 7.38006 2
      vertex 68.4787 7.12132 2
    endloop
  endfacet
  facet normal -0.831485 0.555547 0
    outer loop
      vertex 68.0019 6.5 2
      vertex 68.2199 6.82628 25
      vertex 68.2199 6.82628 2
    endloop
  endfacet
  facet normal -0.831485 0.555547 0
    outer loop
      vertex 68.2199 6.82628 25
      vertex 68.0019 6.5 2
      vertex 68.0019 6.5 25
    endloop
  endfacet
  facet normal 0.555558 0.831477 -0
    outer loop
      vertex 72.4263 7.38006 2
      vertex 72.1 7.59808 25
      vertex 72.4263 7.38006 25
    endloop
  endfacet
  facet normal 0.555558 0.831477 0
    outer loop
      vertex 72.1 7.59808 25
      vertex 72.4263 7.38006 2
      vertex 72.1 7.59808 2
    endloop
  endfacet
  facet normal 0.946882 0.321582 0
    outer loop
      vertex 73.4978 5.77646 25
      vertex 73.3716 6.14805 2
      vertex 73.3716 6.14805 25
    endloop
  endfacet
  facet normal 0.946882 0.321582 0
    outer loop
      vertex 73.3716 6.14805 2
      vertex 73.4978 5.77646 25
      vertex 73.4978 5.77646 2
    endloop
  endfacet
  facet normal -0.997853 0.0654906 0
    outer loop
      vertex 67.6 5 2
      vertex 67.6257 5.39158 25
      vertex 67.6257 5.39158 2
    endloop
  endfacet
  facet normal -0.997853 0.0654906 0
    outer loop
      vertex 67.6257 5.39158 25
      vertex 67.6 5 2
      vertex 67.6 5 25
    endloop
  endfacet
  facet normal -0.751768 0.659428 0
    outer loop
      vertex 68.2199 6.82628 2
      vertex 68.4787 7.12132 25
      vertex 68.4787 7.12132 2
    endloop
  endfacet
  facet normal -0.751768 0.659428 0
    outer loop
      vertex 68.4787 7.12132 25
      vertex 68.2199 6.82628 2
      vertex 68.2199 6.82628 25
    endloop
  endfacet
  facet normal 0.997853 -0.0654906 0
    outer loop
      vertex 73.5743 4.60842 25
      vertex 73.6 5 2
      vertex 73.6 5 25
    endloop
  endfacet
  facet normal 0.997853 -0.0654906 0
    outer loop
      vertex 73.6 5 2
      vertex 73.5743 4.60842 25
      vertex 73.5743 4.60842 2
    endloop
  endfacet
  facet normal -0.195062 -0.980791 0
    outer loop
      vertex 69.8235 2.10222 2
      vertex 70.2084 2.02567 25
      vertex 69.8235 2.10222 25
    endloop
  endfacet
  facet normal -0.195062 -0.980791 -0
    outer loop
      vertex 70.2084 2.02567 25
      vertex 69.8235 2.10222 2
      vertex 70.2084 2.02567 2
    endloop
  endfacet
  facet normal 0.0654112 -0.997858 0
    outer loop
      vertex 70.6 2 2
      vertex 70.9916 2.02567 25
      vertex 70.6 2 25
    endloop
  endfacet
  facet normal 0.0654112 -0.997858 0
    outer loop
      vertex 70.9916 2.02567 25
      vertex 70.6 2 2
      vertex 70.9916 2.02567 2
    endloop
  endfacet
  facet normal -0.321514 -0.946905 0
    outer loop
      vertex 69.452 2.22836 2
      vertex 69.8235 2.10222 25
      vertex 69.452 2.22836 25
    endloop
  endfacet
  facet normal -0.321514 -0.946905 -0
    outer loop
      vertex 69.8235 2.10222 25
      vertex 69.452 2.22836 2
      vertex 69.8235 2.10222 2
    endloop
  endfacet
  facet normal 0.442233 -0.8969 0
    outer loop
      vertex 71.748 2.22836 2
      vertex 72.1 2.40192 25
      vertex 71.748 2.22836 25
    endloop
  endfacet
  facet normal 0.442233 -0.8969 0
    outer loop
      vertex 72.1 2.40192 25
      vertex 71.748 2.22836 2
      vertex 72.1 2.40192 2
    endloop
  endfacet
  facet normal 0.442233 0.8969 -0
    outer loop
      vertex 72.1 7.59808 2
      vertex 71.748 7.77164 25
      vertex 72.1 7.59808 25
    endloop
  endfacet
  facet normal 0.442233 0.8969 0
    outer loop
      vertex 71.748 7.77164 25
      vertex 72.1 7.59808 2
      vertex 71.748 7.77164 2
    endloop
  endfacet
  facet normal -0.321514 0.946905 0
    outer loop
      vertex 69.8235 7.89778 2
      vertex 69.452 7.77164 25
      vertex 69.8235 7.89778 25
    endloop
  endfacet
  facet normal -0.321514 0.946905 0
    outer loop
      vertex 69.452 7.77164 25
      vertex 69.8235 7.89778 2
      vertex 69.452 7.77164 2
    endloop
  endfacet
  facet normal -0.997853 -0.0654906 0
    outer loop
      vertex 67.6257 4.60842 2
      vertex 67.6 5 25
      vertex 67.6 5 2
    endloop
  endfacet
  facet normal -0.997853 -0.0654906 0
    outer loop
      vertex 67.6 5 25
      vertex 67.6257 4.60842 2
      vertex 67.6257 4.60842 25
    endloop
  endfacet
  facet normal 0.195062 0.980791 -0
    outer loop
      vertex 71.3765 7.89778 2
      vertex 70.9916 7.97433 25
      vertex 71.3765 7.89778 25
    endloop
  endfacet
  facet normal 0.195062 0.980791 0
    outer loop
      vertex 70.9916 7.97433 25
      vertex 71.3765 7.89778 2
      vertex 70.9916 7.97433 2
    endloop
  endfacet
  facet normal -0.896936 -0.44216 0
    outer loop
      vertex 68.0019 3.5 2
      vertex 67.8284 3.85195 25
      vertex 67.8284 3.85195 2
    endloop
  endfacet
  facet normal -0.896936 -0.44216 0
    outer loop
      vertex 67.8284 3.85195 25
      vertex 68.0019 3.5 2
      vertex 68.0019 3.5 25
    endloop
  endfacet
  facet normal -0.946882 0.321582 0
    outer loop
      vertex 67.7022 5.77646 2
      vertex 67.8284 6.14805 25
      vertex 67.8284 6.14805 2
    endloop
  endfacet
  facet normal -0.946882 0.321582 0
    outer loop
      vertex 67.8284 6.14805 25
      vertex 67.7022 5.77646 2
      vertex 67.7022 5.77646 25
    endloop
  endfacet
  facet normal 0.751768 0.659428 0
    outer loop
      vertex 72.9801 6.82628 25
      vertex 72.7213 7.12132 2
      vertex 72.7213 7.12132 25
    endloop
  endfacet
  facet normal 0.751768 0.659428 0
    outer loop
      vertex 72.7213 7.12132 2
      vertex 72.9801 6.82628 25
      vertex 72.9801 6.82628 2
    endloop
  endfacet
  facet normal -0.195062 0.980791 0
    outer loop
      vertex 70.2084 7.97433 2
      vertex 69.8235 7.89778 25
      vertex 70.2084 7.97433 25
    endloop
  endfacet
  facet normal -0.195062 0.980791 0
    outer loop
      vertex 69.8235 7.89778 25
      vertex 70.2084 7.97433 2
      vertex 69.8235 7.89778 2
    endloop
  endfacet
  facet normal -0.442233 0.8969 0
    outer loop
      vertex 69.452 7.77164 2
      vertex 69.1 7.59808 25
      vertex 69.452 7.77164 25
    endloop
  endfacet
  facet normal -0.442233 0.8969 0
    outer loop
      vertex 69.1 7.59808 25
      vertex 69.452 7.77164 2
      vertex 69.1 7.59808 2
    endloop
  endfacet
  facet normal -0.659392 -0.751799 0
    outer loop
      vertex 68.4787 2.87868 2
      vertex 68.7737 2.61994 25
      vertex 68.4787 2.87868 25
    endloop
  endfacet
  facet normal -0.659392 -0.751799 -0
    outer loop
      vertex 68.7737 2.61994 25
      vertex 68.4787 2.87868 2
      vertex 68.7737 2.61994 2
    endloop
  endfacet
  facet normal 0.321514 -0.946905 0
    outer loop
      vertex 71.3765 2.10222 2
      vertex 71.748 2.22836 25
      vertex 71.3765 2.10222 25
    endloop
  endfacet
  facet normal 0.321514 -0.946905 0
    outer loop
      vertex 71.748 2.22836 25
      vertex 71.3765 2.10222 2
      vertex 71.748 2.22836 2
    endloop
  endfacet
  facet normal 0.896936 -0.44216 0
    outer loop
      vertex 73.1981 3.5 25
      vertex 73.3716 3.85195 2
      vertex 73.3716 3.85195 25
    endloop
  endfacet
  facet normal 0.896936 -0.44216 0
    outer loop
      vertex 73.3716 3.85195 2
      vertex 73.1981 3.5 25
      vertex 73.1981 3.5 2
    endloop
  endfacet
  facet normal -0.946882 -0.321582 0
    outer loop
      vertex 67.8284 3.85195 2
      vertex 67.7022 4.22354 25
      vertex 67.7022 4.22354 2
    endloop
  endfacet
  facet normal -0.946882 -0.321582 0
    outer loop
      vertex 67.7022 4.22354 25
      vertex 67.8284 3.85195 2
      vertex 67.8284 3.85195 25
    endloop
  endfacet
  facet normal 0 0 1
    outer loop
      vertex 71.45 5 25
      vertex 73.6 5 25
      vertex 73.5743 5.39158 25
    endloop
  endfacet
  facet normal 0 0 1
    outer loop
      vertex 71.4427 5.11095 25
      vertex 73.5743 5.39158 25
      vertex 73.4978 5.77646 25
    endloop
  endfacet
  facet normal 0 0 1
    outer loop
      vertex 73.6 5 25
      vertex 71.45 5 25
      vertex 73.5743 4.60842 25
    endloop
  endfacet
  facet normal 0 0 1
    outer loop
      vertex 71.421 5.22 25
      vertex 73.4978 5.77646 25
      vertex 73.3716 6.14805 25
    endloop
  endfacet
  facet normal -0 0 1
    outer loop
      vertex 71.4427 4.88905 25
      vertex 73.5743 4.60842 25
      vertex 71.45 5 25
    endloop
  endfacet
  facet normal 0 0 1
    outer loop
      vertex 71.3853 5.32528 25
      vertex 73.3716 6.14805 25
      vertex 73.1981 6.5 25
    endloop
  endfacet
  facet normal 0 0 1
    outer loop
      vertex 73.5743 4.60842 25
      vertex 71.4427 4.88905 25
      vertex 73.4978 4.22354 25
    endloop
  endfacet
  facet normal 0 0 1
    outer loop
      vertex 71.3361 5.425 25
      vertex 73.1981 6.5 25
      vertex 72.9801 6.82628 25
    endloop
  endfacet
  facet normal -0 0 1
    outer loop
      vertex 71.421 4.78 25
      vertex 73.4978 4.22354 25
      vertex 71.4427 4.88905 25
    endloop
  endfacet
  facet normal 0 0 1
    outer loop
      vertex 71.2744 5.51745 25
      vertex 72.9801 6.82628 25
      vertex 72.7213 7.12132 25
    endloop
  endfacet
  facet normal 0 0 1
    outer loop
      vertex 73.4978 4.22354 25
      vertex 71.421 4.78 25
      vertex 73.3716 3.85195 25
    endloop
  endfacet
  facet normal 0 0 1
    outer loop
      vertex 71.201 5.60104 25
      vertex 72.7213 7.12132 25
      vertex 72.4263 7.38006 25
    endloop
  endfacet
  facet normal -0 0 1
    outer loop
      vertex 71.3853 4.67472 25
      vertex 73.3716 3.85195 25
      vertex 71.421 4.78 25
    endloop
  endfacet
  facet normal 0 0 1
    outer loop
      vertex 71.1174 5.67435 25
      vertex 72.4263 7.38006 25
      vertex 72.1 7.59808 25
    endloop
  endfacet
  facet normal 0 0 1
    outer loop
      vertex 73.3716 3.85195 25
      vertex 71.3853 4.67472 25
      vertex 73.1981 3.5 25
    endloop
  endfacet
  facet normal 0 0 1
    outer loop
      vertex 71.025 5.73612 25
      vertex 72.1 7.59808 25
      vertex 71.748 7.77164 25
    endloop
  endfacet
  facet normal -0 0 1
    outer loop
      vertex 71.3361 4.575 25
      vertex 73.1981 3.5 25
      vertex 71.3853 4.67472 25
    endloop
  endfacet
  facet normal 0 0 1
    outer loop
      vertex 73.1981 3.5 25
      vertex 71.3361 4.575 25
      vertex 72.9801 3.17372 25
    endloop
  endfacet
  facet normal 0 0 1
    outer loop
      vertex 73.5743 5.39158 25
      vertex 71.4427 5.11095 25
      vertex 71.45 5 25
    endloop
  endfacet
  facet normal 0 0 1
    outer loop
      vertex 73.4978 5.77646 25
      vertex 71.421 5.22 25
      vertex 71.4427 5.11095 25
    endloop
  endfacet
  facet normal 0 0 1
    outer loop
      vertex 73.3716 6.14805 25
      vertex 71.3853 5.32528 25
      vertex 71.421 5.22 25
    endloop
  endfacet
  facet normal 0 0 1
    outer loop
      vertex 70.9253 5.7853 25
      vertex 71.748 7.77164 25
      vertex 71.3765 7.89778 25
    endloop
  endfacet
  facet normal 0 0 1
    outer loop
      vertex 73.1981 6.5 25
      vertex 71.3361 5.425 25
      vertex 71.3853 5.32528 25
    endloop
  endfacet
  facet normal 0 0 1
    outer loop
      vertex 72.9801 6.82628 25
      vertex 71.2744 5.51745 25
      vertex 71.3361 5.425 25
    endloop
  endfacet
  facet normal 0 0 1
    outer loop
      vertex 72.7213 7.12132 25
      vertex 71.201 5.60104 25
      vertex 71.2744 5.51745 25
    endloop
  endfacet
  facet normal 0 0 1
    outer loop
      vertex 72.4263 7.38006 25
      vertex 71.1174 5.67435 25
      vertex 71.201 5.60104 25
    endloop
  endfacet
  facet normal 0 0 1
    outer loop
      vertex 72.1 7.59808 25
      vertex 71.025 5.73612 25
      vertex 71.1174 5.67435 25
    endloop
  endfacet
  facet normal 0 0 1
    outer loop
      vertex 70.82 5.82104 25
      vertex 71.3765 7.89778 25
      vertex 70.9916 7.97433 25
    endloop
  endfacet
  facet normal 0 0 1
    outer loop
      vertex 71.748 7.77164 25
      vertex 70.9253 5.7853 25
      vertex 71.025 5.73612 25
    endloop
  endfacet
  facet normal 0 0 1
    outer loop
      vertex 71.3765 7.89778 25
      vertex 70.82 5.82104 25
      vertex 70.9253 5.7853 25
    endloop
  endfacet
  facet normal 0 0 1
    outer loop
      vertex 70.9916 7.97433 25
      vertex 70.7109 5.84273 25
      vertex 70.82 5.82104 25
    endloop
  endfacet
  facet normal 0 0 1
    outer loop
      vertex 70.6 8 25
      vertex 70.7109 5.84273 25
      vertex 70.9916 7.97433 25
    endloop
  endfacet
  facet normal 0 0 1
    outer loop
      vertex 70.6 8 25
      vertex 70.6 5.85 25
      vertex 70.7109 5.84273 25
    endloop
  endfacet
  facet normal 0 0 1
    outer loop
      vertex 70.6 8 25
      vertex 70.4891 5.84273 25
      vertex 70.6 5.85 25
    endloop
  endfacet
  facet normal -0 0 1
    outer loop
      vertex 70.2084 7.97433 25
      vertex 70.4891 5.84273 25
      vertex 70.6 8 25
    endloop
  endfacet
  facet normal 0 0 1
    outer loop
      vertex 70.4891 5.84273 25
      vertex 70.2084 7.97433 25
      vertex 70.38 5.82104 25
    endloop
  endfacet
  facet normal -0 0 1
    outer loop
      vertex 69.8235 7.89778 25
      vertex 70.38 5.82104 25
      vertex 70.2084 7.97433 25
    endloop
  endfacet
  facet normal 0 0 1
    outer loop
      vertex 70.38 5.82104 25
      vertex 69.8235 7.89778 25
      vertex 70.2747 5.7853 25
    endloop
  endfacet
  facet normal -0 0 1
    outer loop
      vertex 69.452 7.77164 25
      vertex 70.2747 5.7853 25
      vertex 69.8235 7.89778 25
    endloop
  endfacet
  facet normal 0 0 1
    outer loop
      vertex 70.2747 5.7853 25
      vertex 69.452 7.77164 25
      vertex 70.175 5.73612 25
    endloop
  endfacet
  facet normal -0 0 1
    outer loop
      vertex 69.1 7.59808 25
      vertex 70.175 5.73612 25
      vertex 69.452 7.77164 25
    endloop
  endfacet
  facet normal 0 0 1
    outer loop
      vertex 70.175 5.73612 25
      vertex 69.1 7.59808 25
      vertex 70.0826 5.67435 25
    endloop
  endfacet
  facet normal -0 0 1
    outer loop
      vertex 68.7737 7.38006 25
      vertex 70.0826 5.67435 25
      vertex 69.1 7.59808 25
    endloop
  endfacet
  facet normal 0 0 1
    outer loop
      vertex 70.0826 5.67435 25
      vertex 68.7737 7.38006 25
      vertex 69.999 5.60104 25
    endloop
  endfacet
  facet normal -0 0 1
    outer loop
      vertex 68.4787 7.12132 25
      vertex 69.999 5.60104 25
      vertex 68.7737 7.38006 25
    endloop
  endfacet
  facet normal 0 0 1
    outer loop
      vertex 69.999 5.60104 25
      vertex 68.4787 7.12132 25
      vertex 69.9257 5.51745 25
    endloop
  endfacet
  facet normal -0 0 1
    outer loop
      vertex 68.2199 6.82628 25
      vertex 69.9257 5.51745 25
      vertex 68.4787 7.12132 25
    endloop
  endfacet
  facet normal 0 0 1
    outer loop
      vertex 69.9257 5.51745 25
      vertex 68.2199 6.82628 25
      vertex 69.8639 5.425 25
    endloop
  endfacet
  facet normal -0 0 1
    outer loop
      vertex 71.2744 4.48255 25
      vertex 72.9801 3.17372 25
      vertex 71.3361 4.575 25
    endloop
  endfacet
  facet normal 0 0 1
    outer loop
      vertex 72.9801 3.17372 25
      vertex 71.2744 4.48255 25
      vertex 72.7213 2.87868 25
    endloop
  endfacet
  facet normal -0 0 1
    outer loop
      vertex 71.201 4.39896 25
      vertex 72.7213 2.87868 25
      vertex 71.2744 4.48255 25
    endloop
  endfacet
  facet normal 0 0 1
    outer loop
      vertex 72.7213 2.87868 25
      vertex 71.201 4.39896 25
      vertex 72.4263 2.61994 25
    endloop
  endfacet
  facet normal -0 0 1
    outer loop
      vertex 71.1174 4.32565 25
      vertex 72.4263 2.61994 25
      vertex 71.201 4.39896 25
    endloop
  endfacet
  facet normal 0 0 1
    outer loop
      vertex 72.4263 2.61994 25
      vertex 71.1174 4.32565 25
      vertex 72.1 2.40192 25
    endloop
  endfacet
  facet normal -0 0 1
    outer loop
      vertex 71.025 4.26388 25
      vertex 72.1 2.40192 25
      vertex 71.1174 4.32565 25
    endloop
  endfacet
  facet normal 0 0 1
    outer loop
      vertex 72.1 2.40192 25
      vertex 71.025 4.26388 25
      vertex 71.748 2.22836 25
    endloop
  endfacet
  facet normal -0 0 1
    outer loop
      vertex 70.9253 4.2147 25
      vertex 71.748 2.22836 25
      vertex 71.025 4.26388 25
    endloop
  endfacet
  facet normal 0 0 1
    outer loop
      vertex 71.748 2.22836 25
      vertex 70.9253 4.2147 25
      vertex 71.3765 2.10222 25
    endloop
  endfacet
  facet normal -0 0 1
    outer loop
      vertex 70.82 4.17896 25
      vertex 71.3765 2.10222 25
      vertex 70.9253 4.2147 25
    endloop
  endfacet
  facet normal 0 0 1
    outer loop
      vertex 71.3765 2.10222 25
      vertex 70.82 4.17896 25
      vertex 70.9916 2.02567 25
    endloop
  endfacet
  facet normal -0 0 1
    outer loop
      vertex 70.7109 4.15727 25
      vertex 70.9916 2.02567 25
      vertex 70.82 4.17896 25
    endloop
  endfacet
  facet normal -0 0 1
    outer loop
      vertex 70.6 4.15 25
      vertex 70.9916 2.02567 25
      vertex 70.7109 4.15727 25
    endloop
  endfacet
  facet normal 0 0 1
    outer loop
      vertex 70.6 4.15 25
      vertex 70.6 2 25
      vertex 70.9916 2.02567 25
    endloop
  endfacet
  facet normal 0 0 1
    outer loop
      vertex 70.4891 4.15727 25
      vertex 70.6 2 25
      vertex 70.6 4.15 25
    endloop
  endfacet
  facet normal 0 0 1
    outer loop
      vertex 70.2084 2.02567 25
      vertex 70.4891 4.15727 25
      vertex 70.38 4.17896 25
    endloop
  endfacet
  facet normal 0 0 1
    outer loop
      vertex 69.8235 2.10222 25
      vertex 70.38 4.17896 25
      vertex 70.2747 4.2147 25
    endloop
  endfacet
  facet normal 0 0 1
    outer loop
      vertex 70.4891 4.15727 25
      vertex 70.2084 2.02567 25
      vertex 70.6 2 25
    endloop
  endfacet
  facet normal 0 0 1
    outer loop
      vertex 69.452 2.22836 25
      vertex 70.2747 4.2147 25
      vertex 70.175 4.26388 25
    endloop
  endfacet
  facet normal 0 0 1
    outer loop
      vertex 69.1 2.40192 25
      vertex 70.175 4.26388 25
      vertex 70.0826 4.32565 25
    endloop
  endfacet
  facet normal 0 0 1
    outer loop
      vertex 68.7737 2.61994 25
      vertex 70.0826 4.32565 25
      vertex 69.999 4.39896 25
    endloop
  endfacet
  facet normal 0 0 1
    outer loop
      vertex 68.4787 2.87868 25
      vertex 69.999 4.39896 25
      vertex 69.9257 4.48255 25
    endloop
  endfacet
  facet normal 0 0 1
    outer loop
      vertex 68.2199 3.17372 25
      vertex 69.9257 4.48255 25
      vertex 69.8639 4.575 25
    endloop
  endfacet
  facet normal 0 0 1
    outer loop
      vertex 70.38 4.17896 25
      vertex 69.8235 2.10222 25
      vertex 70.2084 2.02567 25
    endloop
  endfacet
  facet normal 0 0 1
    outer loop
      vertex 68.0019 3.5 25
      vertex 69.8639 4.575 25
      vertex 69.8147 4.67472 25
    endloop
  endfacet
  facet normal 0 0 1
    outer loop
      vertex 67.8284 3.85195 25
      vertex 69.8147 4.67472 25
      vertex 69.779 4.78 25
    endloop
  endfacet
  facet normal 0 0 1
    outer loop
      vertex 67.7022 4.22354 25
      vertex 69.779 4.78 25
      vertex 69.7573 4.88905 25
    endloop
  endfacet
  facet normal 0 0 1
    outer loop
      vertex 67.6257 4.60842 25
      vertex 69.7573 4.88905 25
      vertex 69.75 5 25
    endloop
  endfacet
  facet normal -0 0 1
    outer loop
      vertex 68.0019 6.5 25
      vertex 69.8639 5.425 25
      vertex 68.2199 6.82628 25
    endloop
  endfacet
  facet normal 0 0 1
    outer loop
      vertex 70.2747 4.2147 25
      vertex 69.452 2.22836 25
      vertex 69.8235 2.10222 25
    endloop
  endfacet
  facet normal 0 0 1
    outer loop
      vertex 69.8639 5.425 25
      vertex 68.0019 6.5 25
      vertex 69.8147 5.32528 25
    endloop
  endfacet
  facet normal 0 0 1
    outer loop
      vertex 70.175 4.26388 25
      vertex 69.1 2.40192 25
      vertex 69.452 2.22836 25
    endloop
  endfacet
  facet normal -0 0 1
    outer loop
      vertex 67.8284 6.14805 25
      vertex 69.8147 5.32528 25
      vertex 68.0019 6.5 25
    endloop
  endfacet
  facet normal 0 0 1
    outer loop
      vertex 70.0826 4.32565 25
      vertex 68.7737 2.61994 25
      vertex 69.1 2.40192 25
    endloop
  endfacet
  facet normal 0 0 1
    outer loop
      vertex 69.8147 5.32528 25
      vertex 67.8284 6.14805 25
      vertex 69.779 5.22 25
    endloop
  endfacet
  facet normal 0 0 1
    outer loop
      vertex 69.999 4.39896 25
      vertex 68.4787 2.87868 25
      vertex 68.7737 2.61994 25
    endloop
  endfacet
  facet normal -0 0 1
    outer loop
      vertex 67.7022 5.77646 25
      vertex 69.779 5.22 25
      vertex 67.8284 6.14805 25
    endloop
  endfacet
  facet normal 0 0 1
    outer loop
      vertex 69.9257 4.48255 25
      vertex 68.2199 3.17372 25
      vertex 68.4787 2.87868 25
    endloop
  endfacet
  facet normal 0 0 1
    outer loop
      vertex 69.779 5.22 25
      vertex 67.7022 5.77646 25
      vertex 69.7573 5.11095 25
    endloop
  endfacet
  facet normal 0 0 1
    outer loop
      vertex 69.8639 4.575 25
      vertex 68.0019 3.5 25
      vertex 68.2199 3.17372 25
    endloop
  endfacet
  facet normal -0 0 1
    outer loop
      vertex 67.6257 5.39158 25
      vertex 69.7573 5.11095 25
      vertex 67.7022 5.77646 25
    endloop
  endfacet
  facet normal 0 0 1
    outer loop
      vertex 69.8147 4.67472 25
      vertex 67.8284 3.85195 25
      vertex 68.0019 3.5 25
    endloop
  endfacet
  facet normal 0 0 1
    outer loop
      vertex 69.7573 5.11095 25
      vertex 67.6257 5.39158 25
      vertex 69.75 5 25
    endloop
  endfacet
  facet normal 0 0 1
    outer loop
      vertex 69.779 4.78 25
      vertex 67.7022 4.22354 25
      vertex 67.8284 3.85195 25
    endloop
  endfacet
  facet normal 0 0 1
    outer loop
      vertex 67.6 5 25
      vertex 69.75 5 25
      vertex 67.6257 5.39158 25
    endloop
  endfacet
  facet normal 0 0 1
    outer loop
      vertex 69.7573 4.88905 25
      vertex 67.6257 4.60842 25
      vertex 67.7022 4.22354 25
    endloop
  endfacet
  facet normal 0 0 1
    outer loop
      vertex 69.75 5 25
      vertex 67.6 5 25
      vertex 67.6257 4.60842 25
    endloop
  endfacet
  facet normal -0.0654112 0.997858 0
    outer loop
      vertex 70.6 8 2
      vertex 70.2084 7.97433 25
      vertex 70.6 8 25
    endloop
  endfacet
  facet normal -0.0654112 0.997858 0
    outer loop
      vertex 70.2084 7.97433 25
      vertex 70.6 8 2
      vertex 70.2084 7.97433 2
    endloop
  endfacet
  facet normal -0.0654112 -0.997858 0
    outer loop
      vertex 70.2084 2.02567 2
      vertex 70.6 2 25
      vertex 70.2084 2.02567 25
    endloop
  endfacet
  facet normal -0.0654112 -0.997858 -0
    outer loop
      vertex 70.6 2 25
      vertex 70.2084 2.02567 2
      vertex 70.6 2 2
    endloop
  endfacet
  facet normal -0.555558 -0.831477 0
    outer loop
      vertex 68.7737 2.61994 2
      vertex 69.1 2.40192 25
      vertex 68.7737 2.61994 25
    endloop
  endfacet
  facet normal -0.555558 -0.831477 -0
    outer loop
      vertex 69.1 2.40192 25
      vertex 68.7737 2.61994 2
      vertex 69.1 2.40192 2
    endloop
  endfacet
  facet normal -0.831485 -0.555547 0
    outer loop
      vertex 68.2199 3.17372 2
      vertex 68.0019 3.5 25
      vertex 68.0019 3.5 2
    endloop
  endfacet
  facet normal -0.831485 -0.555547 0
    outer loop
      vertex 68.0019 3.5 25
      vertex 68.2199 3.17372 2
      vertex 68.2199 3.17372 25
    endloop
  endfacet
  facet normal -0.751768 -0.659428 0
    outer loop
      vertex 68.4787 2.87868 2
      vertex 68.2199 3.17372 25
      vertex 68.2199 3.17372 2
    endloop
  endfacet
  facet normal -0.751768 -0.659428 0
    outer loop
      vertex 68.2199 3.17372 25
      vertex 68.4787 2.87868 2
      vertex 68.4787 2.87868 25
    endloop
  endfacet
  facet normal -0.980813 -0.19495 0
    outer loop
      vertex 67.7022 4.22354 2
      vertex 67.6257 4.60842 25
      vertex 67.6257 4.60842 2
    endloop
  endfacet
  facet normal -0.980813 -0.19495 0
    outer loop
      vertex 67.6257 4.60842 25
      vertex 67.7022 4.22354 2
      vertex 67.7022 4.22354 25
    endloop
  endfacet
  facet normal -0.896936 0.44216 0
    outer loop
      vertex 67.8284 6.14805 2
      vertex 68.0019 6.5 25
      vertex 68.0019 6.5 2
    endloop
  endfacet
  facet normal -0.896936 0.44216 0
    outer loop
      vertex 68.0019 6.5 25
      vertex 67.8284 6.14805 2
      vertex 67.8284 6.14805 25
    endloop
  endfacet
  facet normal 0.555558 -0.831477 0
    outer loop
      vertex 72.1 2.40192 2
      vertex 72.4263 2.61994 25
      vertex 72.1 2.40192 25
    endloop
  endfacet
  facet normal 0.555558 -0.831477 0
    outer loop
      vertex 72.4263 2.61994 25
      vertex 72.1 2.40192 2
      vertex 72.4263 2.61994 2
    endloop
  endfacet
  facet normal -0.442233 -0.8969 0
    outer loop
      vertex 69.1 2.40192 2
      vertex 69.452 2.22836 25
      vertex 69.1 2.40192 25
    endloop
  endfacet
  facet normal -0.442233 -0.8969 -0
    outer loop
      vertex 69.452 2.22836 25
      vertex 69.1 2.40192 2
      vertex 69.452 2.22836 2
    endloop
  endfacet
  facet normal 0.19494 0.980815 -0
    outer loop
      vertex 71.3765 60.5978 2
      vertex 70.9916 60.6743 25
      vertex 71.3765 60.5978 25
    endloop
  endfacet
  facet normal 0.19494 0.980815 0
    outer loop
      vertex 70.9916 60.6743 25
      vertex 71.3765 60.5978 2
      vertex 70.9916 60.6743 2
    endloop
  endfacet
  facet normal 0.980815 0.19494 0
    outer loop
      vertex 73.5743 58.0916 25
      vertex 73.4978 58.4765 2
      vertex 73.4978 58.4765 25
    endloop
  endfacet
  facet normal 0.980815 0.19494 0
    outer loop
      vertex 73.4978 58.4765 2
      vertex 73.5743 58.0916 25
      vertex 73.5743 58.0916 2
    endloop
  endfacet
  facet normal 0.997853 0.0654873 0
    outer loop
      vertex 73.6 57.7 25
      vertex 73.5743 58.0916 2
      vertex 73.5743 58.0916 25
    endloop
  endfacet
  facet normal 0.997853 0.0654873 0
    outer loop
      vertex 73.5743 58.0916 2
      vertex 73.6 57.7 25
      vertex 73.6 57.7 2
    endloop
  endfacet
  facet normal 0.946858 0.321651 0
    outer loop
      vertex 73.4978 58.4765 25
      vertex 73.3716 58.848 2
      vertex 73.3716 58.848 25
    endloop
  endfacet
  facet normal 0.946858 0.321651 0
    outer loop
      vertex 73.3716 58.848 2
      vertex 73.4978 58.4765 25
      vertex 73.4978 58.4765 2
    endloop
  endfacet
  facet normal 0 0 1
    outer loop
      vertex 71.45 57.7 25
      vertex 73.6 57.7 25
      vertex 73.5743 58.0916 25
    endloop
  endfacet
  facet normal 0 0 1
    outer loop
      vertex 71.4427 57.8109 25
      vertex 73.5743 58.0916 25
      vertex 73.4978 58.4765 25
    endloop
  endfacet
  facet normal 0 0 1
    outer loop
      vertex 73.6 57.7 25
      vertex 71.45 57.7 25
      vertex 73.5743 57.3084 25
    endloop
  endfacet
  facet normal 0 0 1
    outer loop
      vertex 71.421 57.92 25
      vertex 73.4978 58.4765 25
      vertex 73.3716 58.848 25
    endloop
  endfacet
  facet normal -0 0 1
    outer loop
      vertex 71.4427 57.5891 25
      vertex 73.5743 57.3084 25
      vertex 71.45 57.7 25
    endloop
  endfacet
  facet normal 0 0 1
    outer loop
      vertex 71.3853 58.0253 25
      vertex 73.3716 58.848 25
      vertex 73.1981 59.2 25
    endloop
  endfacet
  facet normal 0 0 1
    outer loop
      vertex 73.5743 57.3084 25
      vertex 71.4427 57.5891 25
      vertex 73.4978 56.9235 25
    endloop
  endfacet
  facet normal 0 0 1
    outer loop
      vertex 71.3361 58.125 25
      vertex 73.1981 59.2 25
      vertex 72.9801 59.5263 25
    endloop
  endfacet
  facet normal -0 0 1
    outer loop
      vertex 71.421 57.48 25
      vertex 73.4978 56.9235 25
      vertex 71.4427 57.5891 25
    endloop
  endfacet
  facet normal 0 0 1
    outer loop
      vertex 71.2744 58.2174 25
      vertex 72.9801 59.5263 25
      vertex 72.7213 59.8213 25
    endloop
  endfacet
  facet normal 0 0 1
    outer loop
      vertex 73.4978 56.9235 25
      vertex 71.421 57.48 25
      vertex 73.3716 56.5519 25
    endloop
  endfacet
  facet normal 0 0 1
    outer loop
      vertex 71.201 58.301 25
      vertex 72.7213 59.8213 25
      vertex 72.4263 60.0801 25
    endloop
  endfacet
  facet normal -0 0 1
    outer loop
      vertex 71.3853 57.3747 25
      vertex 73.3716 56.5519 25
      vertex 71.421 57.48 25
    endloop
  endfacet
  facet normal 0 0 1
    outer loop
      vertex 71.1174 58.3744 25
      vertex 72.4263 60.0801 25
      vertex 72.1 60.2981 25
    endloop
  endfacet
  facet normal 0 0 1
    outer loop
      vertex 73.3716 56.5519 25
      vertex 71.3853 57.3747 25
      vertex 73.1981 56.2 25
    endloop
  endfacet
  facet normal 0 0 1
    outer loop
      vertex 71.025 58.4361 25
      vertex 72.1 60.2981 25
      vertex 71.748 60.4716 25
    endloop
  endfacet
  facet normal -0 0 1
    outer loop
      vertex 71.3361 57.275 25
      vertex 73.1981 56.2 25
      vertex 71.3853 57.3747 25
    endloop
  endfacet
  facet normal 0 0 1
    outer loop
      vertex 73.1981 56.2 25
      vertex 71.3361 57.275 25
      vertex 72.9801 55.8737 25
    endloop
  endfacet
  facet normal 0 0 1
    outer loop
      vertex 73.5743 58.0916 25
      vertex 71.4427 57.8109 25
      vertex 71.45 57.7 25
    endloop
  endfacet
  facet normal 0 0 1
    outer loop
      vertex 73.4978 58.4765 25
      vertex 71.421 57.92 25
      vertex 71.4427 57.8109 25
    endloop
  endfacet
  facet normal 0 0 1
    outer loop
      vertex 73.3716 58.848 25
      vertex 71.3853 58.0253 25
      vertex 71.421 57.92 25
    endloop
  endfacet
  facet normal 0 0 1
    outer loop
      vertex 70.9253 58.4853 25
      vertex 71.748 60.4716 25
      vertex 71.3765 60.5978 25
    endloop
  endfacet
  facet normal 0 0 1
    outer loop
      vertex 73.1981 59.2 25
      vertex 71.3361 58.125 25
      vertex 71.3853 58.0253 25
    endloop
  endfacet
  facet normal 0 0 1
    outer loop
      vertex 72.9801 59.5263 25
      vertex 71.2744 58.2174 25
      vertex 71.3361 58.125 25
    endloop
  endfacet
  facet normal 0 0 1
    outer loop
      vertex 72.7213 59.8213 25
      vertex 71.201 58.301 25
      vertex 71.2744 58.2174 25
    endloop
  endfacet
  facet normal 0 0 1
    outer loop
      vertex 72.4263 60.0801 25
      vertex 71.1174 58.3744 25
      vertex 71.201 58.301 25
    endloop
  endfacet
  facet normal 0 0 1
    outer loop
      vertex 72.1 60.2981 25
      vertex 71.025 58.4361 25
      vertex 71.1174 58.3744 25
    endloop
  endfacet
  facet normal 0 0 1
    outer loop
      vertex 70.82 58.521 25
      vertex 71.3765 60.5978 25
      vertex 70.9916 60.6743 25
    endloop
  endfacet
  facet normal 0 0 1
    outer loop
      vertex 71.748 60.4716 25
      vertex 70.9253 58.4853 25
      vertex 71.025 58.4361 25
    endloop
  endfacet
  facet normal 0 0 1
    outer loop
      vertex 71.3765 60.5978 25
      vertex 70.82 58.521 25
      vertex 70.9253 58.4853 25
    endloop
  endfacet
  facet normal 0 0 1
    outer loop
      vertex 70.9916 60.6743 25
      vertex 70.7109 58.5427 25
      vertex 70.82 58.521 25
    endloop
  endfacet
  facet normal 0 0 1
    outer loop
      vertex 70.6 60.7 25
      vertex 70.7109 58.5427 25
      vertex 70.9916 60.6743 25
    endloop
  endfacet
  facet normal 0 0 1
    outer loop
      vertex 70.6 60.7 25
      vertex 70.6 58.55 25
      vertex 70.7109 58.5427 25
    endloop
  endfacet
  facet normal 0 0 1
    outer loop
      vertex 70.6 60.7 25
      vertex 70.4891 58.5427 25
      vertex 70.6 58.55 25
    endloop
  endfacet
  facet normal -0 0 1
    outer loop
      vertex 70.2084 60.6743 25
      vertex 70.4891 58.5427 25
      vertex 70.6 60.7 25
    endloop
  endfacet
  facet normal 0 0 1
    outer loop
      vertex 70.4891 58.5427 25
      vertex 70.2084 60.6743 25
      vertex 70.38 58.521 25
    endloop
  endfacet
  facet normal -0 0 1
    outer loop
      vertex 69.8235 60.5978 25
      vertex 70.38 58.521 25
      vertex 70.2084 60.6743 25
    endloop
  endfacet
  facet normal 0 0 1
    outer loop
      vertex 70.38 58.521 25
      vertex 69.8235 60.5978 25
      vertex 70.2747 58.4853 25
    endloop
  endfacet
  facet normal -0 0 1
    outer loop
      vertex 69.452 60.4716 25
      vertex 70.2747 58.4853 25
      vertex 69.8235 60.5978 25
    endloop
  endfacet
  facet normal 0 0 1
    outer loop
      vertex 70.2747 58.4853 25
      vertex 69.452 60.4716 25
      vertex 70.175 58.4361 25
    endloop
  endfacet
  facet normal -0 0 1
    outer loop
      vertex 69.1 60.2981 25
      vertex 70.175 58.4361 25
      vertex 69.452 60.4716 25
    endloop
  endfacet
  facet normal 0 0 1
    outer loop
      vertex 70.175 58.4361 25
      vertex 69.1 60.2981 25
      vertex 70.0826 58.3744 25
    endloop
  endfacet
  facet normal -0 0 1
    outer loop
      vertex 68.7737 60.0801 25
      vertex 70.0826 58.3744 25
      vertex 69.1 60.2981 25
    endloop
  endfacet
  facet normal 0 0 1
    outer loop
      vertex 70.0826 58.3744 25
      vertex 68.7737 60.0801 25
      vertex 69.999 58.301 25
    endloop
  endfacet
  facet normal -0 0 1
    outer loop
      vertex 68.4787 59.8213 25
      vertex 69.999 58.301 25
      vertex 68.7737 60.0801 25
    endloop
  endfacet
  facet normal 0 0 1
    outer loop
      vertex 69.999 58.301 25
      vertex 68.4787 59.8213 25
      vertex 69.9257 58.2174 25
    endloop
  endfacet
  facet normal -0 0 1
    outer loop
      vertex 68.2199 59.5263 25
      vertex 69.9257 58.2174 25
      vertex 68.4787 59.8213 25
    endloop
  endfacet
  facet normal 0 0 1
    outer loop
      vertex 69.9257 58.2174 25
      vertex 68.2199 59.5263 25
      vertex 69.8639 58.125 25
    endloop
  endfacet
  facet normal -0 0 1
    outer loop
      vertex 71.2744 57.1826 25
      vertex 72.9801 55.8737 25
      vertex 71.3361 57.275 25
    endloop
  endfacet
  facet normal 0 0 1
    outer loop
      vertex 72.9801 55.8737 25
      vertex 71.2744 57.1826 25
      vertex 72.7213 55.5787 25
    endloop
  endfacet
  facet normal -0 0 1
    outer loop
      vertex 71.201 57.099 25
      vertex 72.7213 55.5787 25
      vertex 71.2744 57.1826 25
    endloop
  endfacet
  facet normal 0 0 1
    outer loop
      vertex 72.7213 55.5787 25
      vertex 71.201 57.099 25
      vertex 72.4263 55.3199 25
    endloop
  endfacet
  facet normal -0 0 1
    outer loop
      vertex 71.1174 57.0257 25
      vertex 72.4263 55.3199 25
      vertex 71.201 57.099 25
    endloop
  endfacet
  facet normal 0 0 1
    outer loop
      vertex 72.4263 55.3199 25
      vertex 71.1174 57.0257 25
      vertex 72.1 55.1019 25
    endloop
  endfacet
  facet normal -0 0 1
    outer loop
      vertex 71.025 56.9639 25
      vertex 72.1 55.1019 25
      vertex 71.1174 57.0257 25
    endloop
  endfacet
  facet normal 0 0 1
    outer loop
      vertex 72.1 55.1019 25
      vertex 71.025 56.9639 25
      vertex 71.748 54.9284 25
    endloop
  endfacet
  facet normal -0 0 1
    outer loop
      vertex 70.9253 56.9147 25
      vertex 71.748 54.9284 25
      vertex 71.025 56.9639 25
    endloop
  endfacet
  facet normal 0 0 1
    outer loop
      vertex 71.748 54.9284 25
      vertex 70.9253 56.9147 25
      vertex 71.3765 54.8022 25
    endloop
  endfacet
  facet normal -0 0 1
    outer loop
      vertex 70.82 56.879 25
      vertex 71.3765 54.8022 25
      vertex 70.9253 56.9147 25
    endloop
  endfacet
  facet normal 0 0 1
    outer loop
      vertex 71.3765 54.8022 25
      vertex 70.82 56.879 25
      vertex 70.9916 54.7257 25
    endloop
  endfacet
  facet normal -0 0 1
    outer loop
      vertex 70.7109 56.8573 25
      vertex 70.9916 54.7257 25
      vertex 70.82 56.879 25
    endloop
  endfacet
  facet normal -0 0 1
    outer loop
      vertex 70.6 56.85 25
      vertex 70.9916 54.7257 25
      vertex 70.7109 56.8573 25
    endloop
  endfacet
  facet normal 0 0 1
    outer loop
      vertex 70.6 56.85 25
      vertex 70.6 54.7 25
      vertex 70.9916 54.7257 25
    endloop
  endfacet
  facet normal 0 0 1
    outer loop
      vertex 70.4891 56.8573 25
      vertex 70.6 54.7 25
      vertex 70.6 56.85 25
    endloop
  endfacet
  facet normal 0 0 1
    outer loop
      vertex 70.2084 54.7257 25
      vertex 70.4891 56.8573 25
      vertex 70.38 56.879 25
    endloop
  endfacet
  facet normal 0 0 1
    outer loop
      vertex 69.8235 54.8022 25
      vertex 70.38 56.879 25
      vertex 70.2747 56.9147 25
    endloop
  endfacet
  facet normal 0 0 1
    outer loop
      vertex 70.4891 56.8573 25
      vertex 70.2084 54.7257 25
      vertex 70.6 54.7 25
    endloop
  endfacet
  facet normal 0 0 1
    outer loop
      vertex 69.452 54.9284 25
      vertex 70.2747 56.9147 25
      vertex 70.175 56.9639 25
    endloop
  endfacet
  facet normal 0 0 1
    outer loop
      vertex 69.1 55.1019 25
      vertex 70.175 56.9639 25
      vertex 70.0826 57.0257 25
    endloop
  endfacet
  facet normal 0 0 1
    outer loop
      vertex 68.7737 55.3199 25
      vertex 70.0826 57.0257 25
      vertex 69.999 57.099 25
    endloop
  endfacet
  facet normal 0 0 1
    outer loop
      vertex 68.4787 55.5787 25
      vertex 69.999 57.099 25
      vertex 69.9257 57.1826 25
    endloop
  endfacet
  facet normal 0 0 1
    outer loop
      vertex 68.2199 55.8737 25
      vertex 69.9257 57.1826 25
      vertex 69.8639 57.275 25
    endloop
  endfacet
  facet normal 0 0 1
    outer loop
      vertex 70.38 56.879 25
      vertex 69.8235 54.8022 25
      vertex 70.2084 54.7257 25
    endloop
  endfacet
  facet normal 0 0 1
    outer loop
      vertex 68.0019 56.2 25
      vertex 69.8639 57.275 25
      vertex 69.8147 57.3747 25
    endloop
  endfacet
  facet normal 0 0 1
    outer loop
      vertex 67.8284 56.5519 25
      vertex 69.8147 57.3747 25
      vertex 69.779 57.48 25
    endloop
  endfacet
  facet normal 0 0 1
    outer loop
      vertex 67.7022 56.9235 25
      vertex 69.779 57.48 25
      vertex 69.7573 57.5891 25
    endloop
  endfacet
  facet normal 0 0 1
    outer loop
      vertex 67.6257 57.3084 25
      vertex 69.7573 57.5891 25
      vertex 69.75 57.7 25
    endloop
  endfacet
  facet normal -0 0 1
    outer loop
      vertex 68.0019 59.2 25
      vertex 69.8639 58.125 25
      vertex 68.2199 59.5263 25
    endloop
  endfacet
  facet normal 0 0 1
    outer loop
      vertex 70.2747 56.9147 25
      vertex 69.452 54.9284 25
      vertex 69.8235 54.8022 25
    endloop
  endfacet
  facet normal 0 0 1
    outer loop
      vertex 69.8639 58.125 25
      vertex 68.0019 59.2 25
      vertex 69.8147 58.0253 25
    endloop
  endfacet
  facet normal 0 0 1
    outer loop
      vertex 70.175 56.9639 25
      vertex 69.1 55.1019 25
      vertex 69.452 54.9284 25
    endloop
  endfacet
  facet normal -0 0 1
    outer loop
      vertex 67.8284 58.848 25
      vertex 69.8147 58.0253 25
      vertex 68.0019 59.2 25
    endloop
  endfacet
  facet normal 0 0 1
    outer loop
      vertex 70.0826 57.0257 25
      vertex 68.7737 55.3199 25
      vertex 69.1 55.1019 25
    endloop
  endfacet
  facet normal 0 0 1
    outer loop
      vertex 69.8147 58.0253 25
      vertex 67.8284 58.848 25
      vertex 69.779 57.92 25
    endloop
  endfacet
  facet normal 0 0 1
    outer loop
      vertex 69.999 57.099 25
      vertex 68.4787 55.5787 25
      vertex 68.7737 55.3199 25
    endloop
  endfacet
  facet normal -0 0 1
    outer loop
      vertex 67.7022 58.4765 25
      vertex 69.779 57.92 25
      vertex 67.8284 58.848 25
    endloop
  endfacet
  facet normal 0 0 1
    outer loop
      vertex 69.9257 57.1826 25
      vertex 68.2199 55.8737 25
      vertex 68.4787 55.5787 25
    endloop
  endfacet
  facet normal 0 0 1
    outer loop
      vertex 69.779 57.92 25
      vertex 67.7022 58.4765 25
      vertex 69.7573 57.8109 25
    endloop
  endfacet
  facet normal 0 0 1
    outer loop
      vertex 69.8639 57.275 25
      vertex 68.0019 56.2 25
      vertex 68.2199 55.8737 25
    endloop
  endfacet
  facet normal -0 0 1
    outer loop
      vertex 67.6257 58.0916 25
      vertex 69.7573 57.8109 25
      vertex 67.7022 58.4765 25
    endloop
  endfacet
  facet normal 0 0 1
    outer loop
      vertex 69.8147 57.3747 25
      vertex 67.8284 56.5519 25
      vertex 68.0019 56.2 25
    endloop
  endfacet
  facet normal 0 0 1
    outer loop
      vertex 69.7573 57.8109 25
      vertex 67.6257 58.0916 25
      vertex 69.75 57.7 25
    endloop
  endfacet
  facet normal 0 0 1
    outer loop
      vertex 69.779 57.48 25
      vertex 67.7022 56.9235 25
      vertex 67.8284 56.5519 25
    endloop
  endfacet
  facet normal 0 0 1
    outer loop
      vertex 67.6 57.7 25
      vertex 69.75 57.7 25
      vertex 67.6257 58.0916 25
    endloop
  endfacet
  facet normal 0 0 1
    outer loop
      vertex 69.7573 57.5891 25
      vertex 67.6257 57.3084 25
      vertex 67.7022 56.9235 25
    endloop
  endfacet
  facet normal 0 0 1
    outer loop
      vertex 69.75 57.7 25
      vertex 67.6 57.7 25
      vertex 67.6257 57.3084 25
    endloop
  endfacet
  facet normal 0.321651 -0.946858 0
    outer loop
      vertex 71.3765 54.8022 2
      vertex 71.748 54.9284 25
      vertex 71.3765 54.8022 25
    endloop
  endfacet
  facet normal 0.321651 -0.946858 0
    outer loop
      vertex 71.748 54.9284 25
      vertex 71.3765 54.8022 2
      vertex 71.748 54.9284 2
    endloop
  endfacet
  facet normal 0.831501 0.555523 0
    outer loop
      vertex 73.1981 59.2 25
      vertex 72.9801 59.5263 2
      vertex 72.9801 59.5263 25
    endloop
  endfacet
  facet normal 0.831501 0.555523 0
    outer loop
      vertex 72.9801 59.5263 2
      vertex 73.1981 59.2 25
      vertex 73.1981 59.2 2
    endloop
  endfacet
  facet normal 0.896961 0.44211 0
    outer loop
      vertex 73.3716 58.848 25
      vertex 73.1981 59.2 2
      vertex 73.1981 59.2 25
    endloop
  endfacet
  facet normal 0.896961 0.44211 0
    outer loop
      vertex 73.1981 59.2 2
      vertex 73.3716 58.848 25
      vertex 73.3716 58.848 2
    endloop
  endfacet
  facet normal -0.19494 0.980815 0
    outer loop
      vertex 70.2084 60.6743 2
      vertex 69.8235 60.5978 25
      vertex 70.2084 60.6743 25
    endloop
  endfacet
  facet normal -0.19494 0.980815 0
    outer loop
      vertex 69.8235 60.5978 25
      vertex 70.2084 60.6743 2
      vertex 69.8235 60.5978 2
    endloop
  endfacet
  facet normal -0.555523 -0.831501 0
    outer loop
      vertex 68.7737 55.3199 2
      vertex 69.1 55.1019 25
      vertex 68.7737 55.3199 25
    endloop
  endfacet
  facet normal -0.555523 -0.831501 -0
    outer loop
      vertex 69.1 55.1019 25
      vertex 68.7737 55.3199 2
      vertex 69.1 55.1019 2
    endloop
  endfacet
  facet normal 0.946885 -0.321574 0
    outer loop
      vertex 73.3716 56.5519 25
      vertex 73.4978 56.9235 2
      vertex 73.4978 56.9235 25
    endloop
  endfacet
  facet normal 0.946885 -0.321574 0
    outer loop
      vertex 73.4978 56.9235 2
      vertex 73.3716 56.5519 25
      vertex 73.3716 56.5519 2
    endloop
  endfacet
  facet normal -0.659478 0.751724 0
    outer loop
      vertex 68.7737 60.0801 2
      vertex 68.4787 59.8213 25
      vertex 68.7737 60.0801 25
    endloop
  endfacet
  facet normal -0.659478 0.751724 0
    outer loop
      vertex 68.4787 59.8213 25
      vertex 68.7737 60.0801 2
      vertex 68.4787 59.8213 2
    endloop
  endfacet
  facet normal -0.321651 0.946858 0
    outer loop
      vertex 69.8235 60.5978 2
      vertex 69.452 60.4716 25
      vertex 69.8235 60.5978 25
    endloop
  endfacet
  facet normal -0.321651 0.946858 0
    outer loop
      vertex 69.452 60.4716 25
      vertex 69.8235 60.5978 2
      vertex 69.452 60.4716 2
    endloop
  endfacet
  facet normal -0.0654873 0.997853 0
    outer loop
      vertex 70.6 60.7 2
      vertex 70.2084 60.6743 25
      vertex 70.6 60.7 25
    endloop
  endfacet
  facet normal -0.0654873 0.997853 0
    outer loop
      vertex 70.2084 60.6743 25
      vertex 70.6 60.7 2
      vertex 70.2084 60.6743 2
    endloop
  endfacet
  facet normal 0.0654873 0.997853 -0
    outer loop
      vertex 70.9916 60.6743 2
      vertex 70.6 60.7 25
      vertex 70.9916 60.6743 25
    endloop
  endfacet
  facet normal 0.0654873 0.997853 0
    outer loop
      vertex 70.6 60.7 25
      vertex 70.9916 60.6743 2
      vertex 70.6 60.7 2
    endloop
  endfacet
  facet normal -0.19494 -0.980815 0
    outer loop
      vertex 69.8235 54.8022 2
      vertex 70.2084 54.7257 25
      vertex 69.8235 54.8022 25
    endloop
  endfacet
  facet normal -0.19494 -0.980815 -0
    outer loop
      vertex 70.2084 54.7257 25
      vertex 69.8235 54.8022 2
      vertex 70.2084 54.7257 2
    endloop
  endfacet
  facet normal -0.659478 -0.751724 0
    outer loop
      vertex 68.4787 55.5787 2
      vertex 68.7737 55.3199 25
      vertex 68.4787 55.5787 25
    endloop
  endfacet
  facet normal -0.659478 -0.751724 -0
    outer loop
      vertex 68.7737 55.3199 25
      vertex 68.4787 55.5787 2
      vertex 68.7737 55.3199 2
    endloop
  endfacet
  facet normal 0.19494 -0.980815 0
    outer loop
      vertex 70.9916 54.7257 2
      vertex 71.3765 54.8022 25
      vertex 70.9916 54.7257 25
    endloop
  endfacet
  facet normal 0.19494 -0.980815 0
    outer loop
      vertex 71.3765 54.8022 25
      vertex 70.9916 54.7257 2
      vertex 71.3765 54.8022 2
    endloop
  endfacet
  facet normal 0.555523 0.831501 -0
    outer loop
      vertex 72.4263 60.0801 2
      vertex 72.1 60.2981 25
      vertex 72.4263 60.0801 25
    endloop
  endfacet
  facet normal 0.555523 0.831501 0
    outer loop
      vertex 72.1 60.2981 25
      vertex 72.4263 60.0801 2
      vertex 72.1 60.2981 2
    endloop
  endfacet
  facet normal 0.659478 0.751724 -0
    outer loop
      vertex 72.7213 59.8213 2
      vertex 72.4263 60.0801 25
      vertex 72.7213 59.8213 25
    endloop
  endfacet
  facet normal 0.659478 0.751724 0
    outer loop
      vertex 72.4263 60.0801 25
      vertex 72.7213 59.8213 2
      vertex 72.4263 60.0801 2
    endloop
  endfacet
  facet normal -0.946885 -0.321574 0
    outer loop
      vertex 67.8284 56.5519 2
      vertex 67.7022 56.9235 25
      vertex 67.7022 56.9235 2
    endloop
  endfacet
  facet normal -0.946885 -0.321574 0
    outer loop
      vertex 67.7022 56.9235 25
      vertex 67.8284 56.5519 2
      vertex 67.8284 56.5519 25
    endloop
  endfacet
  facet normal -0.0654873 -0.997853 0
    outer loop
      vertex 70.2084 54.7257 2
      vertex 70.6 54.7 25
      vertex 70.2084 54.7257 25
    endloop
  endfacet
  facet normal -0.0654873 -0.997853 -0
    outer loop
      vertex 70.6 54.7 25
      vertex 70.2084 54.7257 2
      vertex 70.6 54.7 2
    endloop
  endfacet
  facet normal -0.44211 0.896961 0
    outer loop
      vertex 69.452 60.4716 2
      vertex 69.1 60.2981 25
      vertex 69.452 60.4716 25
    endloop
  endfacet
  facet normal -0.44211 0.896961 0
    outer loop
      vertex 69.1 60.2981 25
      vertex 69.452 60.4716 2
      vertex 69.1 60.2981 2
    endloop
  endfacet
  facet normal 0.659478 -0.751724 0
    outer loop
      vertex 72.4263 55.3199 2
      vertex 72.7213 55.5787 25
      vertex 72.4263 55.3199 25
    endloop
  endfacet
  facet normal 0.659478 -0.751724 0
    outer loop
      vertex 72.7213 55.5787 25
      vertex 72.4263 55.3199 2
      vertex 72.7213 55.5787 2
    endloop
  endfacet
  facet normal 0.555523 -0.831501 0
    outer loop
      vertex 72.1 55.1019 2
      vertex 72.4263 55.3199 25
      vertex 72.1 55.1019 25
    endloop
  endfacet
  facet normal 0.555523 -0.831501 0
    outer loop
      vertex 72.4263 55.3199 25
      vertex 72.1 55.1019 2
      vertex 72.4263 55.3199 2
    endloop
  endfacet
  facet normal -0.555523 0.831501 0
    outer loop
      vertex 69.1 60.2981 2
      vertex 68.7737 60.0801 25
      vertex 69.1 60.2981 25
    endloop
  endfacet
  facet normal -0.555523 0.831501 0
    outer loop
      vertex 68.7737 60.0801 25
      vertex 69.1 60.2981 2
      vertex 68.7737 60.0801 2
    endloop
  endfacet
  facet normal 0.997853 -0.0654873 0
    outer loop
      vertex 73.5743 57.3084 25
      vertex 73.6 57.7 2
      vertex 73.6 57.7 25
    endloop
  endfacet
  facet normal 0.997853 -0.0654873 0
    outer loop
      vertex 73.6 57.7 2
      vertex 73.5743 57.3084 25
      vertex 73.5743 57.3084 2
    endloop
  endfacet
  facet normal 0.751724 -0.659478 0
    outer loop
      vertex 72.7213 55.5787 25
      vertex 72.9801 55.8737 2
      vertex 72.9801 55.8737 25
    endloop
  endfacet
  facet normal 0.751724 -0.659478 0
    outer loop
      vertex 72.9801 55.8737 2
      vertex 72.7213 55.5787 25
      vertex 72.7213 55.5787 2
    endloop
  endfacet
  facet normal -0.44211 -0.896961 0
    outer loop
      vertex 69.1 55.1019 2
      vertex 69.452 54.9284 25
      vertex 69.1 55.1019 25
    endloop
  endfacet
  facet normal -0.44211 -0.896961 -0
    outer loop
      vertex 69.452 54.9284 25
      vertex 69.1 55.1019 2
      vertex 69.452 54.9284 2
    endloop
  endfacet
  facet normal 0.831501 -0.555523 0
    outer loop
      vertex 72.9801 55.8737 25
      vertex 73.1981 56.2 2
      vertex 73.1981 56.2 25
    endloop
  endfacet
  facet normal 0.831501 -0.555523 0
    outer loop
      vertex 73.1981 56.2 2
      vertex 72.9801 55.8737 25
      vertex 72.9801 55.8737 2
    endloop
  endfacet
  facet normal 0.980815 -0.19494 0
    outer loop
      vertex 73.4978 56.9235 25
      vertex 73.5743 57.3084 2
      vertex 73.5743 57.3084 25
    endloop
  endfacet
  facet normal 0.980815 -0.19494 0
    outer loop
      vertex 73.5743 57.3084 2
      vertex 73.4978 56.9235 25
      vertex 73.4978 56.9235 2
    endloop
  endfacet
  facet normal -0.946858 0.321651 0
    outer loop
      vertex 67.7022 58.4765 2
      vertex 67.8284 58.848 25
      vertex 67.8284 58.848 2
    endloop
  endfacet
  facet normal -0.946858 0.321651 0
    outer loop
      vertex 67.8284 58.848 25
      vertex 67.7022 58.4765 2
      vertex 67.7022 58.4765 25
    endloop
  endfacet
  facet normal 0.44211 0.896961 -0
    outer loop
      vertex 72.1 60.2981 2
      vertex 71.748 60.4716 25
      vertex 72.1 60.2981 25
    endloop
  endfacet
  facet normal 0.44211 0.896961 0
    outer loop
      vertex 71.748 60.4716 25
      vertex 72.1 60.2981 2
      vertex 71.748 60.4716 2
    endloop
  endfacet
  facet normal -0.980815 0.19494 0
    outer loop
      vertex 67.6257 58.0916 2
      vertex 67.7022 58.4765 25
      vertex 67.7022 58.4765 2
    endloop
  endfacet
  facet normal -0.980815 0.19494 0
    outer loop
      vertex 67.7022 58.4765 25
      vertex 67.6257 58.0916 2
      vertex 67.6257 58.0916 25
    endloop
  endfacet
  facet normal 0.44211 -0.896961 0
    outer loop
      vertex 71.748 54.9284 2
      vertex 72.1 55.1019 25
      vertex 71.748 54.9284 25
    endloop
  endfacet
  facet normal 0.44211 -0.896961 0
    outer loop
      vertex 72.1 55.1019 25
      vertex 71.748 54.9284 2
      vertex 72.1 55.1019 2
    endloop
  endfacet
  facet normal -0.831501 0.555523 0
    outer loop
      vertex 68.0019 59.2 2
      vertex 68.2199 59.5263 25
      vertex 68.2199 59.5263 2
    endloop
  endfacet
  facet normal -0.831501 0.555523 0
    outer loop
      vertex 68.2199 59.5263 25
      vertex 68.0019 59.2 2
      vertex 68.0019 59.2 25
    endloop
  endfacet
  facet normal -0.997853 -0.0654873 0
    outer loop
      vertex 67.6257 57.3084 2
      vertex 67.6 57.7 25
      vertex 67.6 57.7 2
    endloop
  endfacet
  facet normal -0.997853 -0.0654873 0
    outer loop
      vertex 67.6 57.7 25
      vertex 67.6257 57.3084 2
      vertex 67.6257 57.3084 25
    endloop
  endfacet
  facet normal -0.751724 -0.659478 0
    outer loop
      vertex 68.4787 55.5787 2
      vertex 68.2199 55.8737 25
      vertex 68.2199 55.8737 2
    endloop
  endfacet
  facet normal -0.751724 -0.659478 0
    outer loop
      vertex 68.2199 55.8737 25
      vertex 68.4787 55.5787 2
      vertex 68.4787 55.5787 25
    endloop
  endfacet
  facet normal -0.997853 0.0654873 0
    outer loop
      vertex 67.6 57.7 2
      vertex 67.6257 58.0916 25
      vertex 67.6257 58.0916 2
    endloop
  endfacet
  facet normal -0.997853 0.0654873 0
    outer loop
      vertex 67.6257 58.0916 25
      vertex 67.6 57.7 2
      vertex 67.6 57.7 25
    endloop
  endfacet
  facet normal 0.321651 0.946858 -0
    outer loop
      vertex 71.748 60.4716 2
      vertex 71.3765 60.5978 25
      vertex 71.748 60.4716 25
    endloop
  endfacet
  facet normal 0.321651 0.946858 0
    outer loop
      vertex 71.3765 60.5978 25
      vertex 71.748 60.4716 2
      vertex 71.3765 60.5978 2
    endloop
  endfacet
  facet normal -0.751724 0.659478 0
    outer loop
      vertex 68.2199 59.5263 2
      vertex 68.4787 59.8213 25
      vertex 68.4787 59.8213 2
    endloop
  endfacet
  facet normal -0.751724 0.659478 0
    outer loop
      vertex 68.4787 59.8213 25
      vertex 68.2199 59.5263 2
      vertex 68.2199 59.5263 25
    endloop
  endfacet
  facet normal 0.751724 0.659478 0
    outer loop
      vertex 72.9801 59.5263 25
      vertex 72.7213 59.8213 2
      vertex 72.7213 59.8213 25
    endloop
  endfacet
  facet normal 0.751724 0.659478 0
    outer loop
      vertex 72.7213 59.8213 2
      vertex 72.9801 59.5263 25
      vertex 72.9801 59.5263 2
    endloop
  endfacet
  facet normal -0.896911 -0.442211 0
    outer loop
      vertex 68.0019 56.2 2
      vertex 67.8284 56.5519 25
      vertex 67.8284 56.5519 2
    endloop
  endfacet
  facet normal -0.896911 -0.442211 0
    outer loop
      vertex 67.8284 56.5519 25
      vertex 68.0019 56.2 2
      vertex 68.0019 56.2 25
    endloop
  endfacet
  facet normal 0.0654873 -0.997853 0
    outer loop
      vertex 70.6 54.7 2
      vertex 70.9916 54.7257 25
      vertex 70.6 54.7 25
    endloop
  endfacet
  facet normal 0.0654873 -0.997853 0
    outer loop
      vertex 70.9916 54.7257 25
      vertex 70.6 54.7 2
      vertex 70.9916 54.7257 2
    endloop
  endfacet
  facet normal -0.980815 -0.19494 0
    outer loop
      vertex 67.7022 56.9235 2
      vertex 67.6257 57.3084 25
      vertex 67.6257 57.3084 2
    endloop
  endfacet
  facet normal -0.980815 -0.19494 0
    outer loop
      vertex 67.6257 57.3084 25
      vertex 67.7022 56.9235 2
      vertex 67.7022 56.9235 25
    endloop
  endfacet
  facet normal -0.831501 -0.555523 0
    outer loop
      vertex 68.2199 55.8737 2
      vertex 68.0019 56.2 25
      vertex 68.0019 56.2 2
    endloop
  endfacet
  facet normal -0.831501 -0.555523 0
    outer loop
      vertex 68.0019 56.2 25
      vertex 68.2199 55.8737 2
      vertex 68.2199 55.8737 25
    endloop
  endfacet
  facet normal -0.321651 -0.946858 0
    outer loop
      vertex 69.452 54.9284 2
      vertex 69.8235 54.8022 25
      vertex 69.452 54.9284 25
    endloop
  endfacet
  facet normal -0.321651 -0.946858 -0
    outer loop
      vertex 69.8235 54.8022 25
      vertex 69.452 54.9284 2
      vertex 69.8235 54.8022 2
    endloop
  endfacet
  facet normal 0.896911 -0.442211 0
    outer loop
      vertex 73.1981 56.2 25
      vertex 73.3716 56.5519 2
      vertex 73.3716 56.5519 25
    endloop
  endfacet
  facet normal 0.896911 -0.442211 0
    outer loop
      vertex 73.3716 56.5519 2
      vertex 73.1981 56.2 25
      vertex 73.1981 56.2 2
    endloop
  endfacet
  facet normal -0.896961 0.44211 0
    outer loop
      vertex 67.8284 58.848 2
      vertex 68.0019 59.2 25
      vertex 68.0019 59.2 2
    endloop
  endfacet
  facet normal -0.896961 0.44211 0
    outer loop
      vertex 68.0019 59.2 25
      vertex 67.8284 58.848 2
      vertex 67.8284 58.848 25
    endloop
  endfacet
  facet normal -0.946882 -0.321582 0
    outer loop
      vertex 10.7284 5.85195 2
      vertex 10.6022 6.22354 4.5
      vertex 10.6022 6.22354 2
    endloop
  endfacet
  facet normal -0.946882 -0.321582 0
    outer loop
      vertex 10.6022 6.22354 4.5
      vertex 10.7284 5.85195 2
      vertex 10.7284 5.85195 4.5
    endloop
  endfacet
  facet normal 0.195062 -0.980791 0
    outer loop
      vertex 13.8916 4.02567 2
      vertex 14.2765 4.10222 4.5
      vertex 13.8916 4.02567 4.5
    endloop
  endfacet
  facet normal 0.195062 -0.980791 0
    outer loop
      vertex 14.2765 4.10222 4.5
      vertex 13.8916 4.02567 2
      vertex 14.2765 4.10222 2
    endloop
  endfacet
  facet normal 0.980813 0.19495 0
    outer loop
      vertex 16.4743 7.39158 4.5
      vertex 16.3978 7.77646 2
      vertex 16.3978 7.77646 4.5
    endloop
  endfacet
  facet normal 0.980813 0.19495 0
    outer loop
      vertex 16.3978 7.77646 2
      vertex 16.4743 7.39158 4.5
      vertex 16.4743 7.39158 2
    endloop
  endfacet
  facet normal 0.997853 0.0654906 0
    outer loop
      vertex 16.5 7 4.5
      vertex 16.4743 7.39158 2
      vertex 16.4743 7.39158 4.5
    endloop
  endfacet
  facet normal 0.997853 0.0654906 0
    outer loop
      vertex 16.4743 7.39158 2
      vertex 16.5 7 4.5
      vertex 16.5 7 2
    endloop
  endfacet
  facet normal -0.442334 0.89685 0
    outer loop
      vertex 12.3519 9.77164 2
      vertex 12 9.59808 4.5
      vertex 12.3519 9.77164 4.5
    endloop
  endfacet
  facet normal -0.442334 0.89685 0
    outer loop
      vertex 12 9.59808 4.5
      vertex 12.3519 9.77164 2
      vertex 12 9.59808 2
    endloop
  endfacet
  facet normal 0.946882 0.321582 0
    outer loop
      vertex 16.3978 7.77646 4.5
      vertex 16.2716 8.14805 2
      vertex 16.2716 8.14805 4.5
    endloop
  endfacet
  facet normal 0.946882 0.321582 0
    outer loop
      vertex 16.2716 8.14805 2
      vertex 16.3978 7.77646 4.5
      vertex 16.3978 7.77646 2
    endloop
  endfacet
  facet normal 0.896936 -0.44216 0
    outer loop
      vertex 16.0981 5.5 4.5
      vertex 16.2716 5.85195 2
      vertex 16.2716 5.85195 4.5
    endloop
  endfacet
  facet normal 0.896936 -0.44216 0
    outer loop
      vertex 16.2716 5.85195 2
      vertex 16.0981 5.5 4.5
      vertex 16.0981 5.5 2
    endloop
  endfacet
  facet normal 0.997853 -0.0654906 0
    outer loop
      vertex 16.4743 6.60842 4.5
      vertex 16.5 7 2
      vertex 16.5 7 4.5
    endloop
  endfacet
  facet normal 0.997853 -0.0654906 0
    outer loop
      vertex 16.5 7 2
      vertex 16.4743 6.60842 4.5
      vertex 16.4743 6.60842 2
    endloop
  endfacet
  facet normal 0.659392 0.751799 -0
    outer loop
      vertex 15.6213 9.12132 2
      vertex 15.3263 9.38006 4.5
      vertex 15.6213 9.12132 4.5
    endloop
  endfacet
  facet normal 0.659392 0.751799 0
    outer loop
      vertex 15.3263 9.38006 4.5
      vertex 15.6213 9.12132 2
      vertex 15.3263 9.38006 2
    endloop
  endfacet
  facet normal -0.659392 0.751799 0
    outer loop
      vertex 11.6737 9.38006 2
      vertex 11.3787 9.12132 4.5
      vertex 11.6737 9.38006 4.5
    endloop
  endfacet
  facet normal -0.659392 0.751799 0
    outer loop
      vertex 11.3787 9.12132 4.5
      vertex 11.6737 9.38006 2
      vertex 11.3787 9.12132 2
    endloop
  endfacet
  facet normal 0.0654112 0.997858 -0
    outer loop
      vertex 13.8916 9.97433 2
      vertex 13.5 10 4.5
      vertex 13.8916 9.97433 4.5
    endloop
  endfacet
  facet normal 0.0654112 0.997858 0
    outer loop
      vertex 13.5 10 4.5
      vertex 13.8916 9.97433 2
      vertex 13.5 10 2
    endloop
  endfacet
  facet normal -0.195062 -0.980791 0
    outer loop
      vertex 12.7235 4.10222 2
      vertex 13.1084 4.02567 4.5
      vertex 12.7235 4.10222 4.5
    endloop
  endfacet
  facet normal -0.195062 -0.980791 -0
    outer loop
      vertex 13.1084 4.02567 4.5
      vertex 12.7235 4.10222 2
      vertex 13.1084 4.02567 2
    endloop
  endfacet
  facet normal -0.997853 0.0654906 0
    outer loop
      vertex 10.5 7 2
      vertex 10.5257 7.39158 4.5
      vertex 10.5257 7.39158 2
    endloop
  endfacet
  facet normal -0.997853 0.0654906 0
    outer loop
      vertex 10.5257 7.39158 4.5
      vertex 10.5 7 2
      vertex 10.5 7 4.5
    endloop
  endfacet
  facet normal -0.751768 -0.659428 0
    outer loop
      vertex 11.3787 4.87868 2
      vertex 11.1199 5.17372 4.5
      vertex 11.1199 5.17372 2
    endloop
  endfacet
  facet normal -0.751768 -0.659428 0
    outer loop
      vertex 11.1199 5.17372 4.5
      vertex 11.3787 4.87868 2
      vertex 11.3787 4.87868 4.5
    endloop
  endfacet
  facet normal -0.980813 -0.19495 0
    outer loop
      vertex 10.6022 6.22354 2
      vertex 10.5257 6.60842 4.5
      vertex 10.5257 6.60842 2
    endloop
  endfacet
  facet normal -0.980813 -0.19495 0
    outer loop
      vertex 10.5257 6.60842 4.5
      vertex 10.6022 6.22354 2
      vertex 10.6022 6.22354 4.5
    endloop
  endfacet
  facet normal 0.831485 -0.555547 0
    outer loop
      vertex 15.8801 5.17372 4.5
      vertex 16.0981 5.5 2
      vertex 16.0981 5.5 4.5
    endloop
  endfacet
  facet normal 0.831485 -0.555547 0
    outer loop
      vertex 16.0981 5.5 2
      vertex 15.8801 5.17372 4.5
      vertex 15.8801 5.17372 2
    endloop
  endfacet
  facet normal -0.896936 0.44216 0
    outer loop
      vertex 10.7284 8.14805 2
      vertex 10.9019 8.5 4.5
      vertex 10.9019 8.5 2
    endloop
  endfacet
  facet normal -0.896936 0.44216 0
    outer loop
      vertex 10.9019 8.5 4.5
      vertex 10.7284 8.14805 2
      vertex 10.7284 8.14805 4.5
    endloop
  endfacet
  facet normal -0.831485 -0.555547 0
    outer loop
      vertex 11.1199 5.17372 2
      vertex 10.9019 5.5 4.5
      vertex 10.9019 5.5 2
    endloop
  endfacet
  facet normal -0.831485 -0.555547 0
    outer loop
      vertex 10.9019 5.5 4.5
      vertex 11.1199 5.17372 2
      vertex 11.1199 5.17372 4.5
    endloop
  endfacet
  facet normal -0.831485 0.555547 0
    outer loop
      vertex 10.9019 8.5 2
      vertex 11.1199 8.82628 4.5
      vertex 11.1199 8.82628 2
    endloop
  endfacet
  facet normal -0.831485 0.555547 0
    outer loop
      vertex 11.1199 8.82628 4.5
      vertex 10.9019 8.5 2
      vertex 10.9019 8.5 4.5
    endloop
  endfacet
  facet normal -0.0654112 0.997858 0
    outer loop
      vertex 13.5 10 2
      vertex 13.1084 9.97433 4.5
      vertex 13.5 10 4.5
    endloop
  endfacet
  facet normal -0.0654112 0.997858 0
    outer loop
      vertex 13.1084 9.97433 4.5
      vertex 13.5 10 2
      vertex 13.1084 9.97433 2
    endloop
  endfacet
  facet normal -0.321437 -0.946931 0
    outer loop
      vertex 12.3519 4.22836 2
      vertex 12.7235 4.10222 4.5
      vertex 12.3519 4.22836 4.5
    endloop
  endfacet
  facet normal -0.321437 -0.946931 -0
    outer loop
      vertex 12.7235 4.10222 4.5
      vertex 12.3519 4.22836 2
      vertex 12.7235 4.10222 2
    endloop
  endfacet
  facet normal 0.442233 0.8969 -0
    outer loop
      vertex 15 9.59808 2
      vertex 14.648 9.77164 4.5
      vertex 15 9.59808 4.5
    endloop
  endfacet
  facet normal 0.442233 0.8969 0
    outer loop
      vertex 14.648 9.77164 4.5
      vertex 15 9.59808 2
      vertex 14.648 9.77164 2
    endloop
  endfacet
  facet normal 0.0654112 -0.997858 0
    outer loop
      vertex 13.5 4 2
      vertex 13.8916 4.02567 4.5
      vertex 13.5 4 4.5
    endloop
  endfacet
  facet normal 0.0654112 -0.997858 0
    outer loop
      vertex 13.8916 4.02567 4.5
      vertex 13.5 4 2
      vertex 13.8916 4.02567 2
    endloop
  endfacet
  facet normal 0.555558 -0.831477 0
    outer loop
      vertex 15 4.40192 2
      vertex 15.3263 4.61994 4.5
      vertex 15 4.40192 4.5
    endloop
  endfacet
  facet normal 0.555558 -0.831477 0
    outer loop
      vertex 15.3263 4.61994 4.5
      vertex 15 4.40192 2
      vertex 15.3263 4.61994 2
    endloop
  endfacet
  facet normal 0.980813 -0.19495 0
    outer loop
      vertex 16.3978 6.22354 4.5
      vertex 16.4743 6.60842 2
      vertex 16.4743 6.60842 4.5
    endloop
  endfacet
  facet normal 0.980813 -0.19495 0
    outer loop
      vertex 16.4743 6.60842 2
      vertex 16.3978 6.22354 4.5
      vertex 16.3978 6.22354 2
    endloop
  endfacet
  facet normal -0.751768 0.659428 0
    outer loop
      vertex 11.1199 8.82628 2
      vertex 11.3787 9.12132 4.5
      vertex 11.3787 9.12132 2
    endloop
  endfacet
  facet normal -0.751768 0.659428 0
    outer loop
      vertex 11.3787 9.12132 4.5
      vertex 11.1199 8.82628 2
      vertex 11.1199 8.82628 4.5
    endloop
  endfacet
  facet normal -0.980813 0.19495 0
    outer loop
      vertex 10.5257 7.39158 2
      vertex 10.6022 7.77646 4.5
      vertex 10.6022 7.77646 2
    endloop
  endfacet
  facet normal -0.980813 0.19495 0
    outer loop
      vertex 10.6022 7.77646 4.5
      vertex 10.5257 7.39158 2
      vertex 10.5257 7.39158 4.5
    endloop
  endfacet
  facet normal 0.831485 0.555547 0
    outer loop
      vertex 16.0981 8.5 4.5
      vertex 15.8801 8.82628 2
      vertex 15.8801 8.82628 4.5
    endloop
  endfacet
  facet normal 0.831485 0.555547 0
    outer loop
      vertex 15.8801 8.82628 2
      vertex 16.0981 8.5 4.5
      vertex 16.0981 8.5 2
    endloop
  endfacet
  facet normal 0.555558 0.831477 -0
    outer loop
      vertex 15.3263 9.38006 2
      vertex 15 9.59808 4.5
      vertex 15.3263 9.38006 4.5
    endloop
  endfacet
  facet normal 0.555558 0.831477 0
    outer loop
      vertex 15 9.59808 4.5
      vertex 15.3263 9.38006 2
      vertex 15 9.59808 2
    endloop
  endfacet
  facet normal -0.997853 -0.0654906 0
    outer loop
      vertex 10.5257 6.60842 2
      vertex 10.5 7 4.5
      vertex 10.5 7 2
    endloop
  endfacet
  facet normal -0.997853 -0.0654906 0
    outer loop
      vertex 10.5 7 4.5
      vertex 10.5257 6.60842 2
      vertex 10.5257 6.60842 4.5
    endloop
  endfacet
  facet normal 0.321514 0.946905 -0
    outer loop
      vertex 14.648 9.77164 2
      vertex 14.2765 9.89778 4.5
      vertex 14.648 9.77164 4.5
    endloop
  endfacet
  facet normal 0.321514 0.946905 0
    outer loop
      vertex 14.2765 9.89778 4.5
      vertex 14.648 9.77164 2
      vertex 14.2765 9.89778 2
    endloop
  endfacet
  facet normal 0.659392 -0.751799 0
    outer loop
      vertex 15.3263 4.61994 2
      vertex 15.6213 4.87868 4.5
      vertex 15.3263 4.61994 4.5
    endloop
  endfacet
  facet normal 0.659392 -0.751799 0
    outer loop
      vertex 15.6213 4.87868 4.5
      vertex 15.3263 4.61994 2
      vertex 15.6213 4.87868 2
    endloop
  endfacet
  facet normal -0.195062 0.980791 0
    outer loop
      vertex 13.1084 9.97433 2
      vertex 12.7235 9.89778 4.5
      vertex 13.1084 9.97433 4.5
    endloop
  endfacet
  facet normal -0.195062 0.980791 0
    outer loop
      vertex 12.7235 9.89778 4.5
      vertex 13.1084 9.97433 2
      vertex 12.7235 9.89778 2
    endloop
  endfacet
  facet normal 0.896936 0.44216 0
    outer loop
      vertex 16.2716 8.14805 4.5
      vertex 16.0981 8.5 2
      vertex 16.0981 8.5 4.5
    endloop
  endfacet
  facet normal 0.896936 0.44216 0
    outer loop
      vertex 16.0981 8.5 2
      vertex 16.2716 8.14805 4.5
      vertex 16.2716 8.14805 2
    endloop
  endfacet
  facet normal 0.946882 -0.321582 0
    outer loop
      vertex 16.2716 5.85195 4.5
      vertex 16.3978 6.22354 2
      vertex 16.3978 6.22354 4.5
    endloop
  endfacet
  facet normal 0.946882 -0.321582 0
    outer loop
      vertex 16.3978 6.22354 2
      vertex 16.2716 5.85195 4.5
      vertex 16.2716 5.85195 2
    endloop
  endfacet
  facet normal -0.555558 -0.831477 0
    outer loop
      vertex 11.6737 4.61994 2
      vertex 12 4.40192 4.5
      vertex 11.6737 4.61994 4.5
    endloop
  endfacet
  facet normal -0.555558 -0.831477 -0
    outer loop
      vertex 12 4.40192 4.5
      vertex 11.6737 4.61994 2
      vertex 12 4.40192 2
    endloop
  endfacet
  facet normal -0.659392 -0.751799 0
    outer loop
      vertex 11.3787 4.87868 2
      vertex 11.6737 4.61994 4.5
      vertex 11.3787 4.87868 4.5
    endloop
  endfacet
  facet normal -0.659392 -0.751799 -0
    outer loop
      vertex 11.6737 4.61994 4.5
      vertex 11.3787 4.87868 2
      vertex 11.6737 4.61994 2
    endloop
  endfacet
  facet normal 0.751768 -0.659428 0
    outer loop
      vertex 15.6213 4.87868 4.5
      vertex 15.8801 5.17372 2
      vertex 15.8801 5.17372 4.5
    endloop
  endfacet
  facet normal 0.751768 -0.659428 0
    outer loop
      vertex 15.8801 5.17372 2
      vertex 15.6213 4.87868 4.5
      vertex 15.6213 4.87868 2
    endloop
  endfacet
  facet normal -0.896936 -0.44216 0
    outer loop
      vertex 10.9019 5.5 2
      vertex 10.7284 5.85195 4.5
      vertex 10.7284 5.85195 2
    endloop
  endfacet
  facet normal -0.896936 -0.44216 0
    outer loop
      vertex 10.7284 5.85195 4.5
      vertex 10.9019 5.5 2
      vertex 10.9019 5.5 4.5
    endloop
  endfacet
  facet normal -0.0654112 -0.997858 0
    outer loop
      vertex 13.1084 4.02567 2
      vertex 13.5 4 4.5
      vertex 13.1084 4.02567 4.5
    endloop
  endfacet
  facet normal -0.0654112 -0.997858 -0
    outer loop
      vertex 13.5 4 4.5
      vertex 13.1084 4.02567 2
      vertex 13.5 4 2
    endloop
  endfacet
  facet normal 0.751768 0.659428 0
    outer loop
      vertex 15.8801 8.82628 4.5
      vertex 15.6213 9.12132 2
      vertex 15.6213 9.12132 4.5
    endloop
  endfacet
  facet normal 0.751768 0.659428 0
    outer loop
      vertex 15.6213 9.12132 2
      vertex 15.8801 8.82628 4.5
      vertex 15.8801 8.82628 2
    endloop
  endfacet
  facet normal -0.555558 0.831477 0
    outer loop
      vertex 12 9.59808 2
      vertex 11.6737 9.38006 4.5
      vertex 12 9.59808 4.5
    endloop
  endfacet
  facet normal -0.555558 0.831477 0
    outer loop
      vertex 11.6737 9.38006 4.5
      vertex 12 9.59808 2
      vertex 11.6737 9.38006 2
    endloop
  endfacet
  facet normal 0.321514 -0.946905 0
    outer loop
      vertex 14.2765 4.10222 2
      vertex 14.648 4.22836 4.5
      vertex 14.2765 4.10222 4.5
    endloop
  endfacet
  facet normal 0.321514 -0.946905 0
    outer loop
      vertex 14.648 4.22836 4.5
      vertex 14.2765 4.10222 2
      vertex 14.648 4.22836 2
    endloop
  endfacet
  facet normal 0.442233 -0.8969 0
    outer loop
      vertex 14.648 4.22836 2
      vertex 15 4.40192 4.5
      vertex 14.648 4.22836 4.5
    endloop
  endfacet
  facet normal 0.442233 -0.8969 0
    outer loop
      vertex 15 4.40192 4.5
      vertex 14.648 4.22836 2
      vertex 15 4.40192 2
    endloop
  endfacet
  facet normal -0.321437 0.946931 0
    outer loop
      vertex 12.7235 9.89778 2
      vertex 12.3519 9.77164 4.5
      vertex 12.7235 9.89778 4.5
    endloop
  endfacet
  facet normal -0.321437 0.946931 0
    outer loop
      vertex 12.3519 9.77164 4.5
      vertex 12.7235 9.89778 2
      vertex 12.3519 9.77164 2
    endloop
  endfacet
  facet normal 0 0 1
    outer loop
      vertex 14.35 7 4.5
      vertex 16.5 7 4.5
      vertex 16.4743 7.39158 4.5
    endloop
  endfacet
  facet normal 0 0 1
    outer loop
      vertex 14.3427 7.11095 4.5
      vertex 16.4743 7.39158 4.5
      vertex 16.3978 7.77646 4.5
    endloop
  endfacet
  facet normal 0 0 1
    outer loop
      vertex 16.5 7 4.5
      vertex 14.35 7 4.5
      vertex 16.4743 6.60842 4.5
    endloop
  endfacet
  facet normal 0 0 1
    outer loop
      vertex 14.321 7.22 4.5
      vertex 16.3978 7.77646 4.5
      vertex 16.2716 8.14805 4.5
    endloop
  endfacet
  facet normal -0 0 1
    outer loop
      vertex 14.3427 6.88905 4.5
      vertex 16.4743 6.60842 4.5
      vertex 14.35 7 4.5
    endloop
  endfacet
  facet normal 0 0 1
    outer loop
      vertex 14.2853 7.32528 4.5
      vertex 16.2716 8.14805 4.5
      vertex 16.0981 8.5 4.5
    endloop
  endfacet
  facet normal 0 0 1
    outer loop
      vertex 16.4743 6.60842 4.5
      vertex 14.3427 6.88905 4.5
      vertex 16.3978 6.22354 4.5
    endloop
  endfacet
  facet normal 0 0 1
    outer loop
      vertex 14.2361 7.425 4.5
      vertex 16.0981 8.5 4.5
      vertex 15.8801 8.82628 4.5
    endloop
  endfacet
  facet normal -0 0 1
    outer loop
      vertex 14.321 6.78 4.5
      vertex 16.3978 6.22354 4.5
      vertex 14.3427 6.88905 4.5
    endloop
  endfacet
  facet normal 0 0 1
    outer loop
      vertex 14.1743 7.51745 4.5
      vertex 15.8801 8.82628 4.5
      vertex 15.6213 9.12132 4.5
    endloop
  endfacet
  facet normal 0 0 1
    outer loop
      vertex 16.3978 6.22354 4.5
      vertex 14.321 6.78 4.5
      vertex 16.2716 5.85195 4.5
    endloop
  endfacet
  facet normal 0 0 1
    outer loop
      vertex 14.101 7.60104 4.5
      vertex 15.6213 9.12132 4.5
      vertex 15.3263 9.38006 4.5
    endloop
  endfacet
  facet normal -0 0 1
    outer loop
      vertex 14.2853 6.67472 4.5
      vertex 16.2716 5.85195 4.5
      vertex 14.321 6.78 4.5
    endloop
  endfacet
  facet normal 0 0 1
    outer loop
      vertex 14.0174 7.67435 4.5
      vertex 15.3263 9.38006 4.5
      vertex 15 9.59808 4.5
    endloop
  endfacet
  facet normal 0 0 1
    outer loop
      vertex 16.2716 5.85195 4.5
      vertex 14.2853 6.67472 4.5
      vertex 16.0981 5.5 4.5
    endloop
  endfacet
  facet normal 0 0 1
    outer loop
      vertex 13.925 7.73612 4.5
      vertex 15 9.59808 4.5
      vertex 14.648 9.77164 4.5
    endloop
  endfacet
  facet normal -0 0 1
    outer loop
      vertex 14.2361 6.575 4.5
      vertex 16.0981 5.5 4.5
      vertex 14.2853 6.67472 4.5
    endloop
  endfacet
  facet normal 0 0 1
    outer loop
      vertex 16.0981 5.5 4.5
      vertex 14.2361 6.575 4.5
      vertex 15.8801 5.17372 4.5
    endloop
  endfacet
  facet normal 0 0 1
    outer loop
      vertex 16.4743 7.39158 4.5
      vertex 14.3427 7.11095 4.5
      vertex 14.35 7 4.5
    endloop
  endfacet
  facet normal 0 0 1
    outer loop
      vertex 16.3978 7.77646 4.5
      vertex 14.321 7.22 4.5
      vertex 14.3427 7.11095 4.5
    endloop
  endfacet
  facet normal 0 0 1
    outer loop
      vertex 16.2716 8.14805 4.5
      vertex 14.2853 7.32528 4.5
      vertex 14.321 7.22 4.5
    endloop
  endfacet
  facet normal 0 0 1
    outer loop
      vertex 13.8253 7.7853 4.5
      vertex 14.648 9.77164 4.5
      vertex 14.2765 9.89778 4.5
    endloop
  endfacet
  facet normal 0 0 1
    outer loop
      vertex 16.0981 8.5 4.5
      vertex 14.2361 7.425 4.5
      vertex 14.2853 7.32528 4.5
    endloop
  endfacet
  facet normal 0 0 1
    outer loop
      vertex 15.8801 8.82628 4.5
      vertex 14.1743 7.51745 4.5
      vertex 14.2361 7.425 4.5
    endloop
  endfacet
  facet normal 0 0 1
    outer loop
      vertex 15.6213 9.12132 4.5
      vertex 14.101 7.60104 4.5
      vertex 14.1743 7.51745 4.5
    endloop
  endfacet
  facet normal 0 0 1
    outer loop
      vertex 15.3263 9.38006 4.5
      vertex 14.0174 7.67435 4.5
      vertex 14.101 7.60104 4.5
    endloop
  endfacet
  facet normal 0 0 1
    outer loop
      vertex 15 9.59808 4.5
      vertex 13.925 7.73612 4.5
      vertex 14.0174 7.67435 4.5
    endloop
  endfacet
  facet normal 0 0 1
    outer loop
      vertex 13.72 7.82104 4.5
      vertex 14.2765 9.89778 4.5
      vertex 13.8916 9.97433 4.5
    endloop
  endfacet
  facet normal 0 0 1
    outer loop
      vertex 14.648 9.77164 4.5
      vertex 13.8253 7.7853 4.5
      vertex 13.925 7.73612 4.5
    endloop
  endfacet
  facet normal 0 0 1
    outer loop
      vertex 14.2765 9.89778 4.5
      vertex 13.72 7.82104 4.5
      vertex 13.8253 7.7853 4.5
    endloop
  endfacet
  facet normal 0 0 1
    outer loop
      vertex 13.8916 9.97433 4.5
      vertex 13.6109 7.84273 4.5
      vertex 13.72 7.82104 4.5
    endloop
  endfacet
  facet normal 0 0 1
    outer loop
      vertex 13.5 10 4.5
      vertex 13.6109 7.84273 4.5
      vertex 13.8916 9.97433 4.5
    endloop
  endfacet
  facet normal 0 0 1
    outer loop
      vertex 13.5 10 4.5
      vertex 13.5 7.85 4.5
      vertex 13.6109 7.84273 4.5
    endloop
  endfacet
  facet normal 0 0 1
    outer loop
      vertex 13.5 10 4.5
      vertex 13.3891 7.84273 4.5
      vertex 13.5 7.85 4.5
    endloop
  endfacet
  facet normal -0 0 1
    outer loop
      vertex 13.1084 9.97433 4.5
      vertex 13.3891 7.84273 4.5
      vertex 13.5 10 4.5
    endloop
  endfacet
  facet normal 0 0 1
    outer loop
      vertex 13.3891 7.84273 4.5
      vertex 13.1084 9.97433 4.5
      vertex 13.28 7.82104 4.5
    endloop
  endfacet
  facet normal -0 0 1
    outer loop
      vertex 12.7235 9.89778 4.5
      vertex 13.28 7.82104 4.5
      vertex 13.1084 9.97433 4.5
    endloop
  endfacet
  facet normal 0 0 1
    outer loop
      vertex 13.28 7.82104 4.5
      vertex 12.7235 9.89778 4.5
      vertex 13.1747 7.7853 4.5
    endloop
  endfacet
  facet normal -0 0 1
    outer loop
      vertex 12.3519 9.77164 4.5
      vertex 13.1747 7.7853 4.5
      vertex 12.7235 9.89778 4.5
    endloop
  endfacet
  facet normal 0 0 1
    outer loop
      vertex 13.1747 7.7853 4.5
      vertex 12.3519 9.77164 4.5
      vertex 13.075 7.73612 4.5
    endloop
  endfacet
  facet normal -0 0 1
    outer loop
      vertex 12 9.59808 4.5
      vertex 13.075 7.73612 4.5
      vertex 12.3519 9.77164 4.5
    endloop
  endfacet
  facet normal 0 0 1
    outer loop
      vertex 13.075 7.73612 4.5
      vertex 12 9.59808 4.5
      vertex 12.9826 7.67435 4.5
    endloop
  endfacet
  facet normal -0 0 1
    outer loop
      vertex 11.6737 9.38006 4.5
      vertex 12.9826 7.67435 4.5
      vertex 12 9.59808 4.5
    endloop
  endfacet
  facet normal 0 0 1
    outer loop
      vertex 12.9826 7.67435 4.5
      vertex 11.6737 9.38006 4.5
      vertex 12.899 7.60104 4.5
    endloop
  endfacet
  facet normal -0 0 1
    outer loop
      vertex 11.3787 9.12132 4.5
      vertex 12.899 7.60104 4.5
      vertex 11.6737 9.38006 4.5
    endloop
  endfacet
  facet normal 0 0 1
    outer loop
      vertex 12.899 7.60104 4.5
      vertex 11.3787 9.12132 4.5
      vertex 12.8256 7.51745 4.5
    endloop
  endfacet
  facet normal -0 0 1
    outer loop
      vertex 11.1199 8.82628 4.5
      vertex 12.8256 7.51745 4.5
      vertex 11.3787 9.12132 4.5
    endloop
  endfacet
  facet normal 0 0 1
    outer loop
      vertex 12.8256 7.51745 4.5
      vertex 11.1199 8.82628 4.5
      vertex 12.7639 7.425 4.5
    endloop
  endfacet
  facet normal -0 0 1
    outer loop
      vertex 14.1743 6.48255 4.5
      vertex 15.8801 5.17372 4.5
      vertex 14.2361 6.575 4.5
    endloop
  endfacet
  facet normal 0 0 1
    outer loop
      vertex 15.8801 5.17372 4.5
      vertex 14.1743 6.48255 4.5
      vertex 15.6213 4.87868 4.5
    endloop
  endfacet
  facet normal -0 0 1
    outer loop
      vertex 14.101 6.39896 4.5
      vertex 15.6213 4.87868 4.5
      vertex 14.1743 6.48255 4.5
    endloop
  endfacet
  facet normal 0 0 1
    outer loop
      vertex 15.6213 4.87868 4.5
      vertex 14.101 6.39896 4.5
      vertex 15.3263 4.61994 4.5
    endloop
  endfacet
  facet normal -0 0 1
    outer loop
      vertex 14.0174 6.32565 4.5
      vertex 15.3263 4.61994 4.5
      vertex 14.101 6.39896 4.5
    endloop
  endfacet
  facet normal 0 0 1
    outer loop
      vertex 15.3263 4.61994 4.5
      vertex 14.0174 6.32565 4.5
      vertex 15 4.40192 4.5
    endloop
  endfacet
  facet normal -0 0 1
    outer loop
      vertex 13.925 6.26388 4.5
      vertex 15 4.40192 4.5
      vertex 14.0174 6.32565 4.5
    endloop
  endfacet
  facet normal 0 0 1
    outer loop
      vertex 15 4.40192 4.5
      vertex 13.925 6.26388 4.5
      vertex 14.648 4.22836 4.5
    endloop
  endfacet
  facet normal -0 0 1
    outer loop
      vertex 13.8253 6.2147 4.5
      vertex 14.648 4.22836 4.5
      vertex 13.925 6.26388 4.5
    endloop
  endfacet
  facet normal 0 0 1
    outer loop
      vertex 14.648 4.22836 4.5
      vertex 13.8253 6.2147 4.5
      vertex 14.2765 4.10222 4.5
    endloop
  endfacet
  facet normal -0 0 1
    outer loop
      vertex 13.72 6.17896 4.5
      vertex 14.2765 4.10222 4.5
      vertex 13.8253 6.2147 4.5
    endloop
  endfacet
  facet normal 0 0 1
    outer loop
      vertex 14.2765 4.10222 4.5
      vertex 13.72 6.17896 4.5
      vertex 13.8916 4.02567 4.5
    endloop
  endfacet
  facet normal -0 0 1
    outer loop
      vertex 13.6109 6.15727 4.5
      vertex 13.8916 4.02567 4.5
      vertex 13.72 6.17896 4.5
    endloop
  endfacet
  facet normal -0 0 1
    outer loop
      vertex 13.5 6.15 4.5
      vertex 13.8916 4.02567 4.5
      vertex 13.6109 6.15727 4.5
    endloop
  endfacet
  facet normal 0 0 1
    outer loop
      vertex 13.5 6.15 4.5
      vertex 13.5 4 4.5
      vertex 13.8916 4.02567 4.5
    endloop
  endfacet
  facet normal 0 0 1
    outer loop
      vertex 13.3891 6.15727 4.5
      vertex 13.5 4 4.5
      vertex 13.5 6.15 4.5
    endloop
  endfacet
  facet normal 0 0 1
    outer loop
      vertex 13.1084 4.02567 4.5
      vertex 13.3891 6.15727 4.5
      vertex 13.28 6.17896 4.5
    endloop
  endfacet
  facet normal 0 0 1
    outer loop
      vertex 12.7235 4.10222 4.5
      vertex 13.28 6.17896 4.5
      vertex 13.1747 6.2147 4.5
    endloop
  endfacet
  facet normal 0 0 1
    outer loop
      vertex 13.3891 6.15727 4.5
      vertex 13.1084 4.02567 4.5
      vertex 13.5 4 4.5
    endloop
  endfacet
  facet normal 0 0 1
    outer loop
      vertex 12.3519 4.22836 4.5
      vertex 13.1747 6.2147 4.5
      vertex 13.075 6.26388 4.5
    endloop
  endfacet
  facet normal 0 0 1
    outer loop
      vertex 12 4.40192 4.5
      vertex 13.075 6.26388 4.5
      vertex 12.9826 6.32565 4.5
    endloop
  endfacet
  facet normal 0 0 1
    outer loop
      vertex 11.6737 4.61994 4.5
      vertex 12.9826 6.32565 4.5
      vertex 12.899 6.39896 4.5
    endloop
  endfacet
  facet normal 0 0 1
    outer loop
      vertex 11.3787 4.87868 4.5
      vertex 12.899 6.39896 4.5
      vertex 12.8256 6.48255 4.5
    endloop
  endfacet
  facet normal 0 0 1
    outer loop
      vertex 11.1199 5.17372 4.5
      vertex 12.8256 6.48255 4.5
      vertex 12.7639 6.575 4.5
    endloop
  endfacet
  facet normal 0 0 1
    outer loop
      vertex 13.28 6.17896 4.5
      vertex 12.7235 4.10222 4.5
      vertex 13.1084 4.02567 4.5
    endloop
  endfacet
  facet normal 0 0 1
    outer loop
      vertex 10.9019 5.5 4.5
      vertex 12.7639 6.575 4.5
      vertex 12.7147 6.67472 4.5
    endloop
  endfacet
  facet normal 0 0 1
    outer loop
      vertex 10.7284 5.85195 4.5
      vertex 12.7147 6.67472 4.5
      vertex 12.679 6.78 4.5
    endloop
  endfacet
  facet normal 0 0 1
    outer loop
      vertex 10.6022 6.22354 4.5
      vertex 12.679 6.78 4.5
      vertex 12.6573 6.88905 4.5
    endloop
  endfacet
  facet normal 0 0 1
    outer loop
      vertex 10.5257 6.60842 4.5
      vertex 12.6573 6.88905 4.5
      vertex 12.65 7 4.5
    endloop
  endfacet
  facet normal -0 0 1
    outer loop
      vertex 10.9019 8.5 4.5
      vertex 12.7639 7.425 4.5
      vertex 11.1199 8.82628 4.5
    endloop
  endfacet
  facet normal 0 0 1
    outer loop
      vertex 13.1747 6.2147 4.5
      vertex 12.3519 4.22836 4.5
      vertex 12.7235 4.10222 4.5
    endloop
  endfacet
  facet normal 0 0 1
    outer loop
      vertex 12.7639 7.425 4.5
      vertex 10.9019 8.5 4.5
      vertex 12.7147 7.32528 4.5
    endloop
  endfacet
  facet normal 0 0 1
    outer loop
      vertex 13.075 6.26388 4.5
      vertex 12 4.40192 4.5
      vertex 12.3519 4.22836 4.5
    endloop
  endfacet
  facet normal -0 0 1
    outer loop
      vertex 10.7284 8.14805 4.5
      vertex 12.7147 7.32528 4.5
      vertex 10.9019 8.5 4.5
    endloop
  endfacet
  facet normal 0 0 1
    outer loop
      vertex 12.9826 6.32565 4.5
      vertex 11.6737 4.61994 4.5
      vertex 12 4.40192 4.5
    endloop
  endfacet
  facet normal 0 0 1
    outer loop
      vertex 12.7147 7.32528 4.5
      vertex 10.7284 8.14805 4.5
      vertex 12.679 7.22 4.5
    endloop
  endfacet
  facet normal 0 0 1
    outer loop
      vertex 12.899 6.39896 4.5
      vertex 11.3787 4.87868 4.5
      vertex 11.6737 4.61994 4.5
    endloop
  endfacet
  facet normal -0 0 1
    outer loop
      vertex 10.6022 7.77646 4.5
      vertex 12.679 7.22 4.5
      vertex 10.7284 8.14805 4.5
    endloop
  endfacet
  facet normal 0 0 1
    outer loop
      vertex 12.8256 6.48255 4.5
      vertex 11.1199 5.17372 4.5
      vertex 11.3787 4.87868 4.5
    endloop
  endfacet
  facet normal 0 0 1
    outer loop
      vertex 12.679 7.22 4.5
      vertex 10.6022 7.77646 4.5
      vertex 12.6573 7.11095 4.5
    endloop
  endfacet
  facet normal 0 0 1
    outer loop
      vertex 12.7639 6.575 4.5
      vertex 10.9019 5.5 4.5
      vertex 11.1199 5.17372 4.5
    endloop
  endfacet
  facet normal -0 0 1
    outer loop
      vertex 10.5257 7.39158 4.5
      vertex 12.6573 7.11095 4.5
      vertex 10.6022 7.77646 4.5
    endloop
  endfacet
  facet normal 0 0 1
    outer loop
      vertex 12.7147 6.67472 4.5
      vertex 10.7284 5.85195 4.5
      vertex 10.9019 5.5 4.5
    endloop
  endfacet
  facet normal 0 0 1
    outer loop
      vertex 12.6573 7.11095 4.5
      vertex 10.5257 7.39158 4.5
      vertex 12.65 7 4.5
    endloop
  endfacet
  facet normal 0 0 1
    outer loop
      vertex 12.679 6.78 4.5
      vertex 10.6022 6.22354 4.5
      vertex 10.7284 5.85195 4.5
    endloop
  endfacet
  facet normal 0 0 1
    outer loop
      vertex 10.5 7 4.5
      vertex 12.65 7 4.5
      vertex 10.5257 7.39158 4.5
    endloop
  endfacet
  facet normal 0 0 1
    outer loop
      vertex 12.6573 6.88905 4.5
      vertex 10.5257 6.60842 4.5
      vertex 10.6022 6.22354 4.5
    endloop
  endfacet
  facet normal 0 0 1
    outer loop
      vertex 12.65 7 4.5
      vertex 10.5 7 4.5
      vertex 10.5257 6.60842 4.5
    endloop
  endfacet
  facet normal 0.195062 0.980791 -0
    outer loop
      vertex 14.2765 9.89778 2
      vertex 13.8916 9.97433 4.5
      vertex 14.2765 9.89778 4.5
    endloop
  endfacet
  facet normal 0.195062 0.980791 0
    outer loop
      vertex 13.8916 9.97433 4.5
      vertex 14.2765 9.89778 2
      vertex 13.8916 9.97433 2
    endloop
  endfacet
  facet normal -0.442334 -0.89685 0
    outer loop
      vertex 12 4.40192 2
      vertex 12.3519 4.22836 4.5
      vertex 12 4.40192 4.5
    endloop
  endfacet
  facet normal -0.442334 -0.89685 -0
    outer loop
      vertex 12.3519 4.22836 4.5
      vertex 12 4.40192 2
      vertex 12.3519 4.22836 2
    endloop
  endfacet
  facet normal -0.946882 0.321582 0
    outer loop
      vertex 10.6022 7.77646 2
      vertex 10.7284 8.14805 4.5
      vertex 10.7284 8.14805 2
    endloop
  endfacet
  facet normal -0.946882 0.321582 0
    outer loop
      vertex 10.7284 8.14805 4.5
      vertex 10.6022 7.77646 2
      vertex 10.6022 7.77646 4.5
    endloop
  endfacet
  facet normal -0.946882 -0.321582 0
    outer loop
      vertex 40.7284 5.85195 2
      vertex 40.6022 6.22354 4.5
      vertex 40.6022 6.22354 2
    endloop
  endfacet
  facet normal -0.946882 -0.321582 0
    outer loop
      vertex 40.6022 6.22354 4.5
      vertex 40.7284 5.85195 2
      vertex 40.7284 5.85195 4.5
    endloop
  endfacet
  facet normal 0.195062 -0.980791 0
    outer loop
      vertex 43.8916 4.02567 2
      vertex 44.2765 4.10222 4.5
      vertex 43.8916 4.02567 4.5
    endloop
  endfacet
  facet normal 0.195062 -0.980791 0
    outer loop
      vertex 44.2765 4.10222 4.5
      vertex 43.8916 4.02567 2
      vertex 44.2765 4.10222 2
    endloop
  endfacet
  facet normal 0.980813 0.19495 0
    outer loop
      vertex 46.4743 7.39158 4.5
      vertex 46.3978 7.77646 2
      vertex 46.3978 7.77646 4.5
    endloop
  endfacet
  facet normal 0.980813 0.19495 0
    outer loop
      vertex 46.3978 7.77646 2
      vertex 46.4743 7.39158 4.5
      vertex 46.4743 7.39158 2
    endloop
  endfacet
  facet normal 0.997853 0.0654906 0
    outer loop
      vertex 46.5 7 4.5
      vertex 46.4743 7.39158 2
      vertex 46.4743 7.39158 4.5
    endloop
  endfacet
  facet normal 0.997853 0.0654906 0
    outer loop
      vertex 46.4743 7.39158 2
      vertex 46.5 7 4.5
      vertex 46.5 7 2
    endloop
  endfacet
  facet normal -0.442233 0.8969 0
    outer loop
      vertex 42.352 9.77164 2
      vertex 42 9.59808 4.5
      vertex 42.352 9.77164 4.5
    endloop
  endfacet
  facet normal -0.442233 0.8969 0
    outer loop
      vertex 42 9.59808 4.5
      vertex 42.352 9.77164 2
      vertex 42 9.59808 2
    endloop
  endfacet
  facet normal 0.896936 -0.44216 0
    outer loop
      vertex 46.0981 5.5 4.5
      vertex 46.2716 5.85195 2
      vertex 46.2716 5.85195 4.5
    endloop
  endfacet
  facet normal 0.896936 -0.44216 0
    outer loop
      vertex 46.2716 5.85195 2
      vertex 46.0981 5.5 4.5
      vertex 46.0981 5.5 2
    endloop
  endfacet
  facet normal 0.997853 -0.0654906 0
    outer loop
      vertex 46.4743 6.60842 4.5
      vertex 46.5 7 2
      vertex 46.5 7 4.5
    endloop
  endfacet
  facet normal 0.997853 -0.0654906 0
    outer loop
      vertex 46.5 7 2
      vertex 46.4743 6.60842 4.5
      vertex 46.4743 6.60842 2
    endloop
  endfacet
  facet normal 0.659392 0.751799 -0
    outer loop
      vertex 45.6213 9.12132 2
      vertex 45.3263 9.38006 4.5
      vertex 45.6213 9.12132 4.5
    endloop
  endfacet
  facet normal 0.659392 0.751799 0
    outer loop
      vertex 45.3263 9.38006 4.5
      vertex 45.6213 9.12132 2
      vertex 45.3263 9.38006 2
    endloop
  endfacet
  facet normal -0.659392 0.751799 0
    outer loop
      vertex 41.6737 9.38006 2
      vertex 41.3787 9.12132 4.5
      vertex 41.6737 9.38006 4.5
    endloop
  endfacet
  facet normal -0.659392 0.751799 0
    outer loop
      vertex 41.3787 9.12132 4.5
      vertex 41.6737 9.38006 2
      vertex 41.3787 9.12132 2
    endloop
  endfacet
  facet normal 0.0654112 0.997858 -0
    outer loop
      vertex 43.8916 9.97433 2
      vertex 43.5 10 4.5
      vertex 43.8916 9.97433 4.5
    endloop
  endfacet
  facet normal 0.0654112 0.997858 0
    outer loop
      vertex 43.5 10 4.5
      vertex 43.8916 9.97433 2
      vertex 43.5 10 2
    endloop
  endfacet
  facet normal -0.997853 0.0654906 0
    outer loop
      vertex 40.5 7 2
      vertex 40.5257 7.39158 4.5
      vertex 40.5257 7.39158 2
    endloop
  endfacet
  facet normal -0.997853 0.0654906 0
    outer loop
      vertex 40.5257 7.39158 4.5
      vertex 40.5 7 2
      vertex 40.5 7 4.5
    endloop
  endfacet
  facet normal -0.751768 -0.659428 0
    outer loop
      vertex 41.3787 4.87868 2
      vertex 41.1199 5.17372 4.5
      vertex 41.1199 5.17372 2
    endloop
  endfacet
  facet normal -0.751768 -0.659428 0
    outer loop
      vertex 41.1199 5.17372 4.5
      vertex 41.3787 4.87868 2
      vertex 41.3787 4.87868 4.5
    endloop
  endfacet
  facet normal -0.980813 -0.19495 0
    outer loop
      vertex 40.6022 6.22354 2
      vertex 40.5257 6.60842 4.5
      vertex 40.5257 6.60842 2
    endloop
  endfacet
  facet normal -0.980813 -0.19495 0
    outer loop
      vertex 40.5257 6.60842 4.5
      vertex 40.6022 6.22354 2
      vertex 40.6022 6.22354 4.5
    endloop
  endfacet
  facet normal 0.831485 -0.555547 0
    outer loop
      vertex 45.8801 5.17372 4.5
      vertex 46.0981 5.5 2
      vertex 46.0981 5.5 4.5
    endloop
  endfacet
  facet normal 0.831485 -0.555547 0
    outer loop
      vertex 46.0981 5.5 2
      vertex 45.8801 5.17372 4.5
      vertex 45.8801 5.17372 2
    endloop
  endfacet
  facet normal -0.896936 0.44216 0
    outer loop
      vertex 40.7284 8.14805 2
      vertex 40.9019 8.5 4.5
      vertex 40.9019 8.5 2
    endloop
  endfacet
  facet normal -0.896936 0.44216 0
    outer loop
      vertex 40.9019 8.5 4.5
      vertex 40.7284 8.14805 2
      vertex 40.7284 8.14805 4.5
    endloop
  endfacet
  facet normal -0.831485 -0.555547 0
    outer loop
      vertex 41.1199 5.17372 2
      vertex 40.9019 5.5 4.5
      vertex 40.9019 5.5 2
    endloop
  endfacet
  facet normal -0.831485 -0.555547 0
    outer loop
      vertex 40.9019 5.5 4.5
      vertex 41.1199 5.17372 2
      vertex 41.1199 5.17372 4.5
    endloop
  endfacet
  facet normal -0.831485 0.555547 0
    outer loop
      vertex 40.9019 8.5 2
      vertex 41.1199 8.82628 4.5
      vertex 41.1199 8.82628 2
    endloop
  endfacet
  facet normal -0.831485 0.555547 0
    outer loop
      vertex 41.1199 8.82628 4.5
      vertex 40.9019 8.5 2
      vertex 40.9019 8.5 4.5
    endloop
  endfacet
  facet normal -0.0654112 0.997858 0
    outer loop
      vertex 43.5 10 2
      vertex 43.1084 9.97433 4.5
      vertex 43.5 10 4.5
    endloop
  endfacet
  facet normal -0.0654112 0.997858 0
    outer loop
      vertex 43.1084 9.97433 4.5
      vertex 43.5 10 2
      vertex 43.1084 9.97433 2
    endloop
  endfacet
  facet normal -0.321514 -0.946905 0
    outer loop
      vertex 42.352 4.22836 2
      vertex 42.7235 4.10222 4.5
      vertex 42.352 4.22836 4.5
    endloop
  endfacet
  facet normal -0.321514 -0.946905 -0
    outer loop
      vertex 42.7235 4.10222 4.5
      vertex 42.352 4.22836 2
      vertex 42.7235 4.10222 2
    endloop
  endfacet
  facet normal 0.442233 0.8969 -0
    outer loop
      vertex 45 9.59808 2
      vertex 44.648 9.77164 4.5
      vertex 45 9.59808 4.5
    endloop
  endfacet
  facet normal 0.442233 0.8969 0
    outer loop
      vertex 44.648 9.77164 4.5
      vertex 45 9.59808 2
      vertex 44.648 9.77164 2
    endloop
  endfacet
  facet normal 0.0654112 -0.997858 0
    outer loop
      vertex 43.5 4 2
      vertex 43.8916 4.02567 4.5
      vertex 43.5 4 4.5
    endloop
  endfacet
  facet normal 0.0654112 -0.997858 0
    outer loop
      vertex 43.8916 4.02567 4.5
      vertex 43.5 4 2
      vertex 43.8916 4.02567 2
    endloop
  endfacet
  facet normal 0.555558 -0.831477 0
    outer loop
      vertex 45 4.40192 2
      vertex 45.3263 4.61994 4.5
      vertex 45 4.40192 4.5
    endloop
  endfacet
  facet normal 0.555558 -0.831477 0
    outer loop
      vertex 45.3263 4.61994 4.5
      vertex 45 4.40192 2
      vertex 45.3263 4.61994 2
    endloop
  endfacet
  facet normal 0.980813 -0.19495 0
    outer loop
      vertex 46.3978 6.22354 4.5
      vertex 46.4743 6.60842 2
      vertex 46.4743 6.60842 4.5
    endloop
  endfacet
  facet normal 0.980813 -0.19495 0
    outer loop
      vertex 46.4743 6.60842 2
      vertex 46.3978 6.22354 4.5
      vertex 46.3978 6.22354 2
    endloop
  endfacet
  facet normal -0.751768 0.659428 0
    outer loop
      vertex 41.1199 8.82628 2
      vertex 41.3787 9.12132 4.5
      vertex 41.3787 9.12132 2
    endloop
  endfacet
  facet normal -0.751768 0.659428 0
    outer loop
      vertex 41.3787 9.12132 4.5
      vertex 41.1199 8.82628 2
      vertex 41.1199 8.82628 4.5
    endloop
  endfacet
  facet normal -0.980813 0.19495 0
    outer loop
      vertex 40.5257 7.39158 2
      vertex 40.6022 7.77646 4.5
      vertex 40.6022 7.77646 2
    endloop
  endfacet
  facet normal -0.980813 0.19495 0
    outer loop
      vertex 40.6022 7.77646 4.5
      vertex 40.5257 7.39158 2
      vertex 40.5257 7.39158 4.5
    endloop
  endfacet
  facet normal 0.831485 0.555547 0
    outer loop
      vertex 46.0981 8.5 4.5
      vertex 45.8801 8.82628 2
      vertex 45.8801 8.82628 4.5
    endloop
  endfacet
  facet normal 0.831485 0.555547 0
    outer loop
      vertex 45.8801 8.82628 2
      vertex 46.0981 8.5 4.5
      vertex 46.0981 8.5 2
    endloop
  endfacet
  facet normal 0.555558 0.831477 -0
    outer loop
      vertex 45.3263 9.38006 2
      vertex 45 9.59808 4.5
      vertex 45.3263 9.38006 4.5
    endloop
  endfacet
  facet normal 0.555558 0.831477 0
    outer loop
      vertex 45 9.59808 4.5
      vertex 45.3263 9.38006 2
      vertex 45 9.59808 2
    endloop
  endfacet
  facet normal -0.997853 -0.0654906 0
    outer loop
      vertex 40.5257 6.60842 2
      vertex 40.5 7 4.5
      vertex 40.5 7 2
    endloop
  endfacet
  facet normal -0.997853 -0.0654906 0
    outer loop
      vertex 40.5 7 4.5
      vertex 40.5257 6.60842 2
      vertex 40.5257 6.60842 4.5
    endloop
  endfacet
  facet normal 0.321514 0.946905 -0
    outer loop
      vertex 44.648 9.77164 2
      vertex 44.2765 9.89778 4.5
      vertex 44.648 9.77164 4.5
    endloop
  endfacet
  facet normal 0.321514 0.946905 0
    outer loop
      vertex 44.2765 9.89778 4.5
      vertex 44.648 9.77164 2
      vertex 44.2765 9.89778 2
    endloop
  endfacet
  facet normal 0.659392 -0.751799 0
    outer loop
      vertex 45.3263 4.61994 2
      vertex 45.6213 4.87868 4.5
      vertex 45.3263 4.61994 4.5
    endloop
  endfacet
  facet normal 0.659392 -0.751799 0
    outer loop
      vertex 45.6213 4.87868 4.5
      vertex 45.3263 4.61994 2
      vertex 45.6213 4.87868 2
    endloop
  endfacet
  facet normal -0.195062 0.980791 0
    outer loop
      vertex 43.1084 9.97433 2
      vertex 42.7235 9.89778 4.5
      vertex 43.1084 9.97433 4.5
    endloop
  endfacet
  facet normal -0.195062 0.980791 0
    outer loop
      vertex 42.7235 9.89778 4.5
      vertex 43.1084 9.97433 2
      vertex 42.7235 9.89778 2
    endloop
  endfacet
  facet normal 0.896936 0.44216 0
    outer loop
      vertex 46.2716 8.14805 4.5
      vertex 46.0981 8.5 2
      vertex 46.0981 8.5 4.5
    endloop
  endfacet
  facet normal 0.896936 0.44216 0
    outer loop
      vertex 46.0981 8.5 2
      vertex 46.2716 8.14805 4.5
      vertex 46.2716 8.14805 2
    endloop
  endfacet
  facet normal -0.555558 -0.831477 0
    outer loop
      vertex 41.6737 4.61994 2
      vertex 42 4.40192 4.5
      vertex 41.6737 4.61994 4.5
    endloop
  endfacet
  facet normal -0.555558 -0.831477 -0
    outer loop
      vertex 42 4.40192 4.5
      vertex 41.6737 4.61994 2
      vertex 42 4.40192 2
    endloop
  endfacet
  facet normal -0.659392 -0.751799 0
    outer loop
      vertex 41.3787 4.87868 2
      vertex 41.6737 4.61994 4.5
      vertex 41.3787 4.87868 4.5
    endloop
  endfacet
  facet normal -0.659392 -0.751799 -0
    outer loop
      vertex 41.6737 4.61994 4.5
      vertex 41.3787 4.87868 2
      vertex 41.6737 4.61994 2
    endloop
  endfacet
  facet normal 0.751768 -0.659428 0
    outer loop
      vertex 45.6213 4.87868 4.5
      vertex 45.8801 5.17372 2
      vertex 45.8801 5.17372 4.5
    endloop
  endfacet
  facet normal 0.751768 -0.659428 0
    outer loop
      vertex 45.8801 5.17372 2
      vertex 45.6213 4.87868 4.5
      vertex 45.6213 4.87868 2
    endloop
  endfacet
  facet normal -0.896936 -0.44216 0
    outer loop
      vertex 40.9019 5.5 2
      vertex 40.7284 5.85195 4.5
      vertex 40.7284 5.85195 2
    endloop
  endfacet
  facet normal -0.896936 -0.44216 0
    outer loop
      vertex 40.7284 5.85195 4.5
      vertex 40.9019 5.5 2
      vertex 40.9019 5.5 4.5
    endloop
  endfacet
  facet normal -0.0654112 -0.997858 0
    outer loop
      vertex 43.1084 4.02567 2
      vertex 43.5 4 4.5
      vertex 43.1084 4.02567 4.5
    endloop
  endfacet
  facet normal -0.0654112 -0.997858 -0
    outer loop
      vertex 43.5 4 4.5
      vertex 43.1084 4.02567 2
      vertex 43.5 4 2
    endloop
  endfacet
  facet normal 0.751768 0.659428 0
    outer loop
      vertex 45.8801 8.82628 4.5
      vertex 45.6213 9.12132 2
      vertex 45.6213 9.12132 4.5
    endloop
  endfacet
  facet normal 0.751768 0.659428 0
    outer loop
      vertex 45.6213 9.12132 2
      vertex 45.8801 8.82628 4.5
      vertex 45.8801 8.82628 2
    endloop
  endfacet
  facet normal -0.555558 0.831477 0
    outer loop
      vertex 42 9.59808 2
      vertex 41.6737 9.38006 4.5
      vertex 42 9.59808 4.5
    endloop
  endfacet
  facet normal -0.555558 0.831477 0
    outer loop
      vertex 41.6737 9.38006 4.5
      vertex 42 9.59808 2
      vertex 41.6737 9.38006 2
    endloop
  endfacet
  facet normal 0.946882 0.321582 0
    outer loop
      vertex 46.3978 7.77646 4.5
      vertex 46.2716 8.14805 2
      vertex 46.2716 8.14805 4.5
    endloop
  endfacet
  facet normal 0.946882 0.321582 0
    outer loop
      vertex 46.2716 8.14805 2
      vertex 46.3978 7.77646 4.5
      vertex 46.3978 7.77646 2
    endloop
  endfacet
  facet normal 0.321514 -0.946905 0
    outer loop
      vertex 44.2765 4.10222 2
      vertex 44.648 4.22836 4.5
      vertex 44.2765 4.10222 4.5
    endloop
  endfacet
  facet normal 0.321514 -0.946905 0
    outer loop
      vertex 44.648 4.22836 4.5
      vertex 44.2765 4.10222 2
      vertex 44.648 4.22836 2
    endloop
  endfacet
  facet normal 0.442233 -0.8969 0
    outer loop
      vertex 44.648 4.22836 2
      vertex 45 4.40192 4.5
      vertex 44.648 4.22836 4.5
    endloop
  endfacet
  facet normal 0.442233 -0.8969 0
    outer loop
      vertex 45 4.40192 4.5
      vertex 44.648 4.22836 2
      vertex 45 4.40192 2
    endloop
  endfacet
  facet normal -0.321514 0.946905 0
    outer loop
      vertex 42.7235 9.89778 2
      vertex 42.352 9.77164 4.5
      vertex 42.7235 9.89778 4.5
    endloop
  endfacet
  facet normal -0.321514 0.946905 0
    outer loop
      vertex 42.352 9.77164 4.5
      vertex 42.7235 9.89778 2
      vertex 42.352 9.77164 2
    endloop
  endfacet
  facet normal 0.946882 -0.321582 0
    outer loop
      vertex 46.2716 5.85195 4.5
      vertex 46.3978 6.22354 2
      vertex 46.3978 6.22354 4.5
    endloop
  endfacet
  facet normal 0.946882 -0.321582 0
    outer loop
      vertex 46.3978 6.22354 2
      vertex 46.2716 5.85195 4.5
      vertex 46.2716 5.85195 2
    endloop
  endfacet
  facet normal 0 0 1
    outer loop
      vertex 44.35 7 4.5
      vertex 46.5 7 4.5
      vertex 46.4743 7.39158 4.5
    endloop
  endfacet
  facet normal 0 0 1
    outer loop
      vertex 44.3427 7.11095 4.5
      vertex 46.4743 7.39158 4.5
      vertex 46.3978 7.77646 4.5
    endloop
  endfacet
  facet normal 0 0 1
    outer loop
      vertex 46.5 7 4.5
      vertex 44.35 7 4.5
      vertex 46.4743 6.60842 4.5
    endloop
  endfacet
  facet normal 0 0 1
    outer loop
      vertex 44.321 7.22 4.5
      vertex 46.3978 7.77646 4.5
      vertex 46.2716 8.14805 4.5
    endloop
  endfacet
  facet normal -0 0 1
    outer loop
      vertex 44.3427 6.88905 4.5
      vertex 46.4743 6.60842 4.5
      vertex 44.35 7 4.5
    endloop
  endfacet
  facet normal 0 0 1
    outer loop
      vertex 44.2853 7.32528 4.5
      vertex 46.2716 8.14805 4.5
      vertex 46.0981 8.5 4.5
    endloop
  endfacet
  facet normal 0 0 1
    outer loop
      vertex 46.4743 6.60842 4.5
      vertex 44.3427 6.88905 4.5
      vertex 46.3978 6.22354 4.5
    endloop
  endfacet
  facet normal 0 0 1
    outer loop
      vertex 44.2361 7.425 4.5
      vertex 46.0981 8.5 4.5
      vertex 45.8801 8.82628 4.5
    endloop
  endfacet
  facet normal -0 0 1
    outer loop
      vertex 44.321 6.78 4.5
      vertex 46.3978 6.22354 4.5
      vertex 44.3427 6.88905 4.5
    endloop
  endfacet
  facet normal 0 0 1
    outer loop
      vertex 44.1744 7.51745 4.5
      vertex 45.8801 8.82628 4.5
      vertex 45.6213 9.12132 4.5
    endloop
  endfacet
  facet normal 0 0 1
    outer loop
      vertex 46.3978 6.22354 4.5
      vertex 44.321 6.78 4.5
      vertex 46.2716 5.85195 4.5
    endloop
  endfacet
  facet normal 0 0 1
    outer loop
      vertex 44.101 7.60104 4.5
      vertex 45.6213 9.12132 4.5
      vertex 45.3263 9.38006 4.5
    endloop
  endfacet
  facet normal -0 0 1
    outer loop
      vertex 44.2853 6.67472 4.5
      vertex 46.2716 5.85195 4.5
      vertex 44.321 6.78 4.5
    endloop
  endfacet
  facet normal 0 0 1
    outer loop
      vertex 44.0174 7.67435 4.5
      vertex 45.3263 9.38006 4.5
      vertex 45 9.59808 4.5
    endloop
  endfacet
  facet normal 0 0 1
    outer loop
      vertex 46.2716 5.85195 4.5
      vertex 44.2853 6.67472 4.5
      vertex 46.0981 5.5 4.5
    endloop
  endfacet
  facet normal 0 0 1
    outer loop
      vertex 43.925 7.73612 4.5
      vertex 45 9.59808 4.5
      vertex 44.648 9.77164 4.5
    endloop
  endfacet
  facet normal -0 0 1
    outer loop
      vertex 44.2361 6.575 4.5
      vertex 46.0981 5.5 4.5
      vertex 44.2853 6.67472 4.5
    endloop
  endfacet
  facet normal 0 0 1
    outer loop
      vertex 46.0981 5.5 4.5
      vertex 44.2361 6.575 4.5
      vertex 45.8801 5.17372 4.5
    endloop
  endfacet
  facet normal 0 0 1
    outer loop
      vertex 46.4743 7.39158 4.5
      vertex 44.3427 7.11095 4.5
      vertex 44.35 7 4.5
    endloop
  endfacet
  facet normal 0 0 1
    outer loop
      vertex 46.3978 7.77646 4.5
      vertex 44.321 7.22 4.5
      vertex 44.3427 7.11095 4.5
    endloop
  endfacet
  facet normal 0 0 1
    outer loop
      vertex 46.2716 8.14805 4.5
      vertex 44.2853 7.32528 4.5
      vertex 44.321 7.22 4.5
    endloop
  endfacet
  facet normal 0 0 1
    outer loop
      vertex 43.8253 7.7853 4.5
      vertex 44.648 9.77164 4.5
      vertex 44.2765 9.89778 4.5
    endloop
  endfacet
  facet normal 0 0 1
    outer loop
      vertex 46.0981 8.5 4.5
      vertex 44.2361 7.425 4.5
      vertex 44.2853 7.32528 4.5
    endloop
  endfacet
  facet normal 0 0 1
    outer loop
      vertex 45.8801 8.82628 4.5
      vertex 44.1744 7.51745 4.5
      vertex 44.2361 7.425 4.5
    endloop
  endfacet
  facet normal 0 0 1
    outer loop
      vertex 45.6213 9.12132 4.5
      vertex 44.101 7.60104 4.5
      vertex 44.1744 7.51745 4.5
    endloop
  endfacet
  facet normal 0 0 1
    outer loop
      vertex 45.3263 9.38006 4.5
      vertex 44.0174 7.67435 4.5
      vertex 44.101 7.60104 4.5
    endloop
  endfacet
  facet normal 0 0 1
    outer loop
      vertex 45 9.59808 4.5
      vertex 43.925 7.73612 4.5
      vertex 44.0174 7.67435 4.5
    endloop
  endfacet
  facet normal 0 0 1
    outer loop
      vertex 43.72 7.82104 4.5
      vertex 44.2765 9.89778 4.5
      vertex 43.8916 9.97433 4.5
    endloop
  endfacet
  facet normal 0 0 1
    outer loop
      vertex 44.648 9.77164 4.5
      vertex 43.8253 7.7853 4.5
      vertex 43.925 7.73612 4.5
    endloop
  endfacet
  facet normal 0 0 1
    outer loop
      vertex 44.2765 9.89778 4.5
      vertex 43.72 7.82104 4.5
      vertex 43.8253 7.7853 4.5
    endloop
  endfacet
  facet normal 0 0 1
    outer loop
      vertex 43.8916 9.97433 4.5
      vertex 43.6109 7.84273 4.5
      vertex 43.72 7.82104 4.5
    endloop
  endfacet
  facet normal 0 0 1
    outer loop
      vertex 43.5 10 4.5
      vertex 43.6109 7.84273 4.5
      vertex 43.8916 9.97433 4.5
    endloop
  endfacet
  facet normal 0 0 1
    outer loop
      vertex 43.5 10 4.5
      vertex 43.5 7.85 4.5
      vertex 43.6109 7.84273 4.5
    endloop
  endfacet
  facet normal 0 0 1
    outer loop
      vertex 43.5 10 4.5
      vertex 43.3891 7.84273 4.5
      vertex 43.5 7.85 4.5
    endloop
  endfacet
  facet normal -0 0 1
    outer loop
      vertex 43.1084 9.97433 4.5
      vertex 43.3891 7.84273 4.5
      vertex 43.5 10 4.5
    endloop
  endfacet
  facet normal 0 0 1
    outer loop
      vertex 43.3891 7.84273 4.5
      vertex 43.1084 9.97433 4.5
      vertex 43.28 7.82104 4.5
    endloop
  endfacet
  facet normal -0 0 1
    outer loop
      vertex 42.7235 9.89778 4.5
      vertex 43.28 7.82104 4.5
      vertex 43.1084 9.97433 4.5
    endloop
  endfacet
  facet normal 0 0 1
    outer loop
      vertex 43.28 7.82104 4.5
      vertex 42.7235 9.89778 4.5
      vertex 43.1747 7.7853 4.5
    endloop
  endfacet
  facet normal -0 0 1
    outer loop
      vertex 42.352 9.77164 4.5
      vertex 43.1747 7.7853 4.5
      vertex 42.7235 9.89778 4.5
    endloop
  endfacet
  facet normal 0 0 1
    outer loop
      vertex 43.1747 7.7853 4.5
      vertex 42.352 9.77164 4.5
      vertex 43.075 7.73612 4.5
    endloop
  endfacet
  facet normal -0 0 1
    outer loop
      vertex 42 9.59808 4.5
      vertex 43.075 7.73612 4.5
      vertex 42.352 9.77164 4.5
    endloop
  endfacet
  facet normal 0 0 1
    outer loop
      vertex 43.075 7.73612 4.5
      vertex 42 9.59808 4.5
      vertex 42.9826 7.67435 4.5
    endloop
  endfacet
  facet normal -0 0 1
    outer loop
      vertex 41.6737 9.38006 4.5
      vertex 42.9826 7.67435 4.5
      vertex 42 9.59808 4.5
    endloop
  endfacet
  facet normal 0 0 1
    outer loop
      vertex 42.9826 7.67435 4.5
      vertex 41.6737 9.38006 4.5
      vertex 42.899 7.60104 4.5
    endloop
  endfacet
  facet normal -0 0 1
    outer loop
      vertex 41.3787 9.12132 4.5
      vertex 42.899 7.60104 4.5
      vertex 41.6737 9.38006 4.5
    endloop
  endfacet
  facet normal 0 0 1
    outer loop
      vertex 42.899 7.60104 4.5
      vertex 41.3787 9.12132 4.5
      vertex 42.8256 7.51745 4.5
    endloop
  endfacet
  facet normal -0 0 1
    outer loop
      vertex 41.1199 8.82628 4.5
      vertex 42.8256 7.51745 4.5
      vertex 41.3787 9.12132 4.5
    endloop
  endfacet
  facet normal 0 0 1
    outer loop
      vertex 42.8256 7.51745 4.5
      vertex 41.1199 8.82628 4.5
      vertex 42.7639 7.425 4.5
    endloop
  endfacet
  facet normal -0 0 1
    outer loop
      vertex 44.1744 6.48255 4.5
      vertex 45.8801 5.17372 4.5
      vertex 44.2361 6.575 4.5
    endloop
  endfacet
  facet normal 0 0 1
    outer loop
      vertex 45.8801 5.17372 4.5
      vertex 44.1744 6.48255 4.5
      vertex 45.6213 4.87868 4.5
    endloop
  endfacet
  facet normal -0 0 1
    outer loop
      vertex 44.101 6.39896 4.5
      vertex 45.6213 4.87868 4.5
      vertex 44.1744 6.48255 4.5
    endloop
  endfacet
  facet normal 0 0 1
    outer loop
      vertex 45.6213 4.87868 4.5
      vertex 44.101 6.39896 4.5
      vertex 45.3263 4.61994 4.5
    endloop
  endfacet
  facet normal -0 0 1
    outer loop
      vertex 44.0174 6.32565 4.5
      vertex 45.3263 4.61994 4.5
      vertex 44.101 6.39896 4.5
    endloop
  endfacet
  facet normal 0 0 1
    outer loop
      vertex 45.3263 4.61994 4.5
      vertex 44.0174 6.32565 4.5
      vertex 45 4.40192 4.5
    endloop
  endfacet
  facet normal -0 0 1
    outer loop
      vertex 43.925 6.26388 4.5
      vertex 45 4.40192 4.5
      vertex 44.0174 6.32565 4.5
    endloop
  endfacet
  facet normal 0 0 1
    outer loop
      vertex 45 4.40192 4.5
      vertex 43.925 6.26388 4.5
      vertex 44.648 4.22836 4.5
    endloop
  endfacet
  facet normal -0 0 1
    outer loop
      vertex 43.8253 6.2147 4.5
      vertex 44.648 4.22836 4.5
      vertex 43.925 6.26388 4.5
    endloop
  endfacet
  facet normal 0 0 1
    outer loop
      vertex 44.648 4.22836 4.5
      vertex 43.8253 6.2147 4.5
      vertex 44.2765 4.10222 4.5
    endloop
  endfacet
  facet normal -0 0 1
    outer loop
      vertex 43.72 6.17896 4.5
      vertex 44.2765 4.10222 4.5
      vertex 43.8253 6.2147 4.5
    endloop
  endfacet
  facet normal 0 0 1
    outer loop
      vertex 44.2765 4.10222 4.5
      vertex 43.72 6.17896 4.5
      vertex 43.8916 4.02567 4.5
    endloop
  endfacet
  facet normal -0 0 1
    outer loop
      vertex 43.6109 6.15727 4.5
      vertex 43.8916 4.02567 4.5
      vertex 43.72 6.17896 4.5
    endloop
  endfacet
  facet normal -0 0 1
    outer loop
      vertex 43.5 6.15 4.5
      vertex 43.8916 4.02567 4.5
      vertex 43.6109 6.15727 4.5
    endloop
  endfacet
  facet normal 0 0 1
    outer loop
      vertex 43.5 6.15 4.5
      vertex 43.5 4 4.5
      vertex 43.8916 4.02567 4.5
    endloop
  endfacet
  facet normal 0 0 1
    outer loop
      vertex 43.3891 6.15727 4.5
      vertex 43.5 4 4.5
      vertex 43.5 6.15 4.5
    endloop
  endfacet
  facet normal 0 0 1
    outer loop
      vertex 43.1084 4.02567 4.5
      vertex 43.3891 6.15727 4.5
      vertex 43.28 6.17896 4.5
    endloop
  endfacet
  facet normal 0 0 1
    outer loop
      vertex 42.7235 4.10222 4.5
      vertex 43.28 6.17896 4.5
      vertex 43.1747 6.2147 4.5
    endloop
  endfacet
  facet normal 0 0 1
    outer loop
      vertex 43.3891 6.15727 4.5
      vertex 43.1084 4.02567 4.5
      vertex 43.5 4 4.5
    endloop
  endfacet
  facet normal 0 0 1
    outer loop
      vertex 42.352 4.22836 4.5
      vertex 43.1747 6.2147 4.5
      vertex 43.075 6.26388 4.5
    endloop
  endfacet
  facet normal 0 0 1
    outer loop
      vertex 42 4.40192 4.5
      vertex 43.075 6.26388 4.5
      vertex 42.9826 6.32565 4.5
    endloop
  endfacet
  facet normal 0 0 1
    outer loop
      vertex 41.6737 4.61994 4.5
      vertex 42.9826 6.32565 4.5
      vertex 42.899 6.39896 4.5
    endloop
  endfacet
  facet normal 0 0 1
    outer loop
      vertex 41.3787 4.87868 4.5
      vertex 42.899 6.39896 4.5
      vertex 42.8256 6.48255 4.5
    endloop
  endfacet
  facet normal 0 0 1
    outer loop
      vertex 41.1199 5.17372 4.5
      vertex 42.8256 6.48255 4.5
      vertex 42.7639 6.575 4.5
    endloop
  endfacet
  facet normal 0 0 1
    outer loop
      vertex 43.28 6.17896 4.5
      vertex 42.7235 4.10222 4.5
      vertex 43.1084 4.02567 4.5
    endloop
  endfacet
  facet normal 0 0 1
    outer loop
      vertex 40.9019 5.5 4.5
      vertex 42.7639 6.575 4.5
      vertex 42.7147 6.67472 4.5
    endloop
  endfacet
  facet normal 0 0 1
    outer loop
      vertex 40.7284 5.85195 4.5
      vertex 42.7147 6.67472 4.5
      vertex 42.679 6.78 4.5
    endloop
  endfacet
  facet normal 0 0 1
    outer loop
      vertex 40.6022 6.22354 4.5
      vertex 42.679 6.78 4.5
      vertex 42.6573 6.88905 4.5
    endloop
  endfacet
  facet normal 0 0 1
    outer loop
      vertex 40.5257 6.60842 4.5
      vertex 42.6573 6.88905 4.5
      vertex 42.65 7 4.5
    endloop
  endfacet
  facet normal -0 0 1
    outer loop
      vertex 40.9019 8.5 4.5
      vertex 42.7639 7.425 4.5
      vertex 41.1199 8.82628 4.5
    endloop
  endfacet
  facet normal 0 0 1
    outer loop
      vertex 43.1747 6.2147 4.5
      vertex 42.352 4.22836 4.5
      vertex 42.7235 4.10222 4.5
    endloop
  endfacet
  facet normal 0 0 1
    outer loop
      vertex 42.7639 7.425 4.5
      vertex 40.9019 8.5 4.5
      vertex 42.7147 7.32528 4.5
    endloop
  endfacet
  facet normal 0 0 1
    outer loop
      vertex 43.075 6.26388 4.5
      vertex 42 4.40192 4.5
      vertex 42.352 4.22836 4.5
    endloop
  endfacet
  facet normal -0 0 1
    outer loop
      vertex 40.7284 8.14805 4.5
      vertex 42.7147 7.32528 4.5
      vertex 40.9019 8.5 4.5
    endloop
  endfacet
  facet normal 0 0 1
    outer loop
      vertex 42.9826 6.32565 4.5
      vertex 41.6737 4.61994 4.5
      vertex 42 4.40192 4.5
    endloop
  endfacet
  facet normal 0 0 1
    outer loop
      vertex 42.7147 7.32528 4.5
      vertex 40.7284 8.14805 4.5
      vertex 42.679 7.22 4.5
    endloop
  endfacet
  facet normal 0 0 1
    outer loop
      vertex 42.899 6.39896 4.5
      vertex 41.3787 4.87868 4.5
      vertex 41.6737 4.61994 4.5
    endloop
  endfacet
  facet normal -0 0 1
    outer loop
      vertex 40.6022 7.77646 4.5
      vertex 42.679 7.22 4.5
      vertex 40.7284 8.14805 4.5
    endloop
  endfacet
  facet normal 0 0 1
    outer loop
      vertex 42.8256 6.48255 4.5
      vertex 41.1199 5.17372 4.5
      vertex 41.3787 4.87868 4.5
    endloop
  endfacet
  facet normal 0 0 1
    outer loop
      vertex 42.679 7.22 4.5
      vertex 40.6022 7.77646 4.5
      vertex 42.6573 7.11095 4.5
    endloop
  endfacet
  facet normal 0 0 1
    outer loop
      vertex 42.7639 6.575 4.5
      vertex 40.9019 5.5 4.5
      vertex 41.1199 5.17372 4.5
    endloop
  endfacet
  facet normal -0 0 1
    outer loop
      vertex 40.5257 7.39158 4.5
      vertex 42.6573 7.11095 4.5
      vertex 40.6022 7.77646 4.5
    endloop
  endfacet
  facet normal 0 0 1
    outer loop
      vertex 42.7147 6.67472 4.5
      vertex 40.7284 5.85195 4.5
      vertex 40.9019 5.5 4.5
    endloop
  endfacet
  facet normal 0 0 1
    outer loop
      vertex 42.6573 7.11095 4.5
      vertex 40.5257 7.39158 4.5
      vertex 42.65 7 4.5
    endloop
  endfacet
  facet normal 0 0 1
    outer loop
      vertex 42.679 6.78 4.5
      vertex 40.6022 6.22354 4.5
      vertex 40.7284 5.85195 4.5
    endloop
  endfacet
  facet normal 0 0 1
    outer loop
      vertex 40.5 7 4.5
      vertex 42.65 7 4.5
      vertex 40.5257 7.39158 4.5
    endloop
  endfacet
  facet normal 0 0 1
    outer loop
      vertex 42.6573 6.88905 4.5
      vertex 40.5257 6.60842 4.5
      vertex 40.6022 6.22354 4.5
    endloop
  endfacet
  facet normal 0 0 1
    outer loop
      vertex 42.65 7 4.5
      vertex 40.5 7 4.5
      vertex 40.5257 6.60842 4.5
    endloop
  endfacet
  facet normal -0.195062 -0.980791 0
    outer loop
      vertex 42.7235 4.10222 2
      vertex 43.1084 4.02567 4.5
      vertex 42.7235 4.10222 4.5
    endloop
  endfacet
  facet normal -0.195062 -0.980791 -0
    outer loop
      vertex 43.1084 4.02567 4.5
      vertex 42.7235 4.10222 2
      vertex 43.1084 4.02567 2
    endloop
  endfacet
  facet normal 0.195062 0.980791 -0
    outer loop
      vertex 44.2765 9.89778 2
      vertex 43.8916 9.97433 4.5
      vertex 44.2765 9.89778 4.5
    endloop
  endfacet
  facet normal 0.195062 0.980791 0
    outer loop
      vertex 43.8916 9.97433 4.5
      vertex 44.2765 9.89778 2
      vertex 43.8916 9.97433 2
    endloop
  endfacet
  facet normal -0.442233 -0.8969 0
    outer loop
      vertex 42 4.40192 2
      vertex 42.352 4.22836 4.5
      vertex 42 4.40192 4.5
    endloop
  endfacet
  facet normal -0.442233 -0.8969 -0
    outer loop
      vertex 42.352 4.22836 4.5
      vertex 42 4.40192 2
      vertex 42.352 4.22836 2
    endloop
  endfacet
  facet normal -0.946882 0.321582 0
    outer loop
      vertex 40.6022 7.77646 2
      vertex 40.7284 8.14805 4.5
      vertex 40.7284 8.14805 2
    endloop
  endfacet
  facet normal -0.946882 0.321582 0
    outer loop
      vertex 40.7284 8.14805 4.5
      vertex 40.6022 7.77646 2
      vertex 40.6022 7.77646 4.5
    endloop
  endfacet
  facet normal 1 -0 0
    outer loop
      vertex 53.6 25.6 21
      vertex 53.6 29.85 2
      vertex 53.6 29.85 21
    endloop
  endfacet
  facet normal 1 0 0
    outer loop
      vertex 53.6 29.85 2
      vertex 53.6 25.6 21
      vertex 53.6 25.6 2
    endloop
  endfacet
  facet normal 0 1 -0
    outer loop
      vertex 53.6 29.85 2
      vertex 52 29.85 21
      vertex 53.6 29.85 21
    endloop
  endfacet
  facet normal 0 1 0
    outer loop
      vertex 52 29.85 21
      vertex 53.6 29.85 2
      vertex 52 29.85 2
    endloop
  endfacet
  facet normal 1 -0 0
    outer loop
      vertex 53.6 47.85 21
      vertex 53.6 52.1 2
      vertex 53.6 52.1 21
    endloop
  endfacet
  facet normal 1 0 0
    outer loop
      vertex 53.6 52.1 2
      vertex 53.6 47.85 21
      vertex 53.6 47.85 2
    endloop
  endfacet
  facet normal -0 0 1
    outer loop
      vertex 52 52.1 21
      vertex 53.6 47.85 21
      vertex 53.6 52.1 21
    endloop
  endfacet
  facet normal 0 0 1
    outer loop
      vertex 53.6 47.85 21
      vertex 52 52.1 21
      vertex 52 47.85 21
    endloop
  endfacet
  facet normal 0 -1 0
    outer loop
      vertex 52 47.85 2
      vertex 53.6 47.85 21
      vertex 52 47.85 21
    endloop
  endfacet
  facet normal 0 -1 -0
    outer loop
      vertex 53.6 47.85 21
      vertex 52 47.85 2
      vertex 53.6 47.85 2
    endloop
  endfacet
  facet normal -0.980788 -0.195078 0
    outer loop
      vertex 5.84273 5.11095 17
      vertex 5.82104 5.22 25
      vertex 5.82104 5.22 17
    endloop
  endfacet
  facet normal -0.980788 -0.195078 0
    outer loop
      vertex 5.82104 5.22 25
      vertex 5.84273 5.11095 17
      vertex 5.84273 5.11095 25
    endloop
  endfacet
  facet normal -0.99786 -0.0653848 0
    outer loop
      vertex 5.85 5 17
      vertex 5.84273 5.11095 25
      vertex 5.84273 5.11095 17
    endloop
  endfacet
  facet normal -0.99786 -0.0653848 0
    outer loop
      vertex 5.84273 5.11095 25
      vertex 5.85 5 17
      vertex 5.85 5 25
    endloop
  endfacet
  facet normal -0.946924 -0.321458 0
    outer loop
      vertex 5.82104 5.22 17
      vertex 5.7853 5.32528 25
      vertex 5.7853 5.32528 17
    endloop
  endfacet
  facet normal -0.946924 -0.321458 0
    outer loop
      vertex 5.7853 5.32528 25
      vertex 5.82104 5.22 17
      vertex 5.82104 5.22 25
    endloop
  endfacet
  facet normal -0.831483 -0.555551 0
    outer loop
      vertex 5.73612 5.425 17
      vertex 5.67435 5.51745 25
      vertex 5.67435 5.51745 17
    endloop
  endfacet
  facet normal -0.831483 -0.555551 0
    outer loop
      vertex 5.67435 5.51745 25
      vertex 5.73612 5.425 17
      vertex 5.73612 5.425 25
    endloop
  endfacet
  facet normal 0.946924 0.321458 0
    outer loop
      vertex 4.2147 4.67472 25
      vertex 4.17896 4.78 17
      vertex 4.17896 4.78 25
    endloop
  endfacet
  facet normal 0.946924 0.321458 0
    outer loop
      vertex 4.17896 4.78 17
      vertex 4.2147 4.67472 25
      vertex 4.2147 4.67472 17
    endloop
  endfacet
  facet normal -0.321458 0.946924 0
    outer loop
      vertex 5.32528 4.2147 17
      vertex 5.22 4.17896 25
      vertex 5.32528 4.2147 25
    endloop
  endfacet
  facet normal -0.321458 0.946924 0
    outer loop
      vertex 5.22 4.17896 25
      vertex 5.32528 4.2147 17
      vertex 5.22 4.17896 17
    endloop
  endfacet
  facet normal -0.89686 -0.442314 0
    outer loop
      vertex 5.7853 5.32528 17
      vertex 5.73612 5.425 25
      vertex 5.73612 5.425 17
    endloop
  endfacet
  facet normal -0.89686 -0.442314 0
    outer loop
      vertex 5.73612 5.425 25
      vertex 5.7853 5.32528 17
      vertex 5.7853 5.32528 25
    endloop
  endfacet
  facet normal 0.555551 -0.831483 0
    outer loop
      vertex 4.48255 5.67435 17
      vertex 4.575 5.73612 25
      vertex 4.48255 5.67435 25
    endloop
  endfacet
  facet normal 0.555551 -0.831483 0
    outer loop
      vertex 4.575 5.73612 25
      vertex 4.48255 5.67435 17
      vertex 4.575 5.73612 17
    endloop
  endfacet
  facet normal -0.980788 0.195078 0
    outer loop
      vertex 5.82104 4.78 17
      vertex 5.84273 4.88905 25
      vertex 5.84273 4.88905 17
    endloop
  endfacet
  facet normal -0.980788 0.195078 0
    outer loop
      vertex 5.84273 4.88905 25
      vertex 5.82104 4.78 17
      vertex 5.82104 4.78 25
    endloop
  endfacet
  facet normal 0 0 1
    outer loop
      vertex 5.84273 5.11095 17
      vertex 5.84273 4.88905 17
      vertex 5.85 5 17
    endloop
  endfacet
  facet normal 0 0 1
    outer loop
      vertex 5.82104 5.22 17
      vertex 5.84273 4.88905 17
      vertex 5.84273 5.11095 17
    endloop
  endfacet
  facet normal 0 0 1
    outer loop
      vertex 5.82104 5.22 17
      vertex 5.82104 4.78 17
      vertex 5.84273 4.88905 17
    endloop
  endfacet
  facet normal 0 0 1
    outer loop
      vertex 5.7853 5.32528 17
      vertex 5.82104 4.78 17
      vertex 5.82104 5.22 17
    endloop
  endfacet
  facet normal 0 0 1
    outer loop
      vertex 5.7853 5.32528 17
      vertex 5.7853 4.67472 17
      vertex 5.82104 4.78 17
    endloop
  endfacet
  facet normal 0 0 1
    outer loop
      vertex 5.73612 5.425 17
      vertex 5.7853 4.67472 17
      vertex 5.7853 5.32528 17
    endloop
  endfacet
  facet normal 0 0 1
    outer loop
      vertex 5.73612 5.425 17
      vertex 5.73612 4.575 17
      vertex 5.7853 4.67472 17
    endloop
  endfacet
  facet normal 0 0 1
    outer loop
      vertex 5.67435 5.51745 17
      vertex 5.73612 4.575 17
      vertex 5.73612 5.425 17
    endloop
  endfacet
  facet normal 0 0 1
    outer loop
      vertex 5.67435 5.51745 17
      vertex 5.67435 4.48255 17
      vertex 5.73612 4.575 17
    endloop
  endfacet
  facet normal 0 0 1
    outer loop
      vertex 5.60104 5.60104 17
      vertex 5.67435 4.48255 17
      vertex 5.67435 5.51745 17
    endloop
  endfacet
  facet normal 0 0 1
    outer loop
      vertex 5.60104 5.60104 17
      vertex 5.60104 4.39896 17
      vertex 5.67435 4.48255 17
    endloop
  endfacet
  facet normal 0 0 1
    outer loop
      vertex 5.51745 5.67435 17
      vertex 5.60104 4.39896 17
      vertex 5.60104 5.60104 17
    endloop
  endfacet
  facet normal 0 0 1
    outer loop
      vertex 5.51745 5.67435 17
      vertex 5.51745 4.32565 17
      vertex 5.60104 4.39896 17
    endloop
  endfacet
  facet normal 0 0 1
    outer loop
      vertex 5.425 5.73612 17
      vertex 5.51745 4.32565 17
      vertex 5.51745 5.67435 17
    endloop
  endfacet
  facet normal 0 0 1
    outer loop
      vertex 5.425 5.73612 17
      vertex 5.425 4.26388 17
      vertex 5.51745 4.32565 17
    endloop
  endfacet
  facet normal 0 0 1
    outer loop
      vertex 5.32528 5.7853 17
      vertex 5.425 4.26388 17
      vertex 5.425 5.73612 17
    endloop
  endfacet
  facet normal 0 0 1
    outer loop
      vertex 5.32528 5.7853 17
      vertex 5.32528 4.2147 17
      vertex 5.425 4.26388 17
    endloop
  endfacet
  facet normal 0 0 1
    outer loop
      vertex 5.22 5.82104 17
      vertex 5.32528 4.2147 17
      vertex 5.32528 5.7853 17
    endloop
  endfacet
  facet normal 0 0 1
    outer loop
      vertex 5.22 5.82104 17
      vertex 5.22 4.17896 17
      vertex 5.32528 4.2147 17
    endloop
  endfacet
  facet normal 0 0 1
    outer loop
      vertex 5.11095 5.84273 17
      vertex 5.22 4.17896 17
      vertex 5.22 5.82104 17
    endloop
  endfacet
  facet normal 0 0 1
    outer loop
      vertex 5.11095 5.84273 17
      vertex 5.11095 4.15727 17
      vertex 5.22 4.17896 17
    endloop
  endfacet
  facet normal 0 0 1
    outer loop
      vertex 5 5.85 17
      vertex 5.11095 4.15727 17
      vertex 5.11095 5.84273 17
    endloop
  endfacet
  facet normal 0 0 1
    outer loop
      vertex 5 5.85 17
      vertex 5 4.15 17
      vertex 5.11095 4.15727 17
    endloop
  endfacet
  facet normal -0 0 1
    outer loop
      vertex 4.88905 5.84273 17
      vertex 5 4.15 17
      vertex 5 5.85 17
    endloop
  endfacet
  facet normal 0 0 1
    outer loop
      vertex 4.88905 5.84273 17
      vertex 4.88905 4.15727 17
      vertex 5 4.15 17
    endloop
  endfacet
  facet normal -0 0 1
    outer loop
      vertex 4.78 5.82104 17
      vertex 4.88905 4.15727 17
      vertex 4.88905 5.84273 17
    endloop
  endfacet
  facet normal 0 0 1
    outer loop
      vertex 4.78 5.82104 17
      vertex 4.78 4.17896 17
      vertex 4.88905 4.15727 17
    endloop
  endfacet
  facet normal -0 0 1
    outer loop
      vertex 4.67472 5.7853 17
      vertex 4.78 4.17896 17
      vertex 4.78 5.82104 17
    endloop
  endfacet
  facet normal 0 0 1
    outer loop
      vertex 4.67472 5.7853 17
      vertex 4.67472 4.2147 17
      vertex 4.78 4.17896 17
    endloop
  endfacet
  facet normal -0 0 1
    outer loop
      vertex 4.575 5.73612 17
      vertex 4.67472 4.2147 17
      vertex 4.67472 5.7853 17
    endloop
  endfacet
  facet normal 0 0 1
    outer loop
      vertex 4.575 5.73612 17
      vertex 4.575 4.26388 17
      vertex 4.67472 4.2147 17
    endloop
  endfacet
  facet normal -0 0 1
    outer loop
      vertex 4.48255 5.67435 17
      vertex 4.575 4.26388 17
      vertex 4.575 5.73612 17
    endloop
  endfacet
  facet normal 0 0 1
    outer loop
      vertex 4.48255 5.67435 17
      vertex 4.48255 4.32565 17
      vertex 4.575 4.26388 17
    endloop
  endfacet
  facet normal -0 0 1
    outer loop
      vertex 4.39896 5.60104 17
      vertex 4.48255 4.32565 17
      vertex 4.48255 5.67435 17
    endloop
  endfacet
  facet normal 0 0 1
    outer loop
      vertex 4.39896 5.60104 17
      vertex 4.39896 4.39896 17
      vertex 4.48255 4.32565 17
    endloop
  endfacet
  facet normal -0 0 1
    outer loop
      vertex 4.32565 5.51745 17
      vertex 4.39896 4.39896 17
      vertex 4.39896 5.60104 17
    endloop
  endfacet
  facet normal 0 0 1
    outer loop
      vertex 4.32565 5.51745 17
      vertex 4.32565 4.48255 17
      vertex 4.39896 4.39896 17
    endloop
  endfacet
  facet normal -0 0 1
    outer loop
      vertex 4.26388 5.425 17
      vertex 4.32565 4.48255 17
      vertex 4.32565 5.51745 17
    endloop
  endfacet
  facet normal 0 0 1
    outer loop
      vertex 4.26388 5.425 17
      vertex 4.26388 4.575 17
      vertex 4.32565 4.48255 17
    endloop
  endfacet
  facet normal -0 0 1
    outer loop
      vertex 4.2147 5.32528 17
      vertex 4.26388 4.575 17
      vertex 4.26388 5.425 17
    endloop
  endfacet
  facet normal 0 0 1
    outer loop
      vertex 4.2147 5.32528 17
      vertex 4.2147 4.67472 17
      vertex 4.26388 4.575 17
    endloop
  endfacet
  facet normal -0 0 1
    outer loop
      vertex 4.17896 5.22 17
      vertex 4.2147 4.67472 17
      vertex 4.2147 5.32528 17
    endloop
  endfacet
  facet normal 0 0 1
    outer loop
      vertex 4.17896 5.22 17
      vertex 4.17896 4.78 17
      vertex 4.2147 4.67472 17
    endloop
  endfacet
  facet normal -0 0 1
    outer loop
      vertex 4.15727 5.11095 17
      vertex 4.17896 4.78 17
      vertex 4.17896 5.22 17
    endloop
  endfacet
  facet normal 0 0 1
    outer loop
      vertex 4.15727 5.11095 17
      vertex 4.15727 4.88905 17
      vertex 4.17896 4.78 17
    endloop
  endfacet
  facet normal 0 -0 1
    outer loop
      vertex 4.15727 4.88905 17
      vertex 4.15727 5.11095 17
      vertex 4.15 5 17
    endloop
  endfacet
  facet normal -0.321458 -0.946924 0
    outer loop
      vertex 5.22 5.82104 17
      vertex 5.32528 5.7853 25
      vertex 5.22 5.82104 25
    endloop
  endfacet
  facet normal -0.321458 -0.946924 -0
    outer loop
      vertex 5.32528 5.7853 25
      vertex 5.22 5.82104 17
      vertex 5.32528 5.7853 17
    endloop
  endfacet
  facet normal 0.659364 -0.751824 0
    outer loop
      vertex 4.39896 5.60104 17
      vertex 4.48255 5.67435 25
      vertex 4.39896 5.60104 25
    endloop
  endfacet
  facet normal 0.659364 -0.751824 0
    outer loop
      vertex 4.48255 5.67435 25
      vertex 4.39896 5.60104 17
      vertex 4.48255 5.67435 17
    endloop
  endfacet
  facet normal -0.555551 0.831483 0
    outer loop
      vertex 5.51745 4.32565 17
      vertex 5.425 4.26388 25
      vertex 5.51745 4.32565 25
    endloop
  endfacet
  facet normal -0.555551 0.831483 0
    outer loop
      vertex 5.425 4.26388 25
      vertex 5.51745 4.32565 17
      vertex 5.425 4.26388 17
    endloop
  endfacet
  facet normal 0.195078 -0.980788 0
    outer loop
      vertex 4.78 5.82104 17
      vertex 4.88905 5.84273 25
      vertex 4.78 5.82104 25
    endloop
  endfacet
  facet normal 0.195078 -0.980788 0
    outer loop
      vertex 4.88905 5.84273 25
      vertex 4.78 5.82104 17
      vertex 4.88905 5.84273 17
    endloop
  endfacet
  facet normal 0.99786 0.0653848 0
    outer loop
      vertex 4.15727 4.88905 25
      vertex 4.15 5 17
      vertex 4.15 5 25
    endloop
  endfacet
  facet normal 0.99786 0.0653848 0
    outer loop
      vertex 4.15 5 17
      vertex 4.15727 4.88905 25
      vertex 4.15727 4.88905 17
    endloop
  endfacet
  facet normal 0.89686 0.442314 0
    outer loop
      vertex 4.26388 4.575 25
      vertex 4.2147 4.67472 17
      vertex 4.2147 4.67472 25
    endloop
  endfacet
  facet normal 0.89686 0.442314 0
    outer loop
      vertex 4.2147 4.67472 17
      vertex 4.26388 4.575 25
      vertex 4.26388 4.575 17
    endloop
  endfacet
  facet normal -0.0653848 -0.99786 0
    outer loop
      vertex 5 5.85 17
      vertex 5.11095 5.84273 25
      vertex 5 5.85 25
    endloop
  endfacet
  facet normal -0.0653848 -0.99786 -0
    outer loop
      vertex 5.11095 5.84273 25
      vertex 5 5.85 17
      vertex 5.11095 5.84273 17
    endloop
  endfacet
  facet normal 0.321458 0.946924 -0
    outer loop
      vertex 4.78 4.17896 17
      vertex 4.67472 4.2147 25
      vertex 4.78 4.17896 25
    endloop
  endfacet
  facet normal 0.321458 0.946924 0
    outer loop
      vertex 4.67472 4.2147 25
      vertex 4.78 4.17896 17
      vertex 4.67472 4.2147 17
    endloop
  endfacet
  facet normal -0.195078 0.980788 0
    outer loop
      vertex 5.22 4.17896 17
      vertex 5.11095 4.15727 25
      vertex 5.22 4.17896 25
    endloop
  endfacet
  facet normal -0.195078 0.980788 0
    outer loop
      vertex 5.11095 4.15727 25
      vertex 5.22 4.17896 17
      vertex 5.11095 4.15727 17
    endloop
  endfacet
  facet normal 0.442314 -0.89686 0
    outer loop
      vertex 4.575 5.73612 17
      vertex 4.67472 5.7853 25
      vertex 4.575 5.73612 25
    endloop
  endfacet
  facet normal 0.442314 -0.89686 0
    outer loop
      vertex 4.67472 5.7853 25
      vertex 4.575 5.73612 17
      vertex 4.67472 5.7853 17
    endloop
  endfacet
  facet normal 0.0653848 -0.99786 0
    outer loop
      vertex 4.88905 5.84273 17
      vertex 5 5.85 25
      vertex 4.88905 5.84273 25
    endloop
  endfacet
  facet normal 0.0653848 -0.99786 0
    outer loop
      vertex 5 5.85 25
      vertex 4.88905 5.84273 17
      vertex 5 5.85 17
    endloop
  endfacet
  facet normal -0.442314 -0.89686 0
    outer loop
      vertex 5.32528 5.7853 17
      vertex 5.425 5.73612 25
      vertex 5.32528 5.7853 25
    endloop
  endfacet
  facet normal -0.442314 -0.89686 -0
    outer loop
      vertex 5.425 5.73612 25
      vertex 5.32528 5.7853 17
      vertex 5.425 5.73612 17
    endloop
  endfacet
  facet normal -0.442314 0.89686 0
    outer loop
      vertex 5.425 4.26388 17
      vertex 5.32528 4.2147 25
      vertex 5.425 4.26388 25
    endloop
  endfacet
  facet normal -0.442314 0.89686 0
    outer loop
      vertex 5.32528 4.2147 25
      vertex 5.425 4.26388 17
      vertex 5.32528 4.2147 17
    endloop
  endfacet
  facet normal 0.980788 0.195078 0
    outer loop
      vertex 4.17896 4.78 25
      vertex 4.15727 4.88905 17
      vertex 4.15727 4.88905 25
    endloop
  endfacet
  facet normal 0.980788 0.195078 0
    outer loop
      vertex 4.15727 4.88905 17
      vertex 4.17896 4.78 25
      vertex 4.17896 4.78 17
    endloop
  endfacet
  facet normal -0.99786 0.0653848 0
    outer loop
      vertex 5.84273 4.88905 17
      vertex 5.85 5 25
      vertex 5.85 5 17
    endloop
  endfacet
  facet normal -0.99786 0.0653848 0
    outer loop
      vertex 5.85 5 25
      vertex 5.84273 4.88905 17
      vertex 5.84273 4.88905 25
    endloop
  endfacet
  facet normal 0.555551 0.831483 -0
    outer loop
      vertex 4.575 4.26388 17
      vertex 4.48255 4.32565 25
      vertex 4.575 4.26388 25
    endloop
  endfacet
  facet normal 0.555551 0.831483 0
    outer loop
      vertex 4.48255 4.32565 25
      vertex 4.575 4.26388 17
      vertex 4.48255 4.32565 17
    endloop
  endfacet
  facet normal -0.751824 0.659364 0
    outer loop
      vertex 5.60104 4.39896 17
      vertex 5.67435 4.48255 25
      vertex 5.67435 4.48255 17
    endloop
  endfacet
  facet normal -0.751824 0.659364 0
    outer loop
      vertex 5.67435 4.48255 25
      vertex 5.60104 4.39896 17
      vertex 5.60104 4.39896 25
    endloop
  endfacet
  facet normal -0.831483 0.555551 0
    outer loop
      vertex 5.67435 4.48255 17
      vertex 5.73612 4.575 25
      vertex 5.73612 4.575 17
    endloop
  endfacet
  facet normal -0.831483 0.555551 0
    outer loop
      vertex 5.73612 4.575 25
      vertex 5.67435 4.48255 17
      vertex 5.67435 4.48255 25
    endloop
  endfacet
  facet normal 0.751824 0.659364 0
    outer loop
      vertex 4.39896 4.39896 25
      vertex 4.32565 4.48255 17
      vertex 4.32565 4.48255 25
    endloop
  endfacet
  facet normal 0.751824 0.659364 0
    outer loop
      vertex 4.32565 4.48255 17
      vertex 4.39896 4.39896 25
      vertex 4.39896 4.39896 17
    endloop
  endfacet
  facet normal 0.751824 -0.659364 0
    outer loop
      vertex 4.32565 5.51745 25
      vertex 4.39896 5.60104 17
      vertex 4.39896 5.60104 25
    endloop
  endfacet
  facet normal 0.751824 -0.659364 0
    outer loop
      vertex 4.39896 5.60104 17
      vertex 4.32565 5.51745 25
      vertex 4.32565 5.51745 17
    endloop
  endfacet
  facet normal 0.659364 0.751824 -0
    outer loop
      vertex 4.48255 4.32565 17
      vertex 4.39896 4.39896 25
      vertex 4.48255 4.32565 25
    endloop
  endfacet
  facet normal 0.659364 0.751824 0
    outer loop
      vertex 4.39896 4.39896 25
      vertex 4.48255 4.32565 17
      vertex 4.39896 4.39896 17
    endloop
  endfacet
  facet normal -0.946924 0.321458 0
    outer loop
      vertex 5.7853 4.67472 17
      vertex 5.82104 4.78 25
      vertex 5.82104 4.78 17
    endloop
  endfacet
  facet normal -0.946924 0.321458 0
    outer loop
      vertex 5.82104 4.78 25
      vertex 5.7853 4.67472 17
      vertex 5.7853 4.67472 25
    endloop
  endfacet
  facet normal 0.831483 0.555551 0
    outer loop
      vertex 4.32565 4.48255 25
      vertex 4.26388 4.575 17
      vertex 4.26388 4.575 25
    endloop
  endfacet
  facet normal 0.831483 0.555551 0
    outer loop
      vertex 4.26388 4.575 17
      vertex 4.32565 4.48255 25
      vertex 4.32565 4.48255 17
    endloop
  endfacet
  facet normal -0.89686 0.442314 0
    outer loop
      vertex 5.73612 4.575 17
      vertex 5.7853 4.67472 25
      vertex 5.7853 4.67472 17
    endloop
  endfacet
  facet normal -0.89686 0.442314 0
    outer loop
      vertex 5.7853 4.67472 25
      vertex 5.73612 4.575 17
      vertex 5.73612 4.575 25
    endloop
  endfacet
  facet normal 0.195078 0.980788 -0
    outer loop
      vertex 4.88905 4.15727 17
      vertex 4.78 4.17896 25
      vertex 4.88905 4.15727 25
    endloop
  endfacet
  facet normal 0.195078 0.980788 0
    outer loop
      vertex 4.78 4.17896 25
      vertex 4.88905 4.15727 17
      vertex 4.78 4.17896 17
    endloop
  endfacet
  facet normal -0.0653848 0.99786 0
    outer loop
      vertex 5.11095 4.15727 17
      vertex 5 4.15 25
      vertex 5.11095 4.15727 25
    endloop
  endfacet
  facet normal -0.0653848 0.99786 0
    outer loop
      vertex 5 4.15 25
      vertex 5.11095 4.15727 17
      vertex 5 4.15 17
    endloop
  endfacet
  facet normal 0.442314 0.89686 -0
    outer loop
      vertex 4.67472 4.2147 17
      vertex 4.575 4.26388 25
      vertex 4.67472 4.2147 25
    endloop
  endfacet
  facet normal 0.442314 0.89686 0
    outer loop
      vertex 4.575 4.26388 25
      vertex 4.67472 4.2147 17
      vertex 4.575 4.26388 17
    endloop
  endfacet
  facet normal -0.195078 -0.980788 0
    outer loop
      vertex 5.11095 5.84273 17
      vertex 5.22 5.82104 25
      vertex 5.11095 5.84273 25
    endloop
  endfacet
  facet normal -0.195078 -0.980788 -0
    outer loop
      vertex 5.22 5.82104 25
      vertex 5.11095 5.84273 17
      vertex 5.22 5.82104 17
    endloop
  endfacet
  facet normal -0.659364 0.751824 0
    outer loop
      vertex 5.60104 4.39896 17
      vertex 5.51745 4.32565 25
      vertex 5.60104 4.39896 25
    endloop
  endfacet
  facet normal -0.659364 0.751824 0
    outer loop
      vertex 5.51745 4.32565 25
      vertex 5.60104 4.39896 17
      vertex 5.51745 4.32565 17
    endloop
  endfacet
  facet normal -0.555551 -0.831483 0
    outer loop
      vertex 5.425 5.73612 17
      vertex 5.51745 5.67435 25
      vertex 5.425 5.73612 25
    endloop
  endfacet
  facet normal -0.555551 -0.831483 -0
    outer loop
      vertex 5.51745 5.67435 25
      vertex 5.425 5.73612 17
      vertex 5.51745 5.67435 17
    endloop
  endfacet
  facet normal 0.321458 -0.946924 0
    outer loop
      vertex 4.67472 5.7853 17
      vertex 4.78 5.82104 25
      vertex 4.67472 5.7853 25
    endloop
  endfacet
  facet normal 0.321458 -0.946924 0
    outer loop
      vertex 4.78 5.82104 25
      vertex 4.67472 5.7853 17
      vertex 4.78 5.82104 17
    endloop
  endfacet
  facet normal 0.0653848 0.99786 -0
    outer loop
      vertex 5 4.15 17
      vertex 4.88905 4.15727 25
      vertex 5 4.15 25
    endloop
  endfacet
  facet normal 0.0653848 0.99786 0
    outer loop
      vertex 4.88905 4.15727 25
      vertex 5 4.15 17
      vertex 4.88905 4.15727 17
    endloop
  endfacet
  facet normal 0.89686 -0.442314 0
    outer loop
      vertex 4.2147 5.32528 25
      vertex 4.26388 5.425 17
      vertex 4.26388 5.425 25
    endloop
  endfacet
  facet normal 0.89686 -0.442314 0
    outer loop
      vertex 4.26388 5.425 17
      vertex 4.2147 5.32528 25
      vertex 4.2147 5.32528 17
    endloop
  endfacet
  facet normal 0.980788 -0.195078 0
    outer loop
      vertex 4.15727 5.11095 25
      vertex 4.17896 5.22 17
      vertex 4.17896 5.22 25
    endloop
  endfacet
  facet normal 0.980788 -0.195078 0
    outer loop
      vertex 4.17896 5.22 17
      vertex 4.15727 5.11095 25
      vertex 4.15727 5.11095 17
    endloop
  endfacet
  facet normal -0.751824 -0.659364 0
    outer loop
      vertex 5.67435 5.51745 17
      vertex 5.60104 5.60104 25
      vertex 5.60104 5.60104 17
    endloop
  endfacet
  facet normal -0.751824 -0.659364 0
    outer loop
      vertex 5.60104 5.60104 25
      vertex 5.67435 5.51745 17
      vertex 5.67435 5.51745 25
    endloop
  endfacet
  facet normal -0.659364 -0.751824 0
    outer loop
      vertex 5.51745 5.67435 17
      vertex 5.60104 5.60104 25
      vertex 5.51745 5.67435 25
    endloop
  endfacet
  facet normal -0.659364 -0.751824 -0
    outer loop
      vertex 5.60104 5.60104 25
      vertex 5.51745 5.67435 17
      vertex 5.60104 5.60104 17
    endloop
  endfacet
  facet normal 0.946924 -0.321458 0
    outer loop
      vertex 4.17896 5.22 25
      vertex 4.2147 5.32528 17
      vertex 4.2147 5.32528 25
    endloop
  endfacet
  facet normal 0.946924 -0.321458 0
    outer loop
      vertex 4.2147 5.32528 17
      vertex 4.17896 5.22 25
      vertex 4.17896 5.22 17
    endloop
  endfacet
  facet normal 0.99786 -0.0653848 0
    outer loop
      vertex 4.15 5 25
      vertex 4.15727 5.11095 17
      vertex 4.15727 5.11095 25
    endloop
  endfacet
  facet normal 0.99786 -0.0653848 0
    outer loop
      vertex 4.15727 5.11095 17
      vertex 4.15 5 25
      vertex 4.15 5 17
    endloop
  endfacet
  facet normal 0.831483 -0.555551 0
    outer loop
      vertex 4.26388 5.425 25
      vertex 4.32565 5.51745 17
      vertex 4.32565 5.51745 25
    endloop
  endfacet
  facet normal 0.831483 -0.555551 0
    outer loop
      vertex 4.32565 5.51745 17
      vertex 4.26388 5.425 25
      vertex 4.26388 5.425 17
    endloop
  endfacet
  facet normal -0.980805 -0.194992 0
    outer loop
      vertex 5.84273 57.8109 17
      vertex 5.82104 57.92 25
      vertex 5.82104 57.92 17
    endloop
  endfacet
  facet normal -0.980805 -0.194992 0
    outer loop
      vertex 5.82104 57.92 25
      vertex 5.84273 57.8109 17
      vertex 5.84273 57.8109 25
    endloop
  endfacet
  facet normal -0.997858 -0.0654141 0
    outer loop
      vertex 5.85 57.7 17
      vertex 5.84273 57.8109 25
      vertex 5.84273 57.8109 17
    endloop
  endfacet
  facet normal -0.997858 -0.0654141 0
    outer loop
      vertex 5.84273 57.8109 25
      vertex 5.85 57.7 17
      vertex 5.85 57.7 25
    endloop
  endfacet
  facet normal -0.946943 -0.321403 0
    outer loop
      vertex 5.82104 57.92 17
      vertex 5.7853 58.0253 25
      vertex 5.7853 58.0253 17
    endloop
  endfacet
  facet normal -0.946943 -0.321403 0
    outer loop
      vertex 5.7853 58.0253 25
      vertex 5.82104 57.92 17
      vertex 5.82104 57.92 25
    endloop
  endfacet
  facet normal -0.980805 0.194992 0
    outer loop
      vertex 5.82104 57.48 17
      vertex 5.84273 57.5891 25
      vertex 5.84273 57.5891 17
    endloop
  endfacet
  facet normal -0.980805 0.194992 0
    outer loop
      vertex 5.84273 57.5891 25
      vertex 5.82104 57.48 17
      vertex 5.82104 57.48 25
    endloop
  endfacet
  facet normal -0.321135 0.947033 0
    outer loop
      vertex 5.32528 56.9147 17
      vertex 5.22 56.879 25
      vertex 5.32528 56.9147 25
    endloop
  endfacet
  facet normal -0.321135 0.947033 0
    outer loop
      vertex 5.22 56.879 25
      vertex 5.32528 56.9147 17
      vertex 5.22 56.879 17
    endloop
  endfacet
  facet normal -0.896825 -0.442386 0
    outer loop
      vertex 5.7853 58.0253 17
      vertex 5.73612 58.125 25
      vertex 5.73612 58.125 17
    endloop
  endfacet
  facet normal -0.896825 -0.442386 0
    outer loop
      vertex 5.73612 58.125 25
      vertex 5.7853 58.0253 17
      vertex 5.7853 58.0253 25
    endloop
  endfacet
  facet normal 0.997858 0.0654141 0
    outer loop
      vertex 4.15727 57.5891 25
      vertex 4.15 57.7 17
      vertex 4.15 57.7 25
    endloop
  endfacet
  facet normal 0.997858 0.0654141 0
    outer loop
      vertex 4.15 57.7 17
      vertex 4.15727 57.5891 25
      vertex 4.15727 57.5891 17
    endloop
  endfacet
  facet normal 0.751863 0.659319 0
    outer loop
      vertex 4.39896 57.099 25
      vertex 4.32565 57.1826 17
      vertex 4.32565 57.1826 25
    endloop
  endfacet
  facet normal 0.751863 0.659319 0
    outer loop
      vertex 4.32565 57.1826 17
      vertex 4.39896 57.099 25
      vertex 4.39896 57.099 17
    endloop
  endfacet
  facet normal -0.321135 -0.947033 0
    outer loop
      vertex 5.22 58.521 17
      vertex 5.32528 58.4853 25
      vertex 5.22 58.521 25
    endloop
  endfacet
  facet normal -0.321135 -0.947033 -0
    outer loop
      vertex 5.32528 58.4853 25
      vertex 5.22 58.521 17
      vertex 5.32528 58.4853 17
    endloop
  endfacet
  facet normal -0.751863 0.659319 0
    outer loop
      vertex 5.60104 57.099 17
      vertex 5.67435 57.1826 25
      vertex 5.67435 57.1826 17
    endloop
  endfacet
  facet normal -0.751863 0.659319 0
    outer loop
      vertex 5.67435 57.1826 25
      vertex 5.60104 57.099 17
      vertex 5.60104 57.099 25
    endloop
  endfacet
  facet normal -0.195165 -0.98077 0
    outer loop
      vertex 5.11095 58.5427 17
      vertex 5.22 58.521 25
      vertex 5.11095 58.5427 25
    endloop
  endfacet
  facet normal -0.195165 -0.98077 -0
    outer loop
      vertex 5.22 58.521 25
      vertex 5.11095 58.5427 17
      vertex 5.22 58.521 17
    endloop
  endfacet
  facet normal -0.442459 -0.896789 0
    outer loop
      vertex 5.32528 58.4853 17
      vertex 5.425 58.4361 25
      vertex 5.32528 58.4853 25
    endloop
  endfacet
  facet normal -0.442459 -0.896789 -0
    outer loop
      vertex 5.425 58.4361 25
      vertex 5.32528 58.4853 17
      vertex 5.425 58.4361 17
    endloop
  endfacet
  facet normal -0.659821 -0.751423 0
    outer loop
      vertex 5.51745 58.3744 17
      vertex 5.60104 58.301 25
      vertex 5.51745 58.3744 25
    endloop
  endfacet
  facet normal -0.659821 -0.751423 -0
    outer loop
      vertex 5.60104 58.301 25
      vertex 5.51745 58.3744 17
      vertex 5.60104 58.301 17
    endloop
  endfacet
  facet normal 0.659313 0.751869 -0
    outer loop
      vertex 4.48255 57.0257 17
      vertex 4.39896 57.099 25
      vertex 4.48255 57.0257 25
    endloop
  endfacet
  facet normal 0.659313 0.751869 0
    outer loop
      vertex 4.39896 57.099 25
      vertex 4.48255 57.0257 17
      vertex 4.39896 57.099 17
    endloop
  endfacet
  facet normal 0.896825 0.442386 0
    outer loop
      vertex 4.26388 57.275 25
      vertex 4.2147 57.3747 17
      vertex 4.2147 57.3747 25
    endloop
  endfacet
  facet normal 0.896825 0.442386 0
    outer loop
      vertex 4.2147 57.3747 17
      vertex 4.26388 57.275 25
      vertex 4.26388 57.275 17
    endloop
  endfacet
  facet normal -0.555737 0.831358 0
    outer loop
      vertex 5.51745 57.0257 17
      vertex 5.425 56.9639 25
      vertex 5.51745 57.0257 25
    endloop
  endfacet
  facet normal -0.555737 0.831358 0
    outer loop
      vertex 5.425 56.9639 25
      vertex 5.51745 57.0257 17
      vertex 5.425 56.9639 17
    endloop
  endfacet
  facet normal 0.321135 0.947033 -0
    outer loop
      vertex 4.78 56.879 17
      vertex 4.67472 56.9147 25
      vertex 4.78 56.879 25
    endloop
  endfacet
  facet normal 0.321135 0.947033 0
    outer loop
      vertex 4.67472 56.9147 25
      vertex 4.78 56.879 17
      vertex 4.67472 56.9147 17
    endloop
  endfacet
  facet normal 0.751863 -0.659319 0
    outer loop
      vertex 4.32565 58.2174 25
      vertex 4.39896 58.301 17
      vertex 4.39896 58.301 25
    endloop
  endfacet
  facet normal 0.751863 -0.659319 0
    outer loop
      vertex 4.39896 58.301 17
      vertex 4.32565 58.2174 25
      vertex 4.32565 58.2174 17
    endloop
  endfacet
  facet normal -0.195165 0.98077 0
    outer loop
      vertex 5.22 56.879 17
      vertex 5.11095 56.8573 25
      vertex 5.22 56.879 25
    endloop
  endfacet
  facet normal -0.195165 0.98077 0
    outer loop
      vertex 5.11095 56.8573 25
      vertex 5.22 56.879 17
      vertex 5.11095 56.8573 17
    endloop
  endfacet
  facet normal 0.442459 -0.896789 0
    outer loop
      vertex 4.575 58.4361 17
      vertex 4.67472 58.4853 25
      vertex 4.575 58.4361 25
    endloop
  endfacet
  facet normal 0.442459 -0.896789 0
    outer loop
      vertex 4.67472 58.4853 25
      vertex 4.575 58.4361 17
      vertex 4.67472 58.4853 17
    endloop
  endfacet
  facet normal 0.659821 -0.751423 0
    outer loop
      vertex 4.39896 58.301 17
      vertex 4.48255 58.3744 25
      vertex 4.39896 58.301 25
    endloop
  endfacet
  facet normal 0.659821 -0.751423 0
    outer loop
      vertex 4.48255 58.3744 25
      vertex 4.39896 58.301 17
      vertex 4.48255 58.3744 17
    endloop
  endfacet
  facet normal -0.896825 0.442386 0
    outer loop
      vertex 5.73612 57.275 17
      vertex 5.7853 57.3747 25
      vertex 5.7853 57.3747 17
    endloop
  endfacet
  facet normal -0.896825 0.442386 0
    outer loop
      vertex 5.7853 57.3747 25
      vertex 5.73612 57.275 17
      vertex 5.73612 57.275 25
    endloop
  endfacet
  facet normal -0.442459 0.896789 0
    outer loop
      vertex 5.425 56.9639 17
      vertex 5.32528 56.9147 25
      vertex 5.425 56.9639 25
    endloop
  endfacet
  facet normal -0.442459 0.896789 0
    outer loop
      vertex 5.32528 56.9147 25
      vertex 5.425 56.9639 17
      vertex 5.32528 56.9147 17
    endloop
  endfacet
  facet normal -0.997858 0.0654141 0
    outer loop
      vertex 5.84273 57.5891 17
      vertex 5.85 57.7 25
      vertex 5.85 57.7 17
    endloop
  endfacet
  facet normal -0.997858 0.0654141 0
    outer loop
      vertex 5.85 57.7 25
      vertex 5.84273 57.5891 17
      vertex 5.84273 57.5891 25
    endloop
  endfacet
  facet normal 0.0656534 0.997842 -0
    outer loop
      vertex 5 56.85 17
      vertex 4.88905 56.8573 25
      vertex 5 56.85 25
    endloop
  endfacet
  facet normal 0.0656534 0.997842 0
    outer loop
      vertex 4.88905 56.8573 25
      vertex 5 56.85 17
      vertex 4.88905 56.8573 17
    endloop
  endfacet
  facet normal 0.896825 -0.442386 0
    outer loop
      vertex 4.2147 58.0253 25
      vertex 4.26388 58.125 17
      vertex 4.26388 58.125 25
    endloop
  endfacet
  facet normal 0.896825 -0.442386 0
    outer loop
      vertex 4.26388 58.125 17
      vertex 4.2147 58.0253 25
      vertex 4.2147 58.0253 17
    endloop
  endfacet
  facet normal 0.555115 -0.831773 0
    outer loop
      vertex 4.48255 58.3744 17
      vertex 4.575 58.4361 25
      vertex 4.48255 58.3744 25
    endloop
  endfacet
  facet normal 0.555115 -0.831773 0
    outer loop
      vertex 4.575 58.4361 25
      vertex 4.48255 58.3744 17
      vertex 4.575 58.4361 17
    endloop
  endfacet
  facet normal -0.555115 -0.831773 0
    outer loop
      vertex 5.425 58.4361 17
      vertex 5.51745 58.3744 25
      vertex 5.425 58.4361 25
    endloop
  endfacet
  facet normal -0.555115 -0.831773 -0
    outer loop
      vertex 5.51745 58.3744 25
      vertex 5.425 58.4361 17
      vertex 5.51745 58.3744 17
    endloop
  endfacet
  facet normal -0.831344 -0.555759 0
    outer loop
      vertex 5.73612 58.125 17
      vertex 5.67435 58.2174 25
      vertex 5.67435 58.2174 17
    endloop
  endfacet
  facet normal -0.831344 -0.555759 0
    outer loop
      vertex 5.67435 58.2174 25
      vertex 5.73612 58.125 17
      vertex 5.73612 58.125 25
    endloop
  endfacet
  facet normal 0.946943 -0.321403 0
    outer loop
      vertex 4.17896 57.92 25
      vertex 4.2147 58.0253 17
      vertex 4.2147 58.0253 25
    endloop
  endfacet
  facet normal 0.946943 -0.321403 0
    outer loop
      vertex 4.2147 58.0253 17
      vertex 4.17896 57.92 25
      vertex 4.17896 57.92 17
    endloop
  endfacet
  facet normal -0.946943 0.321403 0
    outer loop
      vertex 5.7853 57.3747 17
      vertex 5.82104 57.48 25
      vertex 5.82104 57.48 17
    endloop
  endfacet
  facet normal -0.946943 0.321403 0
    outer loop
      vertex 5.82104 57.48 25
      vertex 5.7853 57.3747 17
      vertex 5.7853 57.3747 25
    endloop
  endfacet
  facet normal 0.321135 -0.947033 0
    outer loop
      vertex 4.67472 58.4853 17
      vertex 4.78 58.521 25
      vertex 4.67472 58.4853 25
    endloop
  endfacet
  facet normal 0.321135 -0.947033 0
    outer loop
      vertex 4.78 58.521 25
      vertex 4.67472 58.4853 17
      vertex 4.78 58.521 17
    endloop
  endfacet
  facet normal -0.831344 0.555759 0
    outer loop
      vertex 5.67435 57.1826 17
      vertex 5.73612 57.275 25
      vertex 5.73612 57.275 17
    endloop
  endfacet
  facet normal -0.831344 0.555759 0
    outer loop
      vertex 5.73612 57.275 25
      vertex 5.67435 57.1826 17
      vertex 5.67435 57.1826 25
    endloop
  endfacet
  facet normal -0.0656534 0.997842 0
    outer loop
      vertex 5.11095 56.8573 17
      vertex 5 56.85 25
      vertex 5.11095 56.8573 25
    endloop
  endfacet
  facet normal -0.0656534 0.997842 0
    outer loop
      vertex 5 56.85 25
      vertex 5.11095 56.8573 17
      vertex 5 56.85 17
    endloop
  endfacet
  facet normal 0.831344 0.555759 0
    outer loop
      vertex 4.32565 57.1826 25
      vertex 4.26388 57.275 17
      vertex 4.26388 57.275 25
    endloop
  endfacet
  facet normal 0.831344 0.555759 0
    outer loop
      vertex 4.26388 57.275 17
      vertex 4.32565 57.1826 25
      vertex 4.32565 57.1826 17
    endloop
  endfacet
  facet normal 0.997858 -0.0654141 0
    outer loop
      vertex 4.15 57.7 25
      vertex 4.15727 57.8109 17
      vertex 4.15727 57.8109 25
    endloop
  endfacet
  facet normal 0.997858 -0.0654141 0
    outer loop
      vertex 4.15727 57.8109 17
      vertex 4.15 57.7 25
      vertex 4.15 57.7 17
    endloop
  endfacet
  facet normal -0.751863 -0.659319 0
    outer loop
      vertex 5.67435 58.2174 17
      vertex 5.60104 58.301 25
      vertex 5.60104 58.301 17
    endloop
  endfacet
  facet normal -0.751863 -0.659319 0
    outer loop
      vertex 5.60104 58.301 25
      vertex 5.67435 58.2174 17
      vertex 5.67435 58.2174 25
    endloop
  endfacet
  facet normal 0 0 1
    outer loop
      vertex 5.84273 57.8109 17
      vertex 5.84273 57.5891 17
      vertex 5.85 57.7 17
    endloop
  endfacet
  facet normal 0 0 1
    outer loop
      vertex 5.82104 57.92 17
      vertex 5.84273 57.5891 17
      vertex 5.84273 57.8109 17
    endloop
  endfacet
  facet normal 0 0 1
    outer loop
      vertex 5.82104 57.92 17
      vertex 5.82104 57.48 17
      vertex 5.84273 57.5891 17
    endloop
  endfacet
  facet normal 0 0 1
    outer loop
      vertex 5.7853 58.0253 17
      vertex 5.82104 57.48 17
      vertex 5.82104 57.92 17
    endloop
  endfacet
  facet normal 0 0 1
    outer loop
      vertex 5.7853 58.0253 17
      vertex 5.7853 57.3747 17
      vertex 5.82104 57.48 17
    endloop
  endfacet
  facet normal 0 0 1
    outer loop
      vertex 5.73612 58.125 17
      vertex 5.7853 57.3747 17
      vertex 5.7853 58.0253 17
    endloop
  endfacet
  facet normal 0 0 1
    outer loop
      vertex 5.73612 58.125 17
      vertex 5.73612 57.275 17
      vertex 5.7853 57.3747 17
    endloop
  endfacet
  facet normal 0 0 1
    outer loop
      vertex 5.67435 58.2174 17
      vertex 5.73612 57.275 17
      vertex 5.73612 58.125 17
    endloop
  endfacet
  facet normal 0 0 1
    outer loop
      vertex 5.67435 58.2174 17
      vertex 5.67435 57.1826 17
      vertex 5.73612 57.275 17
    endloop
  endfacet
  facet normal 0 0 1
    outer loop
      vertex 5.60104 58.301 17
      vertex 5.67435 57.1826 17
      vertex 5.67435 58.2174 17
    endloop
  endfacet
  facet normal 0 0 1
    outer loop
      vertex 5.60104 58.301 17
      vertex 5.60104 57.099 17
      vertex 5.67435 57.1826 17
    endloop
  endfacet
  facet normal 0 0 1
    outer loop
      vertex 5.51745 58.3744 17
      vertex 5.60104 57.099 17
      vertex 5.60104 58.301 17
    endloop
  endfacet
  facet normal 0 0 1
    outer loop
      vertex 5.51745 58.3744 17
      vertex 5.51745 57.0257 17
      vertex 5.60104 57.099 17
    endloop
  endfacet
  facet normal 0 0 1
    outer loop
      vertex 5.425 58.4361 17
      vertex 5.51745 57.0257 17
      vertex 5.51745 58.3744 17
    endloop
  endfacet
  facet normal 0 0 1
    outer loop
      vertex 5.425 58.4361 17
      vertex 5.425 56.9639 17
      vertex 5.51745 57.0257 17
    endloop
  endfacet
  facet normal 0 0 1
    outer loop
      vertex 5.32528 58.4853 17
      vertex 5.425 56.9639 17
      vertex 5.425 58.4361 17
    endloop
  endfacet
  facet normal 0 0 1
    outer loop
      vertex 5.32528 58.4853 17
      vertex 5.32528 56.9147 17
      vertex 5.425 56.9639 17
    endloop
  endfacet
  facet normal 0 0 1
    outer loop
      vertex 5.22 58.521 17
      vertex 5.32528 56.9147 17
      vertex 5.32528 58.4853 17
    endloop
  endfacet
  facet normal 0 0 1
    outer loop
      vertex 5.22 58.521 17
      vertex 5.22 56.879 17
      vertex 5.32528 56.9147 17
    endloop
  endfacet
  facet normal 0 0 1
    outer loop
      vertex 5.11095 58.5427 17
      vertex 5.22 56.879 17
      vertex 5.22 58.521 17
    endloop
  endfacet
  facet normal 0 0 1
    outer loop
      vertex 5.11095 58.5427 17
      vertex 5.11095 56.8573 17
      vertex 5.22 56.879 17
    endloop
  endfacet
  facet normal 0 0 1
    outer loop
      vertex 5 58.55 17
      vertex 5.11095 56.8573 17
      vertex 5.11095 58.5427 17
    endloop
  endfacet
  facet normal 0 0 1
    outer loop
      vertex 5 58.55 17
      vertex 5 56.85 17
      vertex 5.11095 56.8573 17
    endloop
  endfacet
  facet normal -0 0 1
    outer loop
      vertex 4.88905 58.5427 17
      vertex 5 56.85 17
      vertex 5 58.55 17
    endloop
  endfacet
  facet normal 0 0 1
    outer loop
      vertex 4.88905 58.5427 17
      vertex 4.88905 56.8573 17
      vertex 5 56.85 17
    endloop
  endfacet
  facet normal -0 0 1
    outer loop
      vertex 4.78 58.521 17
      vertex 4.88905 56.8573 17
      vertex 4.88905 58.5427 17
    endloop
  endfacet
  facet normal 0 0 1
    outer loop
      vertex 4.78 58.521 17
      vertex 4.78 56.879 17
      vertex 4.88905 56.8573 17
    endloop
  endfacet
  facet normal -0 0 1
    outer loop
      vertex 4.67472 58.4853 17
      vertex 4.78 56.879 17
      vertex 4.78 58.521 17
    endloop
  endfacet
  facet normal 0 0 1
    outer loop
      vertex 4.67472 58.4853 17
      vertex 4.67472 56.9147 17
      vertex 4.78 56.879 17
    endloop
  endfacet
  facet normal -0 0 1
    outer loop
      vertex 4.575 58.4361 17
      vertex 4.67472 56.9147 17
      vertex 4.67472 58.4853 17
    endloop
  endfacet
  facet normal 0 0 1
    outer loop
      vertex 4.575 58.4361 17
      vertex 4.575 56.9639 17
      vertex 4.67472 56.9147 17
    endloop
  endfacet
  facet normal -0 0 1
    outer loop
      vertex 4.48255 58.3744 17
      vertex 4.575 56.9639 17
      vertex 4.575 58.4361 17
    endloop
  endfacet
  facet normal 0 0 1
    outer loop
      vertex 4.48255 58.3744 17
      vertex 4.48255 57.0257 17
      vertex 4.575 56.9639 17
    endloop
  endfacet
  facet normal -0 0 1
    outer loop
      vertex 4.39896 58.301 17
      vertex 4.48255 57.0257 17
      vertex 4.48255 58.3744 17
    endloop
  endfacet
  facet normal 0 0 1
    outer loop
      vertex 4.39896 58.301 17
      vertex 4.39896 57.099 17
      vertex 4.48255 57.0257 17
    endloop
  endfacet
  facet normal -0 0 1
    outer loop
      vertex 4.32565 58.2174 17
      vertex 4.39896 57.099 17
      vertex 4.39896 58.301 17
    endloop
  endfacet
  facet normal 0 0 1
    outer loop
      vertex 4.32565 58.2174 17
      vertex 4.32565 57.1826 17
      vertex 4.39896 57.099 17
    endloop
  endfacet
  facet normal -0 0 1
    outer loop
      vertex 4.26388 58.125 17
      vertex 4.32565 57.1826 17
      vertex 4.32565 58.2174 17
    endloop
  endfacet
  facet normal 0 0 1
    outer loop
      vertex 4.26388 58.125 17
      vertex 4.26388 57.275 17
      vertex 4.32565 57.1826 17
    endloop
  endfacet
  facet normal -0 0 1
    outer loop
      vertex 4.2147 58.0253 17
      vertex 4.26388 57.275 17
      vertex 4.26388 58.125 17
    endloop
  endfacet
  facet normal 0 0 1
    outer loop
      vertex 4.2147 58.0253 17
      vertex 4.2147 57.3747 17
      vertex 4.26388 57.275 17
    endloop
  endfacet
  facet normal -0 0 1
    outer loop
      vertex 4.17896 57.92 17
      vertex 4.2147 57.3747 17
      vertex 4.2147 58.0253 17
    endloop
  endfacet
  facet normal 0 0 1
    outer loop
      vertex 4.17896 57.92 17
      vertex 4.17896 57.48 17
      vertex 4.2147 57.3747 17
    endloop
  endfacet
  facet normal -0 0 1
    outer loop
      vertex 4.15727 57.8109 17
      vertex 4.17896 57.48 17
      vertex 4.17896 57.92 17
    endloop
  endfacet
  facet normal 0 0 1
    outer loop
      vertex 4.15727 57.8109 17
      vertex 4.15727 57.5891 17
      vertex 4.17896 57.48 17
    endloop
  endfacet
  facet normal 0 -0 1
    outer loop
      vertex 4.15727 57.5891 17
      vertex 4.15727 57.8109 17
      vertex 4.15 57.7 17
    endloop
  endfacet
  facet normal 0.946943 0.321403 0
    outer loop
      vertex 4.2147 57.3747 25
      vertex 4.17896 57.48 17
      vertex 4.17896 57.48 25
    endloop
  endfacet
  facet normal 0.946943 0.321403 0
    outer loop
      vertex 4.17896 57.48 17
      vertex 4.2147 57.3747 25
      vertex 4.2147 57.3747 17
    endloop
  endfacet
  facet normal 0.980805 0.194992 0
    outer loop
      vertex 4.17896 57.48 25
      vertex 4.15727 57.5891 17
      vertex 4.15727 57.5891 25
    endloop
  endfacet
  facet normal 0.980805 0.194992 0
    outer loop
      vertex 4.15727 57.5891 17
      vertex 4.17896 57.48 25
      vertex 4.17896 57.48 17
    endloop
  endfacet
  facet normal 0.555737 0.831358 -0
    outer loop
      vertex 4.575 56.9639 17
      vertex 4.48255 57.0257 25
      vertex 4.575 56.9639 25
    endloop
  endfacet
  facet normal 0.555737 0.831358 0
    outer loop
      vertex 4.48255 57.0257 25
      vertex 4.575 56.9639 17
      vertex 4.48255 57.0257 17
    endloop
  endfacet
  facet normal 0.195165 0.98077 -0
    outer loop
      vertex 4.88905 56.8573 17
      vertex 4.78 56.879 25
      vertex 4.88905 56.8573 25
    endloop
  endfacet
  facet normal 0.195165 0.98077 0
    outer loop
      vertex 4.78 56.879 25
      vertex 4.88905 56.8573 17
      vertex 4.78 56.879 17
    endloop
  endfacet
  facet normal 0.195165 -0.98077 0
    outer loop
      vertex 4.78 58.521 17
      vertex 4.88905 58.5427 25
      vertex 4.78 58.521 25
    endloop
  endfacet
  facet normal 0.195165 -0.98077 0
    outer loop
      vertex 4.88905 58.5427 25
      vertex 4.78 58.521 17
      vertex 4.88905 58.5427 17
    endloop
  endfacet
  facet normal 0.980805 -0.194992 0
    outer loop
      vertex 4.15727 57.8109 25
      vertex 4.17896 57.92 17
      vertex 4.17896 57.92 25
    endloop
  endfacet
  facet normal 0.980805 -0.194992 0
    outer loop
      vertex 4.17896 57.92 17
      vertex 4.15727 57.8109 25
      vertex 4.15727 57.8109 17
    endloop
  endfacet
  facet normal -0.0656534 -0.997842 0
    outer loop
      vertex 5 58.55 17
      vertex 5.11095 58.5427 25
      vertex 5 58.55 25
    endloop
  endfacet
  facet normal -0.0656534 -0.997842 -0
    outer loop
      vertex 5.11095 58.5427 25
      vertex 5 58.55 17
      vertex 5.11095 58.5427 17
    endloop
  endfacet
  facet normal 0.0656534 -0.997842 0
    outer loop
      vertex 4.88905 58.5427 17
      vertex 5 58.55 25
      vertex 4.88905 58.5427 25
    endloop
  endfacet
  facet normal 0.0656534 -0.997842 0
    outer loop
      vertex 5 58.55 25
      vertex 4.88905 58.5427 17
      vertex 5 58.55 17
    endloop
  endfacet
  facet normal 0.442459 0.896789 -0
    outer loop
      vertex 4.67472 56.9147 17
      vertex 4.575 56.9639 25
      vertex 4.67472 56.9147 25
    endloop
  endfacet
  facet normal 0.442459 0.896789 0
    outer loop
      vertex 4.575 56.9639 25
      vertex 4.67472 56.9147 17
      vertex 4.575 56.9639 17
    endloop
  endfacet
  facet normal 0.831344 -0.555759 0
    outer loop
      vertex 4.26388 58.125 25
      vertex 4.32565 58.2174 17
      vertex 4.32565 58.2174 25
    endloop
  endfacet
  facet normal 0.831344 -0.555759 0
    outer loop
      vertex 4.32565 58.2174 17
      vertex 4.26388 58.125 25
      vertex 4.26388 58.125 17
    endloop
  endfacet
  facet normal -0.659313 0.751869 0
    outer loop
      vertex 5.60104 57.099 17
      vertex 5.51745 57.0257 25
      vertex 5.60104 57.099 25
    endloop
  endfacet
  facet normal -0.659313 0.751869 0
    outer loop
      vertex 5.51745 57.0257 25
      vertex 5.60104 57.099 17
      vertex 5.51745 57.0257 17
    endloop
  endfacet
  facet normal -0.98077 -0.195165 0
    outer loop
      vertex 71.4427 5.11095 17
      vertex 71.421 5.22 25
      vertex 71.421 5.22 17
    endloop
  endfacet
  facet normal -0.98077 -0.195165 0
    outer loop
      vertex 71.421 5.22 25
      vertex 71.4427 5.11095 17
      vertex 71.4427 5.11095 25
    endloop
  endfacet
  facet normal -0.997842 -0.0656534 0
    outer loop
      vertex 71.45 5 17
      vertex 71.4427 5.11095 25
      vertex 71.4427 5.11095 17
    endloop
  endfacet
  facet normal -0.997842 -0.0656534 0
    outer loop
      vertex 71.4427 5.11095 25
      vertex 71.45 5 17
      vertex 71.45 5 25
    endloop
  endfacet
  facet normal 0.751869 0.659313 0
    outer loop
      vertex 69.999 4.39896 25
      vertex 69.9257 4.48255 17
      vertex 69.9257 4.48255 25
    endloop
  endfacet
  facet normal 0.751869 0.659313 0
    outer loop
      vertex 69.9257 4.48255 17
      vertex 69.999 4.39896 25
      vertex 69.999 4.39896 17
    endloop
  endfacet
  facet normal 0.194992 0.980805 -0
    outer loop
      vertex 70.4891 4.15727 17
      vertex 70.38 4.17896 25
      vertex 70.4891 4.15727 25
    endloop
  endfacet
  facet normal 0.194992 0.980805 0
    outer loop
      vertex 70.38 4.17896 25
      vertex 70.4891 4.15727 17
      vertex 70.38 4.17896 17
    endloop
  endfacet
  facet normal 0.659319 -0.751863 0
    outer loop
      vertex 69.999 5.60104 17
      vertex 70.0826 5.67435 25
      vertex 69.999 5.60104 25
    endloop
  endfacet
  facet normal 0.659319 -0.751863 0
    outer loop
      vertex 70.0826 5.67435 25
      vertex 69.999 5.60104 17
      vertex 70.0826 5.67435 17
    endloop
  endfacet
  facet normal -0.98077 0.195165 0
    outer loop
      vertex 71.421 4.78 17
      vertex 71.4427 4.88905 25
      vertex 71.4427 4.88905 17
    endloop
  endfacet
  facet normal -0.98077 0.195165 0
    outer loop
      vertex 71.4427 4.88905 25
      vertex 71.421 4.78 17
      vertex 71.421 4.78 25
    endloop
  endfacet
  facet normal -0.321403 0.946943 0
    outer loop
      vertex 70.9253 4.2147 17
      vertex 70.82 4.17896 25
      vertex 70.9253 4.2147 25
    endloop
  endfacet
  facet normal -0.321403 0.946943 0
    outer loop
      vertex 70.82 4.17896 25
      vertex 70.9253 4.2147 17
      vertex 70.82 4.17896 17
    endloop
  endfacet
  facet normal 0.98077 -0.195165 0
    outer loop
      vertex 69.7573 5.11095 25
      vertex 69.779 5.22 17
      vertex 69.779 5.22 25
    endloop
  endfacet
  facet normal 0.98077 -0.195165 0
    outer loop
      vertex 69.779 5.22 17
      vertex 69.7573 5.11095 25
      vertex 69.7573 5.11095 17
    endloop
  endfacet
  facet normal 0.896789 -0.442459 0
    outer loop
      vertex 69.8147 5.32528 25
      vertex 69.8639 5.425 17
      vertex 69.8639 5.425 25
    endloop
  endfacet
  facet normal 0.896789 -0.442459 0
    outer loop
      vertex 69.8639 5.425 17
      vertex 69.8147 5.32528 25
      vertex 69.8147 5.32528 17
    endloop
  endfacet
  facet normal -0.0654141 -0.997858 0
    outer loop
      vertex 70.6 5.85 17
      vertex 70.7109 5.84273 25
      vertex 70.6 5.85 25
    endloop
  endfacet
  facet normal -0.0654141 -0.997858 -0
    outer loop
      vertex 70.7109 5.84273 25
      vertex 70.6 5.85 17
      vertex 70.7109 5.84273 17
    endloop
  endfacet
  facet normal 0.0654141 0.997858 -0
    outer loop
      vertex 70.6 4.15 17
      vertex 70.4891 4.15727 25
      vertex 70.6 4.15 25
    endloop
  endfacet
  facet normal 0.0654141 0.997858 0
    outer loop
      vertex 70.4891 4.15727 25
      vertex 70.6 4.15 17
      vertex 70.4891 4.15727 17
    endloop
  endfacet
  facet normal -0.831773 0.555115 0
    outer loop
      vertex 71.2744 4.48255 17
      vertex 71.3361 4.575 25
      vertex 71.3361 4.575 17
    endloop
  endfacet
  facet normal -0.831773 0.555115 0
    outer loop
      vertex 71.3361 4.575 25
      vertex 71.2744 4.48255 17
      vertex 71.2744 4.48255 25
    endloop
  endfacet
  facet normal -0.555759 -0.831344 0
    outer loop
      vertex 71.025 5.73612 17
      vertex 71.1174 5.67435 25
      vertex 71.025 5.73612 25
    endloop
  endfacet
  facet normal -0.555759 -0.831344 -0
    outer loop
      vertex 71.1174 5.67435 25
      vertex 71.025 5.73612 17
      vertex 71.1174 5.67435 17
    endloop
  endfacet
  facet normal -0.442386 0.896825 0
    outer loop
      vertex 71.025 4.26388 17
      vertex 70.9253 4.2147 25
      vertex 71.025 4.26388 25
    endloop
  endfacet
  facet normal -0.442386 0.896825 0
    outer loop
      vertex 70.9253 4.2147 25
      vertex 71.025 4.26388 17
      vertex 70.9253 4.2147 17
    endloop
  endfacet
  facet normal -0.321403 -0.946943 0
    outer loop
      vertex 70.82 5.82104 17
      vertex 70.9253 5.7853 25
      vertex 70.82 5.82104 25
    endloop
  endfacet
  facet normal -0.321403 -0.946943 -0
    outer loop
      vertex 70.9253 5.7853 25
      vertex 70.82 5.82104 17
      vertex 70.9253 5.7853 17
    endloop
  endfacet
  facet normal 0.442386 -0.896825 0
    outer loop
      vertex 70.175 5.73612 17
      vertex 70.2747 5.7853 25
      vertex 70.175 5.73612 25
    endloop
  endfacet
  facet normal 0.442386 -0.896825 0
    outer loop
      vertex 70.2747 5.7853 25
      vertex 70.175 5.73612 17
      vertex 70.2747 5.7853 17
    endloop
  endfacet
  facet normal 0.659319 0.751863 -0
    outer loop
      vertex 70.0826 4.32565 17
      vertex 69.999 4.39896 25
      vertex 70.0826 4.32565 25
    endloop
  endfacet
  facet normal 0.659319 0.751863 0
    outer loop
      vertex 69.999 4.39896 25
      vertex 70.0826 4.32565 17
      vertex 69.999 4.39896 17
    endloop
  endfacet
  facet normal -0.0654141 0.997858 0
    outer loop
      vertex 70.7109 4.15727 17
      vertex 70.6 4.15 25
      vertex 70.7109 4.15727 25
    endloop
  endfacet
  facet normal -0.0654141 0.997858 0
    outer loop
      vertex 70.6 4.15 25
      vertex 70.7109 4.15727 17
      vertex 70.6 4.15 17
    endloop
  endfacet
  facet normal 0.947033 -0.321135 0
    outer loop
      vertex 69.779 5.22 25
      vertex 69.8147 5.32528 17
      vertex 69.8147 5.32528 25
    endloop
  endfacet
  facet normal 0.947033 -0.321135 0
    outer loop
      vertex 69.8147 5.32528 17
      vertex 69.779 5.22 25
      vertex 69.779 5.22 17
    endloop
  endfacet
  facet normal -0.831773 -0.555115 0
    outer loop
      vertex 71.3361 5.425 17
      vertex 71.2744 5.51745 25
      vertex 71.2744 5.51745 17
    endloop
  endfacet
  facet normal -0.831773 -0.555115 0
    outer loop
      vertex 71.2744 5.51745 25
      vertex 71.3361 5.425 17
      vertex 71.3361 5.425 25
    endloop
  endfacet
  facet normal 0.555759 -0.831344 0
    outer loop
      vertex 70.0826 5.67435 17
      vertex 70.175 5.73612 25
      vertex 70.0826 5.67435 25
    endloop
  endfacet
  facet normal 0.555759 -0.831344 0
    outer loop
      vertex 70.175 5.73612 25
      vertex 70.0826 5.67435 17
      vertex 70.175 5.73612 17
    endloop
  endfacet
  facet normal 0.555759 0.831344 -0
    outer loop
      vertex 70.175 4.26388 17
      vertex 70.0826 4.32565 25
      vertex 70.175 4.26388 25
    endloop
  endfacet
  facet normal 0.555759 0.831344 0
    outer loop
      vertex 70.0826 4.32565 25
      vertex 70.175 4.26388 17
      vertex 70.0826 4.32565 17
    endloop
  endfacet
  facet normal 0.997842 -0.0656534 0
    outer loop
      vertex 69.75 5 25
      vertex 69.7573 5.11095 17
      vertex 69.7573 5.11095 25
    endloop
  endfacet
  facet normal 0.997842 -0.0656534 0
    outer loop
      vertex 69.7573 5.11095 17
      vertex 69.75 5 25
      vertex 69.75 5 17
    endloop
  endfacet
  facet normal -0.555759 0.831344 0
    outer loop
      vertex 71.1174 4.32565 17
      vertex 71.025 4.26388 25
      vertex 71.1174 4.32565 25
    endloop
  endfacet
  facet normal -0.555759 0.831344 0
    outer loop
      vertex 71.025 4.26388 25
      vertex 71.1174 4.32565 17
      vertex 71.025 4.26388 17
    endloop
  endfacet
  facet normal 0.896789 0.442459 0
    outer loop
      vertex 69.8639 4.575 25
      vertex 69.8147 4.67472 17
      vertex 69.8147 4.67472 25
    endloop
  endfacet
  facet normal 0.896789 0.442459 0
    outer loop
      vertex 69.8147 4.67472 17
      vertex 69.8639 4.575 25
      vertex 69.8639 4.575 17
    endloop
  endfacet
  facet normal -0.997842 0.0656534 0
    outer loop
      vertex 71.4427 4.88905 17
      vertex 71.45 5 25
      vertex 71.45 5 17
    endloop
  endfacet
  facet normal -0.997842 0.0656534 0
    outer loop
      vertex 71.45 5 25
      vertex 71.4427 4.88905 17
      vertex 71.4427 4.88905 25
    endloop
  endfacet
  facet normal 0.194992 -0.980805 0
    outer loop
      vertex 70.38 5.82104 17
      vertex 70.4891 5.84273 25
      vertex 70.38 5.82104 25
    endloop
  endfacet
  facet normal 0.194992 -0.980805 0
    outer loop
      vertex 70.4891 5.84273 25
      vertex 70.38 5.82104 17
      vertex 70.4891 5.84273 17
    endloop
  endfacet
  facet normal -0.751423 -0.659821 0
    outer loop
      vertex 71.2744 5.51745 17
      vertex 71.201 5.60104 25
      vertex 71.201 5.60104 17
    endloop
  endfacet
  facet normal -0.751423 -0.659821 0
    outer loop
      vertex 71.201 5.60104 25
      vertex 71.2744 5.51745 17
      vertex 71.2744 5.51745 25
    endloop
  endfacet
  facet normal -0.442386 -0.896825 0
    outer loop
      vertex 70.9253 5.7853 17
      vertex 71.025 5.73612 25
      vertex 70.9253 5.7853 25
    endloop
  endfacet
  facet normal -0.442386 -0.896825 -0
    outer loop
      vertex 71.025 5.73612 25
      vertex 70.9253 5.7853 17
      vertex 71.025 5.73612 17
    endloop
  endfacet
  facet normal -0.751423 0.659821 0
    outer loop
      vertex 71.201 4.39896 17
      vertex 71.2744 4.48255 25
      vertex 71.2744 4.48255 17
    endloop
  endfacet
  facet normal -0.751423 0.659821 0
    outer loop
      vertex 71.2744 4.48255 25
      vertex 71.201 4.39896 17
      vertex 71.201 4.39896 25
    endloop
  endfacet
  facet normal -0.896789 -0.442459 0
    outer loop
      vertex 71.3853 5.32528 17
      vertex 71.3361 5.425 25
      vertex 71.3361 5.425 17
    endloop
  endfacet
  facet normal -0.896789 -0.442459 0
    outer loop
      vertex 71.3361 5.425 25
      vertex 71.3853 5.32528 17
      vertex 71.3853 5.32528 25
    endloop
  endfacet
  facet normal -0.194992 0.980805 0
    outer loop
      vertex 70.82 4.17896 17
      vertex 70.7109 4.15727 25
      vertex 70.82 4.17896 25
    endloop
  endfacet
  facet normal -0.194992 0.980805 0
    outer loop
      vertex 70.7109 4.15727 25
      vertex 70.82 4.17896 17
      vertex 70.7109 4.15727 17
    endloop
  endfacet
  facet normal 0.442386 0.896825 -0
    outer loop
      vertex 70.2747 4.2147 17
      vertex 70.175 4.26388 25
      vertex 70.2747 4.2147 25
    endloop
  endfacet
  facet normal 0.442386 0.896825 0
    outer loop
      vertex 70.175 4.26388 25
      vertex 70.2747 4.2147 17
      vertex 70.175 4.26388 17
    endloop
  endfacet
  facet normal 0.947033 0.321135 0
    outer loop
      vertex 69.8147 4.67472 25
      vertex 69.779 4.78 17
      vertex 69.779 4.78 25
    endloop
  endfacet
  facet normal 0.947033 0.321135 0
    outer loop
      vertex 69.779 4.78 17
      vertex 69.8147 4.67472 25
      vertex 69.8147 4.67472 17
    endloop
  endfacet
  facet normal -0.896789 0.442459 0
    outer loop
      vertex 71.3361 4.575 17
      vertex 71.3853 4.67472 25
      vertex 71.3853 4.67472 17
    endloop
  endfacet
  facet normal -0.896789 0.442459 0
    outer loop
      vertex 71.3853 4.67472 25
      vertex 71.3361 4.575 17
      vertex 71.3361 4.575 25
    endloop
  endfacet
  facet normal 0.98077 0.195165 0
    outer loop
      vertex 69.779 4.78 25
      vertex 69.7573 4.88905 17
      vertex 69.7573 4.88905 25
    endloop
  endfacet
  facet normal 0.98077 0.195165 0
    outer loop
      vertex 69.7573 4.88905 17
      vertex 69.779 4.78 25
      vertex 69.779 4.78 17
    endloop
  endfacet
  facet normal 0.0654141 -0.997858 0
    outer loop
      vertex 70.4891 5.84273 17
      vertex 70.6 5.85 25
      vertex 70.4891 5.84273 25
    endloop
  endfacet
  facet normal 0.0654141 -0.997858 0
    outer loop
      vertex 70.6 5.85 25
      vertex 70.4891 5.84273 17
      vertex 70.6 5.85 17
    endloop
  endfacet
  facet normal -0.194992 -0.980805 0
    outer loop
      vertex 70.7109 5.84273 17
      vertex 70.82 5.82104 25
      vertex 70.7109 5.84273 25
    endloop
  endfacet
  facet normal -0.194992 -0.980805 -0
    outer loop
      vertex 70.82 5.82104 25
      vertex 70.7109 5.84273 17
      vertex 70.82 5.82104 17
    endloop
  endfacet
  facet normal 0.751869 -0.659313 0
    outer loop
      vertex 69.9257 5.51745 25
      vertex 69.999 5.60104 17
      vertex 69.999 5.60104 25
    endloop
  endfacet
  facet normal 0.751869 -0.659313 0
    outer loop
      vertex 69.999 5.60104 17
      vertex 69.9257 5.51745 25
      vertex 69.9257 5.51745 17
    endloop
  endfacet
  facet normal -0.947033 -0.321135 0
    outer loop
      vertex 71.421 5.22 17
      vertex 71.3853 5.32528 25
      vertex 71.3853 5.32528 17
    endloop
  endfacet
  facet normal -0.947033 -0.321135 0
    outer loop
      vertex 71.3853 5.32528 25
      vertex 71.421 5.22 17
      vertex 71.421 5.22 25
    endloop
  endfacet
  facet normal 0.321403 -0.946943 0
    outer loop
      vertex 70.2747 5.7853 17
      vertex 70.38 5.82104 25
      vertex 70.2747 5.7853 25
    endloop
  endfacet
  facet normal 0.321403 -0.946943 0
    outer loop
      vertex 70.38 5.82104 25
      vertex 70.2747 5.7853 17
      vertex 70.38 5.82104 17
    endloop
  endfacet
  facet normal -0.659319 -0.751863 0
    outer loop
      vertex 71.1174 5.67435 17
      vertex 71.201 5.60104 25
      vertex 71.1174 5.67435 25
    endloop
  endfacet
  facet normal -0.659319 -0.751863 -0
    outer loop
      vertex 71.201 5.60104 25
      vertex 71.1174 5.67435 17
      vertex 71.201 5.60104 17
    endloop
  endfacet
  facet normal 0.831358 -0.555737 0
    outer loop
      vertex 69.8639 5.425 25
      vertex 69.9257 5.51745 17
      vertex 69.9257 5.51745 25
    endloop
  endfacet
  facet normal 0.831358 -0.555737 0
    outer loop
      vertex 69.9257 5.51745 17
      vertex 69.8639 5.425 25
      vertex 69.8639 5.425 17
    endloop
  endfacet
  facet normal 0.997842 0.0656534 0
    outer loop
      vertex 69.7573 4.88905 25
      vertex 69.75 5 17
      vertex 69.75 5 25
    endloop
  endfacet
  facet normal 0.997842 0.0656534 0
    outer loop
      vertex 69.75 5 17
      vertex 69.7573 4.88905 25
      vertex 69.7573 4.88905 17
    endloop
  endfacet
  facet normal -0.947033 0.321135 0
    outer loop
      vertex 71.3853 4.67472 17
      vertex 71.421 4.78 25
      vertex 71.421 4.78 17
    endloop
  endfacet
  facet normal -0.947033 0.321135 0
    outer loop
      vertex 71.421 4.78 25
      vertex 71.3853 4.67472 17
      vertex 71.3853 4.67472 25
    endloop
  endfacet
  facet normal 0.831358 0.555737 0
    outer loop
      vertex 69.9257 4.48255 25
      vertex 69.8639 4.575 17
      vertex 69.8639 4.575 25
    endloop
  endfacet
  facet normal 0.831358 0.555737 0
    outer loop
      vertex 69.8639 4.575 17
      vertex 69.9257 4.48255 25
      vertex 69.9257 4.48255 17
    endloop
  endfacet
  facet normal 0.321403 0.946943 -0
    outer loop
      vertex 70.38 4.17896 17
      vertex 70.2747 4.2147 25
      vertex 70.38 4.17896 25
    endloop
  endfacet
  facet normal 0.321403 0.946943 0
    outer loop
      vertex 70.2747 4.2147 25
      vertex 70.38 4.17896 17
      vertex 70.2747 4.2147 17
    endloop
  endfacet
  facet normal 0 0 1
    outer loop
      vertex 71.4427 5.11095 17
      vertex 71.4427 4.88905 17
      vertex 71.45 5 17
    endloop
  endfacet
  facet normal 0 0 1
    outer loop
      vertex 71.421 5.22 17
      vertex 71.4427 4.88905 17
      vertex 71.4427 5.11095 17
    endloop
  endfacet
  facet normal 0 0 1
    outer loop
      vertex 71.421 5.22 17
      vertex 71.421 4.78 17
      vertex 71.4427 4.88905 17
    endloop
  endfacet
  facet normal 0 0 1
    outer loop
      vertex 71.3853 5.32528 17
      vertex 71.421 4.78 17
      vertex 71.421 5.22 17
    endloop
  endfacet
  facet normal 0 0 1
    outer loop
      vertex 71.3853 5.32528 17
      vertex 71.3853 4.67472 17
      vertex 71.421 4.78 17
    endloop
  endfacet
  facet normal 0 0 1
    outer loop
      vertex 71.3361 5.425 17
      vertex 71.3853 4.67472 17
      vertex 71.3853 5.32528 17
    endloop
  endfacet
  facet normal 0 0 1
    outer loop
      vertex 71.3361 5.425 17
      vertex 71.3361 4.575 17
      vertex 71.3853 4.67472 17
    endloop
  endfacet
  facet normal 0 0 1
    outer loop
      vertex 71.2744 5.51745 17
      vertex 71.3361 4.575 17
      vertex 71.3361 5.425 17
    endloop
  endfacet
  facet normal 0 0 1
    outer loop
      vertex 71.2744 5.51745 17
      vertex 71.2744 4.48255 17
      vertex 71.3361 4.575 17
    endloop
  endfacet
  facet normal 0 0 1
    outer loop
      vertex 71.201 5.60104 17
      vertex 71.2744 4.48255 17
      vertex 71.2744 5.51745 17
    endloop
  endfacet
  facet normal 0 0 1
    outer loop
      vertex 71.201 5.60104 17
      vertex 71.201 4.39896 17
      vertex 71.2744 4.48255 17
    endloop
  endfacet
  facet normal 0 0 1
    outer loop
      vertex 71.1174 5.67435 17
      vertex 71.201 4.39896 17
      vertex 71.201 5.60104 17
    endloop
  endfacet
  facet normal 0 0 1
    outer loop
      vertex 71.1174 5.67435 17
      vertex 71.1174 4.32565 17
      vertex 71.201 4.39896 17
    endloop
  endfacet
  facet normal 0 0 1
    outer loop
      vertex 71.025 5.73612 17
      vertex 71.1174 4.32565 17
      vertex 71.1174 5.67435 17
    endloop
  endfacet
  facet normal 0 0 1
    outer loop
      vertex 71.025 5.73612 17
      vertex 71.025 4.26388 17
      vertex 71.1174 4.32565 17
    endloop
  endfacet
  facet normal 0 0 1
    outer loop
      vertex 70.9253 5.7853 17
      vertex 71.025 4.26388 17
      vertex 71.025 5.73612 17
    endloop
  endfacet
  facet normal 0 0 1
    outer loop
      vertex 70.9253 5.7853 17
      vertex 70.9253 4.2147 17
      vertex 71.025 4.26388 17
    endloop
  endfacet
  facet normal 0 0 1
    outer loop
      vertex 70.82 5.82104 17
      vertex 70.9253 4.2147 17
      vertex 70.9253 5.7853 17
    endloop
  endfacet
  facet normal 0 0 1
    outer loop
      vertex 70.82 5.82104 17
      vertex 70.82 4.17896 17
      vertex 70.9253 4.2147 17
    endloop
  endfacet
  facet normal 0 0 1
    outer loop
      vertex 70.7109 5.84273 17
      vertex 70.82 4.17896 17
      vertex 70.82 5.82104 17
    endloop
  endfacet
  facet normal 0 0 1
    outer loop
      vertex 70.7109 5.84273 17
      vertex 70.7109 4.15727 17
      vertex 70.82 4.17896 17
    endloop
  endfacet
  facet normal 0 0 1
    outer loop
      vertex 70.6 5.85 17
      vertex 70.7109 4.15727 17
      vertex 70.7109 5.84273 17
    endloop
  endfacet
  facet normal 0 0 1
    outer loop
      vertex 70.6 5.85 17
      vertex 70.6 4.15 17
      vertex 70.7109 4.15727 17
    endloop
  endfacet
  facet normal -0 0 1
    outer loop
      vertex 70.4891 5.84273 17
      vertex 70.6 4.15 17
      vertex 70.6 5.85 17
    endloop
  endfacet
  facet normal 0 0 1
    outer loop
      vertex 70.4891 5.84273 17
      vertex 70.4891 4.15727 17
      vertex 70.6 4.15 17
    endloop
  endfacet
  facet normal -0 0 1
    outer loop
      vertex 70.38 5.82104 17
      vertex 70.4891 4.15727 17
      vertex 70.4891 5.84273 17
    endloop
  endfacet
  facet normal 0 0 1
    outer loop
      vertex 70.38 5.82104 17
      vertex 70.38 4.17896 17
      vertex 70.4891 4.15727 17
    endloop
  endfacet
  facet normal -0 0 1
    outer loop
      vertex 70.2747 5.7853 17
      vertex 70.38 4.17896 17
      vertex 70.38 5.82104 17
    endloop
  endfacet
  facet normal 0 0 1
    outer loop
      vertex 70.2747 5.7853 17
      vertex 70.2747 4.2147 17
      vertex 70.38 4.17896 17
    endloop
  endfacet
  facet normal -0 0 1
    outer loop
      vertex 70.175 5.73612 17
      vertex 70.2747 4.2147 17
      vertex 70.2747 5.7853 17
    endloop
  endfacet
  facet normal 0 0 1
    outer loop
      vertex 70.175 5.73612 17
      vertex 70.175 4.26388 17
      vertex 70.2747 4.2147 17
    endloop
  endfacet
  facet normal -0 0 1
    outer loop
      vertex 70.0826 5.67435 17
      vertex 70.175 4.26388 17
      vertex 70.175 5.73612 17
    endloop
  endfacet
  facet normal 0 0 1
    outer loop
      vertex 70.0826 5.67435 17
      vertex 70.0826 4.32565 17
      vertex 70.175 4.26388 17
    endloop
  endfacet
  facet normal -0 0 1
    outer loop
      vertex 69.999 5.60104 17
      vertex 70.0826 4.32565 17
      vertex 70.0826 5.67435 17
    endloop
  endfacet
  facet normal 0 0 1
    outer loop
      vertex 69.999 5.60104 17
      vertex 69.999 4.39896 17
      vertex 70.0826 4.32565 17
    endloop
  endfacet
  facet normal -0 0 1
    outer loop
      vertex 69.9257 5.51745 17
      vertex 69.999 4.39896 17
      vertex 69.999 5.60104 17
    endloop
  endfacet
  facet normal 0 0 1
    outer loop
      vertex 69.9257 5.51745 17
      vertex 69.9257 4.48255 17
      vertex 69.999 4.39896 17
    endloop
  endfacet
  facet normal -0 0 1
    outer loop
      vertex 69.8639 5.425 17
      vertex 69.9257 4.48255 17
      vertex 69.9257 5.51745 17
    endloop
  endfacet
  facet normal 0 0 1
    outer loop
      vertex 69.8639 5.425 17
      vertex 69.8639 4.575 17
      vertex 69.9257 4.48255 17
    endloop
  endfacet
  facet normal -0 0 1
    outer loop
      vertex 69.8147 5.32528 17
      vertex 69.8639 4.575 17
      vertex 69.8639 5.425 17
    endloop
  endfacet
  facet normal 0 0 1
    outer loop
      vertex 69.8147 5.32528 17
      vertex 69.8147 4.67472 17
      vertex 69.8639 4.575 17
    endloop
  endfacet
  facet normal -0 0 1
    outer loop
      vertex 69.779 5.22 17
      vertex 69.8147 4.67472 17
      vertex 69.8147 5.32528 17
    endloop
  endfacet
  facet normal 0 0 1
    outer loop
      vertex 69.779 5.22 17
      vertex 69.779 4.78 17
      vertex 69.8147 4.67472 17
    endloop
  endfacet
  facet normal -0 0 1
    outer loop
      vertex 69.7573 5.11095 17
      vertex 69.779 4.78 17
      vertex 69.779 5.22 17
    endloop
  endfacet
  facet normal 0 0 1
    outer loop
      vertex 69.7573 5.11095 17
      vertex 69.7573 4.88905 17
      vertex 69.779 4.78 17
    endloop
  endfacet
  facet normal 0 -0 1
    outer loop
      vertex 69.7573 4.88905 17
      vertex 69.7573 5.11095 17
      vertex 69.75 5 17
    endloop
  endfacet
  facet normal -0.659319 0.751863 0
    outer loop
      vertex 71.201 4.39896 17
      vertex 71.1174 4.32565 25
      vertex 71.201 4.39896 25
    endloop
  endfacet
  facet normal -0.659319 0.751863 0
    outer loop
      vertex 71.1174 4.32565 25
      vertex 71.201 4.39896 17
      vertex 71.1174 4.32565 17
    endloop
  endfacet
  facet normal -0.980788 -0.195079 0
    outer loop
      vertex 71.4427 57.8109 17
      vertex 71.421 57.92 25
      vertex 71.421 57.92 17
    endloop
  endfacet
  facet normal -0.980788 -0.195079 0
    outer loop
      vertex 71.421 57.92 25
      vertex 71.4427 57.8109 17
      vertex 71.4427 57.8109 25
    endloop
  endfacet
  facet normal -0.997841 -0.0656829 0
    outer loop
      vertex 71.45 57.7 17
      vertex 71.4427 57.8109 25
      vertex 71.4427 57.8109 17
    endloop
  endfacet
  facet normal -0.997841 -0.0656829 0
    outer loop
      vertex 71.4427 57.8109 25
      vertex 71.45 57.7 17
      vertex 71.45 57.7 25
    endloop
  endfacet
  facet normal 0.896754 -0.44253 0
    outer loop
      vertex 69.8147 58.0253 25
      vertex 69.8639 58.125 17
      vertex 69.8639 58.125 25
    endloop
  endfacet
  facet normal 0.896754 -0.44253 0
    outer loop
      vertex 69.8639 58.125 17
      vertex 69.8147 58.0253 25
      vertex 69.8147 58.0253 17
    endloop
  endfacet
  facet normal -0.980788 0.195079 0
    outer loop
      vertex 71.421 57.48 17
      vertex 71.4427 57.5891 25
      vertex 71.4427 57.5891 17
    endloop
  endfacet
  facet normal -0.980788 0.195079 0
    outer loop
      vertex 71.4427 57.5891 25
      vertex 71.421 57.48 17
      vertex 71.421 57.48 25
    endloop
  endfacet
  facet normal 0.997841 -0.0656829 0
    outer loop
      vertex 69.75 57.7 25
      vertex 69.7573 57.8109 17
      vertex 69.7573 57.8109 25
    endloop
  endfacet
  facet normal 0.997841 -0.0656829 0
    outer loop
      vertex 69.7573 57.8109 17
      vertex 69.75 57.7 25
      vertex 69.75 57.7 17
    endloop
  endfacet
  facet normal 0.659776 -0.751462 0
    outer loop
      vertex 69.999 58.301 17
      vertex 70.0826 58.3744 25
      vertex 69.999 58.301 25
    endloop
  endfacet
  facet normal 0.659776 -0.751462 0
    outer loop
      vertex 70.0826 58.3744 25
      vertex 69.999 58.301 17
      vertex 70.0826 58.3744 17
    endloop
  endfacet
  facet normal 0.555323 -0.831635 0
    outer loop
      vertex 70.0826 58.3744 17
      vertex 70.175 58.4361 25
      vertex 70.0826 58.3744 25
    endloop
  endfacet
  facet normal 0.555323 -0.831635 0
    outer loop
      vertex 70.175 58.4361 25
      vertex 70.0826 58.3744 17
      vertex 70.175 58.4361 17
    endloop
  endfacet
  facet normal 0.751908 -0.659268 0
    outer loop
      vertex 69.9257 58.2174 25
      vertex 69.999 58.301 17
      vertex 69.999 58.301 25
    endloop
  endfacet
  facet normal 0.751908 -0.659268 0
    outer loop
      vertex 69.999 58.301 17
      vertex 69.9257 58.2174 25
      vertex 69.9257 58.2174 17
    endloop
  endfacet
  facet normal -0.751462 0.659776 0
    outer loop
      vertex 71.201 57.099 17
      vertex 71.2744 57.1826 25
      vertex 71.2744 57.1826 17
    endloop
  endfacet
  facet normal -0.751462 0.659776 0
    outer loop
      vertex 71.2744 57.1826 25
      vertex 71.201 57.099 17
      vertex 71.201 57.099 25
    endloop
  endfacet
  facet normal -0.831635 0.555323 0
    outer loop
      vertex 71.2744 57.1826 17
      vertex 71.3361 57.275 25
      vertex 71.3361 57.275 17
    endloop
  endfacet
  facet normal -0.831635 0.555323 0
    outer loop
      vertex 71.3361 57.275 25
      vertex 71.2744 57.1826 17
      vertex 71.2744 57.1826 25
    endloop
  endfacet
  facet normal 0.32108 -0.947052 0
    outer loop
      vertex 70.2747 58.4853 17
      vertex 70.38 58.521 25
      vertex 70.2747 58.4853 25
    endloop
  endfacet
  facet normal 0.32108 -0.947052 0
    outer loop
      vertex 70.38 58.521 25
      vertex 70.2747 58.4853 17
      vertex 70.38 58.521 17
    endloop
  endfacet
  facet normal -0.44253 0.896754 0
    outer loop
      vertex 71.025 56.9639 17
      vertex 70.9253 56.9147 25
      vertex 71.025 56.9639 25
    endloop
  endfacet
  facet normal -0.44253 0.896754 0
    outer loop
      vertex 70.9253 56.9147 25
      vertex 71.025 56.9639 17
      vertex 70.9253 56.9147 17
    endloop
  endfacet
  facet normal -0.195079 -0.980788 0
    outer loop
      vertex 70.7109 58.5427 17
      vertex 70.82 58.521 25
      vertex 70.7109 58.5427 25
    endloop
  endfacet
  facet normal -0.195079 -0.980788 -0
    outer loop
      vertex 70.82 58.521 25
      vertex 70.7109 58.5427 17
      vertex 70.82 58.521 17
    endloop
  endfacet
  facet normal -0.32108 -0.947052 0
    outer loop
      vertex 70.82 58.521 17
      vertex 70.9253 58.4853 25
      vertex 70.82 58.521 25
    endloop
  endfacet
  facet normal -0.32108 -0.947052 -0
    outer loop
      vertex 70.9253 58.4853 25
      vertex 70.82 58.521 17
      vertex 70.9253 58.4853 17
    endloop
  endfacet
  facet normal 0.44253 -0.896754 0
    outer loop
      vertex 70.175 58.4361 17
      vertex 70.2747 58.4853 25
      vertex 70.175 58.4361 25
    endloop
  endfacet
  facet normal 0.44253 -0.896754 0
    outer loop
      vertex 70.2747 58.4853 25
      vertex 70.175 58.4361 17
      vertex 70.2747 58.4853 17
    endloop
  endfacet
  facet normal 0.659268 0.751908 -0
    outer loop
      vertex 70.0826 57.0257 17
      vertex 69.999 57.099 25
      vertex 70.0826 57.0257 25
    endloop
  endfacet
  facet normal 0.659268 0.751908 0
    outer loop
      vertex 69.999 57.099 25
      vertex 70.0826 57.0257 17
      vertex 69.999 57.099 17
    endloop
  endfacet
  facet normal 0.555945 0.831219 -0
    outer loop
      vertex 70.175 56.9639 17
      vertex 70.0826 57.0257 25
      vertex 70.175 56.9639 25
    endloop
  endfacet
  facet normal 0.555945 0.831219 0
    outer loop
      vertex 70.0826 57.0257 25
      vertex 70.175 56.9639 17
      vertex 70.0826 57.0257 17
    endloop
  endfacet
  facet normal 0.896754 0.44253 0
    outer loop
      vertex 69.8639 57.275 25
      vertex 69.8147 57.3747 17
      vertex 69.8147 57.3747 25
    endloop
  endfacet
  facet normal 0.896754 0.44253 0
    outer loop
      vertex 69.8147 57.3747 17
      vertex 69.8639 57.275 25
      vertex 69.8639 57.275 17
    endloop
  endfacet
  facet normal -0.195079 0.980788 0
    outer loop
      vertex 70.82 56.879 17
      vertex 70.7109 56.8573 25
      vertex 70.82 56.879 25
    endloop
  endfacet
  facet normal -0.195079 0.980788 0
    outer loop
      vertex 70.7109 56.8573 25
      vertex 70.82 56.879 17
      vertex 70.7109 56.8573 17
    endloop
  endfacet
  facet normal -0.555945 0.831219 0
    outer loop
      vertex 71.1174 57.0257 17
      vertex 71.025 56.9639 25
      vertex 71.1174 57.0257 25
    endloop
  endfacet
  facet normal -0.555945 0.831219 0
    outer loop
      vertex 71.025 56.9639 25
      vertex 71.1174 57.0257 17
      vertex 71.025 56.9639 17
    endloop
  endfacet
  facet normal 0.947052 0.32108 0
    outer loop
      vertex 69.8147 57.3747 25
      vertex 69.779 57.48 17
      vertex 69.779 57.48 25
    endloop
  endfacet
  facet normal 0.947052 0.32108 0
    outer loop
      vertex 69.779 57.48 17
      vertex 69.8147 57.3747 25
      vertex 69.8147 57.3747 17
    endloop
  endfacet
  facet normal 0.195079 0.980788 -0
    outer loop
      vertex 70.4891 56.8573 17
      vertex 70.38 56.879 25
      vertex 70.4891 56.8573 25
    endloop
  endfacet
  facet normal 0.195079 0.980788 0
    outer loop
      vertex 70.38 56.879 25
      vertex 70.4891 56.8573 17
      vertex 70.38 56.879 17
    endloop
  endfacet
  facet normal -0.997841 0.0656829 0
    outer loop
      vertex 71.4427 57.5891 17
      vertex 71.45 57.7 25
      vertex 71.45 57.7 17
    endloop
  endfacet
  facet normal -0.997841 0.0656829 0
    outer loop
      vertex 71.45 57.7 25
      vertex 71.4427 57.5891 17
      vertex 71.4427 57.5891 25
    endloop
  endfacet
  facet normal -0.659776 -0.751462 0
    outer loop
      vertex 71.1174 58.3744 17
      vertex 71.201 58.301 25
      vertex 71.1174 58.3744 25
    endloop
  endfacet
  facet normal -0.659776 -0.751462 -0
    outer loop
      vertex 71.201 58.301 25
      vertex 71.1174 58.3744 17
      vertex 71.201 58.301 17
    endloop
  endfacet
  facet normal -0.831635 -0.555323 0
    outer loop
      vertex 71.3361 58.125 17
      vertex 71.2744 58.2174 25
      vertex 71.2744 58.2174 17
    endloop
  endfacet
  facet normal -0.831635 -0.555323 0
    outer loop
      vertex 71.2744 58.2174 25
      vertex 71.3361 58.125 17
      vertex 71.3361 58.125 25
    endloop
  endfacet
  facet normal -0.0656829 -0.997841 0
    outer loop
      vertex 70.6 58.55 17
      vertex 70.7109 58.5427 25
      vertex 70.6 58.55 25
    endloop
  endfacet
  facet normal -0.0656829 -0.997841 -0
    outer loop
      vertex 70.7109 58.5427 25
      vertex 70.6 58.55 17
      vertex 70.7109 58.5427 17
    endloop
  endfacet
  facet normal 0.0656829 -0.997841 0
    outer loop
      vertex 70.4891 58.5427 17
      vertex 70.6 58.55 25
      vertex 70.4891 58.5427 25
    endloop
  endfacet
  facet normal 0.0656829 -0.997841 0
    outer loop
      vertex 70.6 58.55 25
      vertex 70.4891 58.5427 17
      vertex 70.6 58.55 17
    endloop
  endfacet
  facet normal -0.44253 -0.896754 0
    outer loop
      vertex 70.9253 58.4853 17
      vertex 71.025 58.4361 25
      vertex 70.9253 58.4853 25
    endloop
  endfacet
  facet normal -0.44253 -0.896754 -0
    outer loop
      vertex 71.025 58.4361 25
      vertex 70.9253 58.4853 17
      vertex 71.025 58.4361 17
    endloop
  endfacet
  facet normal 0.751908 0.659268 0
    outer loop
      vertex 69.999 57.099 25
      vertex 69.9257 57.1826 17
      vertex 69.9257 57.1826 25
    endloop
  endfacet
  facet normal 0.751908 0.659268 0
    outer loop
      vertex 69.9257 57.1826 17
      vertex 69.999 57.099 25
      vertex 69.999 57.099 17
    endloop
  endfacet
  facet normal 0.980788 -0.195079 0
    outer loop
      vertex 69.7573 57.8109 25
      vertex 69.779 57.92 17
      vertex 69.779 57.92 25
    endloop
  endfacet
  facet normal 0.980788 -0.195079 0
    outer loop
      vertex 69.779 57.92 17
      vertex 69.7573 57.8109 25
      vertex 69.7573 57.8109 17
    endloop
  endfacet
  facet normal -0.32108 0.947052 0
    outer loop
      vertex 70.9253 56.9147 17
      vertex 70.82 56.879 25
      vertex 70.9253 56.9147 25
    endloop
  endfacet
  facet normal -0.32108 0.947052 0
    outer loop
      vertex 70.82 56.879 25
      vertex 70.9253 56.9147 17
      vertex 70.82 56.879 17
    endloop
  endfacet
  facet normal -0.896754 -0.44253 0
    outer loop
      vertex 71.3853 58.0253 17
      vertex 71.3361 58.125 25
      vertex 71.3361 58.125 17
    endloop
  endfacet
  facet normal -0.896754 -0.44253 0
    outer loop
      vertex 71.3361 58.125 25
      vertex 71.3853 58.0253 17
      vertex 71.3853 58.0253 25
    endloop
  endfacet
  facet normal 0.44253 0.896754 -0
    outer loop
      vertex 70.2747 56.9147 17
      vertex 70.175 56.9639 25
      vertex 70.2747 56.9147 25
    endloop
  endfacet
  facet normal 0.44253 0.896754 0
    outer loop
      vertex 70.175 56.9639 25
      vertex 70.2747 56.9147 17
      vertex 70.175 56.9639 17
    endloop
  endfacet
  facet normal 0.831219 -0.555945 0
    outer loop
      vertex 69.8639 58.125 25
      vertex 69.9257 58.2174 17
      vertex 69.9257 58.2174 25
    endloop
  endfacet
  facet normal 0.831219 -0.555945 0
    outer loop
      vertex 69.9257 58.2174 17
      vertex 69.8639 58.125 25
      vertex 69.8639 58.125 17
    endloop
  endfacet
  facet normal -0.555323 -0.831635 0
    outer loop
      vertex 71.025 58.4361 17
      vertex 71.1174 58.3744 25
      vertex 71.025 58.4361 25
    endloop
  endfacet
  facet normal -0.555323 -0.831635 -0
    outer loop
      vertex 71.1174 58.3744 25
      vertex 71.025 58.4361 17
      vertex 71.1174 58.3744 17
    endloop
  endfacet
  facet normal -0.896754 0.44253 0
    outer loop
      vertex 71.3361 57.275 17
      vertex 71.3853 57.3747 25
      vertex 71.3853 57.3747 17
    endloop
  endfacet
  facet normal -0.896754 0.44253 0
    outer loop
      vertex 71.3853 57.3747 25
      vertex 71.3361 57.275 17
      vertex 71.3361 57.275 25
    endloop
  endfacet
  facet normal 0.980788 0.195079 0
    outer loop
      vertex 69.779 57.48 25
      vertex 69.7573 57.5891 17
      vertex 69.7573 57.5891 25
    endloop
  endfacet
  facet normal 0.980788 0.195079 0
    outer loop
      vertex 69.7573 57.5891 17
      vertex 69.779 57.48 25
      vertex 69.779 57.48 17
    endloop
  endfacet
  facet normal -0.947052 0.32108 0
    outer loop
      vertex 71.3853 57.3747 17
      vertex 71.421 57.48 25
      vertex 71.421 57.48 17
    endloop
  endfacet
  facet normal -0.947052 0.32108 0
    outer loop
      vertex 71.421 57.48 25
      vertex 71.3853 57.3747 17
      vertex 71.3853 57.3747 25
    endloop
  endfacet
  facet normal 0.947052 -0.32108 0
    outer loop
      vertex 69.779 57.92 25
      vertex 69.8147 58.0253 17
      vertex 69.8147 58.0253 25
    endloop
  endfacet
  facet normal 0.947052 -0.32108 0
    outer loop
      vertex 69.8147 58.0253 17
      vertex 69.779 57.92 25
      vertex 69.779 57.92 17
    endloop
  endfacet
  facet normal -0.751462 -0.659776 0
    outer loop
      vertex 71.2744 58.2174 17
      vertex 71.201 58.301 25
      vertex 71.201 58.301 17
    endloop
  endfacet
  facet normal -0.751462 -0.659776 0
    outer loop
      vertex 71.201 58.301 25
      vertex 71.2744 58.2174 17
      vertex 71.2744 58.2174 25
    endloop
  endfacet
  facet normal -0.947052 -0.32108 0
    outer loop
      vertex 71.421 57.92 17
      vertex 71.3853 58.0253 25
      vertex 71.3853 58.0253 17
    endloop
  endfacet
  facet normal -0.947052 -0.32108 0
    outer loop
      vertex 71.3853 58.0253 25
      vertex 71.421 57.92 17
      vertex 71.421 57.92 25
    endloop
  endfacet
  facet normal 0.831219 0.555945 0
    outer loop
      vertex 69.9257 57.1826 25
      vertex 69.8639 57.275 17
      vertex 69.8639 57.275 25
    endloop
  endfacet
  facet normal 0.831219 0.555945 0
    outer loop
      vertex 69.8639 57.275 17
      vertex 69.9257 57.1826 25
      vertex 69.9257 57.1826 17
    endloop
  endfacet
  facet normal 0.195079 -0.980788 0
    outer loop
      vertex 70.38 58.521 17
      vertex 70.4891 58.5427 25
      vertex 70.38 58.521 25
    endloop
  endfacet
  facet normal 0.195079 -0.980788 0
    outer loop
      vertex 70.4891 58.5427 25
      vertex 70.38 58.521 17
      vertex 70.4891 58.5427 17
    endloop
  endfacet
  facet normal 0.997841 0.0656829 0
    outer loop
      vertex 69.7573 57.5891 25
      vertex 69.75 57.7 17
      vertex 69.75 57.7 25
    endloop
  endfacet
  facet normal 0.997841 0.0656829 0
    outer loop
      vertex 69.75 57.7 17
      vertex 69.7573 57.5891 25
      vertex 69.7573 57.5891 17
    endloop
  endfacet
  facet normal 0.32108 0.947052 -0
    outer loop
      vertex 70.38 56.879 17
      vertex 70.2747 56.9147 25
      vertex 70.38 56.879 25
    endloop
  endfacet
  facet normal 0.32108 0.947052 0
    outer loop
      vertex 70.2747 56.9147 25
      vertex 70.38 56.879 17
      vertex 70.2747 56.9147 17
    endloop
  endfacet
  facet normal 0 0 1
    outer loop
      vertex 71.4427 57.8109 17
      vertex 71.4427 57.5891 17
      vertex 71.45 57.7 17
    endloop
  endfacet
  facet normal 0 0 1
    outer loop
      vertex 71.421 57.92 17
      vertex 71.4427 57.5891 17
      vertex 71.4427 57.8109 17
    endloop
  endfacet
  facet normal 0 0 1
    outer loop
      vertex 71.421 57.92 17
      vertex 71.421 57.48 17
      vertex 71.4427 57.5891 17
    endloop
  endfacet
  facet normal 0 0 1
    outer loop
      vertex 71.3853 58.0253 17
      vertex 71.421 57.48 17
      vertex 71.421 57.92 17
    endloop
  endfacet
  facet normal 0 0 1
    outer loop
      vertex 71.3853 58.0253 17
      vertex 71.3853 57.3747 17
      vertex 71.421 57.48 17
    endloop
  endfacet
  facet normal 0 0 1
    outer loop
      vertex 71.3361 58.125 17
      vertex 71.3853 57.3747 17
      vertex 71.3853 58.0253 17
    endloop
  endfacet
  facet normal 0 0 1
    outer loop
      vertex 71.3361 58.125 17
      vertex 71.3361 57.275 17
      vertex 71.3853 57.3747 17
    endloop
  endfacet
  facet normal 0 0 1
    outer loop
      vertex 71.2744 58.2174 17
      vertex 71.3361 57.275 17
      vertex 71.3361 58.125 17
    endloop
  endfacet
  facet normal 0 0 1
    outer loop
      vertex 71.2744 58.2174 17
      vertex 71.2744 57.1826 17
      vertex 71.3361 57.275 17
    endloop
  endfacet
  facet normal 0 0 1
    outer loop
      vertex 71.201 58.301 17
      vertex 71.2744 57.1826 17
      vertex 71.2744 58.2174 17
    endloop
  endfacet
  facet normal 0 0 1
    outer loop
      vertex 71.201 58.301 17
      vertex 71.201 57.099 17
      vertex 71.2744 57.1826 17
    endloop
  endfacet
  facet normal 0 0 1
    outer loop
      vertex 71.1174 58.3744 17
      vertex 71.201 57.099 17
      vertex 71.201 58.301 17
    endloop
  endfacet
  facet normal 0 0 1
    outer loop
      vertex 71.1174 58.3744 17
      vertex 71.1174 57.0257 17
      vertex 71.201 57.099 17
    endloop
  endfacet
  facet normal 0 0 1
    outer loop
      vertex 71.025 58.4361 17
      vertex 71.1174 57.0257 17
      vertex 71.1174 58.3744 17
    endloop
  endfacet
  facet normal 0 0 1
    outer loop
      vertex 71.025 58.4361 17
      vertex 71.025 56.9639 17
      vertex 71.1174 57.0257 17
    endloop
  endfacet
  facet normal 0 0 1
    outer loop
      vertex 70.9253 58.4853 17
      vertex 71.025 56.9639 17
      vertex 71.025 58.4361 17
    endloop
  endfacet
  facet normal 0 0 1
    outer loop
      vertex 70.9253 58.4853 17
      vertex 70.9253 56.9147 17
      vertex 71.025 56.9639 17
    endloop
  endfacet
  facet normal 0 0 1
    outer loop
      vertex 70.82 58.521 17
      vertex 70.9253 56.9147 17
      vertex 70.9253 58.4853 17
    endloop
  endfacet
  facet normal 0 0 1
    outer loop
      vertex 70.82 58.521 17
      vertex 70.82 56.879 17
      vertex 70.9253 56.9147 17
    endloop
  endfacet
  facet normal 0 0 1
    outer loop
      vertex 70.7109 58.5427 17
      vertex 70.82 56.879 17
      vertex 70.82 58.521 17
    endloop
  endfacet
  facet normal 0 0 1
    outer loop
      vertex 70.7109 58.5427 17
      vertex 70.7109 56.8573 17
      vertex 70.82 56.879 17
    endloop
  endfacet
  facet normal 0 0 1
    outer loop
      vertex 70.6 58.55 17
      vertex 70.7109 56.8573 17
      vertex 70.7109 58.5427 17
    endloop
  endfacet
  facet normal 0 0 1
    outer loop
      vertex 70.6 58.55 17
      vertex 70.6 56.85 17
      vertex 70.7109 56.8573 17
    endloop
  endfacet
  facet normal -0 0 1
    outer loop
      vertex 70.4891 58.5427 17
      vertex 70.6 56.85 17
      vertex 70.6 58.55 17
    endloop
  endfacet
  facet normal 0 0 1
    outer loop
      vertex 70.4891 58.5427 17
      vertex 70.4891 56.8573 17
      vertex 70.6 56.85 17
    endloop
  endfacet
  facet normal -0 0 1
    outer loop
      vertex 70.38 58.521 17
      vertex 70.4891 56.8573 17
      vertex 70.4891 58.5427 17
    endloop
  endfacet
  facet normal 0 0 1
    outer loop
      vertex 70.38 58.521 17
      vertex 70.38 56.879 17
      vertex 70.4891 56.8573 17
    endloop
  endfacet
  facet normal -0 0 1
    outer loop
      vertex 70.2747 58.4853 17
      vertex 70.38 56.879 17
      vertex 70.38 58.521 17
    endloop
  endfacet
  facet normal 0 0 1
    outer loop
      vertex 70.2747 58.4853 17
      vertex 70.2747 56.9147 17
      vertex 70.38 56.879 17
    endloop
  endfacet
  facet normal -0 0 1
    outer loop
      vertex 70.175 58.4361 17
      vertex 70.2747 56.9147 17
      vertex 70.2747 58.4853 17
    endloop
  endfacet
  facet normal 0 0 1
    outer loop
      vertex 70.175 58.4361 17
      vertex 70.175 56.9639 17
      vertex 70.2747 56.9147 17
    endloop
  endfacet
  facet normal -0 0 1
    outer loop
      vertex 70.0826 58.3744 17
      vertex 70.175 56.9639 17
      vertex 70.175 58.4361 17
    endloop
  endfacet
  facet normal 0 0 1
    outer loop
      vertex 70.0826 58.3744 17
      vertex 70.0826 57.0257 17
      vertex 70.175 56.9639 17
    endloop
  endfacet
  facet normal -0 0 1
    outer loop
      vertex 69.999 58.301 17
      vertex 70.0826 57.0257 17
      vertex 70.0826 58.3744 17
    endloop
  endfacet
  facet normal 0 0 1
    outer loop
      vertex 69.999 58.301 17
      vertex 69.999 57.099 17
      vertex 70.0826 57.0257 17
    endloop
  endfacet
  facet normal -0 0 1
    outer loop
      vertex 69.9257 58.2174 17
      vertex 69.999 57.099 17
      vertex 69.999 58.301 17
    endloop
  endfacet
  facet normal 0 0 1
    outer loop
      vertex 69.9257 58.2174 17
      vertex 69.9257 57.1826 17
      vertex 69.999 57.099 17
    endloop
  endfacet
  facet normal -0 0 1
    outer loop
      vertex 69.8639 58.125 17
      vertex 69.9257 57.1826 17
      vertex 69.9257 58.2174 17
    endloop
  endfacet
  facet normal 0 0 1
    outer loop
      vertex 69.8639 58.125 17
      vertex 69.8639 57.275 17
      vertex 69.9257 57.1826 17
    endloop
  endfacet
  facet normal -0 0 1
    outer loop
      vertex 69.8147 58.0253 17
      vertex 69.8639 57.275 17
      vertex 69.8639 58.125 17
    endloop
  endfacet
  facet normal 0 0 1
    outer loop
      vertex 69.8147 58.0253 17
      vertex 69.8147 57.3747 17
      vertex 69.8639 57.275 17
    endloop
  endfacet
  facet normal -0 0 1
    outer loop
      vertex 69.779 57.92 17
      vertex 69.8147 57.3747 17
      vertex 69.8147 58.0253 17
    endloop
  endfacet
  facet normal 0 0 1
    outer loop
      vertex 69.779 57.92 17
      vertex 69.779 57.48 17
      vertex 69.8147 57.3747 17
    endloop
  endfacet
  facet normal -0 0 1
    outer loop
      vertex 69.7573 57.8109 17
      vertex 69.779 57.48 17
      vertex 69.779 57.92 17
    endloop
  endfacet
  facet normal 0 0 1
    outer loop
      vertex 69.7573 57.8109 17
      vertex 69.7573 57.5891 17
      vertex 69.779 57.48 17
    endloop
  endfacet
  facet normal 0 -0 1
    outer loop
      vertex 69.7573 57.5891 17
      vertex 69.7573 57.8109 17
      vertex 69.75 57.7 17
    endloop
  endfacet
  facet normal 0.0656829 0.997841 -0
    outer loop
      vertex 70.6 56.85 17
      vertex 70.4891 56.8573 25
      vertex 70.6 56.85 25
    endloop
  endfacet
  facet normal 0.0656829 0.997841 0
    outer loop
      vertex 70.4891 56.8573 25
      vertex 70.6 56.85 17
      vertex 70.4891 56.8573 17
    endloop
  endfacet
  facet normal -0.0656829 0.997841 0
    outer loop
      vertex 70.7109 56.8573 17
      vertex 70.6 56.85 25
      vertex 70.7109 56.8573 25
    endloop
  endfacet
  facet normal -0.0656829 0.997841 0
    outer loop
      vertex 70.6 56.85 25
      vertex 70.7109 56.8573 17
      vertex 70.6 56.85 17
    endloop
  endfacet
  facet normal -0.659268 0.751908 0
    outer loop
      vertex 71.201 57.099 17
      vertex 71.1174 57.0257 25
      vertex 71.201 57.099 25
    endloop
  endfacet
  facet normal -0.659268 0.751908 0
    outer loop
      vertex 71.1174 57.0257 25
      vertex 71.201 57.099 17
      vertex 71.1174 57.0257 17
    endloop
  endfacet
  facet normal 0 -0.321444 0.946929
    outer loop
      vertex 73.6 15.7029 9.88874
      vertex 75.6 15.1517 9.70163
      vertex 75.6 15.7029 9.88874
    endloop
  endfacet
  facet normal 0 -0.321444 0.946929
    outer loop
      vertex 75.6 15.1517 9.70163
      vertex 73.6 15.7029 9.88874
      vertex 73.6 15.1517 9.70163
    endloop
  endfacet
  facet normal 0 -0.321428 -0.946934
    outer loop
      vertex 73.6 15.1517 18.2984
      vertex 75.6 15.7029 18.1113
      vertex 75.6 15.1517 18.2984
    endloop
  endfacet
  facet normal -0 -0.321428 -0.946934
    outer loop
      vertex 75.6 15.7029 18.1113
      vertex 73.6 15.1517 18.2984
      vertex 73.6 15.7029 18.1113
    endloop
  endfacet
  facet normal -0 0.555572 0.831468
    outer loop
      vertex 73.6 11.775 10.1462
      vertex 75.6 11.291 10.4696
      vertex 75.6 11.775 10.1462
    endloop
  endfacet
  facet normal 0 0.555572 0.831468
    outer loop
      vertex 75.6 11.291 10.4696
      vertex 73.6 11.775 10.1462
      vertex 73.6 11.291 10.4696
    endloop
  endfacet
  facet normal 0 -0.896857 0.44232
    outer loop
      vertex 73.6 17.8538 11.775
      vertex 75.6 18.1 12.2742
      vertex 73.6 18.1 12.2742
    endloop
  endfacet
  facet normal 0 -0.896857 0.44232
    outer loop
      vertex 75.6 18.1 12.2742
      vertex 73.6 17.8538 11.775
      vertex 75.6 17.8538 11.775
    endloop
  endfacet
  facet normal 0 -0.65938 -0.75181
    outer loop
      vertex 73.6 16.709 17.5304
      vertex 75.6 17.1466 17.1466
      vertex 75.6 16.709 17.5304
    endloop
  endfacet
  facet normal -0 -0.65938 -0.75181
    outer loop
      vertex 75.6 17.1466 17.1466
      vertex 73.6 16.709 17.5304
      vertex 73.6 17.1466 17.1466
    endloop
  endfacet
  facet normal 0 -0.75181 0.65938
    outer loop
      vertex 73.6 17.1466 10.8534
      vertex 75.6 17.5304 11.291
      vertex 73.6 17.5304 11.291
    endloop
  endfacet
  facet normal 0 -0.75181 0.65938
    outer loop
      vertex 75.6 17.5304 11.291
      vertex 73.6 17.1466 10.8534
      vertex 75.6 17.1466 10.8534
    endloop
  endfacet
  facet normal 0 -0.0654072 0.997859
    outer loop
      vertex 73.6 14.5808 9.58807
      vertex 75.6 14 9.55
      vertex 75.6 14.5808 9.58807
    endloop
  endfacet
  facet normal 0 -0.0654072 0.997859
    outer loop
      vertex 75.6 14 9.55
      vertex 73.6 14.5808 9.58807
      vertex 73.6 14 9.55
    endloop
  endfacet
  facet normal 0 0.65938 -0.75181
    outer loop
      vertex 73.6 10.8534 17.1466
      vertex 75.6 11.291 17.5304
      vertex 75.6 10.8534 17.1466
    endloop
  endfacet
  facet normal 0 0.65938 -0.75181
    outer loop
      vertex 75.6 11.291 17.5304
      vertex 73.6 10.8534 17.1466
      vertex 73.6 11.291 17.5304
    endloop
  endfacet
  facet normal 0 -0.555572 0.831468
    outer loop
      vertex 73.6 16.709 10.4696
      vertex 75.6 16.225 10.1462
      vertex 75.6 16.709 10.4696
    endloop
  endfacet
  facet normal 0 -0.555572 0.831468
    outer loop
      vertex 75.6 16.225 10.1462
      vertex 73.6 16.709 10.4696
      vertex 73.6 16.225 10.1462
    endloop
  endfacet
  facet normal 0 -0.442273 0.89688
    outer loop
      vertex 73.6 16.225 10.1462
      vertex 75.6 15.7029 9.88874
      vertex 75.6 16.225 10.1462
    endloop
  endfacet
  facet normal 0 -0.442273 0.89688
    outer loop
      vertex 75.6 15.7029 9.88874
      vertex 73.6 16.225 10.1462
      vertex 73.6 15.7029 9.88874
    endloop
  endfacet
  facet normal 0 0.75181 -0.65938
    outer loop
      vertex 75.6 10.4696 16.709
      vertex 73.6 10.8534 17.1466
      vertex 75.6 10.8534 17.1466
    endloop
  endfacet
  facet normal 0 0.75181 -0.65938
    outer loop
      vertex 73.6 10.8534 17.1466
      vertex 75.6 10.4696 16.709
      vertex 73.6 10.4696 16.709
    endloop
  endfacet
  facet normal 0 0.896857 0.44232
    outer loop
      vertex 75.6 10.1462 11.775
      vertex 73.6 9.9 12.2742
      vertex 75.6 9.9 12.2742
    endloop
  endfacet
  facet normal 0 0.896857 0.44232
    outer loop
      vertex 73.6 9.9 12.2742
      vertex 75.6 10.1462 11.775
      vertex 73.6 10.1462 11.775
    endloop
  endfacet
  facet normal 0 -0.0654585 -0.997855
    outer loop
      vertex 73.6 14 18.45
      vertex 75.6 14.5808 18.4119
      vertex 75.6 14 18.45
    endloop
  endfacet
  facet normal -0 -0.0654585 -0.997855
    outer loop
      vertex 75.6 14.5808 18.4119
      vertex 73.6 14 18.45
      vertex 73.6 14.5808 18.4119
    endloop
  endfacet
  facet normal -0 0.442273 0.89688
    outer loop
      vertex 73.6 12.2971 9.88874
      vertex 75.6 11.775 10.1462
      vertex 75.6 12.2971 9.88874
    endloop
  endfacet
  facet normal 0 0.442273 0.89688
    outer loop
      vertex 75.6 11.775 10.1462
      vertex 73.6 12.2971 9.88874
      vertex 73.6 11.775 10.1462
    endloop
  endfacet
  facet normal 0 0.321428 -0.946934
    outer loop
      vertex 73.6 12.2971 18.1113
      vertex 75.6 12.8483 18.2984
      vertex 75.6 12.2971 18.1113
    endloop
  endfacet
  facet normal 0 0.321428 -0.946934
    outer loop
      vertex 75.6 12.8483 18.2984
      vertex 73.6 12.2971 18.1113
      vertex 73.6 12.8483 18.2984
    endloop
  endfacet
  facet normal 0 -0.896857 -0.44232
    outer loop
      vertex 73.6 18.1 15.7258
      vertex 75.6 17.8538 16.225
      vertex 73.6 17.8538 16.225
    endloop
  endfacet
  facet normal 0 -0.896857 -0.44232
    outer loop
      vertex 75.6 17.8538 16.225
      vertex 73.6 18.1 15.7258
      vertex 75.6 18.1 15.7258
    endloop
  endfacet
  facet normal 0 -0.442328 -0.896853
    outer loop
      vertex 73.6 15.7029 18.1113
      vertex 75.6 16.225 17.8538
      vertex 75.6 15.7029 18.1113
    endloop
  endfacet
  facet normal -0 -0.442328 -0.896853
    outer loop
      vertex 75.6 16.225 17.8538
      vertex 73.6 15.7029 18.1113
      vertex 73.6 16.225 17.8538
    endloop
  endfacet
  facet normal -0 0.321444 0.946929
    outer loop
      vertex 73.6 12.8483 9.70163
      vertex 75.6 12.2971 9.88874
      vertex 75.6 12.8483 9.70163
    endloop
  endfacet
  facet normal 0 0.321444 0.946929
    outer loop
      vertex 75.6 12.2971 9.88874
      vertex 73.6 12.8483 9.70163
      vertex 73.6 12.2971 9.88874
    endloop
  endfacet
  facet normal 0 -0.831468 0.555572
    outer loop
      vertex 73.6 17.5304 11.291
      vertex 75.6 17.8538 11.775
      vertex 73.6 17.8538 11.775
    endloop
  endfacet
  facet normal 0 -0.831468 0.555572
    outer loop
      vertex 75.6 17.8538 11.775
      vertex 73.6 17.5304 11.291
      vertex 75.6 17.5304 11.291
    endloop
  endfacet
  facet normal -0 0.0654072 0.997859
    outer loop
      vertex 73.6 14 9.55
      vertex 75.6 13.4192 9.58807
      vertex 75.6 14 9.55
    endloop
  endfacet
  facet normal 0 0.0654072 0.997859
    outer loop
      vertex 75.6 13.4192 9.58807
      vertex 73.6 14 9.55
      vertex 73.6 13.4192 9.58807
    endloop
  endfacet
  facet normal 0 -0.831468 -0.555572
    outer loop
      vertex 73.6 17.8538 16.225
      vertex 75.6 17.5304 16.709
      vertex 73.6 17.5304 16.709
    endloop
  endfacet
  facet normal 0 -0.831468 -0.555572
    outer loop
      vertex 75.6 17.5304 16.709
      vertex 73.6 17.8538 16.225
      vertex 75.6 17.8538 16.225
    endloop
  endfacet
  facet normal 0 0.0654585 -0.997855
    outer loop
      vertex 73.6 13.4192 18.4119
      vertex 75.6 14 18.45
      vertex 75.6 13.4192 18.4119
    endloop
  endfacet
  facet normal 0 0.0654585 -0.997855
    outer loop
      vertex 75.6 14 18.45
      vertex 73.6 13.4192 18.4119
      vertex 73.6 14 18.45
    endloop
  endfacet
  facet normal 0 0.831468 0.555572
    outer loop
      vertex 75.6 10.4696 11.291
      vertex 73.6 10.1462 11.775
      vertex 75.6 10.1462 11.775
    endloop
  endfacet
  facet normal 0 0.831468 0.555572
    outer loop
      vertex 73.6 10.1462 11.775
      vertex 75.6 10.4696 11.291
      vertex 73.6 10.4696 11.291
    endloop
  endfacet
  facet normal 0 -0.75181 -0.65938
    outer loop
      vertex 73.6 17.5304 16.709
      vertex 75.6 17.1466 17.1466
      vertex 73.6 17.1466 17.1466
    endloop
  endfacet
  facet normal 0 -0.75181 -0.65938
    outer loop
      vertex 75.6 17.1466 17.1466
      vertex 73.6 17.5304 16.709
      vertex 75.6 17.5304 16.709
    endloop
  endfacet
  facet normal 0 -0.195092 0.980785
    outer loop
      vertex 73.6 15.1517 9.70163
      vertex 75.6 14.5808 9.58807
      vertex 75.6 15.1517 9.70163
    endloop
  endfacet
  facet normal 0 -0.195092 0.980785
    outer loop
      vertex 75.6 14.5808 9.58807
      vertex 73.6 15.1517 9.70163
      vertex 73.6 14.5808 9.58807
    endloop
  endfacet
  facet normal 0 0.194993 -0.980805
    outer loop
      vertex 73.6 12.8483 18.2984
      vertex 75.6 13.4192 18.4119
      vertex 75.6 12.8483 18.2984
    endloop
  endfacet
  facet normal 0 0.194993 -0.980805
    outer loop
      vertex 75.6 13.4192 18.4119
      vertex 73.6 12.8483 18.2984
      vertex 73.6 13.4192 18.4119
    endloop
  endfacet
  facet normal -0 0.195092 0.980785
    outer loop
      vertex 73.6 13.4192 9.58807
      vertex 75.6 12.8483 9.70163
      vertex 75.6 13.4192 9.58807
    endloop
  endfacet
  facet normal 0 0.195092 0.980785
    outer loop
      vertex 75.6 12.8483 9.70163
      vertex 73.6 13.4192 9.58807
      vertex 73.6 12.8483 9.70163
    endloop
  endfacet
  facet normal 0 0.442328 -0.896853
    outer loop
      vertex 73.6 11.775 17.8538
      vertex 75.6 12.2971 18.1113
      vertex 75.6 11.775 17.8538
    endloop
  endfacet
  facet normal 0 0.442328 -0.896853
    outer loop
      vertex 75.6 12.2971 18.1113
      vertex 73.6 11.775 17.8538
      vertex 73.6 12.2971 18.1113
    endloop
  endfacet
  facet normal 0 0.555572 -0.831468
    outer loop
      vertex 73.6 11.291 17.5304
      vertex 75.6 11.775 17.8538
      vertex 75.6 11.291 17.5304
    endloop
  endfacet
  facet normal 0 0.555572 -0.831468
    outer loop
      vertex 75.6 11.775 17.8538
      vertex 73.6 11.291 17.5304
      vertex 73.6 11.775 17.8538
    endloop
  endfacet
  facet normal -0 0.65938 0.75181
    outer loop
      vertex 73.6 11.291 10.4696
      vertex 75.6 10.8534 10.8534
      vertex 75.6 11.291 10.4696
    endloop
  endfacet
  facet normal 0 0.65938 0.75181
    outer loop
      vertex 75.6 10.8534 10.8534
      vertex 73.6 11.291 10.4696
      vertex 73.6 10.8534 10.8534
    endloop
  endfacet
  facet normal 0 0.896857 -0.44232
    outer loop
      vertex 75.6 9.9 15.7258
      vertex 73.6 10.1462 16.225
      vertex 75.6 10.1462 16.225
    endloop
  endfacet
  facet normal 0 0.896857 -0.44232
    outer loop
      vertex 73.6 10.1462 16.225
      vertex 75.6 9.9 15.7258
      vertex 73.6 9.9 15.7258
    endloop
  endfacet
  facet normal 0 -0.65938 0.75181
    outer loop
      vertex 73.6 17.1466 10.8534
      vertex 75.6 16.709 10.4696
      vertex 75.6 17.1466 10.8534
    endloop
  endfacet
  facet normal 0 -0.65938 0.75181
    outer loop
      vertex 75.6 16.709 10.4696
      vertex 73.6 17.1466 10.8534
      vertex 73.6 16.709 10.4696
    endloop
  endfacet
  facet normal 0 -0.555572 -0.831468
    outer loop
      vertex 73.6 16.225 17.8538
      vertex 75.6 16.709 17.5304
      vertex 75.6 16.225 17.8538
    endloop
  endfacet
  facet normal -0 -0.555572 -0.831468
    outer loop
      vertex 75.6 16.709 17.5304
      vertex 73.6 16.225 17.8538
      vertex 73.6 16.709 17.5304
    endloop
  endfacet
  facet normal 0 0.831468 -0.555572
    outer loop
      vertex 75.6 10.1462 16.225
      vertex 73.6 10.4696 16.709
      vertex 75.6 10.4696 16.709
    endloop
  endfacet
  facet normal 0 0.831468 -0.555572
    outer loop
      vertex 73.6 10.4696 16.709
      vertex 75.6 10.1462 16.225
      vertex 73.6 10.1462 16.225
    endloop
  endfacet
  facet normal 0 -0.194993 -0.980805
    outer loop
      vertex 73.6 14.5808 18.4119
      vertex 75.6 15.1517 18.2984
      vertex 75.6 14.5808 18.4119
    endloop
  endfacet
  facet normal -0 -0.194993 -0.980805
    outer loop
      vertex 75.6 15.1517 18.2984
      vertex 73.6 14.5808 18.4119
      vertex 73.6 15.1517 18.2984
    endloop
  endfacet
  facet normal 0 0.75181 0.65938
    outer loop
      vertex 75.6 10.8534 10.8534
      vertex 73.6 10.4696 11.291
      vertex 75.6 10.4696 11.291
    endloop
  endfacet
  facet normal 0 0.75181 0.65938
    outer loop
      vertex 73.6 10.4696 11.291
      vertex 75.6 10.8534 10.8534
      vertex 73.6 10.8534 10.8534
    endloop
  endfacet
  facet normal 0 -1 0
    outer loop
      vertex 73.6 18.1 12.2742
      vertex 75.6 18.1 15.7258
      vertex 73.6 18.1 15.7258
    endloop
  endfacet
  facet normal 0 -1 -0
    outer loop
      vertex 75.6 18.1 15.7258
      vertex 73.6 18.1 12.2742
      vertex 75.6 18.1 12.2742
    endloop
  endfacet
  facet normal 0 1 -0
    outer loop
      vertex 75.6 9.9 12.2742
      vertex 73.6 9.9 15.7258
      vertex 75.6 9.9 15.7258
    endloop
  endfacet
  facet normal 0 1 0
    outer loop
      vertex 73.6 9.9 15.7258
      vertex 75.6 9.9 12.2742
      vertex 73.6 9.9 12.2742
    endloop
  endfacet
  facet normal 0 0.751818 -0.65937
    outer loop
      vertex 75.6 36.2716 10.9785
      vertex 73.6 36.5519 11.2981
      vertex 75.6 36.5519 11.2981
    endloop
  endfacet
  facet normal 0 0.751818 -0.65937
    outer loop
      vertex 73.6 36.5519 11.2981
      vertex 75.6 36.2716 10.9785
      vertex 73.6 36.2716 10.9785
    endloop
  endfacet
  facet normal 0 -0.555568 -0.831471
    outer loop
      vertex 73.6 40.475 11.8146
      vertex 75.6 40.8285 11.5784
      vertex 75.6 40.475 11.8146
    endloop
  endfacet
  facet normal -0 -0.555568 -0.831471
    outer loop
      vertex 75.6 40.8285 11.5784
      vertex 73.6 40.475 11.8146
      vertex 73.6 40.8285 11.5784
    endloop
  endfacet
  facet normal 0 -0.751818 -0.65937
    outer loop
      vertex 73.6 41.4284 10.9785
      vertex 75.6 41.1481 11.2981
      vertex 73.6 41.1481 11.2981
    endloop
  endfacet
  facet normal 0 -0.751818 -0.65937
    outer loop
      vertex 75.6 41.1481 11.2981
      vertex 73.6 41.4284 10.9785
      vertex 75.6 41.4284 10.9785
    endloop
  endfacet
  facet normal 0 -0.896907 -0.44222
    outer loop
      vertex 73.6 41.8526 10.2437
      vertex 75.6 41.6646 10.625
      vertex 73.6 41.6646 10.625
    endloop
  endfacet
  facet normal 0 -0.896907 -0.44222
    outer loop
      vertex 75.6 41.6646 10.625
      vertex 73.6 41.8526 10.2437
      vertex 75.6 41.8526 10.2437
    endloop
  endfacet
  facet normal 0 0.980802 -0.195008
    outer loop
      vertex 75.6 35.6278 9.42421
      vertex 73.6 35.7107 9.84116
      vertex 75.6 35.7107 9.84116
    endloop
  endfacet
  facet normal 0 0.980802 -0.195008
    outer loop
      vertex 73.6 35.7107 9.84116
      vertex 75.6 35.6278 9.42421
      vertex 73.6 35.6278 9.42421
    endloop
  endfacet
  facet normal -0 0.555416 0.831573
    outer loop
      vertex 73.6 36.9787 6.35
      vertex 75.6 36.8715 6.4216
      vertex 75.6 36.9787 6.35
    endloop
  endfacet
  facet normal 0 0.555416 0.831573
    outer loop
      vertex 75.6 36.8715 6.4216
      vertex 73.6 36.9787 6.35
      vertex 73.6 36.8715 6.4216
    endloop
  endfacet
  facet normal 0 -0.980802 -0.195008
    outer loop
      vertex 73.6 42.0722 9.42421
      vertex 75.6 41.9893 9.84116
      vertex 73.6 41.9893 9.84116
    endloop
  endfacet
  facet normal 0 -0.980802 -0.195008
    outer loop
      vertex 75.6 41.9893 9.84116
      vertex 73.6 42.0722 9.42421
      vertex 75.6 42.0722 9.42421
    endloop
  endfacet
  facet normal 0 0.831471 -0.555568
    outer loop
      vertex 75.6 36.0354 10.625
      vertex 73.6 36.2716 10.9785
      vertex 75.6 36.2716 10.9785
    endloop
  endfacet
  facet normal 0 0.831471 -0.555568
    outer loop
      vertex 73.6 36.2716 10.9785
      vertex 75.6 36.0354 10.625
      vertex 73.6 36.0354 10.625
    endloop
  endfacet
  facet normal 0 0.65937 -0.751818
    outer loop
      vertex 73.6 36.5519 11.2981
      vertex 75.6 36.8715 11.5784
      vertex 75.6 36.5519 11.2981
    endloop
  endfacet
  facet normal 0 0.65937 -0.751818
    outer loop
      vertex 75.6 36.8715 11.5784
      vertex 73.6 36.5519 11.2981
      vertex 73.6 36.8715 11.5784
    endloop
  endfacet
  facet normal 0 -0.99786 0.0653933
    outer loop
      vertex 73.6 42.0722 8.57579
      vertex 75.6 42.1 9
      vertex 73.6 42.1 9
    endloop
  endfacet
  facet normal 0 -0.99786 0.0653933
    outer loop
      vertex 75.6 42.1 9
      vertex 73.6 42.0722 8.57579
      vertex 75.6 42.0722 8.57579
    endloop
  endfacet
  facet normal 0 0.99786 0.0653933
    outer loop
      vertex 75.6 35.6278 8.57579
      vertex 73.6 35.6 9
      vertex 75.6 35.6 9
    endloop
  endfacet
  facet normal 0 0.99786 0.0653933
    outer loop
      vertex 73.6 35.6 9
      vertex 75.6 35.6278 8.57579
      vertex 73.6 35.6278 8.57579
    endloop
  endfacet
  facet normal 0 -0.94689 -0.321558
    outer loop
      vertex 73.6 41.9893 9.84116
      vertex 75.6 41.8526 10.2437
      vertex 73.6 41.8526 10.2437
    endloop
  endfacet
  facet normal 0 -0.94689 -0.321558
    outer loop
      vertex 75.6 41.8526 10.2437
      vertex 73.6 41.9893 9.84116
      vertex 75.6 41.9893 9.84116
    endloop
  endfacet
  facet normal 0 -0.321586 -0.94688
    outer loop
      vertex 73.6 39.6912 12.1393
      vertex 75.6 40.0937 12.0026
      vertex 75.6 39.6912 12.1393
    endloop
  endfacet
  facet normal -0 -0.321586 -0.94688
    outer loop
      vertex 75.6 40.0937 12.0026
      vertex 73.6 39.6912 12.1393
      vertex 73.6 40.0937 12.0026
    endloop
  endfacet
  facet normal 0 0.194985 -0.980806
    outer loop
      vertex 73.6 38.0088 12.1393
      vertex 75.6 38.4258 12.2222
      vertex 75.6 38.0088 12.1393
    endloop
  endfacet
  facet normal 0 0.194985 -0.980806
    outer loop
      vertex 75.6 38.4258 12.2222
      vertex 73.6 38.0088 12.1393
      vertex 73.6 38.4258 12.2222
    endloop
  endfacet
  facet normal 0 0.831456 0.55559
    outer loop
      vertex 75.6 36.2716 7.02152
      vertex 73.6 36.0354 7.375
      vertex 75.6 36.0354 7.375
    endloop
  endfacet
  facet normal 0 0.831456 0.55559
    outer loop
      vertex 73.6 36.0354 7.375
      vertex 75.6 36.2716 7.02152
      vertex 73.6 36.2716 7.02152
    endloop
  endfacet
  facet normal 0 -0.831471 -0.555568
    outer loop
      vertex 73.6 41.6646 10.625
      vertex 75.6 41.4284 10.9785
      vertex 73.6 41.4284 10.9785
    endloop
  endfacet
  facet normal 0 -0.831471 -0.555568
    outer loop
      vertex 75.6 41.4284 10.9785
      vertex 73.6 41.6646 10.625
      vertex 75.6 41.6646 10.625
    endloop
  endfacet
  facet normal 0 -0.65937 -0.751818
    outer loop
      vertex 73.6 40.8285 11.5784
      vertex 75.6 41.1481 11.2981
      vertex 75.6 40.8285 11.5784
    endloop
  endfacet
  facet normal -0 -0.65937 -0.751818
    outer loop
      vertex 75.6 41.1481 11.2981
      vertex 73.6 40.8285 11.5784
      vertex 73.6 41.1481 11.2981
    endloop
  endfacet
  facet normal -0 0.65937 0.751818
    outer loop
      vertex 73.6 36.8715 6.4216
      vertex 75.6 36.5519 6.7019
      vertex 75.6 36.8715 6.4216
    endloop
  endfacet
  facet normal 0 0.65937 0.751818
    outer loop
      vertex 75.6 36.5519 6.7019
      vertex 73.6 36.8715 6.4216
      vertex 73.6 36.5519 6.7019
    endloop
  endfacet
  facet normal 0 -0.831456 0.55559
    outer loop
      vertex 73.6 41.4284 7.02152
      vertex 75.6 41.6646 7.375
      vertex 73.6 41.6646 7.375
    endloop
  endfacet
  facet normal 0 -0.831456 0.55559
    outer loop
      vertex 75.6 41.6646 7.375
      vertex 73.6 41.4284 7.02152
      vertex 75.6 41.4284 7.02152
    endloop
  endfacet
  facet normal 0 -0.751839 0.659347
    outer loop
      vertex 73.6 41.1481 6.7019
      vertex 75.6 41.4284 7.02152
      vertex 73.6 41.4284 7.02152
    endloop
  endfacet
  facet normal 0 -0.751839 0.659347
    outer loop
      vertex 75.6 41.4284 7.02152
      vertex 73.6 41.1481 6.7019
      vertex 75.6 41.1481 6.7019
    endloop
  endfacet
  facet normal 0 -0.896897 0.442239
    outer loop
      vertex 73.6 41.6646 7.375
      vertex 75.6 41.8526 7.75628
      vertex 73.6 41.8526 7.75628
    endloop
  endfacet
  facet normal 0 -0.896897 0.442239
    outer loop
      vertex 75.6 41.8526 7.75628
      vertex 73.6 41.6646 7.375
      vertex 75.6 41.6646 7.375
    endloop
  endfacet
  facet normal 0 -0.0653948 -0.997859
    outer loop
      vertex 73.6 38.85 12.25
      vertex 75.6 39.2742 12.2222
      vertex 75.6 38.85 12.25
    endloop
  endfacet
  facet normal -0 -0.0653948 -0.997859
    outer loop
      vertex 75.6 39.2742 12.2222
      vertex 73.6 38.85 12.25
      vertex 73.6 39.2742 12.2222
    endloop
  endfacet
  facet normal 0 -0.65937 0.751818
    outer loop
      vertex 73.6 41.1481 6.7019
      vertex 75.6 40.8285 6.4216
      vertex 75.6 41.1481 6.7019
    endloop
  endfacet
  facet normal 0 -0.65937 0.751818
    outer loop
      vertex 75.6 40.8285 6.4216
      vertex 73.6 41.1481 6.7019
      vertex 73.6 40.8285 6.4216
    endloop
  endfacet
  facet normal 0 0.980802 0.195008
    outer loop
      vertex 75.6 35.7107 8.15884
      vertex 73.6 35.6278 8.57579
      vertex 75.6 35.6278 8.57579
    endloop
  endfacet
  facet normal 0 0.980802 0.195008
    outer loop
      vertex 73.6 35.6278 8.57579
      vertex 75.6 35.7107 8.15884
      vertex 73.6 35.7107 8.15884
    endloop
  endfacet
  facet normal 0 -0.555416 0.831573
    outer loop
      vertex 73.6 40.8285 6.4216
      vertex 75.6 40.7213 6.35
      vertex 75.6 40.8285 6.4216
    endloop
  endfacet
  facet normal 0 -0.555416 0.831573
    outer loop
      vertex 75.6 40.7213 6.35
      vertex 73.6 40.8285 6.4216
      vertex 73.6 40.7213 6.35
    endloop
  endfacet
  facet normal 0 -0.44222 -0.896907
    outer loop
      vertex 73.6 40.0937 12.0026
      vertex 75.6 40.475 11.8146
      vertex 75.6 40.0937 12.0026
    endloop
  endfacet
  facet normal -0 -0.44222 -0.896907
    outer loop
      vertex 75.6 40.475 11.8146
      vertex 73.6 40.0937 12.0026
      vertex 73.6 40.475 11.8146
    endloop
  endfacet
  facet normal 0 -0.980802 0.195008
    outer loop
      vertex 73.6 41.9893 8.15884
      vertex 75.6 42.0722 8.57579
      vertex 73.6 42.0722 8.57579
    endloop
  endfacet
  facet normal 0 -0.980802 0.195008
    outer loop
      vertex 75.6 42.0722 8.57579
      vertex 73.6 41.9893 8.15884
      vertex 75.6 41.9893 8.15884
    endloop
  endfacet
  facet normal 0 0.44222 -0.896907
    outer loop
      vertex 73.6 37.225 11.8146
      vertex 75.6 37.6063 12.0026
      vertex 75.6 37.225 11.8146
    endloop
  endfacet
  facet normal 0 0.44222 -0.896907
    outer loop
      vertex 75.6 37.6063 12.0026
      vertex 73.6 37.225 11.8146
      vertex 73.6 37.6063 12.0026
    endloop
  endfacet
  facet normal 0 -0.99786 -0.0653933
    outer loop
      vertex 73.6 42.1 9
      vertex 75.6 42.0722 9.42421
      vertex 73.6 42.0722 9.42421
    endloop
  endfacet
  facet normal 0 -0.99786 -0.0653933
    outer loop
      vertex 75.6 42.0722 9.42421
      vertex 73.6 42.1 9
      vertex 75.6 42.1 9
    endloop
  endfacet
  facet normal 0 0.99786 -0.0653933
    outer loop
      vertex 75.6 35.6 9
      vertex 73.6 35.6278 9.42421
      vertex 75.6 35.6278 9.42421
    endloop
  endfacet
  facet normal 0 0.99786 -0.0653933
    outer loop
      vertex 73.6 35.6278 9.42421
      vertex 75.6 35.6 9
      vertex 73.6 35.6 9
    endloop
  endfacet
  facet normal 0 0.555568 -0.831471
    outer loop
      vertex 73.6 36.8715 11.5784
      vertex 75.6 37.225 11.8146
      vertex 75.6 36.8715 11.5784
    endloop
  endfacet
  facet normal 0 0.555568 -0.831471
    outer loop
      vertex 75.6 37.225 11.8146
      vertex 73.6 36.8715 11.5784
      vertex 73.6 37.225 11.8146
    endloop
  endfacet
  facet normal 0 0.0653948 -0.997859
    outer loop
      vertex 73.6 38.4258 12.2222
      vertex 75.6 38.85 12.25
      vertex 75.6 38.4258 12.2222
    endloop
  endfacet
  facet normal 0 0.0653948 -0.997859
    outer loop
      vertex 75.6 38.85 12.25
      vertex 73.6 38.4258 12.2222
      vertex 73.6 38.85 12.25
    endloop
  endfacet
  facet normal 0 -0.946895 0.321543
    outer loop
      vertex 73.6 41.8526 7.75628
      vertex 75.6 41.9893 8.15884
      vertex 73.6 41.9893 8.15884
    endloop
  endfacet
  facet normal 0 -0.946895 0.321543
    outer loop
      vertex 75.6 41.9893 8.15884
      vertex 73.6 41.8526 7.75628
      vertex 75.6 41.8526 7.75628
    endloop
  endfacet
  facet normal 0 0.896907 -0.44222
    outer loop
      vertex 75.6 35.8474 10.2437
      vertex 73.6 36.0354 10.625
      vertex 75.6 36.0354 10.625
    endloop
  endfacet
  facet normal 0 0.896907 -0.44222
    outer loop
      vertex 73.6 36.0354 10.625
      vertex 75.6 35.8474 10.2437
      vertex 73.6 35.8474 10.2437
    endloop
  endfacet
  facet normal 0 -0.194985 -0.980806
    outer loop
      vertex 73.6 39.2742 12.2222
      vertex 75.6 39.6912 12.1393
      vertex 75.6 39.2742 12.2222
    endloop
  endfacet
  facet normal -0 -0.194985 -0.980806
    outer loop
      vertex 75.6 39.6912 12.1393
      vertex 73.6 39.2742 12.2222
      vertex 73.6 39.6912 12.1393
    endloop
  endfacet
  facet normal 0 0.896897 0.442239
    outer loop
      vertex 75.6 36.0354 7.375
      vertex 73.6 35.8474 7.75628
      vertex 75.6 35.8474 7.75628
    endloop
  endfacet
  facet normal 0 0.896897 0.442239
    outer loop
      vertex 73.6 35.8474 7.75628
      vertex 75.6 36.0354 7.375
      vertex 73.6 36.0354 7.375
    endloop
  endfacet
  facet normal 0 0.946895 0.321543
    outer loop
      vertex 75.6 35.8474 7.75628
      vertex 73.6 35.7107 8.15884
      vertex 75.6 35.7107 8.15884
    endloop
  endfacet
  facet normal 0 0.946895 0.321543
    outer loop
      vertex 73.6 35.7107 8.15884
      vertex 75.6 35.8474 7.75628
      vertex 73.6 35.8474 7.75628
    endloop
  endfacet
  facet normal 0 0.321586 -0.94688
    outer loop
      vertex 73.6 37.6063 12.0026
      vertex 75.6 38.0088 12.1393
      vertex 75.6 37.6063 12.0026
    endloop
  endfacet
  facet normal 0 0.321586 -0.94688
    outer loop
      vertex 75.6 38.0088 12.1393
      vertex 73.6 37.6063 12.0026
      vertex 73.6 38.0088 12.1393
    endloop
  endfacet
  facet normal 0 0.94689 -0.321558
    outer loop
      vertex 75.6 35.7107 9.84116
      vertex 73.6 35.8474 10.2437
      vertex 75.6 35.8474 10.2437
    endloop
  endfacet
  facet normal 0 0.94689 -0.321558
    outer loop
      vertex 73.6 35.8474 10.2437
      vertex 75.6 35.7107 9.84116
      vertex 73.6 35.7107 9.84116
    endloop
  endfacet
  facet normal 0 0.751839 0.659347
    outer loop
      vertex 75.6 36.5519 6.7019
      vertex 73.6 36.2716 7.02152
      vertex 75.6 36.2716 7.02152
    endloop
  endfacet
  facet normal 0 0.751839 0.659347
    outer loop
      vertex 73.6 36.2716 7.02152
      vertex 75.6 36.5519 6.7019
      vertex 73.6 36.5519 6.7019
    endloop
  endfacet
  facet normal -0 0 1
    outer loop
      vertex 73.6 40.7213 6.35
      vertex 75.6 36.9787 6.35
      vertex 75.6 40.7213 6.35
    endloop
  endfacet
  facet normal 0 0 1
    outer loop
      vertex 75.6 36.9787 6.35
      vertex 73.6 40.7213 6.35
      vertex 73.6 36.9787 6.35
    endloop
  endfacet
  facet normal -1 0 0
    outer loop
      vertex 26.4 0 13
      vertex 26.4 2 20
      vertex 26.4 2 13
    endloop
  endfacet
  facet normal -1 -0 0
    outer loop
      vertex 26.4 2 20
      vertex 26.4 0 13
      vertex 26.4 0 20
    endloop
  endfacet
  facet normal 0 0 -1
    outer loop
      vertex 25 0 20
      vertex 26.4 2 20
      vertex 26.4 0 20
    endloop
  endfacet
  facet normal -0 0 -1
    outer loop
      vertex 26.4 2 20
      vertex 25 0 20
      vertex 25 2 20
    endloop
  endfacet
  facet normal -0 0 1
    outer loop
      vertex 25 2 13
      vertex 26.4 0 13
      vertex 26.4 2 13
    endloop
  endfacet
  facet normal 0 0 1
    outer loop
      vertex 26.4 0 13
      vertex 25 2 13
      vertex 25 0 13
    endloop
  endfacet
  facet normal 1 -0 0
    outer loop
      vertex 25 0 20
      vertex 25 2 13
      vertex 25 2 20
    endloop
  endfacet
  facet normal 1 0 0
    outer loop
      vertex 25 2 13
      vertex 25 0 20
      vertex 25 0 13
    endloop
  endfacet
  facet normal -1 0 0
    outer loop
      vertex 29.6 0 13
      vertex 29.6 2 20
      vertex 29.6 2 13
    endloop
  endfacet
  facet normal -1 -0 0
    outer loop
      vertex 29.6 2 20
      vertex 29.6 0 13
      vertex 29.6 0 20
    endloop
  endfacet
  facet normal 0 0 -1
    outer loop
      vertex 28.2 0 20
      vertex 29.6 2 20
      vertex 29.6 0 20
    endloop
  endfacet
  facet normal -0 0 -1
    outer loop
      vertex 29.6 2 20
      vertex 28.2 0 20
      vertex 28.2 2 20
    endloop
  endfacet
  facet normal -0 0 1
    outer loop
      vertex 28.2 2 13
      vertex 29.6 0 13
      vertex 29.6 2 13
    endloop
  endfacet
  facet normal 0 0 1
    outer loop
      vertex 29.6 0 13
      vertex 28.2 2 13
      vertex 28.2 0 13
    endloop
  endfacet
  facet normal 1 -0 0
    outer loop
      vertex 28.2 0 20
      vertex 28.2 2 13
      vertex 28.2 2 20
    endloop
  endfacet
  facet normal 1 0 0
    outer loop
      vertex 28.2 2 13
      vertex 28.2 0 20
      vertex 28.2 0 13
    endloop
  endfacet
  facet normal -1 0 0
    outer loop
      vertex 32.8 0 13
      vertex 32.8 2 20
      vertex 32.8 2 13
    endloop
  endfacet
  facet normal -1 -0 0
    outer loop
      vertex 32.8 2 20
      vertex 32.8 0 13
      vertex 32.8 0 20
    endloop
  endfacet
  facet normal 0 0 -1
    outer loop
      vertex 31.4 0 20
      vertex 32.8 2 20
      vertex 32.8 0 20
    endloop
  endfacet
  facet normal -0 0 -1
    outer loop
      vertex 32.8 2 20
      vertex 31.4 0 20
      vertex 31.4 2 20
    endloop
  endfacet
  facet normal -0 0 1
    outer loop
      vertex 31.4 2 13
      vertex 32.8 0 13
      vertex 32.8 2 13
    endloop
  endfacet
  facet normal 0 0 1
    outer loop
      vertex 32.8 0 13
      vertex 31.4 2 13
      vertex 31.4 0 13
    endloop
  endfacet
  facet normal 1 -0 0
    outer loop
      vertex 31.4 0 20
      vertex 31.4 2 13
      vertex 31.4 2 20
    endloop
  endfacet
  facet normal 1 0 0
    outer loop
      vertex 31.4 2 13
      vertex 31.4 0 20
      vertex 31.4 0 13
    endloop
  endfacet
  facet normal -1 0 0
    outer loop
      vertex 36 0 13
      vertex 36 2 20
      vertex 36 2 13
    endloop
  endfacet
  facet normal -1 -0 0
    outer loop
      vertex 36 2 20
      vertex 36 0 13
      vertex 36 0 20
    endloop
  endfacet
  facet normal 0 0 -1
    outer loop
      vertex 34.6 0 20
      vertex 36 2 20
      vertex 36 0 20
    endloop
  endfacet
  facet normal -0 0 -1
    outer loop
      vertex 36 2 20
      vertex 34.6 0 20
      vertex 34.6 2 20
    endloop
  endfacet
  facet normal -0 0 1
    outer loop
      vertex 34.6 2 13
      vertex 36 0 13
      vertex 36 2 13
    endloop
  endfacet
  facet normal 0 0 1
    outer loop
      vertex 36 0 13
      vertex 34.6 2 13
      vertex 34.6 0 13
    endloop
  endfacet
  facet normal 1 -0 0
    outer loop
      vertex 34.6 0 20
      vertex 34.6 2 13
      vertex 34.6 2 20
    endloop
  endfacet
  facet normal 1 0 0
    outer loop
      vertex 34.6 2 13
      vertex 34.6 0 20
      vertex 34.6 0 13
    endloop
  endfacet
  facet normal -1 0 0
    outer loop
      vertex 39.2 0 13
      vertex 39.2 2 20
      vertex 39.2 2 13
    endloop
  endfacet
  facet normal -1 -0 0
    outer loop
      vertex 39.2 2 20
      vertex 39.2 0 13
      vertex 39.2 0 20
    endloop
  endfacet
  facet normal 0 0 -1
    outer loop
      vertex 37.8 0 20
      vertex 39.2 2 20
      vertex 39.2 0 20
    endloop
  endfacet
  facet normal -0 0 -1
    outer loop
      vertex 39.2 2 20
      vertex 37.8 0 20
      vertex 37.8 2 20
    endloop
  endfacet
  facet normal -0 0 1
    outer loop
      vertex 37.8 2 13
      vertex 39.2 0 13
      vertex 39.2 2 13
    endloop
  endfacet
  facet normal 0 0 1
    outer loop
      vertex 39.2 0 13
      vertex 37.8 2 13
      vertex 37.8 0 13
    endloop
  endfacet
  facet normal 1 -0 0
    outer loop
      vertex 37.8 0 20
      vertex 37.8 2 13
      vertex 37.8 2 20
    endloop
  endfacet
  facet normal 1 0 0
    outer loop
      vertex 37.8 2 13
      vertex 37.8 0 20
      vertex 37.8 0 13
    endloop
  endfacet
  facet normal -1 0 0
    outer loop
      vertex 42.4 0 13
      vertex 42.4 2 20
      vertex 42.4 2 13
    endloop
  endfacet
  facet normal -1 -0 0
    outer loop
      vertex 42.4 2 20
      vertex 42.4 0 13
      vertex 42.4 0 20
    endloop
  endfacet
  facet normal 0 0 -1
    outer loop
      vertex 41 0 20
      vertex 42.4 2 20
      vertex 42.4 0 20
    endloop
  endfacet
  facet normal -0 0 -1
    outer loop
      vertex 42.4 2 20
      vertex 41 0 20
      vertex 41 2 20
    endloop
  endfacet
  facet normal -0 0 1
    outer loop
      vertex 41 2 13
      vertex 42.4 0 13
      vertex 42.4 2 13
    endloop
  endfacet
  facet normal 0 0 1
    outer loop
      vertex 42.4 0 13
      vertex 41 2 13
      vertex 41 0 13
    endloop
  endfacet
  facet normal 1 -0 0
    outer loop
      vertex 41 0 20
      vertex 41 2 13
      vertex 41 2 20
    endloop
  endfacet
  facet normal 1 0 0
    outer loop
      vertex 41 2 13
      vertex 41 0 20
      vertex 41 0 13
    endloop
  endfacet
  facet normal -1 0 0
    outer loop
      vertex 45.6 0 13
      vertex 45.6 2 20
      vertex 45.6 2 13
    endloop
  endfacet
  facet normal -1 -0 0
    outer loop
      vertex 45.6 2 20
      vertex 45.6 0 13
      vertex 45.6 0 20
    endloop
  endfacet
  facet normal 0 0 -1
    outer loop
      vertex 44.2 0 20
      vertex 45.6 2 20
      vertex 45.6 0 20
    endloop
  endfacet
  facet normal -0 0 -1
    outer loop
      vertex 45.6 2 20
      vertex 44.2 0 20
      vertex 44.2 2 20
    endloop
  endfacet
  facet normal -0 0 1
    outer loop
      vertex 44.2 2 13
      vertex 45.6 0 13
      vertex 45.6 2 13
    endloop
  endfacet
  facet normal 0 0 1
    outer loop
      vertex 45.6 0 13
      vertex 44.2 2 13
      vertex 44.2 0 13
    endloop
  endfacet
  facet normal 1 -0 0
    outer loop
      vertex 44.2 0 20
      vertex 44.2 2 13
      vertex 44.2 2 20
    endloop
  endfacet
  facet normal 1 0 0
    outer loop
      vertex 44.2 2 13
      vertex 44.2 0 20
      vertex 44.2 0 13
    endloop
  endfacet
  facet normal -1 0 0
    outer loop
      vertex 26.4 60.7 13
      vertex 26.4 62.7 20
      vertex 26.4 62.7 13
    endloop
  endfacet
  facet normal -1 -0 0
    outer loop
      vertex 26.4 62.7 20
      vertex 26.4 60.7 13
      vertex 26.4 60.7 20
    endloop
  endfacet
  facet normal 0 0 -1
    outer loop
      vertex 25 60.7 20
      vertex 26.4 62.7 20
      vertex 26.4 60.7 20
    endloop
  endfacet
  facet normal -0 0 -1
    outer loop
      vertex 26.4 62.7 20
      vertex 25 60.7 20
      vertex 25 62.7 20
    endloop
  endfacet
  facet normal -0 0 1
    outer loop
      vertex 25 62.7 13
      vertex 26.4 60.7 13
      vertex 26.4 62.7 13
    endloop
  endfacet
  facet normal 0 0 1
    outer loop
      vertex 26.4 60.7 13
      vertex 25 62.7 13
      vertex 25 60.7 13
    endloop
  endfacet
  facet normal 1 -0 0
    outer loop
      vertex 25 60.7 20
      vertex 25 62.7 13
      vertex 25 62.7 20
    endloop
  endfacet
  facet normal 1 0 0
    outer loop
      vertex 25 62.7 13
      vertex 25 60.7 20
      vertex 25 60.7 13
    endloop
  endfacet
  facet normal -1 0 0
    outer loop
      vertex 29.6 60.7 13
      vertex 29.6 62.7 20
      vertex 29.6 62.7 13
    endloop
  endfacet
  facet normal -1 -0 0
    outer loop
      vertex 29.6 62.7 20
      vertex 29.6 60.7 13
      vertex 29.6 60.7 20
    endloop
  endfacet
  facet normal 0 0 -1
    outer loop
      vertex 28.2 60.7 20
      vertex 29.6 62.7 20
      vertex 29.6 60.7 20
    endloop
  endfacet
  facet normal -0 0 -1
    outer loop
      vertex 29.6 62.7 20
      vertex 28.2 60.7 20
      vertex 28.2 62.7 20
    endloop
  endfacet
  facet normal -0 0 1
    outer loop
      vertex 28.2 62.7 13
      vertex 29.6 60.7 13
      vertex 29.6 62.7 13
    endloop
  endfacet
  facet normal 0 0 1
    outer loop
      vertex 29.6 60.7 13
      vertex 28.2 62.7 13
      vertex 28.2 60.7 13
    endloop
  endfacet
  facet normal 1 -0 0
    outer loop
      vertex 28.2 60.7 20
      vertex 28.2 62.7 13
      vertex 28.2 62.7 20
    endloop
  endfacet
  facet normal 1 0 0
    outer loop
      vertex 28.2 62.7 13
      vertex 28.2 60.7 20
      vertex 28.2 60.7 13
    endloop
  endfacet
  facet normal -1 0 0
    outer loop
      vertex 32.8 60.7 13
      vertex 32.8 62.7 20
      vertex 32.8 62.7 13
    endloop
  endfacet
  facet normal -1 -0 0
    outer loop
      vertex 32.8 62.7 20
      vertex 32.8 60.7 13
      vertex 32.8 60.7 20
    endloop
  endfacet
  facet normal 0 0 -1
    outer loop
      vertex 31.4 60.7 20
      vertex 32.8 62.7 20
      vertex 32.8 60.7 20
    endloop
  endfacet
  facet normal -0 0 -1
    outer loop
      vertex 32.8 62.7 20
      vertex 31.4 60.7 20
      vertex 31.4 62.7 20
    endloop
  endfacet
  facet normal -0 0 1
    outer loop
      vertex 31.4 62.7 13
      vertex 32.8 60.7 13
      vertex 32.8 62.7 13
    endloop
  endfacet
  facet normal 0 0 1
    outer loop
      vertex 32.8 60.7 13
      vertex 31.4 62.7 13
      vertex 31.4 60.7 13
    endloop
  endfacet
  facet normal 1 -0 0
    outer loop
      vertex 31.4 60.7 20
      vertex 31.4 62.7 13
      vertex 31.4 62.7 20
    endloop
  endfacet
  facet normal 1 0 0
    outer loop
      vertex 31.4 62.7 13
      vertex 31.4 60.7 20
      vertex 31.4 60.7 13
    endloop
  endfacet
  facet normal -1 0 0
    outer loop
      vertex 36 60.7 13
      vertex 36 62.7 20
      vertex 36 62.7 13
    endloop
  endfacet
  facet normal -1 -0 0
    outer loop
      vertex 36 62.7 20
      vertex 36 60.7 13
      vertex 36 60.7 20
    endloop
  endfacet
  facet normal 0 0 -1
    outer loop
      vertex 34.6 60.7 20
      vertex 36 62.7 20
      vertex 36 60.7 20
    endloop
  endfacet
  facet normal -0 0 -1
    outer loop
      vertex 36 62.7 20
      vertex 34.6 60.7 20
      vertex 34.6 62.7 20
    endloop
  endfacet
  facet normal -0 0 1
    outer loop
      vertex 34.6 62.7 13
      vertex 36 60.7 13
      vertex 36 62.7 13
    endloop
  endfacet
  facet normal 0 0 1
    outer loop
      vertex 36 60.7 13
      vertex 34.6 62.7 13
      vertex 34.6 60.7 13
    endloop
  endfacet
  facet normal 1 -0 0
    outer loop
      vertex 34.6 60.7 20
      vertex 34.6 62.7 13
      vertex 34.6 62.7 20
    endloop
  endfacet
  facet normal 1 0 0
    outer loop
      vertex 34.6 62.7 13
      vertex 34.6 60.7 20
      vertex 34.6 60.7 13
    endloop
  endfacet
  facet normal -1 0 0
    outer loop
      vertex 39.2 60.7 13
      vertex 39.2 62.7 20
      vertex 39.2 62.7 13
    endloop
  endfacet
  facet normal -1 -0 0
    outer loop
      vertex 39.2 62.7 20
      vertex 39.2 60.7 13
      vertex 39.2 60.7 20
    endloop
  endfacet
  facet normal 0 0 -1
    outer loop
      vertex 37.8 60.7 20
      vertex 39.2 62.7 20
      vertex 39.2 60.7 20
    endloop
  endfacet
  facet normal -0 0 -1
    outer loop
      vertex 39.2 62.7 20
      vertex 37.8 60.7 20
      vertex 37.8 62.7 20
    endloop
  endfacet
  facet normal -0 0 1
    outer loop
      vertex 37.8 62.7 13
      vertex 39.2 60.7 13
      vertex 39.2 62.7 13
    endloop
  endfacet
  facet normal 0 0 1
    outer loop
      vertex 39.2 60.7 13
      vertex 37.8 62.7 13
      vertex 37.8 60.7 13
    endloop
  endfacet
  facet normal 1 -0 0
    outer loop
      vertex 37.8 60.7 20
      vertex 37.8 62.7 13
      vertex 37.8 62.7 20
    endloop
  endfacet
  facet normal 1 0 0
    outer loop
      vertex 37.8 62.7 13
      vertex 37.8 60.7 20
      vertex 37.8 60.7 13
    endloop
  endfacet
  facet normal -1 0 0
    outer loop
      vertex 42.4 60.7 13
      vertex 42.4 62.7 20
      vertex 42.4 62.7 13
    endloop
  endfacet
  facet normal -1 -0 0
    outer loop
      vertex 42.4 62.7 20
      vertex 42.4 60.7 13
      vertex 42.4 60.7 20
    endloop
  endfacet
  facet normal 0 0 -1
    outer loop
      vertex 41 60.7 20
      vertex 42.4 62.7 20
      vertex 42.4 60.7 20
    endloop
  endfacet
  facet normal -0 0 -1
    outer loop
      vertex 42.4 62.7 20
      vertex 41 60.7 20
      vertex 41 62.7 20
    endloop
  endfacet
  facet normal -0 0 1
    outer loop
      vertex 41 62.7 13
      vertex 42.4 60.7 13
      vertex 42.4 62.7 13
    endloop
  endfacet
  facet normal 0 0 1
    outer loop
      vertex 42.4 60.7 13
      vertex 41 62.7 13
      vertex 41 60.7 13
    endloop
  endfacet
  facet normal 1 -0 0
    outer loop
      vertex 41 60.7 20
      vertex 41 62.7 13
      vertex 41 62.7 20
    endloop
  endfacet
  facet normal 1 0 0
    outer loop
      vertex 41 62.7 13
      vertex 41 60.7 20
      vertex 41 60.7 13
    endloop
  endfacet
  facet normal -1 0 0
    outer loop
      vertex 45.6 60.7 13
      vertex 45.6 62.7 20
      vertex 45.6 62.7 13
    endloop
  endfacet
  facet normal -1 -0 0
    outer loop
      vertex 45.6 62.7 20
      vertex 45.6 60.7 13
      vertex 45.6 60.7 20
    endloop
  endfacet
  facet normal 0 0 -1
    outer loop
      vertex 44.2 60.7 20
      vertex 45.6 62.7 20
      vertex 45.6 60.7 20
    endloop
  endfacet
  facet normal -0 0 -1
    outer loop
      vertex 45.6 62.7 20
      vertex 44.2 60.7 20
      vertex 44.2 62.7 20
    endloop
  endfacet
  facet normal -0 0 1
    outer loop
      vertex 44.2 62.7 13
      vertex 45.6 60.7 13
      vertex 45.6 62.7 13
    endloop
  endfacet
  facet normal 0 0 1
    outer loop
      vertex 45.6 60.7 13
      vertex 44.2 62.7 13
      vertex 44.2 60.7 13
    endloop
  endfacet
  facet normal 1 -0 0
    outer loop
      vertex 44.2 60.7 20
      vertex 44.2 62.7 13
      vertex 44.2 62.7 20
    endloop
  endfacet
  facet normal 1 0 0
    outer loop
      vertex 44.2 62.7 13
      vertex 44.2 60.7 20
      vertex 44.2 60.7 13
    endloop
  endfacet
  facet normal -0.98077 -0.195165 0
    outer loop
      vertex 14.3427 7.11095 1.9
      vertex 14.321 7.22 4.5
      vertex 14.321 7.22 1.9
    endloop
  endfacet
  facet normal -0.98077 -0.195165 0
    outer loop
      vertex 14.321 7.22 4.5
      vertex 14.3427 7.11095 1.9
      vertex 14.3427 7.11095 4.5
    endloop
  endfacet
  facet normal -0.997842 -0.0656534 0
    outer loop
      vertex 14.35 7 1.9
      vertex 14.3427 7.11095 4.5
      vertex 14.3427 7.11095 1.9
    endloop
  endfacet
  facet normal -0.997842 -0.0656534 0
    outer loop
      vertex 14.3427 7.11095 4.5
      vertex 14.35 7 1.9
      vertex 14.35 7 4.5
    endloop
  endfacet
  facet normal -0.947033 -0.321135 0
    outer loop
      vertex 14.321 7.22 1.9
      vertex 14.2853 7.32528 4.5
      vertex 14.2853 7.32528 1.9
    endloop
  endfacet
  facet normal -0.947033 -0.321135 0
    outer loop
      vertex 14.2853 7.32528 4.5
      vertex 14.321 7.22 1.9
      vertex 14.321 7.22 4.5
    endloop
  endfacet
  facet normal -0.831358 -0.555737 0
    outer loop
      vertex 14.2361 7.425 1.9
      vertex 14.1743 7.51745 4.5
      vertex 14.1743 7.51745 1.9
    endloop
  endfacet
  facet normal -0.831358 -0.555737 0
    outer loop
      vertex 14.1743 7.51745 4.5
      vertex 14.2361 7.425 1.9
      vertex 14.2361 7.425 4.5
    endloop
  endfacet
  facet normal 0.947033 0.321135 0
    outer loop
      vertex 12.7147 6.67472 4.5
      vertex 12.679 6.78 1.9
      vertex 12.679 6.78 4.5
    endloop
  endfacet
  facet normal 0.947033 0.321135 0
    outer loop
      vertex 12.679 6.78 1.9
      vertex 12.7147 6.67472 4.5
      vertex 12.7147 6.67472 1.9
    endloop
  endfacet
  facet normal -0.321403 0.946943 0
    outer loop
      vertex 13.8253 6.2147 1.9
      vertex 13.72 6.17896 4.5
      vertex 13.8253 6.2147 4.5
    endloop
  endfacet
  facet normal -0.321403 0.946943 0
    outer loop
      vertex 13.72 6.17896 4.5
      vertex 13.8253 6.2147 1.9
      vertex 13.72 6.17896 1.9
    endloop
  endfacet
  facet normal -0.896789 -0.442459 0
    outer loop
      vertex 14.2853 7.32528 1.9
      vertex 14.2361 7.425 4.5
      vertex 14.2361 7.425 1.9
    endloop
  endfacet
  facet normal -0.896789 -0.442459 0
    outer loop
      vertex 14.2361 7.425 4.5
      vertex 14.2853 7.32528 1.9
      vertex 14.2853 7.32528 4.5
    endloop
  endfacet
  facet normal 0.555759 -0.831344 0
    outer loop
      vertex 12.9826 7.67435 1.9
      vertex 13.075 7.73612 4.5
      vertex 12.9826 7.67435 4.5
    endloop
  endfacet
  facet normal 0.555759 -0.831344 0
    outer loop
      vertex 13.075 7.73612 4.5
      vertex 12.9826 7.67435 1.9
      vertex 13.075 7.73612 1.9
    endloop
  endfacet
  facet normal -0.98077 0.195165 0
    outer loop
      vertex 14.321 6.78 1.9
      vertex 14.3427 6.88905 4.5
      vertex 14.3427 6.88905 1.9
    endloop
  endfacet
  facet normal -0.98077 0.195165 0
    outer loop
      vertex 14.3427 6.88905 4.5
      vertex 14.321 6.78 1.9
      vertex 14.321 6.78 4.5
    endloop
  endfacet
  facet normal 0 0 1
    outer loop
      vertex 14.3427 7.11095 1.9
      vertex 14.3427 6.88905 1.9
      vertex 14.35 7 1.9
    endloop
  endfacet
  facet normal 0 0 1
    outer loop
      vertex 14.321 7.22 1.9
      vertex 14.3427 6.88905 1.9
      vertex 14.3427 7.11095 1.9
    endloop
  endfacet
  facet normal 0 0 1
    outer loop
      vertex 14.321 7.22 1.9
      vertex 14.321 6.78 1.9
      vertex 14.3427 6.88905 1.9
    endloop
  endfacet
  facet normal 0 0 1
    outer loop
      vertex 14.2853 7.32528 1.9
      vertex 14.321 6.78 1.9
      vertex 14.321 7.22 1.9
    endloop
  endfacet
  facet normal 0 0 1
    outer loop
      vertex 14.2853 7.32528 1.9
      vertex 14.2853 6.67472 1.9
      vertex 14.321 6.78 1.9
    endloop
  endfacet
  facet normal 0 0 1
    outer loop
      vertex 14.2361 7.425 1.9
      vertex 14.2853 6.67472 1.9
      vertex 14.2853 7.32528 1.9
    endloop
  endfacet
  facet normal 0 0 1
    outer loop
      vertex 14.2361 7.425 1.9
      vertex 14.2361 6.575 1.9
      vertex 14.2853 6.67472 1.9
    endloop
  endfacet
  facet normal 0 0 1
    outer loop
      vertex 14.1743 7.51745 1.9
      vertex 14.2361 6.575 1.9
      vertex 14.2361 7.425 1.9
    endloop
  endfacet
  facet normal 0 0 1
    outer loop
      vertex 14.1743 7.51745 1.9
      vertex 14.1743 6.48255 1.9
      vertex 14.2361 6.575 1.9
    endloop
  endfacet
  facet normal 0 0 1
    outer loop
      vertex 14.101 7.60104 1.9
      vertex 14.1743 6.48255 1.9
      vertex 14.1743 7.51745 1.9
    endloop
  endfacet
  facet normal 0 0 1
    outer loop
      vertex 14.101 7.60104 1.9
      vertex 14.101 6.39896 1.9
      vertex 14.1743 6.48255 1.9
    endloop
  endfacet
  facet normal 0 0 1
    outer loop
      vertex 14.0174 7.67435 1.9
      vertex 14.101 6.39896 1.9
      vertex 14.101 7.60104 1.9
    endloop
  endfacet
  facet normal 0 0 1
    outer loop
      vertex 14.0174 7.67435 1.9
      vertex 14.0174 6.32565 1.9
      vertex 14.101 6.39896 1.9
    endloop
  endfacet
  facet normal 0 0 1
    outer loop
      vertex 13.925 7.73612 1.9
      vertex 14.0174 6.32565 1.9
      vertex 14.0174 7.67435 1.9
    endloop
  endfacet
  facet normal 0 0 1
    outer loop
      vertex 13.925 7.73612 1.9
      vertex 13.925 6.26388 1.9
      vertex 14.0174 6.32565 1.9
    endloop
  endfacet
  facet normal 0 0 1
    outer loop
      vertex 13.8253 7.7853 1.9
      vertex 13.925 6.26388 1.9
      vertex 13.925 7.73612 1.9
    endloop
  endfacet
  facet normal 0 0 1
    outer loop
      vertex 13.8253 7.7853 1.9
      vertex 13.8253 6.2147 1.9
      vertex 13.925 6.26388 1.9
    endloop
  endfacet
  facet normal 0 0 1
    outer loop
      vertex 13.72 7.82104 1.9
      vertex 13.8253 6.2147 1.9
      vertex 13.8253 7.7853 1.9
    endloop
  endfacet
  facet normal 0 0 1
    outer loop
      vertex 13.72 7.82104 1.9
      vertex 13.72 6.17896 1.9
      vertex 13.8253 6.2147 1.9
    endloop
  endfacet
  facet normal 0 0 1
    outer loop
      vertex 13.6109 7.84273 1.9
      vertex 13.72 6.17896 1.9
      vertex 13.72 7.82104 1.9
    endloop
  endfacet
  facet normal 0 0 1
    outer loop
      vertex 13.6109 7.84273 1.9
      vertex 13.6109 6.15727 1.9
      vertex 13.72 6.17896 1.9
    endloop
  endfacet
  facet normal 0 0 1
    outer loop
      vertex 13.5 7.85 1.9
      vertex 13.6109 6.15727 1.9
      vertex 13.6109 7.84273 1.9
    endloop
  endfacet
  facet normal 0 0 1
    outer loop
      vertex 13.5 7.85 1.9
      vertex 13.5 6.15 1.9
      vertex 13.6109 6.15727 1.9
    endloop
  endfacet
  facet normal -0 0 1
    outer loop
      vertex 13.3891 7.84273 1.9
      vertex 13.5 6.15 1.9
      vertex 13.5 7.85 1.9
    endloop
  endfacet
  facet normal 0 0 1
    outer loop
      vertex 13.3891 7.84273 1.9
      vertex 13.3891 6.15727 1.9
      vertex 13.5 6.15 1.9
    endloop
  endfacet
  facet normal -0 0 1
    outer loop
      vertex 13.28 7.82104 1.9
      vertex 13.3891 6.15727 1.9
      vertex 13.3891 7.84273 1.9
    endloop
  endfacet
  facet normal 0 0 1
    outer loop
      vertex 13.28 7.82104 1.9
      vertex 13.28 6.17896 1.9
      vertex 13.3891 6.15727 1.9
    endloop
  endfacet
  facet normal -0 0 1
    outer loop
      vertex 13.1747 7.7853 1.9
      vertex 13.28 6.17896 1.9
      vertex 13.28 7.82104 1.9
    endloop
  endfacet
  facet normal 0 0 1
    outer loop
      vertex 13.1747 7.7853 1.9
      vertex 13.1747 6.2147 1.9
      vertex 13.28 6.17896 1.9
    endloop
  endfacet
  facet normal -0 0 1
    outer loop
      vertex 13.075 7.73612 1.9
      vertex 13.1747 6.2147 1.9
      vertex 13.1747 7.7853 1.9
    endloop
  endfacet
  facet normal 0 0 1
    outer loop
      vertex 13.075 7.73612 1.9
      vertex 13.075 6.26388 1.9
      vertex 13.1747 6.2147 1.9
    endloop
  endfacet
  facet normal -0 0 1
    outer loop
      vertex 12.9826 7.67435 1.9
      vertex 13.075 6.26388 1.9
      vertex 13.075 7.73612 1.9
    endloop
  endfacet
  facet normal 0 0 1
    outer loop
      vertex 12.9826 7.67435 1.9
      vertex 12.9826 6.32565 1.9
      vertex 13.075 6.26388 1.9
    endloop
  endfacet
  facet normal -0 0 1
    outer loop
      vertex 12.899 7.60104 1.9
      vertex 12.9826 6.32565 1.9
      vertex 12.9826 7.67435 1.9
    endloop
  endfacet
  facet normal 0 0 1
    outer loop
      vertex 12.899 7.60104 1.9
      vertex 12.899 6.39896 1.9
      vertex 12.9826 6.32565 1.9
    endloop
  endfacet
  facet normal -0 0 1
    outer loop
      vertex 12.8256 7.51745 1.9
      vertex 12.899 6.39896 1.9
      vertex 12.899 7.60104 1.9
    endloop
  endfacet
  facet normal 0 0 1
    outer loop
      vertex 12.8256 7.51745 1.9
      vertex 12.8256 6.48255 1.9
      vertex 12.899 6.39896 1.9
    endloop
  endfacet
  facet normal -0 0 1
    outer loop
      vertex 12.7639 7.425 1.9
      vertex 12.8256 6.48255 1.9
      vertex 12.8256 7.51745 1.9
    endloop
  endfacet
  facet normal 0 0 1
    outer loop
      vertex 12.7639 7.425 1.9
      vertex 12.7639 6.575 1.9
      vertex 12.8256 6.48255 1.9
    endloop
  endfacet
  facet normal -0 0 1
    outer loop
      vertex 12.7147 7.32528 1.9
      vertex 12.7639 6.575 1.9
      vertex 12.7639 7.425 1.9
    endloop
  endfacet
  facet normal 0 0 1
    outer loop
      vertex 12.7147 7.32528 1.9
      vertex 12.7147 6.67472 1.9
      vertex 12.7639 6.575 1.9
    endloop
  endfacet
  facet normal -0 0 1
    outer loop
      vertex 12.679 7.22 1.9
      vertex 12.7147 6.67472 1.9
      vertex 12.7147 7.32528 1.9
    endloop
  endfacet
  facet normal 0 0 1
    outer loop
      vertex 12.679 7.22 1.9
      vertex 12.679 6.78 1.9
      vertex 12.7147 6.67472 1.9
    endloop
  endfacet
  facet normal -0 0 1
    outer loop
      vertex 12.6573 7.11095 1.9
      vertex 12.679 6.78 1.9
      vertex 12.679 7.22 1.9
    endloop
  endfacet
  facet normal 0 0 1
    outer loop
      vertex 12.6573 7.11095 1.9
      vertex 12.6573 6.88905 1.9
      vertex 12.679 6.78 1.9
    endloop
  endfacet
  facet normal 0 -0 1
    outer loop
      vertex 12.6573 6.88905 1.9
      vertex 12.6573 7.11095 1.9
      vertex 12.65 7 1.9
    endloop
  endfacet
  facet normal -0.321403 -0.946943 0
    outer loop
      vertex 13.72 7.82104 1.9
      vertex 13.8253 7.7853 4.5
      vertex 13.72 7.82104 4.5
    endloop
  endfacet
  facet normal -0.321403 -0.946943 -0
    outer loop
      vertex 13.8253 7.7853 4.5
      vertex 13.72 7.82104 1.9
      vertex 13.8253 7.7853 1.9
    endloop
  endfacet
  facet normal 0.659319 -0.751863 0
    outer loop
      vertex 12.899 7.60104 1.9
      vertex 12.9826 7.67435 4.5
      vertex 12.899 7.60104 4.5
    endloop
  endfacet
  facet normal 0.659319 -0.751863 0
    outer loop
      vertex 12.9826 7.67435 4.5
      vertex 12.899 7.60104 1.9
      vertex 12.9826 7.67435 1.9
    endloop
  endfacet
  facet normal -0.555759 0.831344 0
    outer loop
      vertex 14.0174 6.32565 1.9
      vertex 13.925 6.26388 4.5
      vertex 14.0174 6.32565 4.5
    endloop
  endfacet
  facet normal -0.555759 0.831344 0
    outer loop
      vertex 13.925 6.26388 4.5
      vertex 14.0174 6.32565 1.9
      vertex 13.925 6.26388 1.9
    endloop
  endfacet
  facet normal 0.194992 -0.980805 0
    outer loop
      vertex 13.28 7.82104 1.9
      vertex 13.3891 7.84273 4.5
      vertex 13.28 7.82104 4.5
    endloop
  endfacet
  facet normal 0.194992 -0.980805 0
    outer loop
      vertex 13.3891 7.84273 4.5
      vertex 13.28 7.82104 1.9
      vertex 13.3891 7.84273 1.9
    endloop
  endfacet
  facet normal 0.997842 0.0656534 0
    outer loop
      vertex 12.6573 6.88905 4.5
      vertex 12.65 7 1.9
      vertex 12.65 7 4.5
    endloop
  endfacet
  facet normal 0.997842 0.0656534 0
    outer loop
      vertex 12.65 7 1.9
      vertex 12.6573 6.88905 4.5
      vertex 12.6573 6.88905 1.9
    endloop
  endfacet
  facet normal 0.896789 0.442459 0
    outer loop
      vertex 12.7639 6.575 4.5
      vertex 12.7147 6.67472 1.9
      vertex 12.7147 6.67472 4.5
    endloop
  endfacet
  facet normal 0.896789 0.442459 0
    outer loop
      vertex 12.7147 6.67472 1.9
      vertex 12.7639 6.575 4.5
      vertex 12.7639 6.575 1.9
    endloop
  endfacet
  facet normal -0.0654141 -0.997858 0
    outer loop
      vertex 13.5 7.85 1.9
      vertex 13.6109 7.84273 4.5
      vertex 13.5 7.85 4.5
    endloop
  endfacet
  facet normal -0.0654141 -0.997858 -0
    outer loop
      vertex 13.6109 7.84273 4.5
      vertex 13.5 7.85 1.9
      vertex 13.6109 7.84273 1.9
    endloop
  endfacet
  facet normal 0.321403 0.946943 -0
    outer loop
      vertex 13.28 6.17896 1.9
      vertex 13.1747 6.2147 4.5
      vertex 13.28 6.17896 4.5
    endloop
  endfacet
  facet normal 0.321403 0.946943 0
    outer loop
      vertex 13.1747 6.2147 4.5
      vertex 13.28 6.17896 1.9
      vertex 13.1747 6.2147 1.9
    endloop
  endfacet
  facet normal -0.194992 0.980805 0
    outer loop
      vertex 13.72 6.17896 1.9
      vertex 13.6109 6.15727 4.5
      vertex 13.72 6.17896 4.5
    endloop
  endfacet
  facet normal -0.194992 0.980805 0
    outer loop
      vertex 13.6109 6.15727 4.5
      vertex 13.72 6.17896 1.9
      vertex 13.6109 6.15727 1.9
    endloop
  endfacet
  facet normal 0.442386 -0.896825 0
    outer loop
      vertex 13.075 7.73612 1.9
      vertex 13.1747 7.7853 4.5
      vertex 13.075 7.73612 4.5
    endloop
  endfacet
  facet normal 0.442386 -0.896825 0
    outer loop
      vertex 13.1747 7.7853 4.5
      vertex 13.075 7.73612 1.9
      vertex 13.1747 7.7853 1.9
    endloop
  endfacet
  facet normal 0.0654141 -0.997858 0
    outer loop
      vertex 13.3891 7.84273 1.9
      vertex 13.5 7.85 4.5
      vertex 13.3891 7.84273 4.5
    endloop
  endfacet
  facet normal 0.0654141 -0.997858 0
    outer loop
      vertex 13.5 7.85 4.5
      vertex 13.3891 7.84273 1.9
      vertex 13.5 7.85 1.9
    endloop
  endfacet
  facet normal -0.442386 -0.896825 0
    outer loop
      vertex 13.8253 7.7853 1.9
      vertex 13.925 7.73612 4.5
      vertex 13.8253 7.7853 4.5
    endloop
  endfacet
  facet normal -0.442386 -0.896825 -0
    outer loop
      vertex 13.925 7.73612 4.5
      vertex 13.8253 7.7853 1.9
      vertex 13.925 7.73612 1.9
    endloop
  endfacet
  facet normal -0.442386 0.896825 0
    outer loop
      vertex 13.925 6.26388 1.9
      vertex 13.8253 6.2147 4.5
      vertex 13.925 6.26388 4.5
    endloop
  endfacet
  facet normal -0.442386 0.896825 0
    outer loop
      vertex 13.8253 6.2147 4.5
      vertex 13.925 6.26388 1.9
      vertex 13.8253 6.2147 1.9
    endloop
  endfacet
  facet normal 0.98077 0.195165 0
    outer loop
      vertex 12.679 6.78 4.5
      vertex 12.6573 6.88905 1.9
      vertex 12.6573 6.88905 4.5
    endloop
  endfacet
  facet normal 0.98077 0.195165 0
    outer loop
      vertex 12.6573 6.88905 1.9
      vertex 12.679 6.78 4.5
      vertex 12.679 6.78 1.9
    endloop
  endfacet
  facet normal -0.997842 0.0656534 0
    outer loop
      vertex 14.3427 6.88905 1.9
      vertex 14.35 7 4.5
      vertex 14.35 7 1.9
    endloop
  endfacet
  facet normal -0.997842 0.0656534 0
    outer loop
      vertex 14.35 7 4.5
      vertex 14.3427 6.88905 1.9
      vertex 14.3427 6.88905 4.5
    endloop
  endfacet
  facet normal 0.555759 0.831344 -0
    outer loop
      vertex 13.075 6.26388 1.9
      vertex 12.9826 6.32565 4.5
      vertex 13.075 6.26388 4.5
    endloop
  endfacet
  facet normal 0.555759 0.831344 0
    outer loop
      vertex 12.9826 6.32565 4.5
      vertex 13.075 6.26388 1.9
      vertex 12.9826 6.32565 1.9
    endloop
  endfacet
  facet normal -0.751869 0.659313 0
    outer loop
      vertex 14.101 6.39896 1.9
      vertex 14.1743 6.48255 4.5
      vertex 14.1743 6.48255 1.9
    endloop
  endfacet
  facet normal -0.751869 0.659313 0
    outer loop
      vertex 14.1743 6.48255 4.5
      vertex 14.101 6.39896 1.9
      vertex 14.101 6.39896 4.5
    endloop
  endfacet
  facet normal -0.831358 0.555737 0
    outer loop
      vertex 14.1743 6.48255 1.9
      vertex 14.2361 6.575 4.5
      vertex 14.2361 6.575 1.9
    endloop
  endfacet
  facet normal -0.831358 0.555737 0
    outer loop
      vertex 14.2361 6.575 4.5
      vertex 14.1743 6.48255 1.9
      vertex 14.1743 6.48255 4.5
    endloop
  endfacet
  facet normal 0.751423 0.659821 0
    outer loop
      vertex 12.899 6.39896 4.5
      vertex 12.8256 6.48255 1.9
      vertex 12.8256 6.48255 4.5
    endloop
  endfacet
  facet normal 0.751423 0.659821 0
    outer loop
      vertex 12.8256 6.48255 1.9
      vertex 12.899 6.39896 4.5
      vertex 12.899 6.39896 1.9
    endloop
  endfacet
  facet normal 0.751423 -0.659821 0
    outer loop
      vertex 12.8256 7.51745 4.5
      vertex 12.899 7.60104 1.9
      vertex 12.899 7.60104 4.5
    endloop
  endfacet
  facet normal 0.751423 -0.659821 0
    outer loop
      vertex 12.899 7.60104 1.9
      vertex 12.8256 7.51745 4.5
      vertex 12.8256 7.51745 1.9
    endloop
  endfacet
  facet normal -0.947033 0.321135 0
    outer loop
      vertex 14.2853 6.67472 1.9
      vertex 14.321 6.78 4.5
      vertex 14.321 6.78 1.9
    endloop
  endfacet
  facet normal -0.947033 0.321135 0
    outer loop
      vertex 14.321 6.78 4.5
      vertex 14.2853 6.67472 1.9
      vertex 14.2853 6.67472 4.5
    endloop
  endfacet
  facet normal 0.831773 0.555115 0
    outer loop
      vertex 12.8256 6.48255 4.5
      vertex 12.7639 6.575 1.9
      vertex 12.7639 6.575 4.5
    endloop
  endfacet
  facet normal 0.831773 0.555115 0
    outer loop
      vertex 12.7639 6.575 1.9
      vertex 12.8256 6.48255 4.5
      vertex 12.8256 6.48255 1.9
    endloop
  endfacet
  facet normal -0.896789 0.442459 0
    outer loop
      vertex 14.2361 6.575 1.9
      vertex 14.2853 6.67472 4.5
      vertex 14.2853 6.67472 1.9
    endloop
  endfacet
  facet normal -0.896789 0.442459 0
    outer loop
      vertex 14.2853 6.67472 4.5
      vertex 14.2361 6.575 1.9
      vertex 14.2361 6.575 4.5
    endloop
  endfacet
  facet normal 0.194992 0.980805 -0
    outer loop
      vertex 13.3891 6.15727 1.9
      vertex 13.28 6.17896 4.5
      vertex 13.3891 6.15727 4.5
    endloop
  endfacet
  facet normal 0.194992 0.980805 0
    outer loop
      vertex 13.28 6.17896 4.5
      vertex 13.3891 6.15727 1.9
      vertex 13.28 6.17896 1.9
    endloop
  endfacet
  facet normal -0.0654141 0.997858 0
    outer loop
      vertex 13.6109 6.15727 1.9
      vertex 13.5 6.15 4.5
      vertex 13.6109 6.15727 4.5
    endloop
  endfacet
  facet normal -0.0654141 0.997858 0
    outer loop
      vertex 13.5 6.15 4.5
      vertex 13.6109 6.15727 1.9
      vertex 13.5 6.15 1.9
    endloop
  endfacet
  facet normal 0.442386 0.896825 -0
    outer loop
      vertex 13.1747 6.2147 1.9
      vertex 13.075 6.26388 4.5
      vertex 13.1747 6.2147 4.5
    endloop
  endfacet
  facet normal 0.442386 0.896825 0
    outer loop
      vertex 13.075 6.26388 4.5
      vertex 13.1747 6.2147 1.9
      vertex 13.075 6.26388 1.9
    endloop
  endfacet
  facet normal -0.194992 -0.980805 0
    outer loop
      vertex 13.6109 7.84273 1.9
      vertex 13.72 7.82104 4.5
      vertex 13.6109 7.84273 4.5
    endloop
  endfacet
  facet normal -0.194992 -0.980805 -0
    outer loop
      vertex 13.72 7.82104 4.5
      vertex 13.6109 7.84273 1.9
      vertex 13.72 7.82104 1.9
    endloop
  endfacet
  facet normal -0.659319 0.751863 0
    outer loop
      vertex 14.101 6.39896 1.9
      vertex 14.0174 6.32565 4.5
      vertex 14.101 6.39896 4.5
    endloop
  endfacet
  facet normal -0.659319 0.751863 0
    outer loop
      vertex 14.0174 6.32565 4.5
      vertex 14.101 6.39896 1.9
      vertex 14.0174 6.32565 1.9
    endloop
  endfacet
  facet normal -0.555759 -0.831344 0
    outer loop
      vertex 13.925 7.73612 1.9
      vertex 14.0174 7.67435 4.5
      vertex 13.925 7.73612 4.5
    endloop
  endfacet
  facet normal -0.555759 -0.831344 -0
    outer loop
      vertex 14.0174 7.67435 4.5
      vertex 13.925 7.73612 1.9
      vertex 14.0174 7.67435 1.9
    endloop
  endfacet
  facet normal 0.321403 -0.946943 0
    outer loop
      vertex 13.1747 7.7853 1.9
      vertex 13.28 7.82104 4.5
      vertex 13.1747 7.7853 4.5
    endloop
  endfacet
  facet normal 0.321403 -0.946943 0
    outer loop
      vertex 13.28 7.82104 4.5
      vertex 13.1747 7.7853 1.9
      vertex 13.28 7.82104 1.9
    endloop
  endfacet
  facet normal 0.0654141 0.997858 -0
    outer loop
      vertex 13.5 6.15 1.9
      vertex 13.3891 6.15727 4.5
      vertex 13.5 6.15 4.5
    endloop
  endfacet
  facet normal 0.0654141 0.997858 0
    outer loop
      vertex 13.3891 6.15727 4.5
      vertex 13.5 6.15 1.9
      vertex 13.3891 6.15727 1.9
    endloop
  endfacet
  facet normal 0.896789 -0.442459 0
    outer loop
      vertex 12.7147 7.32528 4.5
      vertex 12.7639 7.425 1.9
      vertex 12.7639 7.425 4.5
    endloop
  endfacet
  facet normal 0.896789 -0.442459 0
    outer loop
      vertex 12.7639 7.425 1.9
      vertex 12.7147 7.32528 4.5
      vertex 12.7147 7.32528 1.9
    endloop
  endfacet
  facet normal 0.98077 -0.195165 0
    outer loop
      vertex 12.6573 7.11095 4.5
      vertex 12.679 7.22 1.9
      vertex 12.679 7.22 4.5
    endloop
  endfacet
  facet normal 0.98077 -0.195165 0
    outer loop
      vertex 12.679 7.22 1.9
      vertex 12.6573 7.11095 4.5
      vertex 12.6573 7.11095 1.9
    endloop
  endfacet
  facet normal -0.751869 -0.659313 0
    outer loop
      vertex 14.1743 7.51745 1.9
      vertex 14.101 7.60104 4.5
      vertex 14.101 7.60104 1.9
    endloop
  endfacet
  facet normal -0.751869 -0.659313 0
    outer loop
      vertex 14.101 7.60104 4.5
      vertex 14.1743 7.51745 1.9
      vertex 14.1743 7.51745 4.5
    endloop
  endfacet
  facet normal 0.659319 0.751863 -0
    outer loop
      vertex 12.9826 6.32565 1.9
      vertex 12.899 6.39896 4.5
      vertex 12.9826 6.32565 4.5
    endloop
  endfacet
  facet normal 0.659319 0.751863 0
    outer loop
      vertex 12.899 6.39896 4.5
      vertex 12.9826 6.32565 1.9
      vertex 12.899 6.39896 1.9
    endloop
  endfacet
  facet normal -0.659319 -0.751863 0
    outer loop
      vertex 14.0174 7.67435 1.9
      vertex 14.101 7.60104 4.5
      vertex 14.0174 7.67435 4.5
    endloop
  endfacet
  facet normal -0.659319 -0.751863 -0
    outer loop
      vertex 14.101 7.60104 4.5
      vertex 14.0174 7.67435 1.9
      vertex 14.101 7.60104 1.9
    endloop
  endfacet
  facet normal 0.947033 -0.321135 0
    outer loop
      vertex 12.679 7.22 4.5
      vertex 12.7147 7.32528 1.9
      vertex 12.7147 7.32528 4.5
    endloop
  endfacet
  facet normal 0.947033 -0.321135 0
    outer loop
      vertex 12.7147 7.32528 1.9
      vertex 12.679 7.22 4.5
      vertex 12.679 7.22 1.9
    endloop
  endfacet
  facet normal 0.997842 -0.0656534 0
    outer loop
      vertex 12.65 7 4.5
      vertex 12.6573 7.11095 1.9
      vertex 12.6573 7.11095 4.5
    endloop
  endfacet
  facet normal 0.997842 -0.0656534 0
    outer loop
      vertex 12.6573 7.11095 1.9
      vertex 12.65 7 4.5
      vertex 12.65 7 1.9
    endloop
  endfacet
  facet normal 0.831773 -0.555115 0
    outer loop
      vertex 12.7639 7.425 4.5
      vertex 12.8256 7.51745 1.9
      vertex 12.8256 7.51745 4.5
    endloop
  endfacet
  facet normal 0.831773 -0.555115 0
    outer loop
      vertex 12.8256 7.51745 1.9
      vertex 12.7639 7.425 4.5
      vertex 12.7639 7.425 1.9
    endloop
  endfacet
  facet normal -0.98077 -0.195165 0
    outer loop
      vertex 44.3427 7.11095 1.9
      vertex 44.321 7.22 4.5
      vertex 44.321 7.22 1.9
    endloop
  endfacet
  facet normal -0.98077 -0.195165 0
    outer loop
      vertex 44.321 7.22 4.5
      vertex 44.3427 7.11095 1.9
      vertex 44.3427 7.11095 4.5
    endloop
  endfacet
  facet normal -0.997842 -0.0656534 0
    outer loop
      vertex 44.35 7 1.9
      vertex 44.3427 7.11095 4.5
      vertex 44.3427 7.11095 1.9
    endloop
  endfacet
  facet normal -0.997842 -0.0656534 0
    outer loop
      vertex 44.3427 7.11095 4.5
      vertex 44.35 7 1.9
      vertex 44.35 7 4.5
    endloop
  endfacet
  facet normal -0.947033 -0.321135 0
    outer loop
      vertex 44.321 7.22 1.9
      vertex 44.2853 7.32528 4.5
      vertex 44.2853 7.32528 1.9
    endloop
  endfacet
  facet normal -0.947033 -0.321135 0
    outer loop
      vertex 44.2853 7.32528 4.5
      vertex 44.321 7.22 1.9
      vertex 44.321 7.22 4.5
    endloop
  endfacet
  facet normal -0.831773 -0.555115 0
    outer loop
      vertex 44.2361 7.425 1.9
      vertex 44.1744 7.51745 4.5
      vertex 44.1744 7.51745 1.9
    endloop
  endfacet
  facet normal -0.831773 -0.555115 0
    outer loop
      vertex 44.1744 7.51745 4.5
      vertex 44.2361 7.425 1.9
      vertex 44.2361 7.425 4.5
    endloop
  endfacet
  facet normal 0.947033 0.321135 0
    outer loop
      vertex 42.7147 6.67472 4.5
      vertex 42.679 6.78 1.9
      vertex 42.679 6.78 4.5
    endloop
  endfacet
  facet normal 0.947033 0.321135 0
    outer loop
      vertex 42.679 6.78 1.9
      vertex 42.7147 6.67472 4.5
      vertex 42.7147 6.67472 1.9
    endloop
  endfacet
  facet normal -0.321403 0.946943 0
    outer loop
      vertex 43.8253 6.2147 1.9
      vertex 43.72 6.17896 4.5
      vertex 43.8253 6.2147 4.5
    endloop
  endfacet
  facet normal -0.321403 0.946943 0
    outer loop
      vertex 43.72 6.17896 4.5
      vertex 43.8253 6.2147 1.9
      vertex 43.72 6.17896 1.9
    endloop
  endfacet
  facet normal -0.896789 -0.442459 0
    outer loop
      vertex 44.2853 7.32528 1.9
      vertex 44.2361 7.425 4.5
      vertex 44.2361 7.425 1.9
    endloop
  endfacet
  facet normal -0.896789 -0.442459 0
    outer loop
      vertex 44.2361 7.425 4.5
      vertex 44.2853 7.32528 1.9
      vertex 44.2853 7.32528 4.5
    endloop
  endfacet
  facet normal 0.555759 -0.831344 0
    outer loop
      vertex 42.9826 7.67435 1.9
      vertex 43.075 7.73612 4.5
      vertex 42.9826 7.67435 4.5
    endloop
  endfacet
  facet normal 0.555759 -0.831344 0
    outer loop
      vertex 43.075 7.73612 4.5
      vertex 42.9826 7.67435 1.9
      vertex 43.075 7.73612 1.9
    endloop
  endfacet
  facet normal -0.98077 0.195165 0
    outer loop
      vertex 44.321 6.78 1.9
      vertex 44.3427 6.88905 4.5
      vertex 44.3427 6.88905 1.9
    endloop
  endfacet
  facet normal -0.98077 0.195165 0
    outer loop
      vertex 44.3427 6.88905 4.5
      vertex 44.321 6.78 1.9
      vertex 44.321 6.78 4.5
    endloop
  endfacet
  facet normal 0 0 1
    outer loop
      vertex 44.3427 7.11095 1.9
      vertex 44.3427 6.88905 1.9
      vertex 44.35 7 1.9
    endloop
  endfacet
  facet normal 0 0 1
    outer loop
      vertex 44.321 7.22 1.9
      vertex 44.3427 6.88905 1.9
      vertex 44.3427 7.11095 1.9
    endloop
  endfacet
  facet normal 0 0 1
    outer loop
      vertex 44.321 7.22 1.9
      vertex 44.321 6.78 1.9
      vertex 44.3427 6.88905 1.9
    endloop
  endfacet
  facet normal 0 0 1
    outer loop
      vertex 44.2853 7.32528 1.9
      vertex 44.321 6.78 1.9
      vertex 44.321 7.22 1.9
    endloop
  endfacet
  facet normal 0 0 1
    outer loop
      vertex 44.2853 7.32528 1.9
      vertex 44.2853 6.67472 1.9
      vertex 44.321 6.78 1.9
    endloop
  endfacet
  facet normal 0 0 1
    outer loop
      vertex 44.2361 7.425 1.9
      vertex 44.2853 6.67472 1.9
      vertex 44.2853 7.32528 1.9
    endloop
  endfacet
  facet normal 0 0 1
    outer loop
      vertex 44.2361 7.425 1.9
      vertex 44.2361 6.575 1.9
      vertex 44.2853 6.67472 1.9
    endloop
  endfacet
  facet normal 0 0 1
    outer loop
      vertex 44.1744 7.51745 1.9
      vertex 44.2361 6.575 1.9
      vertex 44.2361 7.425 1.9
    endloop
  endfacet
  facet normal 0 0 1
    outer loop
      vertex 44.1744 7.51745 1.9
      vertex 44.1744 6.48255 1.9
      vertex 44.2361 6.575 1.9
    endloop
  endfacet
  facet normal 0 0 1
    outer loop
      vertex 44.101 7.60104 1.9
      vertex 44.1744 6.48255 1.9
      vertex 44.1744 7.51745 1.9
    endloop
  endfacet
  facet normal 0 0 1
    outer loop
      vertex 44.101 7.60104 1.9
      vertex 44.101 6.39896 1.9
      vertex 44.1744 6.48255 1.9
    endloop
  endfacet
  facet normal 0 0 1
    outer loop
      vertex 44.0174 7.67435 1.9
      vertex 44.101 6.39896 1.9
      vertex 44.101 7.60104 1.9
    endloop
  endfacet
  facet normal 0 0 1
    outer loop
      vertex 44.0174 7.67435 1.9
      vertex 44.0174 6.32565 1.9
      vertex 44.101 6.39896 1.9
    endloop
  endfacet
  facet normal 0 0 1
    outer loop
      vertex 43.925 7.73612 1.9
      vertex 44.0174 6.32565 1.9
      vertex 44.0174 7.67435 1.9
    endloop
  endfacet
  facet normal 0 0 1
    outer loop
      vertex 43.925 7.73612 1.9
      vertex 43.925 6.26388 1.9
      vertex 44.0174 6.32565 1.9
    endloop
  endfacet
  facet normal 0 0 1
    outer loop
      vertex 43.8253 7.7853 1.9
      vertex 43.925 6.26388 1.9
      vertex 43.925 7.73612 1.9
    endloop
  endfacet
  facet normal 0 0 1
    outer loop
      vertex 43.8253 7.7853 1.9
      vertex 43.8253 6.2147 1.9
      vertex 43.925 6.26388 1.9
    endloop
  endfacet
  facet normal 0 0 1
    outer loop
      vertex 43.72 7.82104 1.9
      vertex 43.8253 6.2147 1.9
      vertex 43.8253 7.7853 1.9
    endloop
  endfacet
  facet normal 0 0 1
    outer loop
      vertex 43.72 7.82104 1.9
      vertex 43.72 6.17896 1.9
      vertex 43.8253 6.2147 1.9
    endloop
  endfacet
  facet normal 0 0 1
    outer loop
      vertex 43.6109 7.84273 1.9
      vertex 43.72 6.17896 1.9
      vertex 43.72 7.82104 1.9
    endloop
  endfacet
  facet normal 0 0 1
    outer loop
      vertex 43.6109 7.84273 1.9
      vertex 43.6109 6.15727 1.9
      vertex 43.72 6.17896 1.9
    endloop
  endfacet
  facet normal 0 0 1
    outer loop
      vertex 43.5 7.85 1.9
      vertex 43.6109 6.15727 1.9
      vertex 43.6109 7.84273 1.9
    endloop
  endfacet
  facet normal 0 0 1
    outer loop
      vertex 43.5 7.85 1.9
      vertex 43.5 6.15 1.9
      vertex 43.6109 6.15727 1.9
    endloop
  endfacet
  facet normal -0 0 1
    outer loop
      vertex 43.3891 7.84273 1.9
      vertex 43.5 6.15 1.9
      vertex 43.5 7.85 1.9
    endloop
  endfacet
  facet normal 0 0 1
    outer loop
      vertex 43.3891 7.84273 1.9
      vertex 43.3891 6.15727 1.9
      vertex 43.5 6.15 1.9
    endloop
  endfacet
  facet normal -0 0 1
    outer loop
      vertex 43.28 7.82104 1.9
      vertex 43.3891 6.15727 1.9
      vertex 43.3891 7.84273 1.9
    endloop
  endfacet
  facet normal 0 0 1
    outer loop
      vertex 43.28 7.82104 1.9
      vertex 43.28 6.17896 1.9
      vertex 43.3891 6.15727 1.9
    endloop
  endfacet
  facet normal -0 0 1
    outer loop
      vertex 43.1747 7.7853 1.9
      vertex 43.28 6.17896 1.9
      vertex 43.28 7.82104 1.9
    endloop
  endfacet
  facet normal 0 0 1
    outer loop
      vertex 43.1747 7.7853 1.9
      vertex 43.1747 6.2147 1.9
      vertex 43.28 6.17896 1.9
    endloop
  endfacet
  facet normal -0 0 1
    outer loop
      vertex 43.075 7.73612 1.9
      vertex 43.1747 6.2147 1.9
      vertex 43.1747 7.7853 1.9
    endloop
  endfacet
  facet normal 0 0 1
    outer loop
      vertex 43.075 7.73612 1.9
      vertex 43.075 6.26388 1.9
      vertex 43.1747 6.2147 1.9
    endloop
  endfacet
  facet normal -0 0 1
    outer loop
      vertex 42.9826 7.67435 1.9
      vertex 43.075 6.26388 1.9
      vertex 43.075 7.73612 1.9
    endloop
  endfacet
  facet normal 0 0 1
    outer loop
      vertex 42.9826 7.67435 1.9
      vertex 42.9826 6.32565 1.9
      vertex 43.075 6.26388 1.9
    endloop
  endfacet
  facet normal -0 0 1
    outer loop
      vertex 42.899 7.60104 1.9
      vertex 42.9826 6.32565 1.9
      vertex 42.9826 7.67435 1.9
    endloop
  endfacet
  facet normal 0 0 1
    outer loop
      vertex 42.899 7.60104 1.9
      vertex 42.899 6.39896 1.9
      vertex 42.9826 6.32565 1.9
    endloop
  endfacet
  facet normal -0 0 1
    outer loop
      vertex 42.8256 7.51745 1.9
      vertex 42.899 6.39896 1.9
      vertex 42.899 7.60104 1.9
    endloop
  endfacet
  facet normal 0 0 1
    outer loop
      vertex 42.8256 7.51745 1.9
      vertex 42.8256 6.48255 1.9
      vertex 42.899 6.39896 1.9
    endloop
  endfacet
  facet normal -0 0 1
    outer loop
      vertex 42.7639 7.425 1.9
      vertex 42.8256 6.48255 1.9
      vertex 42.8256 7.51745 1.9
    endloop
  endfacet
  facet normal 0 0 1
    outer loop
      vertex 42.7639 7.425 1.9
      vertex 42.7639 6.575 1.9
      vertex 42.8256 6.48255 1.9
    endloop
  endfacet
  facet normal -0 0 1
    outer loop
      vertex 42.7147 7.32528 1.9
      vertex 42.7639 6.575 1.9
      vertex 42.7639 7.425 1.9
    endloop
  endfacet
  facet normal 0 0 1
    outer loop
      vertex 42.7147 7.32528 1.9
      vertex 42.7147 6.67472 1.9
      vertex 42.7639 6.575 1.9
    endloop
  endfacet
  facet normal -0 0 1
    outer loop
      vertex 42.679 7.22 1.9
      vertex 42.7147 6.67472 1.9
      vertex 42.7147 7.32528 1.9
    endloop
  endfacet
  facet normal 0 0 1
    outer loop
      vertex 42.679 7.22 1.9
      vertex 42.679 6.78 1.9
      vertex 42.7147 6.67472 1.9
    endloop
  endfacet
  facet normal -0 0 1
    outer loop
      vertex 42.6573 7.11095 1.9
      vertex 42.679 6.78 1.9
      vertex 42.679 7.22 1.9
    endloop
  endfacet
  facet normal 0 0 1
    outer loop
      vertex 42.6573 7.11095 1.9
      vertex 42.6573 6.88905 1.9
      vertex 42.679 6.78 1.9
    endloop
  endfacet
  facet normal 0 -0 1
    outer loop
      vertex 42.6573 6.88905 1.9
      vertex 42.6573 7.11095 1.9
      vertex 42.65 7 1.9
    endloop
  endfacet
  facet normal -0.321403 -0.946943 0
    outer loop
      vertex 43.72 7.82104 1.9
      vertex 43.8253 7.7853 4.5
      vertex 43.72 7.82104 4.5
    endloop
  endfacet
  facet normal -0.321403 -0.946943 -0
    outer loop
      vertex 43.8253 7.7853 4.5
      vertex 43.72 7.82104 1.9
      vertex 43.8253 7.7853 1.9
    endloop
  endfacet
  facet normal 0.659319 -0.751863 0
    outer loop
      vertex 42.899 7.60104 1.9
      vertex 42.9826 7.67435 4.5
      vertex 42.899 7.60104 4.5
    endloop
  endfacet
  facet normal 0.659319 -0.751863 0
    outer loop
      vertex 42.9826 7.67435 4.5
      vertex 42.899 7.60104 1.9
      vertex 42.9826 7.67435 1.9
    endloop
  endfacet
  facet normal -0.555759 0.831344 0
    outer loop
      vertex 44.0174 6.32565 1.9
      vertex 43.925 6.26388 4.5
      vertex 44.0174 6.32565 4.5
    endloop
  endfacet
  facet normal -0.555759 0.831344 0
    outer loop
      vertex 43.925 6.26388 4.5
      vertex 44.0174 6.32565 1.9
      vertex 43.925 6.26388 1.9
    endloop
  endfacet
  facet normal 0.194992 -0.980805 0
    outer loop
      vertex 43.28 7.82104 1.9
      vertex 43.3891 7.84273 4.5
      vertex 43.28 7.82104 4.5
    endloop
  endfacet
  facet normal 0.194992 -0.980805 0
    outer loop
      vertex 43.3891 7.84273 4.5
      vertex 43.28 7.82104 1.9
      vertex 43.3891 7.84273 1.9
    endloop
  endfacet
  facet normal 0.997842 0.0656534 0
    outer loop
      vertex 42.6573 6.88905 4.5
      vertex 42.65 7 1.9
      vertex 42.65 7 4.5
    endloop
  endfacet
  facet normal 0.997842 0.0656534 0
    outer loop
      vertex 42.65 7 1.9
      vertex 42.6573 6.88905 4.5
      vertex 42.6573 6.88905 1.9
    endloop
  endfacet
  facet normal 0.896789 0.442459 0
    outer loop
      vertex 42.7639 6.575 4.5
      vertex 42.7147 6.67472 1.9
      vertex 42.7147 6.67472 4.5
    endloop
  endfacet
  facet normal 0.896789 0.442459 0
    outer loop
      vertex 42.7147 6.67472 1.9
      vertex 42.7639 6.575 4.5
      vertex 42.7639 6.575 1.9
    endloop
  endfacet
  facet normal -0.0654141 -0.997858 0
    outer loop
      vertex 43.5 7.85 1.9
      vertex 43.6109 7.84273 4.5
      vertex 43.5 7.85 4.5
    endloop
  endfacet
  facet normal -0.0654141 -0.997858 -0
    outer loop
      vertex 43.6109 7.84273 4.5
      vertex 43.5 7.85 1.9
      vertex 43.6109 7.84273 1.9
    endloop
  endfacet
  facet normal 0.321403 0.946943 -0
    outer loop
      vertex 43.28 6.17896 1.9
      vertex 43.1747 6.2147 4.5
      vertex 43.28 6.17896 4.5
    endloop
  endfacet
  facet normal 0.321403 0.946943 0
    outer loop
      vertex 43.1747 6.2147 4.5
      vertex 43.28 6.17896 1.9
      vertex 43.1747 6.2147 1.9
    endloop
  endfacet
  facet normal -0.194992 0.980805 0
    outer loop
      vertex 43.72 6.17896 1.9
      vertex 43.6109 6.15727 4.5
      vertex 43.72 6.17896 4.5
    endloop
  endfacet
  facet normal -0.194992 0.980805 0
    outer loop
      vertex 43.6109 6.15727 4.5
      vertex 43.72 6.17896 1.9
      vertex 43.6109 6.15727 1.9
    endloop
  endfacet
  facet normal 0.442386 -0.896825 0
    outer loop
      vertex 43.075 7.73612 1.9
      vertex 43.1747 7.7853 4.5
      vertex 43.075 7.73612 4.5
    endloop
  endfacet
  facet normal 0.442386 -0.896825 0
    outer loop
      vertex 43.1747 7.7853 4.5
      vertex 43.075 7.73612 1.9
      vertex 43.1747 7.7853 1.9
    endloop
  endfacet
  facet normal 0.0654141 -0.997858 0
    outer loop
      vertex 43.3891 7.84273 1.9
      vertex 43.5 7.85 4.5
      vertex 43.3891 7.84273 4.5
    endloop
  endfacet
  facet normal 0.0654141 -0.997858 0
    outer loop
      vertex 43.5 7.85 4.5
      vertex 43.3891 7.84273 1.9
      vertex 43.5 7.85 1.9
    endloop
  endfacet
  facet normal -0.442386 -0.896825 0
    outer loop
      vertex 43.8253 7.7853 1.9
      vertex 43.925 7.73612 4.5
      vertex 43.8253 7.7853 4.5
    endloop
  endfacet
  facet normal -0.442386 -0.896825 -0
    outer loop
      vertex 43.925 7.73612 4.5
      vertex 43.8253 7.7853 1.9
      vertex 43.925 7.73612 1.9
    endloop
  endfacet
  facet normal -0.442386 0.896825 0
    outer loop
      vertex 43.925 6.26388 1.9
      vertex 43.8253 6.2147 4.5
      vertex 43.925 6.26388 4.5
    endloop
  endfacet
  facet normal -0.442386 0.896825 0
    outer loop
      vertex 43.8253 6.2147 4.5
      vertex 43.925 6.26388 1.9
      vertex 43.8253 6.2147 1.9
    endloop
  endfacet
  facet normal 0.98077 0.195165 0
    outer loop
      vertex 42.679 6.78 4.5
      vertex 42.6573 6.88905 1.9
      vertex 42.6573 6.88905 4.5
    endloop
  endfacet
  facet normal 0.98077 0.195165 0
    outer loop
      vertex 42.6573 6.88905 1.9
      vertex 42.679 6.78 4.5
      vertex 42.679 6.78 1.9
    endloop
  endfacet
  facet normal -0.997842 0.0656534 0
    outer loop
      vertex 44.3427 6.88905 1.9
      vertex 44.35 7 4.5
      vertex 44.35 7 1.9
    endloop
  endfacet
  facet normal -0.997842 0.0656534 0
    outer loop
      vertex 44.35 7 4.5
      vertex 44.3427 6.88905 1.9
      vertex 44.3427 6.88905 4.5
    endloop
  endfacet
  facet normal 0.555759 0.831344 -0
    outer loop
      vertex 43.075 6.26388 1.9
      vertex 42.9826 6.32565 4.5
      vertex 43.075 6.26388 4.5
    endloop
  endfacet
  facet normal 0.555759 0.831344 0
    outer loop
      vertex 42.9826 6.32565 4.5
      vertex 43.075 6.26388 1.9
      vertex 42.9826 6.32565 1.9
    endloop
  endfacet
  facet normal -0.751423 0.659821 0
    outer loop
      vertex 44.101 6.39896 1.9
      vertex 44.1744 6.48255 4.5
      vertex 44.1744 6.48255 1.9
    endloop
  endfacet
  facet normal -0.751423 0.659821 0
    outer loop
      vertex 44.1744 6.48255 4.5
      vertex 44.101 6.39896 1.9
      vertex 44.101 6.39896 4.5
    endloop
  endfacet
  facet normal -0.831773 0.555115 0
    outer loop
      vertex 44.1744 6.48255 1.9
      vertex 44.2361 6.575 4.5
      vertex 44.2361 6.575 1.9
    endloop
  endfacet
  facet normal -0.831773 0.555115 0
    outer loop
      vertex 44.2361 6.575 4.5
      vertex 44.1744 6.48255 1.9
      vertex 44.1744 6.48255 4.5
    endloop
  endfacet
  facet normal 0.751423 0.659821 0
    outer loop
      vertex 42.899 6.39896 4.5
      vertex 42.8256 6.48255 1.9
      vertex 42.8256 6.48255 4.5
    endloop
  endfacet
  facet normal 0.751423 0.659821 0
    outer loop
      vertex 42.8256 6.48255 1.9
      vertex 42.899 6.39896 4.5
      vertex 42.899 6.39896 1.9
    endloop
  endfacet
  facet normal 0.751423 -0.659821 0
    outer loop
      vertex 42.8256 7.51745 4.5
      vertex 42.899 7.60104 1.9
      vertex 42.899 7.60104 4.5
    endloop
  endfacet
  facet normal 0.751423 -0.659821 0
    outer loop
      vertex 42.899 7.60104 1.9
      vertex 42.8256 7.51745 4.5
      vertex 42.8256 7.51745 1.9
    endloop
  endfacet
  facet normal 0.659319 0.751863 -0
    outer loop
      vertex 42.9826 6.32565 1.9
      vertex 42.899 6.39896 4.5
      vertex 42.9826 6.32565 4.5
    endloop
  endfacet
  facet normal 0.659319 0.751863 0
    outer loop
      vertex 42.899 6.39896 4.5
      vertex 42.9826 6.32565 1.9
      vertex 42.899 6.39896 1.9
    endloop
  endfacet
  facet normal -0.947033 0.321135 0
    outer loop
      vertex 44.2853 6.67472 1.9
      vertex 44.321 6.78 4.5
      vertex 44.321 6.78 1.9
    endloop
  endfacet
  facet normal -0.947033 0.321135 0
    outer loop
      vertex 44.321 6.78 4.5
      vertex 44.2853 6.67472 1.9
      vertex 44.2853 6.67472 4.5
    endloop
  endfacet
  facet normal 0.831773 0.555115 0
    outer loop
      vertex 42.8256 6.48255 4.5
      vertex 42.7639 6.575 1.9
      vertex 42.7639 6.575 4.5
    endloop
  endfacet
  facet normal 0.831773 0.555115 0
    outer loop
      vertex 42.7639 6.575 1.9
      vertex 42.8256 6.48255 4.5
      vertex 42.8256 6.48255 1.9
    endloop
  endfacet
  facet normal -0.896789 0.442459 0
    outer loop
      vertex 44.2361 6.575 1.9
      vertex 44.2853 6.67472 4.5
      vertex 44.2853 6.67472 1.9
    endloop
  endfacet
  facet normal -0.896789 0.442459 0
    outer loop
      vertex 44.2853 6.67472 4.5
      vertex 44.2361 6.575 1.9
      vertex 44.2361 6.575 4.5
    endloop
  endfacet
  facet normal 0.194992 0.980805 -0
    outer loop
      vertex 43.3891 6.15727 1.9
      vertex 43.28 6.17896 4.5
      vertex 43.3891 6.15727 4.5
    endloop
  endfacet
  facet normal 0.194992 0.980805 0
    outer loop
      vertex 43.28 6.17896 4.5
      vertex 43.3891 6.15727 1.9
      vertex 43.28 6.17896 1.9
    endloop
  endfacet
  facet normal -0.0654141 0.997858 0
    outer loop
      vertex 43.6109 6.15727 1.9
      vertex 43.5 6.15 4.5
      vertex 43.6109 6.15727 4.5
    endloop
  endfacet
  facet normal -0.0654141 0.997858 0
    outer loop
      vertex 43.5 6.15 4.5
      vertex 43.6109 6.15727 1.9
      vertex 43.5 6.15 1.9
    endloop
  endfacet
  facet normal 0.442386 0.896825 -0
    outer loop
      vertex 43.1747 6.2147 1.9
      vertex 43.075 6.26388 4.5
      vertex 43.1747 6.2147 4.5
    endloop
  endfacet
  facet normal 0.442386 0.896825 0
    outer loop
      vertex 43.075 6.26388 4.5
      vertex 43.1747 6.2147 1.9
      vertex 43.075 6.26388 1.9
    endloop
  endfacet
  facet normal -0.194992 -0.980805 0
    outer loop
      vertex 43.6109 7.84273 1.9
      vertex 43.72 7.82104 4.5
      vertex 43.6109 7.84273 4.5
    endloop
  endfacet
  facet normal -0.194992 -0.980805 -0
    outer loop
      vertex 43.72 7.82104 4.5
      vertex 43.6109 7.84273 1.9
      vertex 43.72 7.82104 1.9
    endloop
  endfacet
  facet normal -0.659319 0.751863 0
    outer loop
      vertex 44.101 6.39896 1.9
      vertex 44.0174 6.32565 4.5
      vertex 44.101 6.39896 4.5
    endloop
  endfacet
  facet normal -0.659319 0.751863 0
    outer loop
      vertex 44.0174 6.32565 4.5
      vertex 44.101 6.39896 1.9
      vertex 44.0174 6.32565 1.9
    endloop
  endfacet
  facet normal -0.555759 -0.831344 0
    outer loop
      vertex 43.925 7.73612 1.9
      vertex 44.0174 7.67435 4.5
      vertex 43.925 7.73612 4.5
    endloop
  endfacet
  facet normal -0.555759 -0.831344 -0
    outer loop
      vertex 44.0174 7.67435 4.5
      vertex 43.925 7.73612 1.9
      vertex 44.0174 7.67435 1.9
    endloop
  endfacet
  facet normal 0.321403 -0.946943 0
    outer loop
      vertex 43.1747 7.7853 1.9
      vertex 43.28 7.82104 4.5
      vertex 43.1747 7.7853 4.5
    endloop
  endfacet
  facet normal 0.321403 -0.946943 0
    outer loop
      vertex 43.28 7.82104 4.5
      vertex 43.1747 7.7853 1.9
      vertex 43.28 7.82104 1.9
    endloop
  endfacet
  facet normal 0.0654141 0.997858 -0
    outer loop
      vertex 43.5 6.15 1.9
      vertex 43.3891 6.15727 4.5
      vertex 43.5 6.15 4.5
    endloop
  endfacet
  facet normal 0.0654141 0.997858 0
    outer loop
      vertex 43.3891 6.15727 4.5
      vertex 43.5 6.15 1.9
      vertex 43.3891 6.15727 1.9
    endloop
  endfacet
  facet normal 0.896789 -0.442459 0
    outer loop
      vertex 42.7147 7.32528 4.5
      vertex 42.7639 7.425 1.9
      vertex 42.7639 7.425 4.5
    endloop
  endfacet
  facet normal 0.896789 -0.442459 0
    outer loop
      vertex 42.7639 7.425 1.9
      vertex 42.7147 7.32528 4.5
      vertex 42.7147 7.32528 1.9
    endloop
  endfacet
  facet normal 0.98077 -0.195165 0
    outer loop
      vertex 42.6573 7.11095 4.5
      vertex 42.679 7.22 1.9
      vertex 42.679 7.22 4.5
    endloop
  endfacet
  facet normal 0.98077 -0.195165 0
    outer loop
      vertex 42.679 7.22 1.9
      vertex 42.6573 7.11095 4.5
      vertex 42.6573 7.11095 1.9
    endloop
  endfacet
  facet normal -0.751423 -0.659821 0
    outer loop
      vertex 44.1744 7.51745 1.9
      vertex 44.101 7.60104 4.5
      vertex 44.101 7.60104 1.9
    endloop
  endfacet
  facet normal -0.751423 -0.659821 0
    outer loop
      vertex 44.101 7.60104 4.5
      vertex 44.1744 7.51745 1.9
      vertex 44.1744 7.51745 4.5
    endloop
  endfacet
  facet normal -0.659319 -0.751863 0
    outer loop
      vertex 44.0174 7.67435 1.9
      vertex 44.101 7.60104 4.5
      vertex 44.0174 7.67435 4.5
    endloop
  endfacet
  facet normal -0.659319 -0.751863 -0
    outer loop
      vertex 44.101 7.60104 4.5
      vertex 44.0174 7.67435 1.9
      vertex 44.101 7.60104 1.9
    endloop
  endfacet
  facet normal 0.947033 -0.321135 0
    outer loop
      vertex 42.679 7.22 4.5
      vertex 42.7147 7.32528 1.9
      vertex 42.7147 7.32528 4.5
    endloop
  endfacet
  facet normal 0.947033 -0.321135 0
    outer loop
      vertex 42.7147 7.32528 1.9
      vertex 42.679 7.22 4.5
      vertex 42.679 7.22 1.9
    endloop
  endfacet
  facet normal 0.997842 -0.0656534 0
    outer loop
      vertex 42.65 7 4.5
      vertex 42.6573 7.11095 1.9
      vertex 42.6573 7.11095 4.5
    endloop
  endfacet
  facet normal 0.997842 -0.0656534 0
    outer loop
      vertex 42.6573 7.11095 1.9
      vertex 42.65 7 4.5
      vertex 42.65 7 1.9
    endloop
  endfacet
  facet normal 0.831773 -0.555115 0
    outer loop
      vertex 42.7639 7.425 4.5
      vertex 42.8256 7.51745 1.9
      vertex 42.8256 7.51745 4.5
    endloop
  endfacet
  facet normal 0.831773 -0.555115 0
    outer loop
      vertex 42.8256 7.51745 1.9
      vertex 42.7639 7.425 4.5
      vertex 42.7639 7.425 1.9
    endloop
  endfacet
  facet normal 0 0 -1
    outer loop
      vertex 0.9 31.85 24.1
      vertex 2 43.85 24.1
      vertex 2 31.85 24.1
    endloop
  endfacet
  facet normal -0 0 -1
    outer loop
      vertex 2 43.85 24.1
      vertex 0.9 31.85 24.1
      vertex 0.9 43.85 24.1
    endloop
  endfacet
  facet normal -0 0 1
    outer loop
      vertex 0.9 43.85 17.1
      vertex 4 31.85 17.1
      vertex 4 43.85 17.1
    endloop
  endfacet
  facet normal 0 0 1
    outer loop
      vertex 4 31.85 17.1
      vertex 0.9 43.85 17.1
      vertex 0.9 31.85 17.1
    endloop
  endfacet
  facet normal 0 -1 0
    outer loop
      vertex 0.9 43.85 24.1
      vertex 2 43.85 21
      vertex 2 43.85 24.1
    endloop
  endfacet
  facet normal 0 -1 0
    outer loop
      vertex 0.9 43.85 17.1
      vertex 2 43.85 21
      vertex 0.9 43.85 24.1
    endloop
  endfacet
  facet normal 0 -1 0
    outer loop
      vertex 4 43.85 17.1
      vertex 2 43.85 21
      vertex 0.9 43.85 17.1
    endloop
  endfacet
  facet normal 0 -1 0
    outer loop
      vertex 2 43.85 21
      vertex 4 43.85 17.1
      vertex 4 43.85 21
    endloop
  endfacet
  facet normal 0 1 0
    outer loop
      vertex 4 31.85 21
      vertex 4 31.85 17.1
      vertex 2 31.85 21
    endloop
  endfacet
  facet normal 0 1 -0
    outer loop
      vertex 2 31.85 21
      vertex 0.9 31.85 24.1
      vertex 2 31.85 24.1
    endloop
  endfacet
  facet normal 0 1 0
    outer loop
      vertex 2 31.85 21
      vertex 0.9 31.85 17.1
      vertex 0.9 31.85 24.1
    endloop
  endfacet
  facet normal 0 1 0
    outer loop
      vertex 0.9 31.85 17.1
      vertex 2 31.85 21
      vertex 4 31.85 17.1
    endloop
  endfacet
  facet normal -1 0 0
    outer loop
      vertex 0.9 44.85 16.1
      vertex 0.9 43.85 17.1
      vertex 0.9 44.85 25
    endloop
  endfacet
  facet normal -1 0 0
    outer loop
      vertex 0.9 44.85 16.1
      vertex 0.9 31.85 17.1
      vertex 0.9 43.85 17.1
    endloop
  endfacet
  facet normal -1 0 0
    outer loop
      vertex 0.9 30.85 25
      vertex 0.9 31.85 17.1
      vertex 0.9 30.85 16.1
    endloop
  endfacet
  facet normal -1 0 0
    outer loop
      vertex 0.9 30.85 16.1
      vertex 0.9 31.85 17.1
      vertex 0.9 44.85 16.1
    endloop
  endfacet
  facet normal -1 0 0
    outer loop
      vertex 0.9 43.85 24.1
      vertex 0.9 44.85 25
      vertex 0.9 43.85 17.1
    endloop
  endfacet
  facet normal -1 0 0
    outer loop
      vertex 0.9 31.85 24.1
      vertex 0.9 44.85 25
      vertex 0.9 43.85 24.1
    endloop
  endfacet
  facet normal -1 0 0
    outer loop
      vertex 0.9 31.85 24.1
      vertex 0.9 30.85 25
      vertex 0.9 44.85 25
    endloop
  endfacet
  facet normal -1 0 0
    outer loop
      vertex 0.9 31.85 17.1
      vertex 0.9 30.85 25
      vertex 0.9 31.85 24.1
    endloop
  endfacet
  facet normal -0 0 1
    outer loop
      vertex 0 44.85 16.1
      vertex 0.9 30.85 16.1
      vertex 0.9 44.85 16.1
    endloop
  endfacet
  facet normal 0 0 1
    outer loop
      vertex 0.9 30.85 16.1
      vertex 0 44.85 16.1
      vertex 0 30.85 16.1
    endloop
  endfacet
  facet normal 0 -1 0
    outer loop
      vertex 0 44.85 16.1
      vertex 0.9 44.85 25
      vertex 0 44.85 25
    endloop
  endfacet
  facet normal 0 -1 -0
    outer loop
      vertex 0.9 44.85 25
      vertex 0 44.85 16.1
      vertex 0.9 44.85 16.1
    endloop
  endfacet
  facet normal 0 1 -0
    outer loop
      vertex 0.9 30.85 16.1
      vertex 0 30.85 25
      vertex 0.9 30.85 25
    endloop
  endfacet
  facet normal 0 1 0
    outer loop
      vertex 0 30.85 25
      vertex 0.9 30.85 16.1
      vertex 0 30.85 16.1
    endloop
  endfacet
  facet normal -1 0 0
    outer loop
      vertex 25.5 25.6 2
      vertex 25.5 24 2
      vertex 25.5 25.6 19.5
    endloop
  endfacet
  facet normal -1 0 0
    outer loop
      vertex 25.5 25.6 19.5
      vertex 25.5 26.8 20.7
      vertex 25.5 25.61 19.5
    endloop
  endfacet
  facet normal -1 -0 0
    outer loop
      vertex 25.5 26.8 20.7
      vertex 25.5 25.6 19.5
      vertex 25.5 26.8 21
    endloop
  endfacet
  facet normal -1 0 0
    outer loop
      vertex 25.5 25.6 19.5
      vertex 25.5 24 21
      vertex 25.5 26.8 21
    endloop
  endfacet
  facet normal -1 0 0
    outer loop
      vertex 25.5 24 21
      vertex 25.5 25.6 19.5
      vertex 25.5 24 2
    endloop
  endfacet
  facet normal 1 0 0
    outer loop
      vertex 13.5 25.6 19.5
      vertex 13.5 26.8 20.7
      vertex 13.5 26.8 21
    endloop
  endfacet
  facet normal 1 0 0
    outer loop
      vertex 13.5 26.8 20.7
      vertex 13.5 25.6 19.5
      vertex 13.5 25.61 19.5
    endloop
  endfacet
  facet normal 1 -0 0
    outer loop
      vertex 13.5 24 21
      vertex 13.5 25.6 19.5
      vertex 13.5 26.8 21
    endloop
  endfacet
  facet normal 1 0 0
    outer loop
      vertex 13.5 24 2
      vertex 13.5 25.6 19.5
      vertex 13.5 24 21
    endloop
  endfacet
  facet normal 1 0 0
    outer loop
      vertex 13.5 25.6 19.5
      vertex 13.5 24 2
      vertex 13.5 25.6 2
    endloop
  endfacet
endsolid OpenSCAD_Model
